0
0
1
2
4
6
10
10
10
12
12
13
14
16
16
18
18
20
20
20
20
22
24
25
27
27
29
29
30
32
32
33
33
34
34
35
38
39
39
40
41
41
43
43
44
45
45
46
46
47
49
49
50
51
55
55
55
55
56
57
57
57
61
62
62
63
65
67
68
68
68
70
71
73
73
76
76
78
85
85
86
87
87
88
88
89
90
92
92
94
96
96
96
98
98
99
101
104
109
110
111
116
116
117
117
121
122
123
125
125
127
129
129
129
133
133
136
139
141
142
143
144
145
145
146
147
148
150
151
151
153
153
153
158
159
162
163
164
166
167
167
168
170
170
171
171
172
172
173
174
174
176
178
179
181
182
182
183
184
185
186
188
188
188
189
189
191
192
195
195
197
197
197
198
199
200
201
203
203
203
204
206
213
215
218
219
220
220
221
222
222
224
224
224
226
228
228
230
232
233
234
235
236
238
238
238
239
239
241
245
246
247
251
252
254
256
258
258
261
261
262
266
267
269
270
270
272
272
273
275
277
278
282
283
288
289
290
299
299
300
301
302
306
307
307
309
310
312
313
314
315
316
317
317
317
318
318
320
322
322
324
324
324
326
327
327
328
328
328
330
330
331
336
338
339
340
340
340
344
344
345
346
349
350
351
351
351
353
353
353
355
357
359
360
360
361
361
362
364
364
365
367
369
370
370
372
374
377
378
378
380
381
382
383
384
389
390
392
393
393
396
396
398
399
399
401
402
404
404
407
413
414
414
415
416
416
422
423
423
423
425
426
426
428
429
430
434
435
436
436
437
437
439
439
441
447
447
447
448
451
453
454
455
456
457
457
458
458
458
459
461
464
470
480
481
483
483
485
488
488
489
489
489
491
491
499
501
501
504
505
506
506
507
508
509
511
511
511
512
512
512
512
512
513
515
519
519
522
525
527
528
533
535
536
536
540
540
540
541
542
542
544
548
549
550
551
553
553
554
555
557
557
558
558
559
560
560
562
562
563
564
564
567
567
568
569
570
572
572
572
572
573
573
573
573
575
576
577
578
578
578
579
584
585
588
588
589
589
590
590
592
593
593
596
597
599
601
602
604
605
605
605
607
608
610
610
616
616
616
616
617
617
617
617
618
618
618
620
621
623
623
625
625
626
628
631
634
637
638
638
638
643
646
649
650
652
652
656
656
661
662
662
664
664
668
668
671
671
671
672
674
674
675
675
677
677
678
678
681
683
685
685
688
688
689
692
699
702
702
703
704
704
704
704
705
707
709
712
715
719
720
722
723
724
725
726
727
728
728
729
730
731
733
733
736
737
737
738
739
743
743
745
746
746
746
747
747
747
749
753
753
759
759
761
762
764
765
766
767
767
769
771
772
773
774
774
775
780
781
785
786
786
789
790
791
791
794
798
804
805
807
807
807
808
808
809
809
814
817
817
818
819
821
823
824
825
826
828
828
831
831
833
835
838
842
845
849
851
852
859
862
863
865
865
865
866
868
871
871
873
873
874
874
874
875
879
880
881
881
882
882
883
884
885
886
886
887
889
891
896
897
903
904
906
908
910
914
914
919
923
924
924
927
928
929
931
932
933
935
936
937
937
938
939
941
941
942
942
942
943
943
944
945
946
947
949
951
951
952
955
956
956
957
958
958
960
962
963
963
964
965
966
966
967
968
970
970
971
973
973
974
975
975
976
976
978
981
983
988
989
993
998
998
998
1001
1002
1004
1007
1014
1019
1020
1024
1025
1027
1028
1029
1032
1033
1034
1035
1035
1036
1037
1042
1042
1045
1046
1047
1049
1050
1051
1053
1056
1056
1057
1058
1060
1061
1066
1067
1067
1069
1071
1072
1074
1074
1077
1081
1081
1083
1086
1088
1090
1092
1094
1098
1100
1101
1102
1103
1104
1105
1106
1109
1113
1113
1115
1117
1118
1122
1122
1123
1124
1125
1126
1129
1129
1131
1132
1134
1138
1139
1141
1141
1141
1142
1143
1143
1144
1147
1148
1150
1151
1154
1155
1156
1157
1158
1159
1162
1167
1167
1169
1169
1170
1172
1173
1174
1174
1174
1175
1178
1181
1181
1182
1184
1185
1187
1187
1189
1193
1193
1194
1194
1195
1195
1196
1196
1196
1197
1197
1197
1197
1200
1201
1205
1206
1207
1207
1207
1210
1211
1213
1214
1215
1216
1216
1218
1221
1222
1223
1225
1227
1228
1228
1229
1229
1229
1233
1234
1234
1235
1238
1238
1242
1242
1242
1244
1245
1248
1249
1249
1250
1251
1252
1254
1257
1259
1260
1261
1263
1265
1265
1267
1267
1268
1269
1270
1270
1271
1272
1272
1274
1275
1275
1275
1276
1277
1277
1278
1280
1282
1284
1285
1285
1285
1286
1286
1287
1292
1293
1293
1293
1294
1298
1298
1299
1301
1302
1304
1307
1309
1309
1312
1312
1312
1315
1321
1322
1324
1325
1328
1328
1329
1331
1331
1332
1334
1334
1334
1335
1336
1340
1342
1343
1346
1346
1347
1348
1350
1352
1353
1355
1358
1360
1360
1361
1362
1362
1363
1363
1363
1365
1368
1368
1369
1369
1371
1372
1375
1377
1379
1379
1380
1381
1383
1383
1384
1386
1388
1389
1390
1391
1392
1394
1395
1396
1396
1397
1397
1399
1403
1403
1404
1406
1410
1414
1414
1414
1421
1422
1422
1424
1424
1428
1428
1429
1430
1431
1438
1439
1440
1442
1443
1444
1445
1447
1448
1448
1448
1450
1450
1453
1456
1458
1458
1459
1460
1460
1460
1461
1461
1461
1461
1462
1464
1467
1468
1469
1469
1470
1471
1473
1474
1475
1476
1476
1477
1477
1479
1480
1482
1483
1483
1483
1484
1484
1484
1484
1488
1490
1490
1492
1493
1495
1497
1500
1502
1503
1504
1504
1504
1504
1505
1505
1506
1506
1506
1506
1508
1509
1511
1512
1514
1515
1516
1516
1517
1519
1521
1521
1522
1526
1526
1528
1528
1530
1530
1531
1531
1531
1532
1534
1534
1537
1537
1540
1541
1541
1542
1543
1545
1546
1546
1548
1548
1552
1553
1556
1557
1558
1558
1558
1559
1560
1561
1563
1563
1564
1566
1569
1569
1570
1570
1571
1571
1574
1576
1577
1578
1580
1581
1581
1583
1584
1584
1587
1597
1599
1602
1604
1604
1606
1606
1607
1609
1609
1610
1612
1613
1616
1617
1617
1619
1620
1623
1623
1623
1623
1626
1627
1629
1634
1635
1635
1636
1637
1641
1641
1641
1642
1643
1644
1645
1645
1646
1646
1652
1652
1652
1654
1655
1655
1657
1661
1663
1666
1668
1669
1669
1673
1674
1675
1675
1677
1678
1678
1683
1683
1685
1685
1686
1687
1689
1691
1693
1694
1696
1696
1696
1698
1699
1701
1707
1710
1711
1711
1712
1713
1714
1715
1716
1717
1719
1720
1720
1722
1725
1726
1727
1733
1733
1735
1735
1736
1736
1737
1738
1738
1739
1739
1741
1743
1743
1744
1744
1745
1745
1746
1746
1748
1748
1753
1753
1753
1754
1754
1755
1756
1756
1758
1759
1759
1761
1762
1763
1766
1767
1767
1769
1770
1770
1772
1777
1779
1780
1782
1784
1784
1785
1786
1788
1788
1788
1788
1788
1789
1790
1793
1797
1798
1800
1800
1800
1801
1802
1802
1807
1807
1807
1808
1809
1809
1809
1810
1812
1813
1813
1814
1814
1816
1816
1817
1820
1820
1821
1821
1822
1823
1824
1827
1828
1831
1833
1833
1834
1834
1835
1835
1835
1836
1837
1837
1838
1844
1850
1852
1853
1854
1855
1855
1856
1857
1859
1859
1861
1863
1864
1864
1865
1865
1866
1866
1866
1866
1866
1866
1867
1868
1868
1869
1872
1872
1872
1873
1874
1879
1880
1880
1880
1881
1881
1883
1886
1886
1887
1888
1888
1889
1890
1890
1894
1894
1897
1899
1900
1900
1902
1902
1905
1907
1908
1908
1908
1911
1912
1913
1914
1915
1917
1919
1921
1922
1923
1923
1925
1926
1927
1928
1928
1930
1931
1932
1938
1939
1940
1940
1942
1944
1944
1944
1946
1946
1946
1946
1947
1947
1948
1949
1949
1950
1950
1951
1952
1955
1955
1956
1956
1958
1962
1962
1963
1967
1968
1970
1972
1973
1973
1974
1977
1977
1979
1979
1980
1980
1981
1981
1983
1984
1984
1985
1986
1987
1987
1987
1991
1991
1993
1994
1994
1999
2002
2002
2002
2002
2005
2007
2008
2008
2011
2011
2012
2013
2013
2015
2016
2017
2019
2020
2021
2023
2023
2025
2026
2027
2029
2030
2031
2033
2036
2036
2036
2036
2037
2037
2038
2039
2040
2040
2040
2041
2041
2045
2045
2045
2046
2047
2054
2054
2055
2058
2061
2061
2062
2064
2065
2065
2066
2066
2067
2070
2070
2070
2070
2071
2072
2075
2076
2076
2076
2078
2078
2080
2081
2081
2082
2085
2085
2086
2087
2088
2089
2093
2094
2097
2102
2102
2106
2107
2108
2108
2109
2110
2115
2119
2120
2121
2122
2122
2123
2126
2126
2128
2133
2136
2141
2143
2144
2147
2147
2148
2149
2150
2150
2153
2154
2154
2155
2156
2159
2159
2160
2163
2164
2166
2166
2171
2172
2172
2172
2173
2173
2174
2174
2175
2176
2176
2179
2180
2182
2185
2187
2187
2188
2189
2189
2191
2192
2192
2193
2193
2194
2195
2195
2197
2197
2199
2201
2201
2203
2205
2205
2208
2208
2210
2213
2217
2217
2218
2220
2220
2220
2223
2225
2227
2229
2230
2234
2237
2238
2240
2241
2243
2244
2246
2247
2248
2250
2251
2252
2255
2256
2256
2257
2259
2260
2261
2261
2263
2263
2264
2267
2267
2268
2269
2270
2270
2270
2275
2277
2277
2278
2279
2280
2281
2282
2283
2283
2284
2285
2287
2289
2291
2293
2294
2295
2296
2296
2297
2299
2302
2303
2304
2307
2308
2309
2311
2312
2317
2317
2318
2318
2319
2319
2320
2321
2324
2325
2325
2329
2329
2331
2332
2334
2339
2339
2339
2341
2342
2346
2346
2349
2350
2350
2352
2354
2358
2360
2363
2368
2370
2372
2372
2374
2376
2378
2378
2379
2379
2379
2385
2386
2387
2390
2392
2394
2397
2397
2400
2401
2401
2401
2401
2402
2406
2406
2407
2409
2411
2413
2415
2417
2418
2418
2422
2422
2423
2424
2426
2426
2426
2427
2428
2428
2429
2434
2435
2437
2437
2438
2439
2440
2440
2442
2443
2445
2446
2446
2446
2447
2450
2451
2451
2451
2451
2452
2453
2454
2455
2459
2459
2460
2461
2461
2462
2462
2462
2463
2464
2465
2466
2466
2466
2467
2468
2468
2471
2471
2472
2473
2474
2474
2475
2476
2477
2477
2478
2480
2481
2481
2483
2486
2489
2489
2489
2495
2496
2498
2499
2499
2500
2500
2501
2503
2503
2503
2505
2505
2507
2508
2509
2511
2512
2514
2514
2515
2517
2517
2517
2519
2520
2520
2521
2521
2521
2522
2523
2523
2525
2526
2527
2529
2529
2530
2531
2532
2533
2534
2535
2538
2540
2540
2542
2542
2542
2550
2550
2551
2560
2561
2562
2563
2565
2567
2569
2569
2572
2574
2574
2580
2581
2581
2582
2584
2585
2585
2586
2588
2588
2589
2589
2596
2597
2599
2601
2604
2605
2609
2609
2609
2609
2611
2613
2614
2614
2615
2615
2615
2622
2623
2623
2624
2625
2626
2628
2629
2631
2633
2633
2633
2633
2634
2635
2635
2636
2636
2637
2638
2641
2642
2646
2646
2647
2649
2651
2653
2654
2654
2656
2657
2657
2657
2659
2660
2661
2663
2663
2663
2665
2667
2668
2670
2671
2673
2673
2673
2676
2680
2681
2684
2685
2686
2688
2691
2691
2694
2694
2697
2700
2705
2705
2708
2708
2709
2711
2714
2714
2719
2719
2721
2721
2723
2724
2726
2726
2727
2729
2729
2731
2736
2737
2737
2737
2738
2738
2740
2740
2741
2742
2743
2743
2744
2746
2748
2749
2749
2749
2750
2752
2753
2754
2755
2756
2757
2758
2762
2763
2766
2769
2769
2769
2769
2769
2772
2774
2776
2776
2778
2780
2780
2783
2785
2787
2787
2787
2790
2791
2791
2792
2794
2795
2795
2795
2796
2798
2799
2806
2807
2810
2810
2813
2814
2815
2815
2815
2816
2816
2817
2822
2822
2826
2828
2831
2832
2835
2836
2838
2839
2839
2839
2839
2840
2840
2842
2844
2844
2845
2845
2848
2849
2849
2850
2850
2852
2853
2853
2855
2857
2859
2861
2862
2863
2863
2873
2874
2876
2879
2879
2880
2882
2882
2882
2884
2884
2887
2888
2889
2889
2891
2894
2896
2896
2899
2900
2908
2908
2909
2910
2911
2913
2913
2914
2915
2916
2919
2920
2921
2922
2926
2928
2929
2930
2931
2931
2935
2935
2936
2937
2937
2941
2942
2942
2942
2943
2944
2944
2944
2947
2948
2950
2955
2956
2957
2957
2957
2959
2959
2960
2961
2963
2963
2965
2967
2967
2972
2973
2973
2973
2974
2974
2975
2975
2983
2983
2983
2984
2986
2988
2989
2990
2991
2991
2992
2994
2994
2995
2997
2997
2999
3004
3006
3008
3010
3010
3011
3013
3015
3017
3021
3022
3023
3024
3024
3025
3025
3027
3027
3029
3032
3035
3036
3038
3039
3039
3045
3047
3049
3051
3051
3052
3053
3056
3056
3060
3060
3065
3072
3075
3075
3075
3076
3077
3078
3081
3082
3083
3083
3086
3087
3087
3087
3090
3091
3094
3094
3097
3097
3098
3100
3100
3100
3102
3103
3104
3104
3104
3105
3108
3109
3111
3112
3112
3116
3117
3117
3118
3118
3119
3119
3120
3122
3124
3126
3126
3129
3129
3130
3131
3132
3132
3133
3133
3135
3135
3136
3136
3137
3137
3138
3138
3139
3139
3141
3142
3142
3142
3144
3145
3145
3145
3147
3148
3149
3149
3150
3152
3152
3153
3153
3154
3155
3155
3156
3156
3162
3162
3162
3166
3166
3168
3170
3170
3170
3172
3173
3174
3175
3175
3176
3177
3178
3178
3178
3182
3185
3185
3185
3186
3187
3188
3189
3190
3190
3191
3192
3193
3193
3196
3196
3198
3203
3203
3204
3205
3206
3206
3207
3209
3210
3213
3213
3214
3215
3219
3223
3225
3225
3228
3231
3232
3235
3238
3243
3244
3245
3245
3245
3245
3247
3247
3248
3251
3252
3253
3255
3255
3255
3255
3257
3259
3260
3261
3262
3263
3263
3265
3274
3274
3275
3276
3278
3280
3282
3283
3284
3284
3285
3287
3288
3289
3289
3289
3290
3290
3293
3297
3297
3302
3302
3305
3306
3306
3308
3308
3310
3313
3313
3313
3314
3316
3320
3320
3320
3321
3321
3323
3325
3325
3326
3328
3328
3329
3330
3330
3336
3337
3338
3339
3344
3345
3346
3346
3347
3348
3349
3349
3350
3352
3353
3353
3353
3354
3355
3355
3356
3358
3358
3358
3358
3358
3358
3359
3360
3361
3362
3362
3363
3368
3368
3369
3373
3374
3376
3377
3379
3379
3381
3382
3382
3383
3383
3384
3384
3386
3386
3387
3387
3389
3390
3390
3394
3394
3397
3400
3402
3403
3408
3409
3412
3413
3413
3415
3418
3419
3420
3420
3422
3425
3427
3429
3430
3439
3443
3443
3443
3444
3449
3454
3455
3457
3457
3458
3460
3462
3463
3463
3464
3464
3466
3466
3466
3470
3472
3472
3473
3473
3474
3475
3476
3476
3477
3478
3480
3480
3481
3481
3482
3483
3483
3484
3484
3485
3485
3487
3487
3488
3488
3489
3494
3494
3499
3500
3501
3501
3503
3504
3506
3509
3512
3513
3516
3516
3517
3519
3522
3522
3522
3522
3525
3527
3528
3528
3530
3531
3533
3533
3535
3535
3536
3538
3539
3540
3540
3545
3545
3547
3548
3548
3555
3558
3561
3561
3561
3562
3562
3562
3567
3572
3572
3572
3573
3573
3575
3577
3578
3579
3582
3589
3590
3598
3599
3599
3600
3605
3605
3605
3608
3609
3610
3610
3610
3614
3614
3617
3620
3621
3621
3621
3622
3625
3629
3635
3636
3639
3640
3642
3645
3646
3647
3648
3654
3656
3659
3659
3660
3660
3660
3661
3665
3665
3665
3665
3666
3666
3668
3669
3669
3674
3674
3675
3676
3676
3676
3676
3678
3680
3683
3689
3690
3691
3691
3693
3694
3694
3695
3695
3696
3696
3697
3701
3708
3708
3708
3712
3717
3717
3718
3719
3719
3721
3722
3723
3726
3727
3728
3730
3731
3734
3735
3735
3735
3737
3737
3739
3739
3739
3741
3743
3743
3748
3748
3749
3752
3753
3755
3756
3756
3757
3757
3758
3761
3762
3763
3763
3766
3768
3768
3768
3769
3769
3772
3773
3774
3775
3775
3776
3777
3778
3780
3782
3783
3783
3784
3785
3785
3785
3785
3786
3787
3787
3787
3788
3789
3796
3798
3803
3804
3804
3809
3810
3811
3811
3813
3814
3815
3815
3815
3815
3817
3819
3821
3821
3821
3821
3822
3823
3825
3830
3831
3832
3835
3836
3838
3838
3841
3843
3844
3845
3848
3849
3850
3851
3852
3853
3853
3854
3859
3859
3861
3862
3863
3864
3866
3868
3869
3870
3873
3874
3874
3875
3875
3880
3881
3882
3884
3886
3887
3887
3890
3892
3892
3893
3894
3895
3896
3896
3897
3897
3898
3898
3901
3902
3902
3902
3903
3905
3907
3907
3909
3910
3910
3910
3912
3915
3916
3917
3918
3918
3919
3923
3923
3926
3927
3928
3928
3930
3930
3933
3935
3937
3938
3939
3940
3940
3941
3941
3942
3944
3945
3946
3948
3948
3948
3949
3949
3953
3954
3954
3955
3956
3957
3957
3958
3959
3960
3961
3962
3963
3963
3963
3964
3967
3969
3972
3974
3974
3974
3975
3976
3978
3978
3978
3978
3979
3979
3982
3982
3982
3984
3986
3986
3989
3990
3991
3995
3995
3995
4000
4001
4002
4005
4006
4006
4008
4008
4010
4010
4011
4011
4011
4012
4013
4014
4019
4020
4023
4023
4023
4025
4025
4025
4026
4026
4027
4030
4031
4033
4035
4036
4036
4040
4042
4042
4042
4044
4046
4046
4048
4050
4050
4053
4054
4061
4063
4066
4068
4069
4070
4071
4071
4073
4073
4074
4075
4076
4078
4079
4081
4081
4083
4084
4084
4085
4086
4087
4089
4090
4090
4092
4094
4096
4097
4100
4102
4104
4105
4107
4107
4109
4112
4113
4114
4114
4115
4117
4117
4117
4117
4118
4119
4120
4120
4120
4121
4121
4122
4123
4123
4125
4125
4125
4126
4126
4126
4128
4129
4130
4133
4135
4136
4137
4137
4139
4143
4143
4143
4145
4149
4150
4154
4154
4154
4156
4156
4157
4159
4161
4162
4162
4163
4164
4165
4167
4169
4170
4171
4173
4177
4177
4178
4179
4180
4180
4182
4184
4184
4184
4187
4187
4188
4188
4189
4190
4191
4191
4192
4193
4194
4197
4199
4200
4201
4202
4203
4203
4203
4204
4206
4206
4207
4207
4208
4208
4209
4209
4210
4214
4215
4216
4217
4223
4224
4225
4227
4228
4228
4231
4235
4239
4240
4241
4241
4242
4244
4244
4245
4245
4245
4246
4246
4249
4249
4249
4252
4252
4254
4255
4256
4256
4257
4257
4260
4260
4262
4262
4262
4265
4267
4268
4269
4270
4272
4273
4275
4276
4277
4277
4277
4278
4279
4280
4281
4281
4282
4284
4286
4286
4286
4289
4289
4290
4291
4294
4295
4298
4300
4300
4304
4306
4307
4307
4308
4308
4310
4311
4311
4312
4313
4314
4317
4319
4319
4320
4322
4322
4322
4322
4335
4335
4337
4337
4342
4343
4344
4346
4348
4349
4356
4357
4359
4359
4359
4360
4362
4362
4364
4365
4366
4366
4367
4367
4369
4369
4371
4372
4373
4377
4377
4378
4378
4378
4380
4380
4380
4382
4388
4388
4389
4391
4394
4395
4396
4397
4397
4398
4399
4399
4400
4400
4401
4401
4403
4404
4404
4405
4406
4407
4408
4411
4413
4414
4415
4415
4417
4418
4423
4427
4432
4436
4437
4437
4438
4439
4440
4442
4443
4444
4445
4445
4446
4447
4448
4449
4449
4451
4451
4451
4452
4458
4459
4461
4461
4462
4462
4463
4464
4465
4466
4467
4467
4467
4468
4470
4472
4472
4472
4473
4476
4478
4478
4479
4479
4479
4480
4480
4481
4481
4485
4485
4486
4490
4490
4494
4494
4494
4494
4497
4497
4498
4498
4498
4498
4499
4500
4503
4503
4503
4504
4508
4509
4509
4511
4512
4512
4513
4514
4514
4514
4515
4518
4519
4521
4522
4523
4524
4524
4524
4527
4527
4527
4530
4531
4531
4531
4532
4534
4534
4534
4534
4535
4535
4537
4539
4540
4541
4544
4544
4544
4545
4547
4548
4548
4548
4549
4550
4550
4551
4552
4552
4553
4554
4554
4556
4557
4559
4560
4563
4563
4564
4565
4566
4566
4569
4569
4571
4571
4572
4573
4575
4576
4577
4577
4577
4578
4579
4579
4579
4582
4583
4585
4587
4588
4588
4589
4591
4591
4592
4593
4596
4599
4599
4600
4603
4604
4604
4608
4610
4612
4615
4615
4615
4615
4616
4621
4622
4623
4625
4627
4629
4630
4635
4637
4638
4640
4641
4642
4645
4645
4646
4646
4648
4649
4649
4649
4650
4651
4652
4652
4655
4657
4658
4659
4659
4664
4665
4666
4667
4668
4669
4672
4673
4674
4676
4676
4676
4679
4679
4680
4681
4682
4682
4683
4686
4686
4688
4688
4691
4693
4694
4695
4696
4699
4701
4701
4701
4703
4705
4709
4709
4711
4712
4712
4713
4714
4715
4717
4718
4720
4721
4724
4725
4725
4729
4731
4732
4734
4734
4735
4735
4736
4739
4739
4740
4740
4741
4742
4743
4743
4744
4745
4747
4747
4747
4747
4751
4751
4753
4754
4754
4755
4762
4764
4765
4765
4765
4766
4767
4767
4768
4769
4769
4770
4770
4775
4775
4776
4778
4778
4781
4781
4783
4784
4788
4788
4789
4791
4795
4799
4799
4803
4814
4815
4815
4818
4818
4820
4820
4822
4823
4826
4827
4828
4828
4831
4831
4834
4834
4836
4836
4836
4837
4838
4842
4844
4846
4848
4848
4849
4849
4851
4855
4857
4857
4857
4860
4861
4861
4862
4862
4866
4868
4869
4870
4873
4874
4875
4875
4878
4879
4879
4879
4885
4885
4886
4887
4888
4888
4888
4891
4892
4893
4896
4898
4898
4898
4899
4900
4902
4903
4906
4909
4909
4911
4913
4914
4915
4919
4921
4922
4924
4924
4927
4929
4930
4933
4933
4933
4934
4935
4936
4937
4937
4938
4939
4939
4939
4940
4942
4942
4943
4944
4948
4948
4949
4949
4952
4953
4953
4957
4958
4958
4958
4959
4959
4965
4967
4967
4968
4969
4972
4972
4972
4976
4976
4976
4979
4980
4984
4984
4985
4987
4990
4990
4991
4991
4991
4992
4993
4995
4995
4997
4997
4999
5001
5002
5003
5003
5004
5006
5008
5012
5013
5014
5015
5016
5019
5021
5022
5023
5025
5028
5028
5029
5029
5030
5033
5033
5036
5037
5038
5038
5039
5042
5043
5043
5043
5046
5046
5052
5052
5056
5057
5059
5060
5061
5062
5064
5064
5065
5071
5078
5080
5083
5085
5086
5088
5089
5093
5094
5096
5097
5097
5098
5101
5102
5104
5105
5105
5110
5110
5113
5114
5115
5119
5120
5124
5126
5128
5128
5130
5132
5134
5134
5134
5134
5134
5136
5136
5137
5137
5138
5139
5141
5142
5142
5143
5144
5145
5145
5145
5145
5146
5147
5148
5148
5148
5149
5150
5150
5151
5152
5153
5153
5154
5155
5155
5158
5158
5158
5162
5163
5165
5165
5165
5167
5172
5172
5173
5173
5174
5174
5175
5178
5179
5179
5181
5187
5188
5189
5190
5196
5196
5199
5200
5201
5203
5204
5205
5205
5208
5209
5209
5209
5219
5219
5220
5222
5223
5225
5226
5226
5227
5228
5229
5230
5233
5233
5233
5237
5238
5239
5244
5245
5246
5246
5246
5247
5248
5249
5251
5252
5253
5254
5254
5257
5257
5261
5262
5263
5266
5268
5268
5272
5273
5273
5275
5276
5277
5279
5280
5283
5283
5284
5284
5285
5287
5288
5291
5291
5293
5293
5294
5295
5298
5298
5299
5300
5301
5301
5302
5303
5304
5306
5308
5308
5312
5312
5312
5316
5317
5319
5320
5321
5321
5323
5323
5323
5323
5324
5326
5330
5330
5332
5333
5334
5335
5336
5336
5345
5345
5346
5347
5350
5351
5351
5352
5352
5353
5353
5353
5356
5356
5357
5358
5359
5361
5362
5363
5365
5365
5365
5365
5367
5368
5371
5372
5373
5374
5376
5378
5379
5380
5381
5382
5386
5387
5387
5388
5392
5394
5394
5395
5398
5398
5399
5403
5406
5411
5411
5416
5418
5420
5421
5422
5422
5425
5426
5428
5428
5429
5429
5433
5434
5434
5436
5438
5440
5441
5442
5443
5443
5443
5444
5444
5448
5454
5457
5457
5458
5460
5461
5461
5462
5465
5466
5466
5466
5471
5472
5474
5474
5476
5476
5479
5480
5483
5484
5485
5486
5491
5494
5495
5497
5498
5498
5499
5502
5502
5503
5503
5503
5503
5505
5508
5509
5510
5514
5517
5520
5522
5522
5523
5528
5534
5535
5535
5536
5539
5540
5541
5542
5544
5550
5553
5554
5556
5556
5559
5559
5559
5560
5562
5563
5564
5566
5566
5570
5571
5571
5572
5574
5577
5580
5580
5580
5580
5581
5581
5582
5582
5583
5585
5587
5588
5589
5590
5592
5593
5593
5594
5594
5595
5595
5597
5598
5599
5599
5600
5601
5601
5602
5603
5604
5605
5606
5606
5608
5608
5609
5610
5611
5612
5612
5613
5613
5615
5615
5618
5619
5622
5622
5623
5625
5625
5627
5628
5633
5634
5637
5637
5640
5640
5641
5643
5644
5645
5645
5647
5647
5650
5651
5652
5652
5652
5654
5656
5656
5658
5660
5661
5664
5666
5666
5670
5671
5673
5675
5676
5676
5678
5680
5682
5683
5685
5685
5686
5687
5688
5689
5689
5689
5690
5690
5692
5692
5692
5693
5696
5697
5698
5698
5698
5702
5702
5704
5704
5704
5706
5709
5713
5715
5716
5719
5721
5722
5723
5725
5725
5725
5725
5725
5726
5732
5733
5734
5735
5736
5738
5738
5742
5742
5743
5750
5750
5753
5753
5753
5753
5754
5755
5757
5757
5758
5759
5761
5762
5766
5766
5767
5768
5773
5775
5775
5775
5776
5776
5779
5779
5781
5784
5785
5786
5788
5788
5790
5790
5792
5795
5795
5795
5798
5799
5801
5801
5801
5804
5805
5807
5808
5810
5811
5812
5813
5814
5814
5815
5816
5816
5819
5821
5827
5827
5828
5828
5830
5831
5832
5832
5833
5833
5833
5834
5835
5836
5837
5838
5839
5840
5840
5847
5848
5850
5851
5853
5857
5857
5859
5861
5863
5863
5867
5867
5871
5874
5877
5880
5884
5884
5886
5887
5887
5888
5889
5890
5892
5893
5894
5895
5896
5897
5903
5904
5908
5909
5912
5913
5913
5915
5916
5917
5919
5921
5923
5923
5924
5926
5926
5928
5928
5929
5930
5932
5933
5934
5936
5937
5938
5940
5940
5944
5945
5946
5948
5952
5954
5957
5957
5958
5959
5960
5963
5963
5963
5965
5966
5967
5968
5968
5969
5970
5971
5972
5972
5973
5973
5975
5976
5976
5976
5978
5981
5983
5986
5987
5989
5989
5993
5993
5996
5997
5999
6000
6000
6005
6005
6006
6006
6006
6011
6012
6014
6015
6015
6016
6017
6018
6018
6019
6020
6022
6023
6024
6024
6026
6028
6028
6030
6030
6030
6031
6032
6033
6034
6038
6039
6042
6045
6048
6048
6050
6050
6050
6052
6053
6053
6055
6057
6060
6061
6061
6063
6063
6064
6064
6066
6068
6072
6073
6073
6074
6076
6078
6080
6083
6084
6085
6085
6086
6086
6087
6088
6088
6089
6090
6091
6092
6093
6095
6096
6097
6097
6098
6101
6101
6102
6102
6103
6103
6105
6105
6106
6107
6108
6110
6110
6110
6111
6112
6112
6115
6115
6117
6118
6119
6119
6120
6124
6125
6126
6129
6129
6130
6130
6132
6133
6134
6135
6137
6139
6139
6140
6142
6143
6143
6144
6146
6147
6148
6149
6150
6152
6155
6156
6158
6160
6161
6162
6166
6167
6168
6168
6170
6171
6171
6172
6173
6175
6175
6179
6179
6181
6183
6183
6185
6187
6190
6190
6191
6194
6194
6194
6194
6195
6197
6198
6199
6200
6202
6204
6204
6205
6206
6206
6206
6207
6209
6209
6210
6212
6212
6214
6215
6216
6220
6221
6225
6225
6225
6229
6230
6231
6233
6235
6235
6238
6239
6240
6240
6242
6242
6244
6247
6247
6247
6250
6251
6251
6252
6252
6252
6253
6253
6255
6255
6257
6257
6259
6260
6262
6264
6267
6268
6269
6271
6272
6273
6273
6273
6273
6274
6275
6276
6276
6277
6277
6278
6281
6283
6284
6285
6285
6287
6288
6291
6293
6293
6295
6296
6299
6299
6300
6301
6303
6305
6305
6305
6306
6306
6307
6308
6309
6309
6310
6310
6310
6310
6312
6312
6312
6313
6317
6319
6320
6320
6321
6324
6326
6327
6327
6328
6329
6331
6331
6332
6333
6336
6337
6338
6339
6340
6340
6341
6344
6344
6345
6346
6347
6348
6351
6351
6353
6354
6354
6356
6357
6358
6358
6358
6358
6359
6359
6360
6361
6361
6362
6362
6363
6364
6370
6371
6372
6373
6373
6373
6373
6376
6376
6378
6379
6381
6384
6384
6386
6388
6389
6389
6390
6394
6394
6399
6400
6401
6402
6408
6410
6410
6412
6412
6414
6414
6416
6417
6418
6418
6419
6419
6421
6421
6421
6422
6422
6422
6422
6423
6426
6426
6427
6428
6431
6431
6433
6438
6443
6443
6449
6452
6452
6453
6454
6454
6455
6456
6456
6460
6461
6467
6467
6467
6469
6469
6472
6473
6474
6475
6476
6476
6476
6479
6480
6480
6484
6485
6488
6488
6495
6495
6495
6497
6500
6500
6502
6503
6503
6503
6505
6507
6508
6509
6509
6516
6517
6517
6518
6520
6521
6521
6522
6525
6526
6527
6528
6528
6528
6532
6532
6533
6533
6533
6534
6534
6534
6536
6536
6538
6538
6540
6540
6541
6542
6542
6542
6545
6546
6548
6548
6549
6550
6550
6551
6552
6553
6553
6554
6555
6555
6556
6558
6558
6563
6563
6563
6564
6566
6566
6569
6569
6570
6571
6572
6574
6575
6575
6575
6576
6577
6577
6578
6579
6579
6580
6580
6581
6582
6584
6586
6586
6589
6591
6598
6599
6599
6601
6601
6604
6605
6606
6606
6608
6608
6611
6612
6612
6614
6614
6617
6617
6618
6620
6621
6623
6623
6623
6626
6626
6628
6628
6629
6631
6632
6633
6634
6634
6635
6635
6637
6637
6637
6638
6638
6639
6639
6643
6645
6646
6648
6649
6650
6651
6651
6652
6655
6655
6657
6658
6659
6661
6661
6664
6664
6666
6667
6667
6668
6668
6671
6672
6675
6676
6677
6678
6680
6682
6682
6682
6683
6683
6686
6686
6687
6687
6689
6689
6691
6691
6692
6692
6697
6698
6698
6701
6703
6703
6704
6705
6706
6706
6707
6708
6708
6709
6709
6710
6712
6714
6718
6722
6729
6731
6732
6739
6739
6741
6741
6742
6744
6746
6749
6749
6750
6750
6751
6755
6755
6756
6758
6759
6761
6762
6763
6766
6767
6767
6769
6771
6771
6771
6771
6772
6775
6779
6779
6779
6780
6785
6785
6785
6787
6787
6788
6789
6789
6791
6791
6792
6794
6795
6796
6799
6800
6800
6801
6801
6802
6803
6803
6806
6807
6808
6810
6811
6813
6815
6818
6819
6822
6824
6826
6827
6830
6831
6835
6844
6845
6846
6848
6850
6854
6854
6855
6857
6858
6858
6860
6860
6860
6863
6863
6864
6864
6864
6865
6866
6867
6868
6868
6870
6872
6873
6873
6878
6879
6880
6883
6887
6889
6889
6890
6891
6893
6894
6894
6897
6897
6899
6901
6901
6902
6907
6907
6907
6909
6909
6912
6917
6918
6918
6922
6922
6929
6932
6942
6944
6949
6949
6949
6952
6953
6955
6955
6957
6957
6958
6958
6959
6959
6959
6961
6962
6967
6968
6974
6976
6978
6979
6983
6983
6986
6987
6987
6989
6991
6991
6992
6993
6997
6999
7001
7001
7002
7006
7007
7007
7008
7010
7010
7013
7014
7014
7015
7016
7017
7017
7017
7018
7018
7019
7022
7022
7027
7031
7033
7034
7034
7035
7036
7039
7040
7040
7046
7046
7051
7053
7053
7054
7055
7056
7057
7058
7058
7059
7061
7062
7063
7063
7064
7065
7065
7068
7074
7074
7075
7076
7077
7077
7078
7081
7082
7085
7085
7086
7086
7086
7087
7088
7089
7091
7092
7093
7094
7099
7100
7100
7101
7101
7106
7107
7109
7110
7110
7110
7111
7112
7112
7115
7117
7120
7121
7121
7121
7122
7124
7126
7128
7129
7129
7130
7130
7130
7131
7132
7133
7133
7136
7136
7137
7138
7138
7138
7139
7140
7140
7140
7141
7143
7145
7149
7150
7151
7154
7156
7156
7157
7158
7158
7159
7159
7161
7162
7162
7165
7165
7171
7173
7175
7177
7177
7177
7177
7178
7179
7179
7181
7183
7185
7186
7187
7192
7192
7192
7193
7193
7193
7195
7195
7196
7197
7199
7200
7201
7201
7205
7207
7208
7209
7209
7211
7212
7213
7216
7217
7217
7218
7218
7223
7226
7226
7227
7227
7229
7229
7229
7229
7230
7230
7231
7231
7231
7231
7232
7232
7233
7234
7234
7237
7238
7238
7238
7240
7240
7241
7242
7243
7243
7243
7244
7245
7245
7246
7246
7249
7250
7250
7251
7254
7254
7255
7260
7261
7264
7264
7266
7267
7268
7270
7270
7270
7271
7272
7272
7272
7272
7273
7273
7276
7276
7277
7278
7280
7281
7281
7287
7290
7290
7290
7290
7292
7293
7293
7293
7296
7304
7305
7306
7306
7307
7309
7309
7310
7311
7311
7312
7312
7314
7314
7317
7318
7318
7319
7320
7323
7323
7324
7324
7325
7325
7327
7328
7329
7330
7332
7333
7336
7336
7337
7340
7340
7340
7342
7343
7344
7345
7348
7349
7352
7352
7353
7354
7358
7358
7359
7361
7361
7361
7362
7364
7365
7368
7368
7369
7373
7374
7375
7377
7379
7382
7382
7383
7383
7384
7385
7385
7387
7387
7388
7389
7390
7395
7395
7397
7400
7400
7401
7402
7402
7403
7404
7405
7405
7405
7406
7407
7407
7407
7410
7411
7411
7414
7419
7420
7421
7424
7428
7429
7431
7433
7433
7435
7435
7435
7436
7437
7437
7446
7447
7447
7448
7450
7450
7451
7452
7452
7455
7455
7456
7457
7458
7461
7463
7465
7466
7467
7469
7473
7474
7474
7475
7475
7476
7476
7476
7476
7477
7479
7480
7483
7483
7484
7490
7491
7492
7492
7493
7495
7496
7497
7498
7500
7502
7502
7504
7504
7504
7506
7506
7507
7507
7508
7509
7509
7509
7511
7511
7512
7520
7523
7523
7523
7531
7533
7533
7533
7539
7540
7541
7541
7545
7547
7549
7551
7551
7555
7556
7558
7559
7560
7563
7564
7567
7573
7573
7575
7575
7575
7577
7577
7578
7579
7579
7580
7581
7586
7587
7588
7588
7589
7589
7591
7591
7592
7594
7594
7595
7596
7596
7598
7604
7605
7608
7608
7611
7612
7616
7616
7618
7619
7619
7620
7620
7622
7623
7623
7624
7625
7626
7626
7627
7627
7627
7628
7631
7633
7635
7636
7637
7639
7640
7640
7641
7641
7643
7644
7647
7649
7649
7650
7652
7652
7653
7655
7656
7657
7658
7659
7659
7660
7660
7667
7667
7669
7672
7674
7674
7676
7676
7678
7679
7681
7683
7684
7684
7685
7687
7687
7687
7690
7690
7691
7691
7693
7694
7695
7696
7697
7697
7698
7703
7703
7704
7705
7710
7710
7710
7711
7711
7712
7713
7717
7717
7720
7720
7720
7724
7725
7726
7729
7735
7736
7738
7739
7742
7744
7744
7746
7746
7749
7751
7751
7752
7753
7753
7755
7756
7757
7761
7763
7770
7770
7771
7771
7772
7772
7773
7775
7776
7777
7780
7781
7781
7781
7781
7782
7782
7786
7787
7787
7790
7790
7791
7791
7791
7793
7793
7794
7797
7801
7802
7803
7803
7804
7805
7807
7812
7813
7814
7815
7819
7819
7821
7824
7826
7827
7827
7828
7829
7829
7830
7830
7831
7831
7832
7832
7833
7835
7835
7836
7837
7838
7839
7839
7840
7841
7843
7844
7844
7846
7849
7849
7850
7851
7853
7856
7857
7858
7861
7861
7862
7863
7867
7867
7868
7869
7870
7871
7872
7875
7876
7876
7877
7878
7879
7880
7881
7882
7882
7882
7883
7883
7883
7885
7887
7888
7889
7889
7889
7889
7891
7892
7893
7898
7899
7900
7901
7901
7902
7904
7905
7905
7906
7908
7909
7909
7909
7909
7909
7910
7912
7912
7913
7915
7915
7915
7918
7918
7919
7922
7922
7922
7923
7924
7926
7928
7928
7929
7930
7934
7935
7936
7937
7940
7941
7943
7945
7948
7949
7949
7949
7951
7953
7960
7961
7961
7963
7964
7965
7970
7972
7973
7974
7974
7976
7980
7982
7982
7984
7984
7988
7990
7994
7996
7996
7996
7997
8000
8002
8007
8007
8008
8009
8009
8011
8011
8012
8014
8014
8017
8018
8019
8019
8021
8023
8024
8026
8026
8026
8026
8030
8030
8034
8035
8036
8037
8039
8040
8041
8043
8048
8048
8048
8049
8050
8051
8052
8052
8052
8053
8054
8058
8058
8060
8061
8063
8066
8066
8067
8069
8069
8069
8071
8072
8072
8072
8072
8074
8075
8078
8080
8080
8082
8083
8084
8085
8086
8088
8092
8094
8096
8100
8100
8100
8100
8101
8102
8104
8105
8105
8105
8107
8108
8112
8115
8115
8115
8116
8116
8120
8120
8122
8123
8124
8125
8126
8127
8128
8129
8132
8132
8132
8133
8133
8135
8136
8138
8140
8141
8143
8144
8144
8147
8147
8148
8148
8150
8156
8157
8157
8158
8159
8161
8162
8163
8167
8169
8171
8174
8174
8177
8177
8181
8183
8183
8184
8186
8186
8186
8194
8194
8195
8195
8195
8196
8199
8202
8202
8205
8206
8206
8207
8207
8207
8207
8208
8216
8216
8217
8218
8221
8222
8223
8224
8226
8226
8226
8227
8227
8229
8230
8233
8236
8238
8238
8239
8243
8244
8245
8245
8247
8251
8252
8253
8253
8254
8254
8254
8257
8257
8258
8258
8258
8260
8261
8262
8262
8264
8265
8266
8268
8270
8272
8272
8274
8275
8275
8275
8276
8279
8279
8282
8283
8285
8286
8286
8288
8292
8294
8298
8298
8301
8302
8303
8305
8306
8310
8314
8314
8315
8316
8318
8319
8320
8323
8323
8323
8323
8325
8325
8326
8326
8326
8327
8328
8335
8339
8341
8341
8342
8345
8348
8349
8350
8350
8353
8354
8355
8356
8357
8358
8358
8359
8361
8361
8361
8362
8362
8363
8364
8364
8365
8366
8367
8368
8370
8374
8374
8378
8380
8380
8382
8382
8387
8388
8390
8392
8395
8398
8398
8398
8399
8404
8404
8406
8411
8411
8415
8415
8418
8420
8420
8424
8426
8426
8427
8429
8430
8434
8435
8436
8440
8440
8441
8442
8445
8445
8446
8446
8446
8450
8450
8450
8451
8451
8451
8452
8452
8454
8455
8458
8459
8460
8460
8464
8464
8466
8466
8469
8469
8469
8470
8472
8474
8474
8475
8478
8478
8479
8480
8481
8482
8484
8484
8485
8486
8486
8489
8494
8494
8494
8499
8500
8502
8503
8504
8505
8509
8510
8511
8511
8511
8513
8515
8515
8517
8518
8519
8520
8520
8522
8523
8525
8526
8529
8529
8531
8532
8534
8534
8535
8535
8536
8536
8538
8539
8540
8540
8541
8542
8544
8545
8548
8550
8552
8555
8556
8556
8558
8560
8561
8562
8563
8566
8570
8573
8573
8573
8577
8578
8578
8578
8581
8582
8582
8582
8583
8584
8585
8585
8585
8586
8587
8587
8588
8588
8589
8590
8591
8596
8596
8596
8596
8597
8598
8602
8602
8604
8605
8608
8609
8609
8610
8610
8614
8614
8615
8620
8620
8622
8622
8623
8623
8624
8624
8624
8625
8627
8628
8631
8633
8634
8635
8637
8637
8638
8641
8643
8643
8644
8650
8651
8655
8655
8660
8661
8665
8668
8672
8673
8675
8678
8680
8681
8682
8683
8684
8685
8686
8687
8688
8689
8689
8690
8694
8695
8696
8696
8697
8700
8700
8701
8701
8702
8702
8709
8714
8716
8720
8721
8723
8725
8728
8728
8731
8732
8733
8733
8733
8733
8734
8735
8735
8736
8736
8738
8740
8744
8746
8747
8749
8749
8750
8750
8751
8753
8754
8754
8756
8757
8757
8757
8758
8758
8758
8759
8762
8763
8765
8766
8767
8771
8771
8774
8774
8775
8782
8783
8786
8788
8788
8788
8793
8794
8797
8804
8806
8807
8811
8812
8816
8816
8822
8822
8823
8825
8826
8828
8829
8832
8832
8832
8833
8833
8834
8835
8836
8838
8839
8839
8840
8843
8845
8849
8851
8853
8854
8855
8855
8858
8860
8861
8861
8861
8862
8863
8863
8863
8865
8865
8867
8868
8869
8869
8870
8872
8872
8872
8874
8875
8875
8877
8878
8881
8882
8882
8883
8884
8884
8885
8888
8890
8890
8891
8893
8893
8896
8898
8899
8899
8900
8901
8901
8902
8903
8907
8909
8909
8911
8911
8914
8914
8914
8914
8915
8915
8915
8916
8917
8918
8921
8921
8922
8923
8923
8925
8925
8926
8927
8927
8928
8928
8928
8929
8930
8934
8934
8940
8941
8942
8942
8942
8943
8943
8944
8945
8945
8946
8947
8949
8949
8951
8951
8956
8956
8956
8956
8957
8958
8959
8959
8960
8961
8961
8961
8965
8966
8968
8969
8972
8973
8973
8974
8974
8975
8976
8978
8978
8980
8982
8982
8982
8982
8982
8983
8983
8984
8985
8986
8987
8988
8991
8992
8993
8994
8995
8995
8996
8997
8998
9001
9002
9003
9005
9006
9006
9008
9011
9015
9017
9017
9017
9021
9022
9024
9025
9027
9029
9029
9029
9031
9034
9035
9035
9036
9038
9038
9038
9038
9039
9039
9040
9043
9044
9045
9046
9047
9047
9048
9048
9048
9049
9052
9054
9055
9057
9060
9061
9066
9067
9070
9071
9071
9072
9073
9074
9075
9077
9078
9078
9078
9081
9083
9083
9086
9089
9090
9090
9090
9091
9093
9093
9093
9096
9096
9096
9099
9099
9101
9102
9102
9104
9105
9106
9106
9107
9108
9111
9115
9115
9117
9119
9121
9121
9122
9123
9124
9124
9124
9125
9126
9127
9129
9129
9129
9133
9136
9136
9137
9139
9140
9141
9141
9142
9143
9144
9145
9146
9147
9147
9149
9149
9149
9150
9151
9152
9154
9154
9154
9155
9157
9157
9158
9158
9160
9164
9165
9166
9166
9170
9173
9174
9175
9175
9176
9177
9178
9181
9185
9188
9188
9189
9190
9192
9195
9201
9202
9207
9207
9208
9211
9211
9213
9214
9217
9218
9219
9220
9220
9222
9224
9224
9228
9228
9230
9231
9233
9235
9235
9236
9238
9238
9240
9241
9244
9245
9245
9246
9247
9247
9247
9247
9248
9252
9253
9255
9255
9255
9256
9258
9259
9259
9261
9261
9262
9263
9263
9264
9264
9265
9266
9266
9267
9268
9272
9273
9276
9278
9280
9284
9288
9290
9291
9293
9296
9297
9298
9298
9304
9305
9312
9317
9317
9318
9318
9318
9321
9321
9321
9322
9322
9323
9325
9326
9326
9326
9327
9328
9329
9332
9332
9335
9336
9337
9337
9338
9339
9341
9342
9342
9343
9345
9346
9346
9347
9348
9350
9351
9352
9353
9353
9354
9356
9357
9357
9358
9358
9359
9360
9360
9361
9364
9365
9367
9368
9371
9372
9377
9377
9378
9380
9384
9384
9385
9391
9392
9393
9393
9394
9394
9397
9398
9400
9403
9405
9406
9406
9407
9413
9415
9418
9418
9420
9421
9422
9423
9425
9426
9428
9429
9435
9435
9435
9436
9438
9438
9439
9440
9440
9442
9444
9445
9447
9447
9448
9449
9451
9451
9452
9453
9454
9457
9458
9461
9463
9463
9464
9469
9471
9471
9474
9479
9481
9481
9482
9483
9487
9487
9490
9493
9493
9493
9494
9495
9497
9497
9498
9500
9500
9502
9502
9503
9504
9504
9505
9505
9506
9507
9510
9511
9511
9512
9513
9515
9518
9518
9521
9521
9521
9523
9524
9525
9527
9528
9531
9531
9531
9532
9534
9534
9536
9536
9538
9541
9542
9543
9544
9546
9546
9547
9547
9548
9552
9554
9555
9555
9556
9556
9556
9560
9564
9564
9567
9570
9572
9573
9576
9577
9580
9583
9583
9584
9584
9585
9585
9586
9588
9588
9589
9589
9590
9593
9594
9595
9597
9598
9598
9599
9599
9600
9601
9601
9601
9604
9604
9605
9608
9608
9609
9612
9614
9615
9617
9620
9620
9621
9623
9623
9626
9629
9632
9633
9633
9634
9634
9636
9637
9637
9638
9642
9642
9643
9643
9646
9647
9650
9655
9657
9658
9665
9668
9668
9669
9670
9671
9674
9674
9677
9681
9684
9685
9685
9688
9689
9689
9692
9695
9695
9699
9701
9702
9712
9713
9713
9714
9715
9716
9716
9716
9717
9718
9718
9718
9718
9719
9720
9720
9721
9722
9723
9725
9725
9728
9728
9731
9732
9738
9738
9742
9746
9748
9750
9751
9751
9752
9752
9752
9756
9757
9758
9758
9760
9761
9765
9767
9768
9770
9773
9773
9774
9774
9776
9776
9777
9778
9780
9780
9780
9780
9781
9783
9786
9787
9788
9789
9791
9791
9792
9795
9796
9796
9798
9800
9800
9801
9801
9805
9805
9806
9807
9808
9809
9812
9812
9814
9814
9817
9820
9820
9820
9821
9821
9822
9822
9823
9823
9824
9827
9827
9828
9828
9829
9830
9831
9831
9832
9837
9838
9838
9840
9841
9842
9844
9844
9845
9845
9846
9847
9851
9852
9854
9860
9860
9864
9869
9869
9872
9873
9873
9875
9876
9880
9880
9881
9883
9884
9885
9888
9893
9894
9895
9895
9897
9902
9903
9904
9906
9907
9907
9908
9915
9915
9916
9919
9919
9919
9921
9923
9924
9926
9928
9928
9929
9929
9936
9938
9940
9940
9940
9940
9941
9942
9943
9943
9947
9947
9948
9949
9949
9950
9953
9953
9954
9955
9956
9957
9959
9959
9962
9963
9973
9981
9984
9985
9986
9987
9990
9992
9993
9993
9997
9997
9997
9998
10003
10004
10005
10006
10010
10011
10011
10011
10011
10012
10013
10014
10015
10017
10017
10019
10019
10020
10020
10021
10022
10024
10027
10028
10028
10029
10030
10030
10030
10033
10034
10038
10039
10040
10040
10040
10043
10045
10045
10046
10046
10048
10049
10049
10049
10051
10053
10054
10055
10057
10057
10058
10060
10060
10063
10064
10065
10073
10074
10075
10075
10075
10080
10081
10087
10087
10089
10091
10091
10092
10092
10095
10095
10096
10097
10098
10098
10098
10099
10100
10101
10101
10102
10102
10104
10106
10106
10110
10111
10113
10114
10116
10117
10118
10121
10121
10122
10125
10126
10127
10127
10127
10128
10129
10132
10133
10134
10138
10140
10140
10141
10141
10141
10141
10142
10144
10144
10148
10148
10149
10153
10155
10155
10156
10157
10157
10159
10165
10165
10167
10169
10169
10171
10171
10172
10173
10175
10176
10176
10178
10179
10180
10183
10183
10185
10186
10193
10193
10194
10195
10198
10201
10201
10203
10204
10204
10204
10207
10208
10210
10211
10211
10213
10213
10213
10219
10220
10221
10222
10222
10222
10225
10225
10225
10226
10228
10229
10231
10233
10235
10238
10238
10241
10242
10244
10244
10247
10248
10249
10250
10250
10251
10251
10258
10258
10263
10264
10265
10265
10265
10267
10267
10269
10270
10271
10272
10272
10273
10273
10273
10273
10274
10279
10283
10284
10284
10285
10285
10286
10287
10288
10289
10291
10295
10295
10299
10299
10300
10300
10300
10305
10307
10307
10308
10308
10309
10311
10316
10316
10318
10319
10323
10326
10328
10329
10330
10330
10335
10337
10339
10339
10339
10340
10341
10341
10343
10344
10345
10347
10347
10350
10351
10352
10352
10353
10354
10355
10355
10355
10357
10359
10361
10363
10365
10365
10367
10367
10368
10369
10370
10371
10372
10374
10374
10375
10375
10376
10378
10378
10378
10380
10380
10381
10381
10383
10384
10385
10385
10386
10387
10392
10392
10394
10398
10398
10398
10400
10400
10400
10401
10403
10406
10408
10410
10412
10413
10415
10415
10415
10416
10418
10418
10422
10423
10425
10426
10429
10429
10432
10432
10433
10435
10435
10435
10436
10436
10437
10438
10439
10439
10442
10445
10448
10448
10450
10452
10453
10453
10454
10454
10454
10455
10456
10458
10459
10459
10460
10462
10462
10462
10463
10463
10463
10464
10464
10465
10466
10471
10472
10472
10473
10474
10475
10476
10476
10477
10477
10478
10478
10478
10479
10480
10481
10482
10485
10486
10487
10487
10487
10490
10494
10494
10495
10495
10496
10498
10499
10501
10502
10502
10503
10506
10508
10510
10511
10512
10513
10514
10515
10516
10516
10517
10517
10518
10519
10521
10521
10523
10524
10525
10530
10533
10534
10536
10537
10537
10537
10538
10540
10541
10542
10543
10543
10543
10545
10546
10551
10551
10553
10554
10554
10555
10555
10558
10559
10561
10565
10565
10566
10566
10567
10567
10569
10569
10572
10573
10574
10575
10576
10577
10577
10577
10579
10579
10580
10580
10581
10582
10584
10585
10587
10588
10590
10591
10592
10592
10592
10595
10598
10599
10600
10603
10604
10606
10608
10609
10613
10613
10616
10619
10619
10623
10623
10629
10631
10634
10635
10635
10639
10642
10644
10644
10644
10646
10648
10650
10651
10652
10654
10654
10661
10664
10665
10666
10668
10669
10672
10672
10678
10678
10680
10680
10680
10681
10682
10683
10683
10686
10689
10689
10689
10693
10697
10699
10699
10702
10703
10704
10705
10708
10709
10709
10709
10711
10711
10711
10711
10712
10714
10718
10719
10720
10720
10722
10723
10724
10726
10727
10729
10729
10733
10733
10734
10734
10735
10735
10735
10739
10739
10740
10741
10748
10750
10752
10752
10753
10754
10754
10756
10757
10757
10758
10758
10760
10760
10761
10761
10763
10764
10766
10772
10772
10772
10773
10773
10773
10774
10774
10774
10775
10775
10775
10776
10776
10778
10778
10779
10779
10781
10782
10783
10783
10784
10784
10785
10787
10788
10790
10792
10795
10796
10796
10799
10799
10801
10801
10802
10804
10805
10806
10806
10806
10806
10807
10809
10811
10812
10813
10814
10818
10819
10819
10819
10820
10821
10832
10834
10835
10835
10836
10836
10839
10841
10841
10841
10842
10844
10845
10850
10851
10851
10852
10854
10854
10855
10855
10857
10860
10862
10866
10866
10866
10866
10867
10868
10869
10869
10870
10871
10872
10877
10877
10878
10880
10880
10881
10881
10884
10885
10888
10888
10888
10892
10893
10894
10894
10894
10895
10896
10898
10898
10899
10900
10901
10902
10903
10904
10904
10905
10906
10906
10907
10911
10915
10915
10915
10916
10917
10917
10919
10920
10920
10922
10922
10923
10923
10924
10926
10927
10927
10929
10929
10929
10931
10931
10934
10938
10940
10942
10942
10942
10942
10946
10947
10948
10949
10950
10950
10952
10953
10953
10954
10954
10954
10955
10956
10958
10960
10961
10964
10966
10966
10966
10966
10966
10967
10968
10969
10972
10972
10974
10976
10979
10980
10980
10980
10981
10983
10983
10984
10985
10990
10996
10996
10998
10998
10999
11000
11002
11003
11004
11005
11005
11006
11008
11009
11012
11012
11016
11016
11016
11017
11017
11024
11025
11026
11027
11027
11030
11031
11032
11033
11034
11035
11035
11037
11039
11039
11043
11043
11045
11046
11048
11049
11049
11050
11051
11052
11054
11055
11056
11056
11060
11062
11065
11070
11071
11073
11073
11075
11075
11075
11076
11077
11077
11077
11078
11079
11080
11081
11082
11095
11097
11100
11101
11103
11103
11104
11105
11105
11105
11105
11107
11107
11109
11112
11112
11112
11114
11116
11116
11117
11118
11118
11119
11122
11122
11122
11123
11126
11127
11127
11128
11129
11129
11131
11133
11134
11135
11136
11137
11140
11142
11142
11145
11145
11148
11151
11152
11152
11152
11153
11155
11157
11157
11158
11158
11160
11162
11165
11165
11166
11167
11168
11168
11170
11170
11175
11177
11177
11180
11184
11187
11190
11190
11190
11191
11192
11196
11197
11198
11198
11200
11200
11202
11202
11203
11204
11204
11204
11206
11208
11209
11210
11210
11213
11216
11216
11217
11217
11222
11224
11227
11234
11235
11235
11236
11237
11237
11238
11238
11239
11240
11241
11243
11244
11245
11247
11247
11252
11252
11254
11255
11255
11256
11256
11257
11258
11260
11260
11261
11262
11262
11264
11264
11264
11266
11266
11266
11266
11267
11267
11270
11274
11274
11275
11275
11276
11278
11278
11279
11279
11280
11281
11282
11282
11283
11283
11283
11285
11286
11287
11288
11295
11296
11299
11300
11300
11301
11301
11301
11309
11310
11312
11313
11314
11317
11318
11321
11322
11322
11323
11323
11326
11327
11331
11332
11333
11333
11334
11335
11336
11336
11338
11338
11339
11340
11342
11342
11342
11342
11343
11343
11345
11346
11346
11346
11348
11350
11351
11351
11352
11352
11352
11353
11353
11355
11356
11357
11358
11358
11358
11359
11361
11361
11365
11367
11367
11367
11368
11369
11370
11371
11372
11373
11376
11376
11378
11378
11379
11379
11380
11382
11383
11383
11386
11386
11389
11391
11394
11395
11396
11399
11400
11400
11401
11402
11405
11406
11407
11407
11408
11413
11418
11422
11431
11432
11433
11434
11435
11435
11436
11437
11437
11437
11438
11438
11440
11440
11441
11442
11442
11443
11445
11446
11446
11447
11448
11449
11450
11450
11451
11451
11453
11455
11457
11457
11457
11460
11464
11467
11468
11468
11471
11474
11475
11475
11478
11478
11478
11478
11478
11479
11481
11485
11487
11487
11488
11488
11490
11493
11495
11495
11497
11499
11500
11502
11504
11505
11509
11510
11513
11514
11514
11516
11519
11520
11520
11523
11524
11529
11530
11530
11531
11532
11532
11535
11536
11536
11537
11537
11537
11538
11540
11541
11542
11542
11543
11545
11546
11546
11550
11551
11552
11554
11555
11555
11556
11561
11561
11567
11568
11569
11571
11571
11573
11575
11576
11578
11579
11585
11585
11585
11586
11586
11594
11595
11595
11596
11597
11599
11599
11600
11602
11604
11604
11605
11605
11607
11609
11610
11610
11611
11613
11614
11618
11618
11621
11628
11629
11631
11633
11633
11634
11634
11637
11637
11638
11639
11639
11641
11642
11643
11643
11644
11645
11646
11646
11647
11652
11662
11665
11666
11667
11669
11672
11674
11675
11677
11678
11678
11679
11679
11681
11681
11682
11683
11684
11688
11688
11688
11688
11690
11691
11694
11694
11694
11698
11700
11701
11701
11702
11703
11703
11704
11705
11706
11706
11707
11707
11710
11710
11712
11716
11718
11718
11719
11720
11723
11725
11726
11727
11729
11730
11731
11732
11733
11736
11737
11738
11741
11742
11745
11745
11746
11747
11748
11748
11750
11750
11751
11752
11752
11753
11754
11755
11756
11757
11758
11758
11758
11758
11759
11759
11762
11766
11766
11767
11767
11768
11769
11771
11772
11772
11776
11777
11778
11781
11782
11783
11785
11788
11795
11795
11795
11796
11798
11801
11802
11805
11807
11809
11809
11811
11812
11812
11813
11814
11815
11815
11818
11820
11822
11824
11827
11828
11829
11829
11830
11831
11832
11834
11835
11840
11843
11845
11845
11847
11847
11850
11851
11851
11852
11852
11854
11855
11856
11858
11862
11862
11863
11865
11869
11870
11872
11872
11873
11873
11875
11878
11880
11881
11881
11881
11885
11886
11886
11886
11887
11887
11893
11894
11894
11896
11899
11899
11902
11905
11905
11906
11906
11907
11907
11908
11909
11909
11910
11913
11913
11913
11914
11915
11915
11916
11918
11922
11923
11925
11932
11932
11933
11934
11936
11936
11938
11939
11939
11940
11942
11942
11943
11944
11948
11949
11954
11956
11956
11957
11958
11958
11960
11960
11962
11962
11964
11965
11969
11970
11970
11974
11974
11975
11977
11978
11980
11980
11982
11984
11986
11987
11990
11991
11992
11994
11997
11998
12001
12002
12003
12006
12008
12009
12012
12015
12019
12020
12020
12020
12023
12023
12024
12027
12028
12028
12034
12036
12038
12039
12040
12041
12041
12042
12043
12043
12044
12047
12048
12049
12050
12051
12051
12053
12053
12053
12054
12055
12055
12056
12057
12059
12059
12061
12063
12064
12067
12068
12068
12068
12069
12069
12070
12070
12071
12072
12072
12073
12076
12076
12076
12077
12078
12081
12083
12084
12086
12087
12087
12087
12087
12088
12088
12092
12092
12094
12095
12098
12101
12101
12102
12102
12102
12106
12107
12109
12109
12109
12110
12112
12112
12114
12116
12117
12118
12119
12122
12125
12125
12130
12131
12133
12134
12135
12136
12137
12138
12138
12141
12142
12143
12143
12145
12147
12147
12148
12149
12150
12151
12156
12157
12158
12158
12159
12159
12160
12161
12163
12164
12164
12165
12168
12170
12170
12170
12171
12174
12174
12174
12179
12180
12182
12182
12182
12185
12186
12186
12187
12188
12190
12192
12194
12195
12195
12197
12200
12201
12201
12202
12202
12203
12204
12205
12205
12207
12208
12208
12208
12210
12211
12213
12214
12214
12217
12217
12219
12220
12224
12225
12225
12230
12231
12232
12232
12232
12233
12237
12237
12238
12239
12239
12239
12239
12241
12243
12248
12251
12252
12252
12252
12253
12253
12255
12257
12257
12261
12262
12263
12264
12264
12265
12267
12269
12270
12270
12270
12271
12271
12271
12273
12273
12273
12275
12275
12275
12276
12278
12283
12283
12283
12284
12284
12286
12287
12288
12291
12291
12293
12296
12296
12298
12301
12301
12302
12303
12304
12307
12307
12310
12310
12310
12310
12311
12312
12312
12313
12314
12314
12318
12321
12323
12324
12324
12326
12332
12333
12336
12336
12337
12337
12338
12338
12338
12340
12340
12342
12344
12345
12349
12350
12352
12353
12353
12354
12355
12357
12360
12360
12361
12365
12365
12367
12369
12371
12372
12372
12374
12375
12376
12376
12377
12378
12381
12385
12388
12390
12391
12393
12394
12395
12396
12398
12399
12401
12404
12407
12408
12410
12411
12411
12411
12413
12413
12415
12416
12419
12420
12420
12421
12421
12422
12422
12423
12423
12425
12428
12430
12433
12434
12435
12436
12437
12438
12441
12442
12444
12447
12448
12448
12451
12451
12454
12456
12457
12458
12461
12461
12464
12465
12465
12468
12469
12476
12478
12479
12483
12484
12486
12486
12486
12487
12489
12491
12493
12494
12497
12498
12498
12498
12499
12501
12503
12504
12506
12506
12507
12508
12509
12515
12515
12516
12517
12518
12518
12518
12519
12520
12521
12522
12523
12524
12525
12526
12527
12527
12528
12529
12529
12531
12532
12533
12537
12537
12539
12539
12540
12542
12543
12544
12544
12545
12546
12548
12550
12550
12550
12551
12553
12554
12554
12554
12556
12556
12557
12558
12559
12562
12564
12565
12565
12567
12568
12568
12570
12576
12577
12577
12581
12581
12582
12583
12584
12585
12585
12588
12590
12590
12591
12592
12592
12593
12594
12597
12597
12597
12597
12601
12601
12602
12603
12603
12604
12604
12605
12607
12608
12608
12609
12609
12610
12610
12611
12614
12615
12615
12619
12619
12619
12621
12623
12624
12626
12628
12629
12631
12631
12637
12637
12637
12639
12640
12642
12645
12645
12646
12647
12648
12648
12649
12650
12650
12652
12652
12653
12654
12659
12662
12663
12664
12665
12667
12669
12669
12669
12670
12672
12673
12679
12679
12681
12682
12682
12684
12687
12688
12688
12690
12690
12690
12691
12691
12692
12692
12693
12693
12694
12696
12698
12700
12701
12701
12702
12702
12702
12704
12704
12705
12706
12706
12709
12709
12709
12709
12710
12715
12715
12717
12721
12721
12722
12722
12726
12727
12727
12728
12728
12730
12731
12732
12732
12741
12742
12743
12743
12748
12749
12749
12751
12753
12755
12758
12758
12758
12758
12760
12761
12763
12765
12765
12765
12769
12769
12771
12771
12774
12774
12776
12780
12782
12783
12788
12790
12791
12793
12793
12794
12794
12798
12798
12799
12801
12803
12807
12807
12809
12810
12811
12812
12812
12813
12814
12815
12817
12817
12817
12819
12820
12821
12822
12823
12825
12826
12826
12827
12828
12832
12834
12835
12837
12839
12843
12845
12847
12847
12848
12850
12852
12852
12855
12857
12858
12858
12859
12863
12864
12865
12865
12865
12866
12866
12867
12867
12868
12868
12869
12871
12872
12873
12874
12874
12875
12877
12877
12879
12879
12879
12882
12883
12884
12885
12885
12886
12890
12890
12894
12900
12902
12904
12907
12907
12911
12912
12912
12915
12916
12917
12919
12921
12921
12922
12922
12926
12926
12926
12927
12930
12930
12931
12933
12936
12936
12937
12937
12937
12938
12939
12940
12940
12942
12944
12946
12947
12948
12948
12950
12954
12954
12955
12955
12956
12960
12961
12962
12963
12965
12967
12968
12969
12975
12976
12980
12980
12982
12982
12983
12986
12986
12987
12989
12990
12991
12993
12993
12995
12996
12996
12998
12998
12998
13001
13002
13002
13005
13008
13010
13010
13011
13014
13015
13016
13019
13019
13020
13021
13021
13022
13023
13023
13024
13024
13025
13026
13029
13031
13032
13033
13033
13040
13043
13046
13049
13051
13051
13051
13053
13055
13057
13058
13060
13060
13062
13062
13066
13066
13069
13070
13070
13077
13078
13079
13080
13081
13081
13083
13085
13086
13090
13091
13092
13096
13096
13097
13098
13099
13100
13102
13103
13103
13104
13104
13106
13107
13107
13107
13108
13108
13108
13109
13110
13113
13113
13116
13117
13117
13118
13119
13124
13126
13127
13127
13127
13129
13131
13133
13133
13141
13143
13144
13146
13148
13149
13149
13151
13153
13153
13153
13154
13155
13158
13158
13160
13161
13162
13163
13164
13164
13164
13165
13165
13166
13168
13168
13168
13168
13170
13170
13170
13172
13173
13173
13175
13178
13179
13180
13183
13184
13184
13186
13186
13187
13188
13190
13191
13192
13194
13198
13198
13200
13203
13204
13204
13205
13205
13206
13208
13209
13209
13210
13212
13212
13213
13214
13215
13216
13219
13220
13220
13221
13225
13225
13225
13227
13228
13229
13232
13232
13235
13235
13236
13237
13237
13241
13243
13243
13244
13245
13246
13248
13249
13249
13251
13252
13253
13254
13255
13257
13258
13259
13259
13259
13260
13261
13261
13263
13263
13263
13263
13264
13265
13266
13268
13270
13271
13271
13271
13272
13274
13276
13276
13276
13277
13277
13278
13279
13280
13280
13286
13286
13288
13291
13292
13293
13293
13294
13296
13297
13297
13297
13297
13299
13299
13300
13301
13303
13305
13305
13306
13307
13307
13311
13313
13313
13313
13313
13316
13319
13319
13321
13321
13322
13324
13325
13326
13328
13330
13331
13331
13333
13333
13334
13335
13335
13335
13338
13338
13340
13340
13341
13342
13344
13344
13345
13345
13347
13347
13347
13349
13351
13353
13354
13355
13355
13355
13356
13358
13360
13360
13361
13362
13362
13363
13364
13364
13366
13368
13368
13372
13373
13374
13374
13376
13379
13379
13380
13381
13382
13383
13383
13385
13388
13389
13391
13391
13392
13393
13394
13394
13396
13397
13398
13399
13400
13403
13404
13404
13405
13405
13405
13407
13407
13410
13413
13413
13420
13421
13421
13422
13422
13423
13423
13425
13425
13425
13425
13426
13426
13427
13429
13429
13430
13434
13435
13439
13439
13444
13444
13446
13447
13447
13448
13451
13453
13454
13456
13457
13460
13460
13462
13462
13462
13463
13464
13465
13466
13468
13469
13471
13472
13474
13475
13475
13476
13476
13479
13479
13479
13483
13484
13484
13487
13487
13489
13490
13490
13491
13492
13494
13499
13503
13504
13505
13505
13506
13506
13507
13508
13510
13510
13512
13513
13513
13516
13520
13520
13521
13522
13523
13523
13524
13525
13526
13527
13527
13529
13531
13532
13534
13535
13536
13536
13536
13537
13539
13539
13540
13541
13542
13542
13542
13543
13544
13544
13546
13547
13551
13552
13554
13555
13556
13556
13556
13557
13557
13557
13559
13559
13559
13561
13562
13563
13565
13566
13567
13567
13567
13568
13569
13569
13571
13571
13572
13575
13576
13577
13577
13578
13579
13581
13582
13583
13584
13585
13586
13589
13589
13591
13591
13592
13592
13593
13593
13596
13598
13598
13600
13601
13601
13602
13602
13603
13608
13609
13610
13610
13612
13615
13617
13617
13618
13622
13623
13624
13627
13627
13632
13633
13642
13646
13647
13648
13662
13664
13664
13665
13665
13666
13668
13668
13669
13671
13673
13673
13674
13674
13675
13675
13675
13676
13679
13681
13684
13686
13687
13688
13689
13690
13690
13691
13691
13692
13692
13694
13695
13699
13702
13704
13705
13706
13707
13709
13710
13713
13714
13717
13718
13718
13718
13719
13719
13719
13728
13730
13732
13734
13734
13735
13736
13736
13737
13738
13740
13740
13741
13741
13745
13745
13747
13749
13751
13754
13755
13755
13755
13756
13757
13758
13759
13760
13761
13762
13766
13768
13769
13769
13770
13770
13771
13771
13773
13774
13774
13774
13779
13781
13781
13782
13785
13789
13789
13789
13789
13791
13791
13794
13797
13801
13802
13802
13804
13804
13808
13808
13809
13809
13810
13811
13811
13811
13812
13812
13815
13816
13818
13818
13819
13821
13822
13822
13823
13823
13825
13826
13829
13829
13829
13834
13834
13835
13835
13835
13836
13837
13837
13838
13838
13839
13840
13842
13843
13845
13845
13846
13846
13847
13847
13849
13849
13850
13850
13851
13855
13857
13860
13861
13862
13863
13865
13866
13867
13867
13867
13869
13870
13871
13874
13875
13876
13877
13877
13879
13880
13880
13881
13882
13883
13884
13886
13886
13887
13889
13890
13895
13895
13897
13897
13899
13903
13904
13904
13906
13908
13911
13912
13912
13912
13912
13913
13914
13916
13917
13918
13923
13924
13925
13925
13927
13929
13931
13932
13937
13939
13941
13942
13942
13944
13944
13947
13948
13950
13950
13951
13953
13955
13955
13959
13959
13960
13962
13963
13963
13966
13967
13969
13969
13969
13970
13971
13971
13973
13976
13977
13977
13979
13981
13982
13982
13985
13985
13987
13987
13989
13989
13989
13990
13990
13991
13992
13995
13995
13996
13997
14002
14002
14003
14003
14005
14006
14010
14011
14012
14012
14013
14014
14015
14016
14017
14019
14019
14020
14022
14022
14025
14027
14030
14031
14033
14034
14034
14035
14035
14038
14041
14042
14042
14044
14049
14051
14052
14052
14056
14057
14057
14058
14058
14059
14059
14062
14063
14063
14063
14067
14068
14069
14069
14070
14072
14074
14074
14075
14076
14076
14078
14084
14086
14088
14089
14089
14090
14090
14092
14092
14093
14093
14095
14095
14098
14100
14101
14102
14102
14103
14105
14106
14106
14108
14110
14115
14115
14115
14116
14118
14119
14121
14121
14121
14123
14123
14124
14125
14127
14128
14129
14130
14134
14136
14137
14138
14140
14141
14149
14151
14151
14152
14153
14153
14155
14156
14157
14158
14158
14158
14159
14160
14160
14161
14162
14162
14165
14166
14167
14172
14173
14176
14176
14177
14178
14179
14179
14180
14181
14182
14184
14185
14186
14187
14188
14190
14190
14195
14196
14197
14198
14200
14202
14205
14205
14207
14208
14208
14209
14211
14212
14213
14213
14213
14213
14215
14216
14220
14222
14225
14225
14225
14229
14231
14232
14233
14233
14234
14235
14235
14237
14238
14238
14239
14239
14240
14241
14241
14241
14243
14246
14250
14251
14252
14252
14253
14254
14256
14257
14259
14260
14263
14266
14266
14269
14269
14270
14271
14272
14273
14275
14276
14276
14276
14280
14281
14282
14284
14284
14289
14289
14291
14291
14291
14291
14292
14292
14294
14297
14297
14301
14302
14302
14303
14303
14307
14309
14310
14312
14316
14319
14319
14320
14321
14322
14322
14323
14323
14325
14326
14327
14328
14328
14330
14332
14334
14334
14334
14342
14344
14347
14347
14347
14350
14350
14350
14353
14353
14356
14357
14357
14358
14359
14361
14361
14362
14364
14364
14364
14367
14367
14369
14374
14376
14377
14379
14380
14381
14382
14382
14382
14386
14387
14390
14390
14391
14391
14392
14394
14399
14403
14409
14409
14410
14411
14414
14415
14415
14418
14418
14419
14419
14423
14424
14426
14429
14429
14429
14431
14432
14433
14434
14437
14438
14438
14440
14440
14440
14441
14441
14441
14442
14444
14445
14446
14446
14446
14447
14448
14448
14449
14451
14453
14453
14453
14454
14455
14457
14458
14460
14464
14469
14469
14470
14472
14473
14474
14477
14478
14480
14480
14484
14485
14486
14486
14487
14487
14487
14492
14493
14494
14497
14497
14497
14498
14499
14500
14501
14502
14502
14504
14504
14504
14504
14507
14508
14511
14513
14513
14514
14514
14515
14515
14516
14517
14517
14521
14521
14522
14524
14526
14526
14526
14526
14527
14528
14530
14532
14533
14533
14534
14537
14539
14539
14540
14540
14542
14546
14547
14552
14557
14559
14561
14561
14562
14562
14562
14563
14563
14564
14564
14565
14566
14566
14566
14567
14570
14571
14573
14574
14576
14577
14578
14578
14579
14579
14580
14583
14584
14586
14590
14594
14594
14595
14596
14596
14598
14598
14598
14601
14601
14603
14603
14603
14604
14607
14609
14609
14612
14613
14613
14617
14618
14619
14620
14621
14623
14623
14624
14625
14626
14627
14628
14628
14629
14629
14632
14633
14634
14635
14635
14637
14637
14640
14640
14641
14642
14645
14647
14648
14651
14652
14653
14655
14655
14656
14656
14656
14656
14657
14660
14661
14661
14661
14662
14662
14662
14663
14664
14664
14665
14667
14668
14668
14670
14670
14672
14672
14673
14674
14677
14677
14678
14679
14681
14681
14682
14682
14682
14684
14688
14689
14689
14693
14697
14699
14699
14701
14703
14705
14706
14708
14709
14713
14714
14717
14723
14726
14726
14729
14729
14730
14732
14735
14739
14739
14740
14740
14741
14741
14742
14743
14746
14746
14749
14750
14751
14752
14757
14758
14758
14759
14759
14759
14760
14760
14761
14767
14770
14770
14770
14772
14776
14776
14779
14783
14783
14786
14790
14790
14791
14791
14792
14792
14794
14796
14797
14798
14800
14800
14801
14806
14807
14812
14812
14815
14817
14817
14818
14821
14822
14823
14827
14827
14827
14830
14831
14838
14840
14840
14840
14841
14842
14843
14844
14848
14850
14852
14852
14852
14855
14856
14857
14859
14861
14864
14865
14866
14866
14868
14870
14872
14872
14879
14879
14884
14887
14888
14890
14895
14896
14897
14898
14898
14900
14903
14904
14904
14905
14906
14908
14908
14910
14911
14911
14912
14914
14917
14917
14918
14919
14919
14921
14923
14923
14924
14924
14925
14926
14929
14929
14931
14932
14933
14934
14936
14939
14940
14940
14941
14941
14944
14946
14950
14950
14951
14951
14952
14953
14953
14963
14963
14965
14967
14968
14969
14969
14969
14973
14974
14975
14975
14977
14978
14978
14978
14980
14981
14983
14986
14986
14987
14989
14989
14992
14995
14996
14998
15004
15006
15006
15007
15007
15007
15007
15009
15012
15012
15017
15017
15018
15018
15019
15022
15024
15025
15026
15029
15030
15030
15031
15033
15035
15035
15037
15037
15038
15038
15039
15040
15040
15040
15043
15047
15047
15049
15051
15052
15052
15054
15054
15056
15057
15057
15057
15059
15063
15065
15066
15070
15071
15072
15072
15073
15074
15076
15077
15080
15080
15081
15082
15089
15091
15092
15093
15094
15095
15096
15096
15097
15098
15101
15102
15104
15105
15106
15110
15110
15112
15112
15113
15113
15117
15117
15118
15119
15120
15120
15120
15121
15121
15124
15125
15125
15128
15130
15131
15131
15134
15136
15136
15137
15137
15139
15139
15143
15144
15144
15144
15148
15148
15153
15156
15157
15158
15159
15159
15159
15160
15161
15162
15162
15173
15176
15177
15178
15178
15180
15182
15185
15186
15186
15187
15187
15187
15189
15190
15191
15192
15194
15194
15197
15197
15198
15200
15201
15201
15204
15207
15207
15210
15211
15212
15213
15217
15219
15219
15220
15220
15223
15224
15225
15227
15227
15230
15230
15230
15234
15235
15235
15238
15239
15240
15241
15242
15243
15245
15247
15248
15251
15252
15253
15255
15255
15255
15257
15257
15258
15258
15258
15264
15265
15268
15268
15270
15270
15270
15273
15274
15277
15279
15281
15282
15284
15289
15290
15291
15294
15294
15295
15298
15299
15300
15300
15301
15302
15303
15304
15306
15307
15310
15313
15315
15317
15318
15318
15320
15323
15324
15324
15325
15326
15328
15332
15332
15333
15334
15334
15334
15336
15336
15339
15339
15342
15343
15343
15343
15350
15353
15354
15357
15359
15359
15360
15361
15362
15362
15363
15363
15363
15367
15367
15368
15368
15368
15369
15371
15374
15376
15378
15380
15383
15383
15383
15385
15389
15390
15391
15392
15394
15399
15400
15403
15405
15410
15411
15415
15420
15422
15423
15423
15426
15430
15430
15431
15432
15433
15434
15435
15437
15438
15438
15439
15442
15445
15446
15450
15450
15450
15451
15453
15456
15456
15457
15458
15461
15463
15465
15465
15467
15468
15472
15473
15474
15474
15475
15477
15477
15478
15478
15479
15480
15484
15486
15486
15489
15491
15493
15495
15499
15503
15504
15507
15507
15508
15508
15508
15510
15511
15514
15516
15516
15516
15516
15516
15517
15517
15518
15518
15519
15519
15521
15523
15524
15526
15526
15529
15529
15530
15531
15532
15534
15534
15534
15535
15536
15537
15538
15539
15540
15540
15541
15541
15542
15542
15543
15543
15543
15548
15552
15553
15554
15554
15555
15557
15557
15559
15560
15560
15561
15563
15564
15564
15564
15565
15568
15568
15568
15568
15570
15571
15572
15572
15573
15576
15576
15576
15577
15578
15581
15582
15583
15587
15588
15588
15590
15590
15590
15591
15593
15594
15596
15598
15603
15604
15604
15606
15607
15608
15610
15610
15611
15612
15613
15614
15615
15615
15616
15616
15616
15616
15618
15620
15620
15622
15623
15625
15626
15626
15626
15627
15629
15629
15633
15633
15634
15638
15641
15643
15644
15648
15651
15651
15651
15651
15653
15654
15658
15658
15660
15660
15662
15663
15663
15665
15666
15666
15667
15668
15668
15671
15671
15672
15673
15674
15674
15674
15675
15679
15679
15681
15682
15683
15685
15685
15687
15688
15690
15690
15692
15692
15695
15696
15701
15701
15703
15704
15706
15706
15707
15708
15711
15712
15712
15712
15715
15716
15718
15718
15719
15719
15719
15722
15724
15724
15725
15725
15726
15726
15729
15733
15736
15736
15739
15742
15743
15744
15745
15747
15747
15747
15749
15749
15750
15750
15750
15751
15753
15753
15754
15756
15757
15757
15758
15759
15761
15762
15764
15766
15767
15767
15769
15770
15771
15771
15772
15776
15777
15780
15780
15784
15786
15787
15788
15788
15789
15791
15794
15795
15796
15799
15801
15802
15802
15803
15805
15806
15807
15808
15809
15813
15813
15814
15815
15820
15820
15821
15822
15823
15823
15824
15824
15826
15829
15830
15834
15834
15838
15839
15840
15840
15841
15842
15842
15846
15849
15850
15851
15853
15855
15857
15858
15859
15863
15864
15864
15865
15865
15865
15865
15865
15867
15868
15871
15871
15873
15876
15877
15877
15878
15878
15881
15883
15884
15887
15888
15889
15889
15890
15890
15891
15894
15895
15896
15897
15900
15901
15904
15904
15905
15905
15909
15909
15909
15910
15913
15913
15914
15914
15916
15916
15917
15918
15918
15919
15919
15919
15921
15922
15923
15923
15924
15924
15925
15925
15925
15926
15926
15927
15927
15927
15928
15928
15931
15931
15934
15936
15938
15938
15939
15940
15943
15944
15945
15947
15949
15949
15950
15951
15952
15952
15952
15954
15955
15959
15960
15961
15962
15965
15965
15966
15967
15971
15973
15974
15978
15979
15981
15981
15981
15982
15984
15984
15985
15985
15989
15990
15990
15994
16000
16001
16002
16002
16008
16009
16010
16010
16011
16014
16016
16017
16017
16018
16018
16020
16022
16025
16026
16026
16029
16030
16031
16032
16032
16032
16035
16038
16042
16043
16043
16043
16044
16045
16046
16047
16047
16048
16051
16051
16054
16055
16057
16057
16062
16062
16064
16066
16066
16067
16068
16068
16070
16071
16071
16073
16077
16077
16081
16081
16082
16084
16084
16085
16086
16088
16089
16089
16091
16091
16092
16093
16093
16096
16096
16098
16100
16100
16102
16103
16104
16104
16105
16107
16108
16108
16111
16113
16113
16114
16114
16117
16120
16124
16131
16132
16133
16133
16134
16134
16135
16135
16136
16137
16141
16143
16147
16148
16149
16151
16151
16151
16154
16157
16157
16159
16159
16160
16163
16164
16165
16165
16167
16171
16172
16174
16175
16175
16180
16182
16183
16183
16186
16186
16188
16194
16197
16198
16199
16199
16200
16201
16201
16207
16207
16207
16207
16214
16215
16216
16217
16218
16218
16220
16221
16221
16221
16221
16222
16222
16223
16225
16227
16229
16235
16238
16240
16242
16243
16246
16247
16249
16256
16256
16259
16262
16264
16264
16265
16267
16268
16269
16269
16270
16271
16273
16275
16277
16280
16281
16283
16283
16284
16288
16289
16289
16291
16292
16292
16292
16292
16293
16293
16294
16294
16294
16295
16296
16300
16301
16302
16302
16305
16307
16308
16309
16310
16311
16314
16314
16314
16315
16318
16319
16324
16325
16325
16328
16329
16330
16330
16331
16331
16332
16334
16334
16334
16334
16335
16335
16337
16337
16338
16341
16346
16346
16353
16354
16355
16357
16360
16361
16361
16363
16363
16364
16364
16373
16375
16375
16375
16377
16378
16380
16385
16387
16387
16388
16389
16391
16391
16393
16398
16398
16400
16400
16405
16406
16407
16407
16408
16410
16411
16414
16416
16417
16418
16418
16419
16420
16423
16425
16426
16426
16427
16429
16429
16429
16431
16432
16434
16435
16436
16437
16438
16438
16440
16440
16441
16445
16447
16448
16448
16450
16456
16459
16459
16464
16465
16466
16469
16470
16470
16471
16471
16471
16472
16472
16473
16480
16482
16482
16482
16483
16485
16485
16486
16487
16488
16490
16492
16492
16494
16499
16500
16502
16503
16503
16508
16512
16514
16514
16515
16516
16518
16521
16521
16522
16524
16525
16527
16531
16534
16535
16536
16539
16539
16542
16543
16546
16546
16548
16550
16552
16553
16554
16554
16556
16557
16561
16561
16561
16562
16562
16568
16568
16569
16571
16574
16576
16577
16577
16579
16579
16579
16581
16581
16582
16583
16583
16583
16586
16586
16586
16587
16588
16591
16593
16593
16594
16594
16596
16597
16598
16599
16603
16605
16606
16606
16607
16609
16611
16613
16615
16617
16617
16617
16622
16622
16623
16624
16625
16626
16628
16628
16630
16631
16632
16632
16633
16633
16635
16635
16635
16637
16638
16638
16638
16639
16640
16641
16643
16643
16644
16645
16647
16649
16650
16655
16656
16658
16658
16664
16664
16664
16665
16670
16671
16672
16673
16675
16675
16678
16681
16683
16683
16685
16685
16686
16690
16693
16693
16694
16695
16695
16696
16696
16697
16698
16698
16700
16701
16702
16702
16704
16706
16706
16707
16708
16708
16710
16710
16713
16713
16713
16713
16715
16717
16718
16721
16721
16722
16722
16725
16727
16728
16730
16730
16731
16737
16738
16742
16742
16745
16746
16747
16748
16748
16750
16751
16752
16754
16755
16756
16756
16759
16760
16766
16767
16771
16772
16774
16774
16775
16776
16777
16778
16781
16781
16782
16782
16782
16783
16786
16790
16790
16791
16793
16795
16796
16797
16797
16798
16799
16799
16800
16802
16804
16806
16808
16808
16808
16809
16811
16813
16816
16819
16820
16821
16823
16823
16823
16825
16829
16838
16839
16846
16848
16848
16849
16851
16853
16854
16855
16855
16855
16856
16856
16856
16858
16859
16860
16860
16861
16861
16862
16864
16864
16867
16867
16868
16869
16869
16869
16875
16875
16876
16877
16878
16878
16879
16880
16880
16881
16884
16884
16888
16889
16889
16890
16890
16892
16892
16893
16893
16895
16898
16899
16904
16905
16906
16908
16908
16909
16910
16912
16913
16914
16915
16917
16919
16920
16921
16921
16921
16921
16922
16923
16923
16925
16925
16927
16929
16930
16933
16934
16935
16938
16939
16939
16941
16941
16942
16943
16943
16946
16946
16948
16949
16949
16952
16953
16954
16954
16960
16960
16960
16961
16962
16962
16964
16965
16965
16967
16970
16970
16971
16972
16972
16974
16975
16975
16977
16978
16979
16979
16981
16982
16983
16984
16985
16985
16986
16987
16989
16989
16992
16993
16995
16997
16997
16998
16999
16999
17000
17000
17001
17005
17006
17008
17009
17011
17013
17013
17014
17015
17015
17017
17017
17018
17019
17021
17026
17026
17028
17029
17030
17031
17032
17036
17038
17039
17040
17041
17042
17046
17046
17046
17047
17048
17049
17052
17052
17052
17052
17053
17055
17056
17056
17057
17057
17057
17057
17058
17058
17062
17064
17064
17064
17064
17065
17066
17066
17067
17068
17069
17069
17070
17071
17072
17072
17074
17075
17076
17077
17077
17078
17078
17078
17078
17079
17080
17080
17085
17085
17086
17086
17086
17088
17089
17091
17094
17096
17097
17099
17099
17100
17101
17104
17106
17108
17110
17110
17114
17115
17115
17119
17120
17120
17123
17123
17125
17125
17125
17129
17130
17130
17131
17132
17133
17134
17134
17136
17137
17138
17139
17140
17140
17141
17143
17147
17148
17150
17151
17153
17156
17158
17159
17160
17161
17161
17162
17162
17166
17168
17172
17175
17176
17177
17177
17179
17179
17181
17181
17184
17185
17185
17186
17186
17187
17188
17188
17188
17190
17190
17192
17192
17193
17193
17196
17198
17201
17203
17203
17204
17205
17207
17209
17211
17213
17216
17217
17217
17217
17219
17224
17225
17225
17229
17230
17230
17230
17234
17235
17236
17236
17236
17237
17239
17239
17240
17240
17241
17241
17242
17243
17245
17249
17251
17254
17254
17256
17258
17259
17259
17261
17265
17267
17268
17273
17276
17276
17279
17281
17281
17287
17287
17292
17292
17294
17296
17298
17301
17301
17301
17302
17303
17304
17304
17304
17305
17307
17308
17309
17312
17313
17313
17313
17314
17316
17320
17320
17320
17321
17321
17321
17321
17321
17321
17322
17324
17327
17327
17330
17337
17337
17339
17340
17340
17340
17341
17342
17344
17346
17347
17348
17350
17353
17355
17356
17357
17358
17362
17364
17367
17369
17370
17375
17375
17378
17379
17381
17383
17390
17391
17392
17393
17395
17397
17401
17401
17402
17403
17405
17406
17406
17407
17409
17409
17409
17410
17411
17412
17414
17415
17420
17420
17421
17423
17423
17423
17424
17426
17427
17427
17428
17428
17429
17432
17433
17433
17433
17434
17435
17435
17435
17435
17436
17441
17447
17448
17450
17455
17456
17457
17460
17461
17461
17463
17465
17465
17465
17466
17467
17468
17470
17471
17473
17475
17475
17477
17482
17488
17488
17490
17492
17493
17495
17498
17498
17500
17500
17501
17505
17507
17508
17508
17512
17514
17515
17515
17517
17519
17520
17524
17524
17525
17526
17531
17534
17535
17536
17539
17539
17539
17540
17541
17542
17542
17542
17546
17549
17550
17550
17551
17551
17553
17555
17557
17558
17559
17560
17560
17560
17561
17562
17564
17564
17564
17565
17566
17566
17567
17568
17568
17568
17574
17576
17577
17577
17579
17581
17582
17582
17590
17590
17592
17593
17593
17594
17594
17594
17596
17596
17599
17599
17602
17604
17606
17607
17609
17610
17610
17612
17613
17616
17618
17619
17619
17621
17624
17625
17627
17629
17630
17630
17630
17632
17636
17638
17638
17640
17641
17643
17644
17644
17647
17647
17648
17649
17655
17655
17657
17659
17660
17660
17662
17662
17663
17668
17668
17669
17670
17670
17672
17673
17675
17677
17677
17678
17679
17679
17680
17681
17682
17684
17688
17690
17690
17690
17691
17692
17692
17695
17701
17702
17704
17704
17704
17708
17709
17711
17711
17712
17712
17714
17717
17717
17717
17720
17721
17723
17723
17724
17727
17728
17729
17729
17729
17731
17733
17734
17734
17735
17735
17739
17741
17747
17748
17748
17748
17748
17749
17751
17751
17755
17758
17758
17763
17764
17764
17768
17768
17768
17769
17770
17770
17770
17772
17776
17778
17778
17779
17779
17780
17781
17781
17788
17790
17795
17795
17796
17797
17798
17799
17800
17803
17803
17804
17805
17807
17807
17807
17808
17811
17815
17819
17820
17822
17827
17828
17830
17832
17833
17833
17835
17837
17838
17840
17840
17846
17847
17848
17848
17849
17850
17851
17851
17854
17854
17854
17854
17858
17862
17865
17867
17867
17868
17868
17869
17870
17873
17875
17875
17876
17876
17876
17878
17879
17881
17881
17881
17881
17882
17883
17884
17885
17886
17887
17887
17887
17888
17889
17890
17892
17892
17896
17896
17898
17899
17900
17901
17902
17903
17905
17906
17907
17908
17908
17910
17910
17911
17911
17916
17918
17919
17920
17924
17926
17927
17932
17935
17936
17937
17937
17938
17942
17942
17943
17944
17945
17946
17948
17948
17951
17952
17952
17952
17952
17952
17953
17954
17954
17956
17958
17959
17960
17960
17960
17960
17962
17963
17968
17969
17970
17971
17971
17973
17974
17974
17975
17975
17979
17981
17988
17990
17990
17992
17993
17993
17995
17996
17996
17997
17998
17998
18001
18003
18005
18006
18009
18010
18010
18011
18015
18016
18016
18017
18017
18022
18025
18026
18027
18028
18028
18028
18029
18030
18030
18030
18034
18034
18036
18037
18038
18040
18040
18042
18043
18043
18044
18044
18045
18046
18046
18047
18048
18049
18049
18054
18054
18054
18056
18057
18057
18057
18058
18059
18059
18060
18060
18063
18064
18065
18069
18073
18073
18073
18073
18074
18075
18076
18078
18079
18080
18081
18083
18085
18086
18088
18090
18090
18090
18091
18091
18092
18092
18093
18093
18093
18093
18094
18095
18096
18097
18099
18100
18102
18103
18104
18106
18110
18113
18114
18114
18116
18118
18118
18121
18124
18124
18129
18132
18134
18134
18134
18135
18137
18139
18140
18141
18142
18143
18145
18145
18151
18151
18152
18153
18155
18155
18156
18156
18157
18158
18163
18163
18164
18164
18165
18170
18172
18172
18173
18174
18175
18182
18187
18189
18190
18190
18191
18193
18193
18194
18195
18196
18196
18198
18199
18200
18201
18201
18205
18207
18207
18211
18212
18213
18213
18214
18214
18215
18215
18216
18218
18219
18220
18221
18222
18224
18227
18228
18230
18230
18230
18231
18235
18235
18236
18237
18237
18238
18239
18239
18245
18247
18248
18249
18249
18251
18252
18254
18255
18259
18259
18261
18262
18263
18268
18270
18270
18274
18281
18282
18284
18284
18285
18286
18290
18290
18292
18295
18295
18296
18300
18300
18301
18306
18309
18310
18313
18314
18314
18315
18315
18318
18320
18322
18322
18323
18324
18324
18324
18327
18330
18330
18332
18333
18333
18334
18334
18339
18339
18339
18339
18341
18342
18342
18342
18342
18344
18345
18345
18351
18354
18355
18357
18358
18358
18359
18360
18361
18364
18368
18370
18370
18371
18371
18371
18371
18373
18374
18375
18377
18377
18380
18382
18384
18385
18386
18388
18389
18395
18396
18397
18401
18401
18401
18404
18404
18406
18407
18408
18414
18415
18416
18418
18419
18420
18421
18424
18428
18428
18429
18431
18432
18432
18433
18434
18435
18436
18437
18438
18444
18445
18447
18449
18451
18456
18456
18457
18457
18459
18460
18461
18464
18464
18465
18466
18469
18469
18470
18471
18471
18478
18482
18483
18484
18487
18489
18491
18493
18494
18495
18495
18496
18497
18497
18500
18501
18503
18509
18510
18512
18513
18513
18513
18514
18516
18516
18517
18518
18518
18519
18520
18522
18523
18524
18525
18525
18529
18529
18529
18529
18531
18531
18532
18533
18534
18536
18536
18536
18539
18540
18542
18542
18543
18544
18546
18547
18548
18549
18549
18550
18551
18551
18553
18555
18556
18557
18562
18565
18565
18566
18567
18568
18570
18573
18575
18575
18576
18576
18577
18580
18580
18580
18581
18582
18583
18585
18586
18589
18589
18589
18590
18591
18592
18594
18594
18595
18595
18596
18599
18602
18607
18608
18608
18609
18610
18612
18614
18616
18620
18620
18621
18621
18623
18624
18625
18625
18626
18627
18628
18628
18628
18628
18629
18629
18635
18635
18636
18637
18638
18639
18642
18645
18646
18646
18647
18651
18651
18654
18654
18656
18658
18659
18659
18663
18663
18664
18664
18664
18666
18666
18673
18673
18673
18675
18676
18677
18682
18682
18686
18687
18687
18688
18688
18690
18690
18691
18691
18694
18697
18698
18698
18700
18701
18701
18703
18703
18705
18709
18712
18712
18714
18714
18714
18716
18716
18718
18719
18724
18727
18728
18734
18736
18737
18738
18740
18741
18741
18741
18742
18746
18746
18749
18751
18751
18751
18753
18754
18756
18758
18759
18759
18762
18765
18767
18767
18768
18770
18774
18775
18775
18775
18775
18776
18777
18780
18783
18786
18787
18789
18789
18789
18791
18791
18791
18794
18795
18795
18796
18797
18798
18799
18801
18802
18803
18803
18803
18807
18808
18811
18812
18812
18813
18814
18816
18818
18818
18821
18821
18822
18825
18826
18826
18827
18832
18832
18832
18832
18833
18835
18836
18836
18837
18838
18839
18839
18841
18841
18842
18842
18846
18846
18847
18847
18848
18848
18849
18851
18851
18857
18857
18858
18859
18859
18860
18860
18864
18865
18867
18868
18873
18874
18875
18877
18881
18881
18882
18886
18887
18887
18888
18890
18890
18894
18897
18898
18898
18901
18902
18904
18906
18909
18911
18911
18913
18916
18917
18918
18919
18919
18920
18922
18923
18923
18923
18924
18925
18925
18927
18929
18930
18931
18932
18932
18935
18938
18939
18939
18940
18945
18945
18945
18946
18947
18948
18950
18951
18951
18951
18953
18956
18956
18958
18958
18959
18959
18962
18965
18966
18973
18974
18974
18974
18975
18978
18979
18980
18981
18985
18986
18988
18992
18993
18999
19000
19000
19002
19004
19004
19005
19007
19008
19009
19009
19011
19015
19015
19016
19016
19018
19019
19021
19022
19022
19023
19024
19025
19032
19034
19034
19034
19037
19042
19043
19047
19048
19048
19048
19050
19051
19054
19054
19056
19059
19059
19061
19065
19065
19066
19068
19068
19070
19070
19071
19072
19072
19075
19075
19077
19078
19078
19080
19081
19082
19082
19085
19085
19085
19089
19092
19093
19093
19094
19096
19096
19096
19096
19096
19096
19097
19097
19098
19099
19101
19103
19103
19105
19106
19106
19111
19114
19114
19114
19116
19120
19121
19123
19126
19126
19128
19132
19133
19133
19134
19135
19135
19137
19137
19139
19139
19140
19140
19141
19143
19144
19145
19145
19145
19146
19146
19146
19147
19148
19148
19149
19150
19150
19150
19151
19151
19151
19152
19154
19155
19157
19158
19164
19164
19165
19166
19167
19167
19168
19172
19173
19174
19174
19175
19177
19177
19177
19179
19179
19180
19180
19180
19181
19182
19182
19183
19183
19184
19184
19185
19186
19187
19189
19191
19191
19194
19195
19195
19196
19196
19198
19198
19199
19199
19201
19203
19204
19208
19208
19212
19212
19212
19214
19214
19215
19216
19216
19216
19223
19224
19226
19226
19227
19227
19229
19229
19231
19233
19234
19234
19235
19236
19239
19240
19240
19242
19243
19243
19244
19245
19247
19256
19256
19258
19260
19263
19272
19272
19274
19274
19275
19279
19281
19283
19285
19286
19289
19290
19291
19292
19293
19293
19294
19295
19296
19296
19297
19298
19299
19299
19300
19300
19303
19304
19305
19306
19307
19309
19310
19311
19312
19313
19319
19322
19322
19323
19323
19324
19327
19328
19329
19330
19331
19332
19335
19338
19338
19339
19339
19340
19340
19342
19343
19345
19346
19347
19348
19348
19348
19349
19350
19351
19352
19353
19355
19356
19360
19361
19365
19366
19366
19366
19369
19370
19384
19385
19389
19391
19391
19391
19392
19392
19393
19396
19397
19397
19398
19402
19407
19408
19410
19411
19413
19415
19416
19417
19418
19419
19423
19424
19425
19426
19428
19429
19429
19430
19432
19433
19434
19434
19438
19438
19440
19440
19446
19446
19446
19447
19449
19449
19450
19452
19454
19455
19456
19458
19458
19459
19462
19462
19463
19464
19465
19466
19467
19467
19471
19476
19476
19476
19477
19478
19479
19479
19479
19483
19484
19485
19485
19485
19487
19488
19489
19490
19491
19492
19492
19494
19496
19500
19501
19501
19501
19503
19505
19506
19507
19508
19508
19509
19510
19512
19513
19518
19518
19519
19520
19520
19521
19523
19524
19524
19528
19529
19529
19529
19530
19530
19531
19531
19532
19533
19539
19541
19542
19544
19546
19546
19546
19548
19548
19548
19550
19551
19552
19555
19559
19559
19560
19561
19563
19565
19567
19568
19570
19572
19572
19573
19573
19577
19577
19578
19583
19583
19584
19587
19588
19588
19588
19590
19590
19590
19590
19591
19594
19596
19596
19598
19598
19599
19600
19600
19601
19601
19602
19602
19603
19603
19604
19604
19605
19608
19609
19611
19614
19615
19615
19616
19617
19621
19623
19623
19625
19630
19632
19632
19633
19634
19634
19634
19637
19639
19641
19644
19645
19647
19648
19649
19652
19653
19656
19661
19664
19665
19665
19665
19667
19667
19670
19670
19673
19674
19675
19676
19676
19682
19683
19683
19684
19688
19690
19691
19691
19691
19692
19695
19695
19696
19697
19701
19702
19702
19702
19704
19707
19707
19707
19707
19709
19710
19710
19716
19717
19718
19718
19720
19721
19723
19725
19725
19725
19726
19726
19727
19730
19735
19735
19735
19737
19737
19737
19737
19739
19742
19746
19746
19747
19751
19751
19754
19756
19756
19756
19757
19758
19759
19762
19767
19769
19770
19770
19771
19771
19775
19776
19776
19776
19776
19777
19777
19779
19779
19780
19781
19786
19787
19787
19788
19792
19793
19793
19795
19798
19798
19798
19799
19799
19802
19804
19806
19808
19808
19809
19813
19814
19814
19815
19816
19818
19818
19820
19821
19824
19827
19831
19832
19835
19838
19839
19839
19839
19840
19841
19842
19844
19845
19845
19849
19849
19850
19850
19851
19851
19851
19852
19852
19853
19854
19857
19859
19859
19860
19861
19861
19862
19862
19862
19863
19863
19864
19865
19866
19867
19869
19870
19872
19872
19872
19874
19874
19875
19878
19879
19879
19881
19881
19882
19883
19884
19884
19885
19886
19886
19887
19890
19892
19893
19893
19894
19895
19896
19898
19900
19901
19902
19903
19903
19906
19907
19907
19908
19908
19909
19912
19913
19917
19918
19919
19921
19923
19925
19927
19927
19928
19928
19929
19930
19930
19930
19931
19931
19932
19934
19934
19935
19935
19936
19936
19937
19938
19938
19939
19939
19940
19941
19941
19945
19946
19946
19947
19949
19951
19951
19951
19952
19952
19955
19956
19957
19957
19957
19966
19968
19971
19972
19973
19975
19975
19982
19983
19983
19985
19985
19986
19986
19987
19987
19989
19989
19989
19990
19992
19994
19995
20001
20005
20005
20007
20008
20008
20010
20012
20014
20016
20018
20020
20022
20023
20025
20026
20028
20030
20030
20030
20032
20033
20034
20035
20035
20036
20037
20037
20038
20042
20042
20043
20044
20045
20047
20047
20048
20049
20051
20052
20052
20052
20054
20054
20058
20068
20068
20068
20070
20070
20071
20076
20076
20077
20080
20081
20083
20087
20087
20088
20088
20089
20089
20089
20089
20091
20093
20094
20095
20096
20096
20099
20101
20101
20105
20109
20111
20112
20112
20112
20113
20114
20114
20116
20117
20119
20119
20121
20123
20123
20124
20125
20126
20127
20128
20128
20129
20130
20130
20131
20132
20133
20134
20139
20139
20140
20142
20144
20149
20150
20152
20153
20155
20156
20156
20157
20158
20160
20160
20165
20166
20166
20167
20169
20172
20172
20174
20174
20174
20175
20177
20179
20181
20182
20183
20184
20186
20187
20187
20190
20191
20191
20196
20197
20199
20199
20200
20200
20201
20203
20203
20208
20209
20209
20213
20213
20215
20215
20216
20217
20219
20219
20220
20221
20222
20225
20225
20226
20227
20227
20230
20231
20232
20232
20232
20233
20234
20235
20235
20236
20238
20239
20239
20241
20243
20247
20247
20248
20248
20248
20250
20250
20251
20251
20253
20254
20254
20255
20255
20256
20256
20258
20260
20260
20261
20262
20263
20263
20263
20265
20266
20266
20269
20271
20272
20272
20273
20274
20277
20277
20278
20278
20279
20280
20282
20282
20284
20286
20286
20288
20290
20291
20292
20292
20293
20294
20295
20295
20297
20298
20299
20300
20300
20300
20304
20307
20308
20309
20309
20310
20311
20311
20313
20313
20315
20315
20315
20316
20316
20317
20318
20318
20321
20322
20324
20325
20326
20328
20328
20329
20331
20331
20332
20335
20335
20336
20337
20339
20339
20342
20343
20344
20344
20345
20345
20346
20347
20349
20352
20355
20355
20357
20361
20361
20362
20368
20369
20370
20371
20372
20375
20375
20375
20377
20380
20381
20381
20383
20384
20385
20386
20386
20388
20388
20389
20392
20393
20394
20394
20395
20396
20398
20399
20403
20405
20406
20409
20409
20412
20413
20413
20417
20417
20418
20419
20423
20423
20424
20426
20426
20427
20429
20430
20430
20431
20435
20435
20436
20438
20440
20445
20448
20452
20452
20454
20456
20456
20458
20458
20458
20459
20461
20461
20462
20463
20463
20464
20465
20468
20472
20472
20472
20473
20475
20475
20476
20478
20478
20480
20480
20481
20483
20483
20484
20484
20484
20484
20487
20488
20489
20491
20491
20493
20493
20494
20496
20499
20502
20503
20507
20508
20509
20509
20510
20511
20513
20513
20516
20516
20516
20517
20517
20517
20518
20518
20522
20523
20523
20524
20526
20527
20528
20531
20532
20532
20533
20534
20536
20539
20540
20540
20542
20542
20543
20543
20545
20546
20546
20547
20548
20549
20552
20555
20557
20558
20558
20559
20560
20561
20564
20565
20569
20569
20570
20575
20578
20582
20583
20586
20586
20589
20590
20590
20590
20590
20591
20593
20597
20599
20599
20599
20601
20603
20604
20609
20611
20613
20613
20616
20617
20618
20618
20620
20621
20621
20623
20624
20624
20624
20625
20626
20627
20632
20633
20635
20635
20638
20638
20638
20638
20641
20643
20643
20644
20645
20647
20647
20648
20648
20650
20651
20652
20652
20652
20655
20656
20657
20658
20660
20660
20661
20663
20664
20664
20664
20665
20665
20666
20668
20669
20670
20671
20672
20673
20673
20674
20678
20680
20680
20683
20684
20684
20684
20685
20685
20687
20688
20689
20689
20691
20691
20692
20694
20694
20696
20696
20698
20699
20700
20701
20704
20704
20704
20705
20705
20707
20708
20709
20710
20711
20713
20715
20715
20718
20719
20720
20721
20722
20723
20724
20728
20729
20730
20734
20736
20740
20740
20741
20742
20742
20745
20747
20747
20747
20748
20749
20750
20750
20751
20756
20758
20758
20759
20760
20761
20763
20765
20767
20767
20768
20770
20771
20771
20774
20776
20776
20776
20779
20780
20782
20783
20785
20785
20786
20788
20789
20791
20791
20793
20793
20794
20795
20797
20800
20801
20804
20805
20805
20808
20809
20811
20811
20811
20811
20821
20825
20828
20829
20833
20839
20840
20840
20840
20845
20846
20846
20847
20850
20853
20853
20854
20856
20857
20857
20859
20860
20861
20861
20861
20862
20866
20868
20869
20869
20870
20872
20872
20874
20875
20877
20879
20879
20882
20882
20883
20887
20889
20891
20891
20891
20892
20893
20894
20894
20895
20895
20900
20902
20902
20902
20903
20903
20904
20906
20906
20906
20908
20910
20912
20917
20917
20917
20919
20920
20922
20922
20923
20926
20926
20927
20929
20930
20933
20933
20934
20936
20938
20938
20940
20941
20942
20942
20947
20947
20948
20949
20951
20953
20954
20956
20956
20956
20957
20961
20966
20970
20971
20972
20972
20972
20974
20977
20978
20979
20981
20982
20983
20984
20985
20985
20985
20986
20987
20988
20989
20990
20990
20993
20994
20994
20997
20997
21000
21000
21000
21001
21002
21002
21003
21004
21007
21008
21009
21011
21011
21011
21011
21012
21014
21015
21021
21021
21021
21024
21024
21026
21027
21028
21031
21032
21032
21033
21035
21037
21038
21038
21040
21041
21045
21045
21046
21051
21053
21053
21055
21056
21056
21058
21058
21061
21061
21062
21064
21064
21066
21067
21067
21069
21071
21071
21073
21075
21075
21076
21076
21079
21085
21085
21087
21088
21089
21089
21090
21091
21093
21094
21095
21099
21100
21101
21106
21108
21109
21110
21111
21112
21113
21116
21117
21118
21118
21120
21121
21122
21122
21122
21124
21124
21126
21127
21127
21130
21130
21130
21130
21131
21133
21134
21137
21139
21139
21144
21145
21147
21148
21148
21150
21151
21152
21153
21154
21154
21154
21155
21156
21163
21164
21165
21166
21166
21166
21168
21169
21169
21170
21172
21172
21175
21177
21179
21181
21181
21184
21186
21186
21187
21191
21193
21196
21196
21198
21199
21200
21205
21205
21211
21212
21212
21213
21213
21214
21214
21215
21215
21217
21218
21218
21219
21219
21219
21221
21221
21223
21227
21227
21227
21229
21233
21233
21236
21237
21237
21237
21238
21238
21238
21239
21241
21242
21242
21242
21242
21244
21245
21248
21249
21249
21253
21255
21256
21256
21256
21257
21258
21262
21262
21262
21263
21264
21265
21267
21268
21268
21275
21277
21279
21283
21287
21288
21289
21290
21291
21291
21292
21292
21293
21299
21300
21301
21302
21302
21303
21304
21304
21305
21307
21309
21313
21313
21313
21315
21316
21318
21318
21320
21320
21321
21321
21328
21331
21332
21333
21334
21334
21335
21335
21336
21336
21336
21336
21342
21342
21344
21344
21347
21347
21348
21350
21351
21351
21352
21355
21356
21359
21360
21360
21363
21366
21369
21371
21371
21371
21371
21375
21375
21376
21378
21379
21383
21383
21383
21388
21389
21390
21393
21394
21396
21398
21399
21400
21400
21403
21404
21406
21406
21408
21408
21409
21409
21410
21412
21412
21415
21416
21418
21420
21420
21421
21421
21423
21427
21428
21428
21429
21429
21429
21430
21430
21431
21432
21432
21432
21432
21433
21434
21436
21438
21438
21438
21439
21439
21442
21448
21449
21450
21451
21455
21457
21458
21458
21458
21460
21460
21462
21465
21465
21467
21469
21473
21475
21475
21476
21478
21480
21480
21482
21483
21492
21492
21493
21493
21494
21495
21495
21495
21499
21507
21508
21509
21510
21511
21512
21513
21514
21514
21515
21516
21517
21517
21518
21519
21519
21523
21524
21528
21528
21529
21530
21530
21532
21532
21533
21534
21534
21536
21537
21537
21537
21538
21542
21546
21546
21547
21548
21550
21555
21556
21558
21561
21564
21566
21568
21569
21572
21573
21574
21575
21575
21576
21577
21579
21582
21582
21583
21584
21585
21586
21587
21589
21589
21589
21590
21590
21592
21594
21597
21597
21601
21602
21606
21607
21607
21608
21609
21611
21614
21616
21616
21616
21617
21618
21619
21619
21619
21621
21622
21623
21627
21629
21629
21630
21631
21631
21636
21636
21637
21639
21640
21641
21641
21643
21644
21645
21645
21645
21646
21646
21647
21647
21648
21648
21649
21650
21650
21652
21653
21654
21655
21655
21657
21660
21660
21661
21662
21662
21663
21667
21671
21671
21671
21672
21675
21678
21680
21681
21684
21685
21685
21687
21688
21688
21689
21693
21696
21699
21699
21699
21700
21700
21700
21703
21703
21705
21705
21706
21709
21712
21715
21718
21718
21719
21720
21721
21724
21725
21726
21727
21732
21732
21733
21735
21736
21739
21740
21740
21741
21742
21743
21744
21745
21747
21748
21752
21752
21755
21756
21756
21757
21758
21758
21759
21761
21761
21762
21765
21767
21767
21768
21770
21770
21774
21775
21776
21778
21779
21780
21782
21782
21782
21783
21783
21784
21786
21786
21789
21790
21791
21793
21795
21796
21797
21797
21799
21800
21803
21804
21804
21804
21805
21807
21809
21811
21811
21813
21813
21814
21814
21815
21815
21817
21817
21817
21818
21819
21820
21820
21823
21823
21826
21828
21828
21828
21828
21830
21833
21836
21837
21837
21837
21838
21839
21840
21843
21844
21845
21846
21846
21847
21852
21855
21855
21856
21856
21860
21861
21862
21864
21864
21865
21865
21867
21868
21869
21870
21870
21871
21871
21872
21873
21874
21877
21882
21882
21883
21884
21888
21889
21889
21891
21892
21893
21893
21894
21895
21896
21898
21900
21901
21907
21910
21912
21913
21914
21915
21921
21921
21923
21924
21924
21926
21927
21928
21928
21930
21931
21935
21935
21935
21941
21942
21942
21943
21946
21947
21950
21950
21951
21952
21953
21953
21956
21957
21959
21960
21961
21962
21962
21963
21963
21968
21970
21971
21972
21974
21974
21975
21976
21977
21979
21979
21980
21980
21983
21984
21985
21986
21987
21990
21991
21992
22000
22002
22005
22006
22006
22007
22007
22007
22008
22010
22010
22011
22012
22013
22013
22013
22015
22015
22015
22015
22018
22023
22025
22028
22028
22029
22030
22030
22031
22033
22034
22034
22036
22037
22041
22042
22043
22044
22044
22045
22047
22049
22049
22049
22051
22052
22053
22054
22055
22055
22056
22057
22057
22058
22059
22059
22060
22061
22062
22063
22064
22065
22066
22068
22069
22071
22071
22072
22074
22075
22075
22077
22078
22080
22080
22082
22082
22083
22083
22085
22087
22090
22091
22096
22097
22099
22099
22100
22104
22106
22107
22108
22108
22108
22110
22110
22112
22113
22114
22114
22114
22114
22116
22117
22117
22118
22120
22122
22124
22125
22127
22128
22128
22128
22129
22130
22131
22134
22134
22138
22138
22140
22144
22146
22146
22146
22148
22149
22151
22153
22154
22155
22155
22156
22157
22159
22160
22163
22163
22165
22167
22168
22168
22169
22172
22172
22173
22173
22174
22177
22179
22180
22186
22188
22188
22188
22193
22194
22196
22196
22197
22197
22199
22200
22202
22203
22204
22208
22210
22213
22218
22221
22221
22222
22223
22224
22224
22225
22226
22230
22231
22232
22234
22235
22235
22240
22241
22241
22242
22246
22246
22248
22248
22249
22251
22252
22253
22254
22259
22260
22263
22263
22265
22268
22269
22270
22277
22277
22278
22280
22282
22284
22285
22288
22289
22289
22290
22292
22295
22296
22298
22298
22298
22300
22301
22302
22303
22306
22306
22308
22313
22313
22316
22317
22321
22321
22323
22325
22326
22327
22332
22334
22337
22337
22339
22340
22340
22340
22340
22340
22340
22341
22343
22343
22345
22347
22347
22349
22352
22353
22355
22359
22360
22363
22363
22364
22366
22367
22367
22371
22371
22371
22372
22373
22375
22377
22377
22379
22381
22383
22385
22387
22388
22388
22389
22390
22392
22394
22394
22395
22397
22398
22398
22398
22399
22399
22401
22402
22404
22407
22409
22409
22411
22413
22413
22413
22415
22416
22418
22418
22420
22423
22423
22424
22426
22427
22428
22429
22431
22432
22435
22435
22435
22437
22438
22439
22441
22441
22442
22443
22445
22447
22452
22454
22456
22458
22461
22461
22462
22464
22464
22465
22466
22466
22466
22467
22468
22470
22474
22475
22477
22477
22477
22478
22479
22479
22480
22483
22483
22486
22487
22487
22488
22491
22495
22497
22499
22500
22504
22505
22506
22506
22506
22508
22509
22509
22512
22517
22517
22518
22521
22523
22525
22527
22528
22528
22529
22529
22530
22531
22532
22532
22533
22534
22535
22535
22535
22536
22537
22539
22540
22542
22544
22545
22546
22546
22547
22548
22550
22550
22552
22553
22555
22556
22557
22557
22557
22560
22564
22564
22566
22571
22574
22577
22578
22579
22580
22580
22580
22580
22582
22584
22584
22584
22585
22590
22591
22597
22598
22602
22603
22605
22605
22606
22606
22608
22608
22610
22612
22613
22613
22614
22616
22617
22617
22622
22625
22625
22626
22626
22627
22627
22627
22629
22629
22631
22632
22635
22636
22638
22640
22641
22641
22641
22643
22644
22646
22649
22652
22655
22658
22660
22663
22664
22666
22667
22668
22669
22669
22673
22673
22677
22677
22679
22681
22682
22684
22684
22685
22686
22688
22689
22690
22694
22694
22695
22696
22696
22696
22696
22699
22700
22703
22704
22704
22706
22707
22707
22708
22708
22709
22709
22711
22711
22719
22719
22720
22720
22720
22722
22722
22723
22725
22727
22728
22729
22729
22731
22732
22733
22736
22737
22739
22740
22742
22743
22743
22745
22746
22748
22749
22752
22753
22754
22754
22755
22756
22756
22761
22763
22764
22766
22769
22771
22773
22776
22776
22777
22785
22787
22787
22790
22790
22791
22791
22791
22791
22792
22793
22793
22794
22794
22795
22796
22798
22799
22800
22800
22801
22802
22802
22804
22805
22805
22812
22813
22815
22815
22817
22818
22818
22821
22822
22824
22826
22830
22831
22832
22833
22834
22835
22836
22837
22839
22840
22840
22842
22843
22843
22844
22845
22846
22846
22849
22850
22852
22854
22855
22856
22859
22859
22864
22864
22865
22866
22870
22871
22871
22874
22874
22875
22876
22877
22877
22880
22882
22883
22884
22887
22889
22889
22890
22892
22892
22893
22894
22894
22894
22895
22896
22897
22899
22903
22903
22903
22903
22904
22906
22908
22909
22911
22918
22921
22922
22922
22923
22924
22925
22928
22932
22934
22936
22937
22940
22943
22944
22945
22945
22947
22947
22947
22948
22949
22950
22951
22951
22951
22953
22954
22954
22955
22955
22958
22960
22961
22962
22963
22965
22968
22969
22969
22971
22975
22976
22979
22979
22982
22984
22984
22985
22987
22988
22989
22989
22990
22991
22991
22993
22998
22999
23000
23002
23004
23006
23008
23009
23009
23011
23013
23018
23019
23022
23022
23022
23022
23022
23023
23026
23027
23027
23031
23032
23034
23034
23035
23035
23035
23036
23038
23038
23039
23039
23039
23046
23047
23048
23051
23052
23055
23055
23056
23057
23057
23058
23058
23058
23060
23064
23067
23068
23069
23069
23070
23071
23071
23073
23075
23076
23076
23076
23078
23079
23081
23084
23089
23090
23091
23093
23094
23094
23094
23094
23094
23095
23095
23096
23096
23096
23097
23099
23100
23101
23102
23102
23106
23107
23109
23109
23110
23110
23112
23113
23115
23115
23118
23119
23120
23120
23122
23124
23124
23127
23128
23129
23129
23130
23130
23132
23133
23133
23133
23133
23136
23137
23138
23139
23140
23141
23142
23143
23144
23145
23149
23151
23153
23154
23155
23158
23158
23162
23166
23167
23167
23169
23171
23171
23172
23172
23173
23174
23174
23174
23180
23180
23182
23183
23183
23186
23186
23187
23190
23190
23191
23191
23191
23191
23192
23193
23194
23195
23196
23196
23198
23198
23199
23202
23202
23204
23206
23207
23210
23210
23211
23211
23212
23213
23213
23215
23215
23216
23216
23217
23219
23219
23220
23223
23224
23231
23232
23235
23236
23239
23240
23240
23244
23245
23246
23246
23247
23249
23249
23249
23250
23250
23253
23254
23256
23257
23258
23260
23261
23261
23263
23265
23266
23266
23269
23271
23272
23275
23275
23276
23276
23277
23277
23277
23277
23277
23278
23279
23284
23287
23288
23289
23289
23291
23291
23293
23293
23294
23294
23294
23295
23295
23298
23301
23301
23302
23304
23307
23312
23315
23316
23317
23317
23318
23322
23325
23327
23328
23330
23330
23331
23333
23333
23334
23336
23336
23338
23339
23339
23340
23340
23344
23346
23347
23348
23348
23349
23350
23352
23353
23353
23353
23356
23359
23360
23360
23364
23366
23366
23367
23371
23371
23372
23376
23377
23379
23379
23379
23382
23383
23383
23386
23387
23389
23389
23390
23390
23391
23391
23392
23393
23393
23393
23395
23397
23398
23400
23400
23401
23402
23405
23405
23406
23407
23407
23409
23411
23412
23413
23414
23418
23419
23420
23420
23425
23426
23427
23428
23428
23428
23432
23434
23434
23435
23435
23436
23436
23436
23438
23439
23439
23441
23441
23442
23443
23445
23447
23448
23448
23449
23450
23453
23455
23455
23455
23459
23460
23460
23462
23464
23464
23466
23466
23469
23470
23472
23473
23473
23473
23473
23474
23476
23477
23477
23477
23478
23480
23481
23481
23483
23483
23484
23485
23485
23487
23488
23488
23493
23499
23501
23503
23504
23506
23508
23508
23509
23510
23511
23511
23511
23512
23512
23514
23514
23515
23515
23516
23516
23516
23519
23520
23523
23525
23526
23526
23530
23532
23532
23533
23536
23537
23542
23542
23543
23544
23551
23552
23555
23559
23560
23560
23560
23563
23563
23563
23563
23564
23564
23565
23569
23570
23576
23578
23578
23580
23580
23584
23585
23586
23589
23589
23591
23592
23592
23593
23594
23594
23596
23599
23599
23601
23601
23603
23604
23605
23607
23609
23609
23610
23612
23613
23615
23615
23616
23617
23619
23620
23620
23621
23627
23628
23629
23629
23633
23634
23635
23636
23639
23639
23643
23645
23647
23647
23647
23647
23648
23648
23648
23649
23650
23650
23651
23651
23651
23651
23651
23652
23652
23654
23661
23664
23665
23670
23671
23672
23672
23672
23673
23673
23674
23674
23675
23675
23675
23676
23677
23678
23680
23682
23682
23684
23687
23689
23689
23693
23693
23695
23695
23695
23697
23701
23706
23707
23708
23709
23709
23712
23713
23714
23714
23715
23716
23719
23720
23722
23724
23725
23727
23729
23730
23731
23731
23731
23732
23733
23735
23736
23737
23740
23742
23742
23744
23744
23744
23745
23745
23746
23748
23748
23749
23751
23751
23752
23753
23753
23754
23757
23758
23759
23759
23760
23760
23761
23762
23762
23763
23764
23765
23767
23770
23770
23772
23773
23773
23779
23779
23782
23783
23783
23786
23790
23791
23794
23795
23800
23802
23803
23804
23804
23806
23809
23811
23811
23811
23812
23812
23812
23812
23813
23813
23816
23819
23819
23819
23820
23820
23821
23821
23823
23825
23829
23829
23831
23832
23833
23835
23836
23837
23840
23842
23843
23844
23852
23852
23854
23856
23856
23856
23857
23857
23861
23863
23863
23863
23863
23864
23865
23867
23868
23868
23871
23873
23874
23877
23878
23880
23881
23882
23883
23888
23889
23890
23891
23892
23893
23894
23895
23896
23896
23898
23899
23900
23905
23908
23908
23908
23909
23910
23910
23911
23913
23914
23914
23916
23916
23917
23919
23921
23921
23924
23925
23931
23931
23932
23934
23935
23936
23939
23946
23946
23947
23947
23948
23949
23949
23949
23950
23950
23953
23953
23959
23961
23962
23962
23963
23963
23964
23968
23968
23969
23971
23973
23973
23974
23975
23978
23981
23983
23983
23986
23990
23990
23994
23994
23996
23997
23997
23998
24000
24001
24005
24006
24009
24014
24015
24016
24016
24017
24018
24020
24020
24021
24021
24022
24026
24028
24029
24029
24030
24031
24032
24034
24035
24036
24041
24047
24047
24052
24052
24055
24056
24057
24057
24057
24060
24064
24066
24066
24066
24068
24068
24070
24072
24072
24074
24076
24079
24080
24080
24084
24086
24087
24088
24088
24088
24090
24090
24090
24093
24095
24098
24101
24102
24104
24106
24109
24114
24120
24121
24122
24123
24125
24127
24128
24133
24134
24136
24138
24140
24140
24141
24142
24142
24143
24146
24147
24150
24152
24152
24155
24157
24158
24158
24160
24161
24162
24162
24163
24165
24165
24165
24165
24167
24167
24167
24168
24170
24173
24174
24174
24174
24175
24175
24176
24178
24179
24182
24183
24184
24185
24187
24187
24188
24190
24190
24190
24193
24194
24195
24196
24196
24198
24198
24199
24201
24202
24204
24204
24205
24205
24207
24211
24211
24211
24211
24211
24212
24212
24215
24219
24221
24221
24221
24222
24224
24224
24225
24227
24228
24228
24229
24230
24231
24232
24232
24232
24233
24234
24236
24236
24236
24237
24239
24239
24240
24245
24245
24248
24248
24253
24253
24255
24256
24258
24261
24267
24267
24268
24272
24272
24277
24278
24279
24280
24281
24283
24284
24285
24286
24288
24289
24289
24290
24291
24292
24293
24293
24295
24295
24297
24301
24302
24304
24305
24305
24307
24309
24309
24309
24311
24312
24313
24317
24317
24319
24320
24321
24322
24322
24323
24324
24324
24325
24326
24329
24330
24330
24333
24333
24333
24335
24335
24335
24336
24337
24338
24338
24339
24340
24340
24341
24341
24341
24344
24346
24347
24348
24348
24348
24349
24349
24350
24352
24356
24356
24359
24364
24365
24367
24367
24368
24379
24379
24380
24381
24386
24389
24391
24392
24393
24394
24395
24395
24396
24396
24401
24402
24406
24407
24413
24414
24414
24415
24417
24418
24418
24419
24420
24424
24424
24424
24426
24426
24426
24427
24428
24429
24429
24431
24431
24432
24435
24435
24435
24436
24436
24437
24438
24439
24440
24440
24443
24444
24444
24444
24445
24445
24445
24448
24450
24450
24451
24452
24452
24452
24453
24453
24454
24456
24457
24459
24462
24462
24463
24464
24464
24464
24465
24467
24469
24471
24476
24478
24479
24481
24481
24482
24485
24485
24487
24489
24489
24492
24493
24494
24494
24496
24496
24498
24499
24499
24501
24502
24503
24503
24505
24505
24506
24506
24506
24507
24508
24509
24510
24510
24511
24512
24512
24515
24517
24517
24517
24519
24519
24521
24521
24526
24526
24526
24527
24531
24531
24532
24532
24532
24533
24536
24537
24545
24545
24545
24546
24548
24549
24549
24552
24553
24553
24554
24556
24556
24557
24558
24562
24562
24563
24564
24565
24569
24569
24570
24572
24573
24573
24573
24574
24577
24577
24577
24579
24580
24583
24584
24584
24589
24589
24591
24592
24592
24593
24594
24595
24595
24598
24598
24598
24601
24601
24601
24603
24604
24604
24604
24604
24606
24607
24607
24609
24609
24610
24612
24616
24617
24618
24619
24620
24622
24624
24626
24627
24628
24629
24629
24631
24631
24631
24633
24635
24636
24637
24638
24647
24648
24649
24653
24654
24656
24658
24658
24659
24662
24663
24666
24667
24667
24667
24668
24668
24668
24670
24672
24673
24674
24677
24677
24677
24679
24680
24681
24682
24685
24686
24686
24686
24691
24691
24692
24692
24693
24693
24695
24696
24699
24701
24705
24708
24709
24709
24710
24710
24715
24715
24718
24718
24719
24720
24721
24722
24724
24725
24726
24727
24727
24728
24728
24730
24731
24731
24731
24734
24736
24736
24736
24736
24737
24739
24739
24743
24743
24743
24744
24745
24745
24746
24746
24746
24749
24749
24750
24750
24751
24751
24752
24753
24755
24758
24759
24762
24763
24763
24765
24767
24768
24771
24774
24775
24778
24780
24782
24784
24785
24785
24785
24786
24789
24789
24790
24790
24792
24792
24793
24793
24798
24799
24800
24804
24805
24807
24807
24809
24816
24817
24818
24821
24823
24824
24825
24830
24833
24833
24833
24835
24836
24836
24838
24839
24839
24840
24840
24843
24843
24846
24846
24847
24850
24853
24857
24857
24859
24861
24863
24864
24864
24865
24867
24868
24870
24870
24871
24872
24873
24875
24875
24876
24878
24879
24880
24880
24880
24882
24883
24884
24884
24885
24885
24887
24887
24887
24887
24887
24889
24890
24891
24892
24892
24894
24894
24894
24898
24900
24900
24902
24904
24905
24905
24907
24908
24913
24914
24916
24920
24921
24922
24922
24923
24923
24928
24928
24930
24930
24933
24934
24934
24936
24936
24937
24940
24941
24950
24952
24955
24956
24958
24962
24963
24964
24964
24965
24965
24967
24968
24971
24974
24974
24975
24977
24978
24981
24983
24983
24983
24984
24984
24984
24984
24984
24986
24986
24987
24988
24989
24989
24989
24990
24992
24992
24993
24994
24994
24998
25000
25000
25001
25002
25004
25004
25006
25006
25008
25009
25011
25011
25012
25013
25014
25015
25016
25017
25017
25018
25019
25019
25020
25020
25023
25026
25026
25028
25028
25028
25031
25032
25035
25035
25038
25041
25043
25043
25043
25044
25045
25046
25051
25053
25056
25056
25057
25059
25059
25060
25063
25065
25067
25068
25068
25071
25075
25078
25078
25078
25079
25080
25080
25080
25082
25082
25085
25086
25089
25092
25092
25094
25096
25097
25098
25098
25099
25099
25100
25100
25101
25102
25102
25103
25104
25108
25108
25108
25111
25111
25115
25115
25119
25126
25127
25129
25131
25132
25132
25134
25137
25139
25139
25139
25139
25140
25141
25142
25144
25144
25144
25145
25146
25147
25151
25152
25156
25156
25157
25158
25158
25159
25160
25161
25163
25164
25165
25170
25171
25176
25178
25179
25181
25181
25184
25186
25188
25188
25189
25190
25191
25193
25194
25195
25196
25196
25197
25197
25197
25200
25200
25201
25201
25203
25203
25204
25205
25205
25207
25209
25210
25210
25211
25212
25214
25215
25215
25215
25218
25218
25219
25221
25223
25223
25225
25225
25225
25226
25228
25228
25230
25230
25233
25234
25234
25234
25237
25238
25241
25241
25242
25242
25242
25243
25243
25243
25243
25245
25245
25245
25247
25253
25254
25254
25255
25261
25261
25262
25268
25270
25273
25273
25273
25276
25276
25277
25277
25279
25281
25281
25281
25284
25286
25286
25287
25287
25288
25290
25290
25291
25293
25294
25295
25301
25301
25301
25302
25304
25304
25305
25306
25307
25308
25308
25309
25309
25309
25310
25310
25311
25312
25315
25315
25317
25318
25320
25321
25322
25322
25325
25325
25328
25329
25329
25329
25330
25333
25334
25334
25334
25334
25334
25336
25338
25340
25341
25342
25343
25343
25344
25346
25348
25349
25352
25352
25352
25353
25356
25357
25359
25360
25360
25361
25363
25363
25365
25366
25366
25366
25366
25372
25375
25376
25377
25381
25382
25382
25383
25385
25386
25386
25387
25388
25388
25394
25397
25397
25398
25399
25401
25402
25403
25404
25404
25404
25406
25408
25412
25413
25414
25414
25415
25415
25415
25417
25418
25419
25419
25420
25420
25422
25424
25425
25426
25427
25427
25427
25429
25434
25434
25434
25436
25437
25437
25439
25443
25447
25447
25451
25453
25455
25456
25458
25460
25460
25461
25462
25464
25465
25465
25465
25467
25467
25468
25469
25470
25472
25472
25474
25474
25475
25475
25479
25479
25479
25479
25480
25481
25481
25483
25483
25484
25485
25486
25487
25488
25489
25490
25491
25495
25496
25497
25498
25500
25501
25502
25504
25504
25505
25506
25506
25506
25510
25510
25512
25514
25515
25517
25518
25518
25523
25523
25523
25524
25526
25527
25528
25529
25531
25532
25532
25534
25536
25536
25537
25540
25540
25544
25544
25544
25545
25547
25548
25548
25550
25551
25552
25552
25553
25554
25554
25555
25558
25559
25562
25563
25565
25566
25567
25568
25570
25572
25572
25573
25574
25575
25578
25578
25579
25582
25582
25584
25594
25595
25597
25600
25601
25601
25602
25603
25605
25606
25609
25611
25611
25613
25613
25613
25615
25615
25615
25617
25617
25618
25618
25620
25621
25622
25624
25625
25628
25629
25629
25630
25630
25634
25637
25637
25640
25640
25642
25649
25652
25652
25655
25655
25656
25657
25658
25661
25662
25665
25666
25667
25671
25672
25674
25677
25677
25680
25682
25682
25685
25687
25687
25691
25692
25693
25694
25695
25695
25696
25696
25698
25700
25701
25702
25703
25703
25705
25708
25712
25719
25720
25720
25720
25721
25721
25723
25725
25726
25729
25729
25732
25733
25733
25738
25740
25743
25743
25743
25745
25748
25750
25751
25752
25752
25753
25754
25754
25757
25757
25758
25758
25759
25759
25759
25760
25761
25761
25761
25762
25764
25765
25765
25765
25769
25772
25773
25774
25776
25776
25778
25779
25781
25783
25783
25784
25786
25787
25788
25791
25792
25792
25793
25794
25795
25800
25801
25801
25802
25802
25803
25805
25806
25807
25807
25807
25808
25809
25809
25810
25811
25811
25811
25812
25814
25814
25815
25816
25817
25818
25818
25819
25821
25821
25821
25821
25825
25825
25826
25829
25830
25832
25832
25832
25832
25832
25833
25833
25833
25836
25837
25838
25838
25839
25841
25841
25842
25843
25843
25844
25845
25845
25848
25852
25853
25853
25855
25857
25859
25862
25862
25864
25864
25865
25865
25866
25867
25869
25870
25871
25872
25872
25875
25876
25876
25877
25878
25879
25880
25883
25887
25887
25888
25888
25890
25890
25890
25891
25891
25895
25895
25898
25899
25899
25900
25900
25901
25903
25903
25904
25905
25905
25905
25906
25907
25908
25910
25910
25911
25912
25912
25913
25914
25916
25916
25918
25919
25919
25921
25921
25921
25923
25925
25932
25934
25936
25938
25938
25938
25942
25942
25943
25946
25947
25948
25948
25949
25950
25950
25952
25952
25952
25952
25952
25957
25959
25960
25961
25964
25964
25966
25966
25971
25972
25972
25975
25975
25976
25977
25979
25980
25980
25980
25981
25982
25983
25984
25985
25986
25987
25987
25987
25990
25993
25996
25997
25998
25998
25998
25999
26002
26002
26003
26004
26004
26006
26006
26006
26007
26011
26012
26019
26019
26023
26024
26024
26025
26028
26031
26032
26033
26034
26034
26035
26035
26036
26037
26038
26040
26042
26042
26043
26044
26046
26047
26048
26049
26050
26051
26052
26052
26056
26059
26059
26059
26060
26061
26061
26062
26064
26064
26065
26065
26066
26066
26066
26070
26072
26075
26076
26078
26078
26079
26082
26084
26086
26089
26090
26090
26095
26096
26096
26097
26098
26099
26102
26102
26103
26104
26104
26106
26108
26109
26111
26111
26114
26116
26117
26117
26118
26120
26121
26121
26122
26122
26123
26124
26124
26125
26126
26126
26128
26129
26132
26135
26135
26136
26138
26141
26141
26145
26145
26150
26150
26151
26155
26155
26157
26162
26162
26164
26168
26170
26171
26171
26172
26172
26172
26178
26181
26182
26184
26185
26186
26187
26187
26190
26190
26192
26193
26193
26194
26194
26196
26199
26204
26204
26205
26205
26206
26208
26208
26211
26211
26212
26212
26212
26212
26213
26214
26215
26216
26217
26219
26220
26220
26221
26221
26223
26224
26226
26226
26227
26229
26229
26231
26233
26234
26237
26238
26240
26240
26241
26245
26246
26247
26248
26250
26254
26255
26255
26256
26262
26264
26266
26267
26267
26267
26269
26271
26276
26277
26277
26280
26282
26283
26287
26288
26292
26294
26298
26300
26300
26301
26302
26304
26304
26305
26307
26308
26310
26311
26312
26315
26317
26318
26321
26323
26327
26327
26331
26333
26336
26338
26340
26340
26344
26346
26346
26347
26350
26353
26354
26354
26355
26355
26356
26357
26358
26359
26359
26360
26360
26360
26361
26361
26363
26363
26364
26365
26365
26368
26369
26369
26369
26371
26372
26372
26372
26373
26376
26376
26378
26381
26383
26386
26389
26389
26400
26408
26408
26410
26410
26418
26418
26419
26420
26424
26424
26425
26426
26428
26428
26429
26430
26436
26437
26438
26446
26449
26452
26454
26454
26455
26458
26460
26460
26461
26461
26463
26465
26471
26472
26473
26478
26478
26480
26481
26482
26484
26485
26486
26489
26489
26490
26490
26490
26491
26494
26498
26498
26498
26498
26498
26501
26502
26502
26503
26504
26505
26506
26508
26509
26509
26512
26512
26512
26514
26515
26515
26516
26517
26520
26520
26520
26521
26522
26524
26525
26525
26525
26528
26530
26532
26532
26533
26534
26536
26537
26540
26550
26551
26552
26556
26557
26558
26562
26562
26562
26563
26564
26564
26566
26567
26567
26571
26571
26572
26573
26573
26573
26573
26574
26578
26579
26580
26581
26585
26586
26587
26591
26591
26594
26595
26595
26595
26599
26600
26600
26601
26603
26604
26604
26607
26607
26607
26608
26610
26612
26615
26617
26618
26618
26621
26622
26622
26624
26625
26627
26628
26629
26629
26629
26630
26630
26630
26632
26633
26634
26634
26635
26636
26637
26638
26639
26639
26639
26641
26642
26644
26645
26646
26646
26649
26650
26652
26655
26656
26663
26664
26665
26665
26665
26666
26667
26668
26669
26672
26673
26675
26675
26676
26677
26678
26678
26679
26680
26682
26683
26683
26684
26684
26684
26685
26686
26686
26687
26687
26688
26689
26690
26691
26693
26694
26697
26698
26702
26703
26704
26706
26710
26712
26714
26716
26719
26720
26721
26721
26722
26723
26726
26727
26727
26728
26730
26730
26731
26731
26733
26734
26735
26736
26738
26738
26740
26740
26740
26744
26749
26749
26750
26752
26755
26755
26756
26756
26756
26759
26759
26759
26759
26760
26761
26766
26766
26768
26771
26772
26773
26773
26774
26776
26778
26778
26779
26781
26781
26783
26783
26784
26784
26785
26786
26788
26789
26790
26791
26793
26794
26796
26797
26798
26799
26799
26803
26803
26803
26804
26806
26807
26808
26809
26810
26812
26816
26816
26817
26817
26818
26818
26821
26821
26821
26823
26824
26824
26825
26827
26828
26830
26831
26832
26832
26833
26835
26837
26837
26839
26840
26843
26843
26843
26847
26849
26852
26852
26856
26857
26857
26858
26864
26865
26867
26871
26871
26873
26873
26876
26877
26879
26883
26883
26884
26884
26890
26893
26894
26894
26895
26895
26896
26897
26900
26901
26902
26902
26908
26908
26910
26913
26916
26917
26918
26919
26920
26920
26921
26923
26925
26925
26928
26929
26930
26930
26932
26935
26936
26936
26939
26939
26941
26942
26943
26944
26947
26948
26948
26949
26949
26952
26952
26953
26954
26958
26958
26961
26963
26963
26965
26966
26966
26967
26967
26968
26968
26970
26970
26978
26982
26984
26985
26985
26987
26987
26988
26989
26990
26996
26997
26997
26999
27000
27003
27003
27004
27005
27005
27006
27007
27007
27008
27011
27011
27012
27013
27013
27014
27015
27016
27017
27018
27020
27020
27022
27022
27022
27024
27027
27028
27030
27033
27034
27035
27035
27037
27037
27041
27043
27044
27044
27044
27045
27045
27045
27046
27048
27051
27051
27052
27053
27053
27054
27058
27058
27059
27063
27063
27065
27067
27068
27068
27070
27071
27072
27072
27074
27075
27077
27077
27079
27079
27080
27082
27082
27083
27084
27084
27085
27085
27086
27086
27089
27089
27089
27090
27090
27090
27091
27091
27094
27094
27094
27094
27096
27097
27098
27098
27100
27100
27100
27100
27103
27103
27108
27108
27109
27110
27112
27112
27115
27120
27121
27123
27125
27125
27127
27127
27130
27131
27133
27134
27134
27138
27140
27143
27146
27147
27147
27148
27159
27160
27163
27165
27165
27166
27167
27169
27171
27173
27175
27176
27176
27177
27178
27178
27179
27179
27179
27181
27182
27183
27186
27186
27188
27189
27190
27190
27190
27190
27192
27192
27192
27192
27192
27195
27199
27205
27206
27206
27207
27208
27209
27210
27210
27210
27213
27216
27217
27218
27218
27219
27220
27222
27224
27225
27227
27230
27231
27236
27237
27238
27244
27246
27246
27246
27246
27247
27247
27247
27248
27248
27249
27249
27251
27252
27252
27255
27255
27256
27257
27258
27259
27261
27261
27261
27263
27264
27264
27265
27266
27267
27268
27270
27272
27272
27275
27275
27277
27277
27279
27279
27279
27279
27279
27279
27280
27281
27281
27282
27283
27284
27285
27285
27286
27286
27286
27288
27289
27296
27296
27296
27297
27297
27299
27302
27302
27304
27304
27305
27307
27308
27309
27312
27314
27315
27316
27317
27318
27319
27322
27324
27324
27326
27326
27327
27328
27329
27330
27332
27332
27333
27333
27335
27337
27341
27343
27343
27350
27350
27351
27351
27353
27354
27357
27358
27360
27360
27361
27362
27363
27365
27365
27366
27368
27369
27371
27373
27373
27374
27374
27377
27377
27378
27379
27383
27384
27386
27387
27387
27389
27395
27397
27402
27402
27403
27404
27406
27406
27414
27418
27418
27418
27419
27419
27420
27423
27424
27424
27425
27425
27425
27427
27427
27428
27429
27429
27429
27430
27432
27435
27435
27437
27438
27438
27441
27442
27442
27444
27445
27445
27445
27446
27446
27448
27449
27450
27450
27451
27456
27456
27457
27458
27458
27459
27462
27465
27465
27466
27467
27468
27470
27470
27470
27472
27473
27473
27474
27475
27476
27478
27478
27479
27480
27484
27484
27486
27488
27489
27491
27492
27501
27501
27501
27503
27503
27505
27506
27507
27509
27511
27511
27512
27512
27515
27516
27517
27520
27521
27522
27527
27529
27530
27531
27531
27531
27531
27532
27532
27533
27533
27534
27534
27535
27537
27537
27539
27539
27541
27542
27542
27543
27543
27544
27547
27548
27551
27552
27554
27556
27560
27564
27565
27566
27568
27569
27571
27571
27572
27575
27579
27580
27580
27580
27586
27586
27587
27588
27588
27590
27590
27590
27591
27592
27593
27594
27595
27597
27600
27604
27605
27605
27610
27613
27613
27616
27618
27618
27620
27622
27622
27622
27623
27623
27627
27629
27629
27631
27632
27633
27638
27640
27640
27640
27640
27641
27644
27645
27648
27651
27651
27653
27654
27654
27656
27657
27661
27663
27664
27665
27667
27667
27667
27671
27671
27672
27672
27674
27675
27676
27677
27678
27681
27681
27681
27685
27687
27688
27690
27691
27691
27692
27692
27693
27696
27697
27697
27699
27699
27700
27702
27703
27704
27705
27707
27709
27709
27709
27710
27711
27712
27714
27714
27715
27716
27717
27718
27720
27721
27722
27725
27725
27725
27726
27726
27729
27730
27730
27730
27732
27734
27734
27734
27735
27735
27736
27738
27741
27743
27743
27743
27744
27744
27745
27745
27752
27753
27754
27755
27755
27756
27756
27757
27757
27758
27758
27759
27759
27761
27761
27763
27764
27766
27766
27766
27769
27770
27773
27774
27778
27778
27779
27780
27787
27787
27789
27789
27792
27793
27794
27794
27794
27794
27794
27796
27807
27808
27809
27810
27812
27813
27814
27816
27818
27819
27819
27821
27823
27823
27826
27827
27827
27831
27831
27833
27834
27835
27836
27837
27837
27839
27840
27840
27841
27841
27845
27849
27849
27849
27850
27851
27851
27856
27859
27859
27860
27860
27860
27860
27861
27861
27862
27866
27867
27867
27867
27868
27868
27868
27871
27871
27871
27871
27872
27875
27877
27877
27884
27885
27885
27885
27887
27888
27889
27889
27890
27890
27890
27890
27891
27893
27893
27897
27898
27898
27900
27901
27902
27907
27907
27908
27908
27908
27909
27909
27911
27912
27914
27914
27916
27916
27918
27918
27919
27919
27921
27922
27922
27923
27924
27929
27930
27930
27935
27936
27936
27937
27937
27939
27939
27939
27939
27940
27943
27946
27946
27947
27947
27947
27950
27951
27952
27955
27956
27962
27963
27963
27964
27965
27966
27966
27967
27967
27967
27967
27969
27970
27971
27977
27977
27978
27979
27982
27983
27984
27985
27985
27985
27986
27986
27988
27988
27988
27989
27989
27989
27992
27992
27996
27996
27998
27998
27999
28003
28003
28004
28006
28007
28010
28011
28012
28012
28012
28013
28019
28021
28021
28022
28026
28027
28028
28031
28031
28032
28033
28033
28034
28034
28036
28038
28039
28041
28046
28046
28047
28049
28049
28050
28050
28050
28054
28059
28059
28059
28061
28061
28064
28065
28066
28067
28069
28069
28072
28074
28074
28075
28076
28077
28080
28081
28083
28085
28085
28090
28091
28092
28093
28095
28096
28100
28100
28103
28104
28105
28106
28106
28106
28108
28108
28110
28110
28112
28112
28114
28115
28115
28115
28120
28120
28122
28122
28123
28123
28124
28124
28124
28125
28125
28130
28130
28130
28131
28131
28137
28137
28140
28141
28142
28143
28144
28144
28144
28145
28146
28147
28147
28148
28148
28148
28150
28151
28152
28154
28155
28156
28156
28159
28160
28163
28164
28164
28165
28169
28173
28177
28178
28178
28181
28183
28184
28189
28190
28191
28192
28192
28194
28195
28198
28199
28202
28202
28204
28205
28205
28205
28206
28207
28209
28210
28212
28214
28214
28218
28218
28219
28219
28219
28220
28220
28221
28221
28222
28225
28233
28233
28233
28234
28237
28239
28241
28242
28244
28245
28245
28247
28247
28247
28248
28248
28249
28251
28252
28253
28253
28255
28256
28257
28257
28258
28258
28264
28265
28267
28268
28269
28270
28271
28272
28273
28274
28275
28275
28277
28277
28278
28278
28278
28279
28282
28282
28282
28283
28284
28284
28285
28285
28286
28287
28288
28289
28294
28298
28298
28302
28304
28306
28306
28308
28309
28310
28310
28311
28313
28314
28315
28316
28316
28320
28322
28323
28323
28324
28325
28327
28328
28328
28329
28330
28331
28331
28331
28331
28332
28334
28336
28336
28338
28341
28342
28343
28346
28350
28350
28353
28354
28356
28358
28359
28360
28361
28361
28362
28362
28363
28365
28368
28368
28369
28371
28371
28371
28372
28372
28373
28373
28376
28376
28377
28378
28379
28383
28383
28384
28384
28385
28387
28387
28387
28389
28390
28390
28392
28392
28395
28395
28396
28397
28397
28403
28412
28412
28413
28413
28413
28414
28416
28418
28419
28419
28419
28421
28422
28422
28422
28423
28426
28426
28434
28436
28437
28437
28438
28441
28443
28443
28449
28451
28452
28453
28455
28455
28456
28456
28461
28463
28465
28466
28466
28469
28469
28469
28469
28473
28475
28480
28481
28481
28482
28486
28489
28492
28493
28496
28500
28500
28501
28503
28503
28503
28507
28511
28512
28514
28514
28516
28517
28518
28521
28521
28522
28522
28523
28524
28526
28527
28529
28529
28531
28531
28532
28532
28535
28538
28539
28541
28541
28542
28547
28549
28551
28551
28552
28554
28555
28558
28559
28559
28563
28565
28567
28572
28574
28581
28582
28586
28588
28589
28589
28590
28590
28590
28591
28591
28593
28593
28595
28595
28596
28598
28599
28600
28601
28606
28606
28609
28609
28613
28617
28618
28620
28622
28623
28624
28625
28627
28629
28632
28633
28634
28634
28634
28636
28637
28638
28639
28641
28642
28644
28645
28647
28650
28651
28653
28656
28657
28659
28659
28660
28660
28661
28661
28662
28662
28662
28663
28663
28665
28668
28670
28676
28676
28679
28679
28680
28680
28681
28681
28682
28682
28682
28683
28683
28684
28685
28685
28685
28688
28691
28692
28693
28693
28694
28699
28699
28700
28701
28705
28707
28707
28709
28710
28711
28711
28712
28713
28715
28716
28717
28717
28718
28718
28720
28722
28722
28725
28729
28731
28738
28739
28740
28741
28745
28749
28749
28752
28753
28754
28755
28756
28760
28762
28762
28764
28765
28766
28766
28766
28766
28768
28771
28771
28772
28776
28776
28779
28780
28780
28781
28782
28784
28785
28787
28787
28788
28789
28790
28790
28794
28796
28797
28799
28800
28801
28803
28807
28808
28810
28811
28812
28814
28815
28815
28815
28819
28820
28820
28826
28827
28829
28829
28830
28830
28831
28832
28832
28834
28837
28837
28837
28838
28840
28840
28840
28841
28842
28842
28842
28844
28850
28850
28851
28853
28855
28856
28856
28857
28857
28857
28861
28861
28861
28862
28864
28865
28865
28866
28869
28872
28873
28877
28877
28882
28882
28883
28886
28887
28888
28888
28888
28888
28889
28889
28889
28891
28892
28894
28895
28898
28899
28902
28902
28903
28903
28905
28906
28907
28910
28910
28911
28911
28912
28913
28915
28916
28918
28918
28919
28920
28922
28923
28924
28924
28925
28926
28926
28926
28928
28929
28929
28929
28929
28932
28933
28934
28935
28935
28935
28935
28936
28936
28939
28940
28941
28942
28944
28944
28945
28945
28945
28946
28947
28950
28950
28950
28952
28953
28955
28959
28961
28962
28962
28965
28965
28965
28966
28967
28971
28971
28972
28981
28984
28984
28986
28987
28988
28989
28989
28992
28994
29001
29001
29001
29001
29002
29005
29005
29005
29008
29008
29009
29010
29012
29012
29012
29015
29017
29018
29020
29020
29024
29025
29025
29025
29030
29030
29032
29037
29037
29038
29038
29039
29040
29040
29041
29043
29043
29044
29048
29050
29052
29052
29053
29054
29055
29055
29056
29057
29057
29059
29059
29059
29059
29060
29061
29062
29064
29064
29065
29066
29067
29071
29071
29072
29072
29072
29073
29073
29075
29075
29076
29078
29078
29079
29080
29080
29083
29085
29090
29091
29093
29093
29095
29095
29096
29100
29103
29106
29109
29109
29110
29112
29112
29113
29114
29114
29116
29118
29120
29122
29124
29125
29126
29126
29127
29129
29129
29130
29131
29133
29133
29134
29134
29136
29137
29138
29139
29139
29141
29141
29142
29142
29143
29143
29143
29146
29146
29146
29146
29147
29148
29152
29152
29154
29154
29155
29155
29156
29158
29159
29160
29161
29163
29164
29165
29168
29168
29171
29172
29173
29173
29175
29175
29175
29176
29176
29180
29180
29181
29181
29183
29184
29187
29190
29190
29195
29196
29197
29197
29197
29198
29199
29200
29201
29201
29201
29203
29207
29209
29212
29214
29214
29215
29215
29215
29217
29219
29219
29220
29220
29220
29223
29224
29226
29227
29227
29229
29235
29237
29238
29238
29241
29242
29244
29247
29250
29253
29254
29256
29257
29259
29259
29260
29261
29262
29268
29268
29269
29270
29271
29274
29275
29276
29277
29277
29277
29278
29280
29281
29281
29282
29282
29283
29284
29284
29284
29286
29290
29291
29292
29293
29295
29296
29300
29300
29300
29301
29302
29303
29307
29307
29307
29308
29308
29309
29309
29311
29312
29315
29317
29321
29321
29322
29322
29323
29326
29327
29327
29331
29332
29332
29333
29335
29336
29337
29337
29338
29338
29339
29340
29341
29342
29345
29346
29346
29347
29349
29350
29351
29352
29354
29355
29356
29356
29357
29358
29360
29360
29360
29360
29362
29362
29363
29363
29365
29365
29367
29368
29371
29372
29379
29380
29380
29386
29388
29391
29392
29393
29395
29396
29397
29398
29400
29402
29406
29407
29410
29414
29414
29417
29421
29421
29423
29424
29424
29424
29425
29425
29426
29426
29426
29427
29428
29429
29430
29435
29436
29438
29438
29439
29441
29442
29443
29443
29445
29445
29446
29446
29446
29447
29449
29450
29451
29451
29453
29454
29456
29456
29456
29458
29459
29460
29461
29462
29464
29465
29465
29469
29469
29473
29476
29476
29477
29478
29479
29480
29480
29480
29486
29487
29489
29490
29490
29491
29491
29493
29496
29498
29498
29499
29502
29504
29504
29506
29506
29508
29509
29512
29515
29516
29518
29520
29522
29524
29527
29528
29529
29529
29529
29529
29530
29530
29532
29533
29534
29538
29538
29541
29543
29545
29545
29547
29547
29548
29548
29549
29549
29551
29552
29555
29555
29556
29556
29556
29558
29558
29558
29559
29560
29562
29562
29563
29564
29565
29566
29567
29568
29568
29571
29571
29571
29575
29575
29577
29578
29578
29579
29579
29581
29582
29584
29586
29587
29589
29590
29590
29592
29593
29593
29594
29596
29597
29598
29598
29599
29600
29600
29601
29604
29609
29610
29610
29611
29611
29612
29614
29614
29614
29616
29616
29617
29618
29618
29620
29620
29626
29626
29628
29628
29632
29632
29633
29638
29641
29641
29641
29642
29643
29645
29646
29647
29648
29648
29650
29650
29651
29651
29651
29655
29656
29657
29660
29664
29668
29669
29674
29674
29674
29674
29677
29677
29680
29680
29681
29682
29682
29682
29685
29685
29688
29688
29694
29694
29694
29695
29697
29697
29698
29702
29702
29706
29707
29708
29708
29709
29709
29710
29711
29711
29713
29715
29718
29718
29718
29718
29721
29722
29727
29730
29730
29734
29734
29734
29736
29738
29739
29739
29741
29742
29744
29744
29745
29748
29748
29750
29751
29751
29751
29753
29753
29753
29755
29757
29757
29758
29761
29763
29763
29764
29764
29765
29767
29769
29773
29774
29775
29775
29775
29776
29776
29777
29783
29784
29789
29792
29794
29794
29795
29797
29797
29799
29799
29800
29800
29802
29807
29814
29815
29815
29815
29815
29816
29817
29821
29824
29824
29825
29829
29829
29830
29834
29835
29836
29838
29838
29839
29842
29842
29843
29845
29847
29847
29848
29849
29850
29851
29852
29853
29854
29855
29860
29860
29860
29861
29861
29863
29867
29870
29871
29872
29875
29878
29879
29882
29885
29886
29890
29892
29893
29893
29895
29896
29897
29897
29899
29901
29902
29902
29903
29903
29904
29905
29910
29911
29912
29912
29913
29913
29913
29914
29915
29916
29916
29916
29917
29918
29918
29920
29925
29925
29926
29927
29927
29929
29929
29930
29931
29934
29935
29937
29938
29939
29939
29940
29940
29942
29943
29945
29948
29955
29955
29958
29958
29958
29960
29962
29967
29967
29968
29972
29972
29973
29974
29978
29980
29981
29982
29982
29982
29987
29989
29989
29991
29991
29992
29993
29994
29996
29996
29997
29997
29997
29997
29998
30001
30004
30004
30006
30006
30007
30009
30010
30010
30010
30013
30013
30016
30016
30018
30018
30018
30018
30020
30021
30021
30021
30021
30022
30025
30027
30030
30031
30031
30032
30033
30034
30034
30035
30038
30039
30040
30041
30042
30042
30043
30043
30044
30044
30046
30046
30048
30048
30050
30054
30054
30055
30055
30058
30059
30059
30059
30059
30060
30063
30065
30066
30068
30069
30070
30070
30070
30071
30072
30075
30075
30078
30078
30078
30080
30081
30082
30082
30084
30085
30086
30089
30089
30090
30094
30094
30099
30100
30100
30102
30102
30103
30103
30104
30104
30105
30106
30107
30107
30107
30109
30110
30110
30114
30115
30118
30120
30122
30125
30127
30127
30129
30129
30130
30132
30133
30134
30136
30138
30138
30138
30139
30140
30140
30140
30141
30142
30143
30143
30145
30145
30147
30148
30148
30149
30149
30150
30151
30151
30151
30155
30155
30155
30156
30158
30158
30160
30162
30164
30166
30166
30168
30168
30169
30170
30171
30171
30173
30175
30175
30176
30176
30176
30176
30178
30178
30180
30181
30181
30183
30185
30186
30189
30190
30190
30195
30196
30198
30204
30205
30205
30205
30206
30209
30211
30211
30216
30217
30219
30220
30221
30221
30222
30223
30224
30226
30226
30227
30228
30231
30232
30234
30236
30237
30238
30238
30238
30239
30241
30242
30244
30245
30246
30247
30248
30249
30249
30249
30250
30250
30251
30251
30253
30253
30255
30257
30258
30258
30259
30261
30261
30262
30263
30263
30267
30267
30267
30269
30269
30271
30276
30278
30282
30282
30284
30284
30284
30285
30285
30286
30287
30288
30293
30295
30296
30296
30296
30297
30297
30299
30303
30306
30307
30312
30315
30315
30316
30316
30318
30320
30321
30326
30327
30332
30336
30336
30339
30340
30343
30346
30346
30348
30348
30348
30351
30351
30352
30352
30353
30354
30354
30358
30359
30360
30360
30363
30363
30363
30364
30366
30367
30367
30367
30369
30369
30370
30370
30372
30372
30373
30373
30373
30373
30373
30374
30375
30375
30377
30378
30379
30380
30382
30383
30383
30384
30384
30384
30385
30385
30388
30388
30390
30390
30393
30393
30394
30396
30396
30397
30399
30400
30402
30402
30403
30407
30408
30408
30409
30411
30412
30412
30415
30415
30415
30417
30417
30417
30418
30419
30419
30420
30421
30422
30422
30422
30424
30424
30426
30428
30430
30433
30433
30438
30438
30442
30443
30444
30446
30451
30451
30453
30454
30454
30454
30459
30459
30461
30461
30463
30464
30464
30465
30467
30468
30470
30470
30471
30472
30474
30474
30475
30475
30477
30477
30477
30479
30480
30481
30486
30486
30486
30486
30488
30492
30493
30498
30500
30501
30502
30507
30508
30509
30510
30511
30511
30514
30514
30515
30515
30519
30520
30520
30526
30526
30528
30530
30531
30532
30533
30534
30537
30540
30543
30543
30544
30545
30545
30545
30545
30545
30546
30546
30546
30547
30548
30550
30551
30552
30552
30555
30556
30558
30559
30559
30561
30563
30566
30567
30567
30568
30568
30569
30570
30572
30572
30572
30572
30573
30576
30577
30578
30578
30581
30581
30584
30585
30586
30586
30587
30587
30588
30589
30590
30591
30591
30592
30595
30601
30602
30603
30604
30604
30604
30605
30606
30610
30610
30611
30612
30615
30616
30618
30620
30622
30622
30623
30625
30626
30626
30627
30628
30628
30628
30631
30632
30637
30639
30642
30642
30644
30645
30645
30645
30646
30646
30646
30647
30648
30655
30655
30657
30663
30663
30663
30667
30667
30667
30668
30669
30672
30674
30675
30678
30679
30679
30680
30680
30682
30682
30684
30686
30687
30689
30689
30689
30690
30691
30692
30693
30693
30693
30694
30694
30696
30698
30698
30699
30700
30701
30701
30702
30703
30703
30704
30705
30706
30707
30708
30709
30710
30711
30712
30713
30713
30713
30714
30714
30715
30716
30717
30721
30721
30721
30721
30726
30727
30727
30730
30732
30734
30735
30736
30737
30737
30738
30738
30740
30740
30741
30741
30741
30741
30747
30749
30750
30752
30752
30753
30753
30756
30756
30756
30758
30758
30759
30763
30764
30764
30764
30764
30767
30769
30770
30770
30771
30774
30774
30776
30776
30779
30781
30782
30783
30785
30785
30785
30786
30787
30787
30788
30790
30790
30791
30792
30793
30793
30793
30793
30793
30795
30799
30802
30803
30803
30803
30806
30810
30810
30811
30811
30812
30813
30813
30814
30815
30816
30816
30816
30817
30818
30818
30820
30820
30821
30822
30824
30825
30826
30826
30827
30829
30829
30830
30831
30831
30831
30834
30842
30845
30845
30847
30849
30850
30851
30851
30852
30852
30854
30856
30856
30862
30866
30868
30869
30869
30873
30874
30876
30878
30882
30882
30884
30885
30886
30886
30886
30886
30886
30887
30890
30891
30891
30894
30894
30896
30896
30896
30897
30898
30899
30903
30905
30906
30907
30907
30908
30909
30913
30914
30914
30915
30917
30917
30919
30919
30921
30924
30924
30924
30925
30926
30929
30932
30932
30932
30936
30936
30938
30938
30938
30938
30939
30941
30942
30942
30943
30944
30944
30945
30951
30954
30954
30956
30957
30957
30957
30962
30967
30967
30967
30972
30972
30973
30979
30981
30981
30983
30984
30987
30989
30990
30991
30991
30994
30995
30996
30996
30997
30998
31000
31000
31001
31005
31007
31007
31009
31010
31010
31010
31012
31013
31013
31014
31017
31019
31019
31020
31023
31024
31026
31027
31028
31028
31028
31032
31033
31034
31035
31037
31038
31041
31041
31043
31046
31046
31046
31046
31048
31050
31050
31050
31052
31053
31054
31055
31055
31056
31057
31058
31058
31058
31058
31060
31060
31061
31062
31065
31065
31065
31066
31067
31067
31067
31070
31072
31073
31076
31076
31078
31082
31082
31083
31083
31084
31084
31086
31087
31087
31088
31089
31090
31090
31092
31093
31093
31093
31093
31093
31094
31095
31097
31098
31100
31102
31102
31102
31105
31106
31107
31109
31110
31111
31117
31118
31119
31121
31121
31123
31124
31125
31126
31127
31130
31130
31131
31132
31132
31133
31133
31133
31133
31133
31134
31135
31137
31137
31137
31141
31141
31141
31141
31142
31142
31142
31143
31143
31143
31146
31147
31151
31152
31157
31159
31160
31160
31161
31162
31164
31166
31167
31170
31170
31172
31174
31175
31176
31178
31179
31180
31181
31181
31182
31182
31183
31183
31185
31185
31186
31187
31189
31191
31192
31198
31199
31199
31200
31200
31201
31207
31207
31208
31209
31213
31214
31215
31215
31215
31216
31217
31217
31221
31223
31225
31228
31228
31230
31231
31231
31231
31232
31234
31235
31237
31240
31240
31241
31241
31242
31242
31242
31243
31245
31245
31245
31245
31256
31256
31257
31257
31258
31259
31260
31262
31263
31264
31264
31265
31266
31266
31268
31269
31270
31271
31273
31274
31277
31278
31278
31280
31281
31282
31283
31284
31286
31287
31288
31288
31290
31292
31292
31293
31295
31295
31296
31301
31301
31302
31303
31303
31307
31308
31310
31311
31311
31312
31314
31314
31317
31319
31319
31320
31322
31323
31324
31325
31326
31330
31334
31335
31336
31336
31338
31338
31339
31340
31342
31344
31346
31347
31347
31351
31352
31355
31355
31356
31356
31358
31359
31359
31362
31362
31362
31364
31364
31366
31368
31371
31372
31374
31378
31382
31382
31382
31383
31384
31385
31385
31385
31386
31386
31387
31388
31389
31393
31395
31395
31396
31396
31399
31403
31403
31403
31404
31405
31406
31407
31408
31409
31409
31411
31412
31413
31413
31413
31414
31414
31414
31417
31418
31418
31419
31420
31423
31424
31424
31424
31425
31428
31428
31430
31432
31434
31435
31436
31438
31440
31440
31440
31440
31443
31445
31445
31445
31445
31446
31448
31448
31451
31454
31455
31456
31456
31458
31462
31462
31463
31464
31466
31466
31468
31474
31474
31475
31479
31479
31480
31480
31482
31486
31486
31487
31487
31487
31488
31489
31490
31490
31491
31491
31493
31493
31494
31494
31495
31498
31504
31504
31506
31508
31508
31508
31510
31511
31511
31512
31512
31513
31514
31514
31519
31521
31521
31523
31523
31524
31528
31528
31529
31530
31530
31531
31531
31531
31532
31532
31533
31533
31533
31539
31539
31539
31541
31543
31544
31550
31551
31551
31552
31553
31553
31554
31555
31556
31557
31558
31564
31568
31569
31569
31569
31571
31573
31576
31577
31577
31578
31582
31583
31586
31586
31587
31588
31589
31590
31592
31592
31592
31592
31595
31599
31600
31601
31601
31602
31604
31606
31608
31611
31611
31612
31612
31613
31616
31616
31619
31620
31621
31622
31623
31624
31624
31625
31626
31627
31630
31631
31632
31634
31634
31640
31642
31643
31643
31643
31644
31647
31649
31650
31654
31656
31658
31658
31659
31659
31660
31662
31663
31663
31664
31668
31668
31670
31671
31673
31673
31673
31673
31677
31680
31681
31682
31683
31683
31686
31686
31687
31688
31690
31695
31695
31696
31696
31697
31698
31698
31699
31701
31701
31703
31704
31705
31706
31708
31709
31710
31711
31712
31715
31716
31717
31717
31720
31720
31721
31722
31722
31723
31724
31725
31729
31731
31736
31736
31737
31738
31738
31739
31741
31744
31745
31749
31751
31752
31752
31753
31753
31756
31758
31761
31763
31764
31764
31765
31765
31767
31769
31769
31769
31772
31772
31773
31774
31776
31777
31778
31779
31781
31783
31784
31785
31787
31787
31789
31790
31791
31794
31798
31799
31800
31802
31804
31805
31806
31807
31808
31808
31809
31810
31811
31812
31812
31814
31814
31814
31816
31817
31821
31822
31825
31825
31825
31826
31826
31827
31828
31830
31830
31831
31833
31833
31836
31836
31836
31837
31840
31841
31844
31844
31845
31847
31852
31853
31854
31854
31854
31856
31857
31857
31858
31861
31862
31864
31866
31867
31869
31871
31871
31873
31875
31875
31875
31877
31878
31879
31880
31881
31883
31883
31888
31889
31891
31892
31892
31892
31894
31894
31899
31900
31903
31903
31903
31906
31907
31908
31909
31914
31915
31917
31918
31919
31920
31923
31923
31923
31925
31930
31931
31932
31936
31936
31938
31939
31940
31940
31942
31942
31943
31944
31946
31947
31947
31947
31949
31949
31950
31951
31954
31956
31956
31957
31959
31960
31961
31961
31966
31966
31967
31967
31969
31971
31971
31972
31973
31975
31975
31975
31977
31980
31982
31982
31983
31983
31986
31988
31989
31991
31992
31992
31993
31993
31997
32002
32002
32005
32009
32013
32015
32015
32016
32018
32019
32020
32020
32022
32022
32023
32024
32024
32028
32029
32030
32036
32039
32041
32042
32043
32043
32045
32045
32050
32051
32053
32054
32055
32056
32057
32057
32062
32063
32067
32067
32068
32068
32069
32071
32071
32071
32072
32073
32075
32075
32076
32077
32079
32081
32081
32084
32085
32086
32087
32090
32091
32092
32092
32093
32095
32095
32096
32098
32101
32101
32105
32107
32108
32111
32113
32116
32117
32117
32118
32120
32120
32121
32121
32124
32127
32130
32130
32131
32131
32133
32139
32143
32144
32147
32147
32149
32149
32150
32150
32151
32154
32154
32154
32158
32159
32159
32161
32162
32163
32164
32165
32167
32169
32169
32169
32172
32175
32175
32176
32177
32177
32177
32178
32178
32180
32180
32183
32185
32186
32187
32187
32188
32191
32194
32199
32201
32201
32201
32204
32207
32210
32211
32211
32211
32213
32215
32215
32215
32216
32219
32220
32220
32221
32221
32222
32223
32223
32223
32224
32225
32228
32228
32230
32231
32234
32234
32237
32238
32240
32241
32244
32244
32245
32247
32247
32248
32249
32254
32255
32256
32258
32259
32259
32261
32262
32264
32264
32267
32268
32268
32271
32271
32278
32278
32279
32279
32282
32282
32282
32283
32284
32285
32289
32291
32292
32292
32292
32292
32294
32297
32298
32298
32300
32304
32306
32307
32309
32309
32310
32311
32312
32313
32313
32314
32318
32319
32320
32320
32321
32323
32323
32324
32324
32324
32324
32326
32327
32327
32330
32330
32332
32333
32334
32336
32338
32339
32339
32340
32342
32343
32343
32344
32346
32349
32350
32351
32353
32353
32354
32357
32358
32358
32363
32364
32364
32364
32365
32365
32366
32371
32371
32373
32374
32374
32376
32377
32377
32380
32382
32383
32384
32385
32385
32387
32387
32389
32391
32392
32392
32394
32394
32395
32395
32397
32397
32397
32397
32402
32408
32411
32411
32413
32414
32415
32416
32416
32417
32418
32419
32421
32421
32422
32423
32423
32427
32427
32427
32427
32428
32430
32432
32434
32436
32438
32438
32439
32440
32441
32443
32444
32445
32445
32446
32446
32451
32455
32461
32462
32462
32466
32469
32471
32471
32473
32476
32480
32485
32486
32487
32487
32490
32491
32491
32493
32493
32493
32493
32494
32494
32495
32497
32498
32501
32502
32502
32502
32505
32506
32511
32512
32513
32514
32514
32515
32515
32515
32519
32521
32521
32523
32524
32527
32530
32531
32531
32532
32532
32534
32535
32537
32537
32539
32539
32539
32540
32542
32543
32543
32544
32544
32544
32544
32547
32548
32548
32548
32551
32552
32552
32553
32553
32553
32555
32557
32562
32567
32567
32568
32570
32572
32572
32574
32576
32580
32580
32581
32583
32583
32583
32587
32588
32589
32590
32592
32592
32593
32595
32595
32596
32596
32596
32596
32598
32599
32600
32606
32606
32606
32607
32608
32608
32608
32609
32609
32612
32613
32613
32615
32618
32621
32622
32622
32629
32631
32632
32632
32632
32633
32634
32635
32635
32636
32637
32639
32639
32639
32639
32639
32640
32643
32644
32645
32646
32646
32646
32647
32649
32649
32649
32650
32650
32651
32653
32657
32660
32660
32660
32661
32662
32663
32664
32664
32668
32669
32672
32672
32674
32676
32678
32679
32680
32681
32682
32683
32686
32688
32688
32693
32698
32698
32699
32701
32703
32705
32706
32706
32707
32712
32712
32712
32715
32716
32717
32719
32724
32725
32727
32730
32733
32734
32734
32735
32738
32740
32744
32745
32746
32747
32749
32749
32750
32751
32751
32751
32752
32757
32757
32758
32758
32758
32759
32760
32763
32765
32767
32770
32771
32772
32775
32777
32778
32781
32782
32788
32792
32794
32796
32797
32798
32799
32800
32803
32804
32805
32807
32807
32813
32815
32821
32821
32823
32823
32827
32828
32829
32831
32832
32834
32840
32840
32841
32842
32843
32844
32846
32846
32847
32847
32848
32853
32853
32854
32854
32855
32856
32858
32859
32860
32861
32861
32862
32865
32866
32867
32867
32872
32873
32874
32874
32876
32876
32878
32879
32881
32882
32883
32883
32886
32888
32889
32891
32892
32892
32893
32894
32894
32896
32897
32897
32899
32900
32901
32903
32904
32904
32905
32909
32911
32914
32920
32920
32923
32923
32924
32926
32932
32933
32933
32934
32936
32938
32939
32939
32939
32940
32942
32942
32942
32944
32944
32946
32947
32949
32951
32952
32953
32953
32953
32954
32955
32955
32956
32957
32957
32960
32962
32962
32964
32964
32965
32966
32968
32969
32971
32971
32973
32974
32975
32975
32978
32978
32979
32980
32980
32981
32982
32982
32984
32984
32985
32986
32986
32986
32987
32988
32989
32989
32989
32990
32992
32997
32999
33001
33002
33009
33014
33015
33018
33019
33023
33025
33027
33030
33030
33031
33033
33037
33040
33045
33047
33048
33050
33050
33052
33052
33055
33055
33055
33056
33056
33057
33059
33060
33061
33063
33066
33066
33066
33067
33069
33069
33071
33072
33073
33075
33075
33076
33076
33078
33078
33081
33082
33082
33087
33088
33093
33094
33096
33097
33097
33101
33101
33102
33103
33104
33105
33109
33111
33112
33113
33114
33115
33117
33117
33120
33120
33121
33122
33122
33123
33123
33126
33127
33128
33130
33130
33132
33133
33133
33143
33143
33144
33146
33148
33150
33150
33151
33153
33154
33155
33155
33157
33158
33158
33158
33159
33159
33160
33160
33161
33161
33161
33165
33166
33166
33166
33167
33168
33168
33170
33170
33170
33173
33174
33174
33175
33178
33178
33180
33183
33183
33185
33185
33185
33186
33186
33187
33188
33188
33193
33194
33194
33195
33195
33197
33199
33200
33204
33207
33211
33215
33216
33220
33221
33221
33223
33224
33225
33225
33225
33225
33225
33228
33231
33231
33234
33235
33238
33238
33238
33241
33243
33244
33244
33244
33244
33245
33247
33248
33249
33249
33250
33252
33252
33254
33255
33255
33257
33262
33262
33263
33267
33268
33268
33268
33270
33277
33278
33279
33280
33280
33284
33286
33287
33289
33289
33292
33292
33293
33293
33294
33295
33298
33298
33300
33302
33302
33303
33306
33307
33307
33307
33308
33311
33312
33312
33313
33314
33315
33315
33318
33318
33318
33319
33321
33324
33325
33326
33327
33328
33329
33330
33330
33330
33331
33332
33332
33335
33336
33337
33339
33340
33340
33340
33342
33342
33344
33344
33345
33345
33345
33347
33348
33348
33348
33349
33350
33350
33352
33353
33354
33358
33359
33360
33361
33362
33366
33366
33367
33368
33368
33369
33370
33370
33371
33371
33372
33373
33375
33375
33376
33379
33382
33384
33390
33392
33392
33393
33394
33395
33396
33399
33400
33401
33406
33407
33409
33410
33410
33411
33413
33414
33415
33417
33418
33419
33420
33421
33422
33424
33424
33425
33427
33427
33429
33429
33429
33432
33434
33435
33436
33436
33437
33437
33438
33439
33444
33445
33445
33445
33446
33446
33448
33449
33451
33451
33451
33454
33454
33454
33455
33455
33457
33457
33458
33458
33458
33459
33463
33464
33467
33467
33468
33468
33469
33472
33472
33474
33475
33476
33477
33478
33479
33489
33490
33491
33492
33492
33493
33493
33493
33494
33495
33495
33495
33496
33497
33497
33498
33501
33503
33503
33503
33504
33506
33512
33512
33514
33515
33518
33523
33523
33523
33525
33526
33527
33528
33528
33531
33533
33536
33537
33538
33538
33539
33541
33543
33545
33548
33549
33550
33554
33555
33555
33557
33558
33564
33564
33564
33565
33565
33567
33570
33572
33572
33572
33573
33575
33579
33580
33583
33583
33586
33586
33589
33592
33595
33597
33599
33600
33604
33604
33606
33606
33608
33609
33611
33612
33614
33614
33615
33617
33618
33619
33619
33620
33622
33624
33624
33625
33626
33627
33630
33632
33632
33633
33633
33635
33635
33635
33636
33641
33642
33642
33642
33643
33645
33645
33646
33647
33648
33649
33649
33652
33654
33654
33655
33656
33656
33665
33666
33666
33666
33669
33674
33674
33676
33677
33677
33678
33679
33683
33687
33687
33689
33693
33693
33694
33698
33699
33699
33701
33701
33702
33704
33706
33707
33707
33708
33708
33708
33709
33715
33717
33717
33717
33721
33721
33724
33724
33725
33725
33726
33728
33728
33730
33730
33730
33731
33731
33731
33733
33735
33735
33736
33739
33739
33739
33742
33742
33742
33742
33743
33743
33745
33746
33746
33750
33750
33750
33753
33753
33753
33755
33755
33757
33758
33760
33761
33761
33762
33762
33763
33766
33769
33770
33772
33775
33777
33778
33780
33784
33788
33791
33792
33793
33795
33800
33802
33803
33805
33811
33812
33813
33815
33815
33816
33817
33818
33818
33818
33819
33819
33819
33821
33825
33827
33829
33832
33833
33833
33837
33837
33839
33839
33840
33843
33847
33848
33849
33850
33850
33852
33856
33857
33857
33859
33861
33861
33867
33868
33870
33871
33871
33874
33874
33874
33874
33875
33875
33878
33878
33881
33882
33882
33883
33883
33884
33885
33885
33887
33895
33896
33897
33897
33899
33900
33901
33902
33904
33905
33907
33908
33910
33911
33911
33915
33919
33920
33927
33932
33934
33934
33935
33937
33938
33938
33940
33943
33943
33949
33952
33952
33952
33956
33958
33960
33960
33962
33964
33969
33969
33970
33973
33976
33979
33980
33980
33984
33984
33985
33986
33986
33986
33987
33989
33992
33993
33994
33995
33997
33997
34001
34002
34003
34005
34006
34006
34007
34008
34009
34009
34010
34012
34014
34015
34016
34017
34018
34018
34020
34023
34024
34025
34027
34030
34032
34034
34034
34038
34039
34039
34039
34040
34040
34041
34041
34044
34046
34049
34049
34051
34053
34055
34057
34057
34059
34059
34061
34061
34066
34067
34067
34069
34070
34070
34071
34072
34072
34073
34075
34075
34076
34078
34080
34082
34084
34084
34085
34088
34088
34090
34090
34091
34091
34092
34094
34101
34107
34107
34108
34108
34113
34113
34113
34115
34117
34119
34119
34120
34125
34128
34129
34131
34132
34133
34137
34137
34137
34137
34139
34141
34141
34143
34143
34143
34147
34147
34147
34149
34149
34149
34151
34152
34153
34153
34153
34153
34154
34157
34158
34161
34161
34164
34170
34170
34170
34170
34171
34173
34176
34176
34176
34178
34179
34180
34181
34182
34183
34183
34184
34186
34186
34186
34189
34189
34191
34194
34199
34199
34200
34201
34204
34210
34210
34211
34213
34213
34215
34215
34216
34220
34221
34226
34228
34228
34231
34237
34239
34245
34245
34245
34245
34249
34249
34253
34253
34255
34256
34256
34258
34261
34261
34262
34263
34263
34263
34264
34265
34266
34268
34268
34269
34269
34270
34270
34273
34274
34278
34278
34279
34279
34281
34283
34283
34284
34284
34285
34286
34287
34288
34288
34288
34288
34289
34289
34291
34292
34293
34293
34294
34297
34300
34300
34300
34301
34302
34302
34303
34305
34306
34313
34313
34314
34321
34321
34322
34322
34322
34323
34324
34327
34327
34329
34330
34330
34332
34335
34336
34337
34337
34340
34343
34344
34346
34346
34348
34348
34350
34351
34352
34355
34357
34360
34364
34364
34364
34366
34370
34370
34372
34372
34373
34373
34375
34378
34382
34384
34388
34388
34388
34391
34392
34392
34393
34394
34396
34400
34402
34404
34405
34406
34408
34410
34416
34416
34418
34418
34418
34419
34419
34421
34421
34423
34424
34426
34428
34429
34431
34431
34432
34432
34433
34435
34436
34437
34437
34438
34440
34442
34443
34443
34444
34446
34447
34448
34448
34450
34452
34453
34454
34454
34457
34457
34458
34458
34459
34460
34461
34464
34465
34466
34466
34466
34469
34471
34475
34476
34479
34483
34483
34484
34485
34487
34491
34492
34493
34493
34494
34494
34494
34494
34495
34495
34498
34498
34499
34500
34501
34501
34502
34502
34503
34503
34505
34507
34508
34508
34514
34516
34517
34519
34522
34522
34525
34525
34529
34530
34533
34533
34533
34534
34536
34536
34537
34538
34539
34541
34542
34542
34542
34543
34543
34544
34544
34547
34548
34551
34551
34552
34553
34553
34560
34562
34563
34565
34570
34571
34574
34577
34580
34580
34581
34582
34583
34583
34585
34586
34587
34588
34589
34591
34592
34594
34595
34595
34595
34596
34600
34600
34601
34605
34606
34607
34607
34608
34611
34612
34612
34613
34613
34614
34616
34617
34619
34619
34621
34622
34622
34624
34626
34626
34628
34631
34631
34634
34635
34635
34636
34637
34638
34639
34639
34641
34641
34645
34648
34648
34649
34649
34651
34651
34652
34654
34656
34656
34656
34659
34663
34665
34665
34666
34667
34668
34671
34673
34674
34676
34677
34678
34679
34679
34680
34681
34681
34682
34682
34683
34683
34687
34689
34689
34690
34692
34694
34694
34695
34696
34696
34699
34699
34701
34702
34703
34703
34708
34709
34710
34714
34715
34715
34715
34717
34722
34723
34724
34727
34729
34730
34730
34731
34736
34738
34740
34746
34748
34749
34750
34750
34750
34751
34752
34754
34756
34756
34757
34758
34759
34761
34762
34762
34763
34763
34763
34764
34767
34767
34768
34768
34769
34769
34771
34771
34774
34774
34775
34776
34776
34780
34781
34781
34783
34784
34784
34786
34789
34789
34791
34792
34794
34796
34797
34799
34801
34802
34803
34803
34804
34804
34808
34809
34809
34810
34816
34816
34819
34821
34821
34821
34825
34826
34827
34828
34829
34829
34830
34830
34832
34832
34833
34833
34836
34837
34839
34840
34841
34842
34843
34844
34846
34848
34849
34849
34851
34851
34852
34852
34852
34854
34855
34856
34858
34861
34862
34865
34866
34869
34869
34870
34870
34871
34871
34873
34876
34877
34878
34880
34881
34882
34882
34883
34884
34887
34887
34887
34888
34889
34890
34890
34891
34891
34892
34893
34894
34894
34896
34898
34900
34900
34900
34901
34902
34902
34905
34906
34906
34909
34911
34912
34912
34913
34913
34915
34915
34916
34917
34917
34918
34923
34925
34928
34929
34931
34932
34935
34935
34939
34944
34945
34946
34948
34950
34950
34951
34952
34955
34959
34960
34961
34962
34963
34965
34966
34967
34968
34968
34968
34969
34971
34973
34977
34982
34983
34983
34983
34987
34988
34988
34988
34988
34989
34989
34992
34993
34995
35000
35000
35005
35005
35006
35007
35009
35010
35010
35011
35011
35012
35013
35014
35014
35016
35020
35022
35023
35024
35027
35031
35032
35033
35034
35035
35036
35040
35040
35041
35042
35043
35045
35051
35056
35059
35060
35060
35062
35063
35063
35064
35065
35067
35068
35068
35069
35073
35073
35074
35074
35076
35078
35079
35080
35088
35090
35094
35095
35095
35098
35099
35100
35102
35105
35108
35109
35110
35111
35114
35114
35115
35115
35116
35117
35119
35120
35125
35127
35128
35130
35131
35133
35134
35137
35137
35137
35138
35140
35140
35140
35141
35142
35145
35145
35146
35152
35153
35156
35156
35161
35162
35162
35166
35167
35170
35171
35172
35173
35173
35175
35177
35178
35178
35179
35180
35180
35181
35183
35184
35184
35186
35187
35188
35188
35189
35195
35195
35196
35196
35198
35200
35206
35206
35207
35209
35209
35213
35214
35215
35217
35220
35221
35227
35227
35231
35233
35235
35237
35239
35240
35241
35243
35245
35247
35247
35252
35253
35253
35255
35256
35256
35259
35262
35262
35265
35266
35266
35266
35267
35268
35268
35268
35270
35270
35271
35271
35272
35273
35275
35276
35277
35277
35279
35279
35281
35281
35281
35282
35282
35284
35285
35285
35285
35286
35286
35286
35287
35288
35289
35290
35291
35292
35293
35293
35295
35297
35297
35298
35298
35305
35309
35310
35313
35314
35316
35317
35318
35318
35319
35320
35321
35322
35325
35326
35327
35328
35329
35330
35332
35334
35336
35342
35343
35343
35344
35344
35344
35348
35349
35349
35352
35352
35354
35355
35355
35356
35356
35357
35358
35359
35361
35362
35365
35366
35367
35368
35369
35370
35370
35371
35371
35372
35373
35374
35375
35375
35376
35376
35378
35378
35378
35379
35382
35382
35384
35384
35384
35385
35385
35386
35386
35388
35390
35390
35391
35391
35393
35393
35400
35401
35403
35403
35404
35409
35410
35410
35412
35413
35418
35420
35421
35422
35424
35431
35432
35435
35435
35436
35437
35438
35442
35444
35445
35446
35446
35447
35447
35447
35456
35458
35459
35459
35460
35463
35463
35465
35469
35469
35472
35472
35473
35473
35474
35475
35475
35475
35477
35480
35481
35484
35485
35485
35486
35487
35488
35488
35490
35492
35493
35497
35498
35499
35500
35502
35504
35505
35505
35513
35514
35515
35515
35516
35516
35518
35518
35520
35520
35523
35524
35524
35525
35525
35526
35526
35528
35528
35529
35529
35530
35530
35533
35534
35534
35535
35536
35539
35543
35545
35548
35549
35550
35552
35556
35557
35557
35559
35559
35560
35560
35561
35561
35563
35563
35564
35573
35575
35575
35576
35585
35586
35587
35588
35589
35589
35590
35590
35592
35594
35594
35594
35595
35598
35605
35607
35610
35610
35616
35617
35617
35618
35620
35623
35623
35628
35629
35629
35630
35631
35632
35634
35635
35638
35640
35641
35642
35642
35644
35645
35645
35645
35646
35648
35648
35648
35648
35650
35651
35651
35652
35653
35654
35655
35655
35656
35657
35657
35657
35660
35662
35663
35669
35671
35671
35674
35676
35676
35677
35680
35682
35683
35684
35686
35686
35689
35689
35690
35690
35691
35691
35694
35694
35694
35695
35699
35700
35703
35703
35705
35705
35707
35708
35708
35709
35709
35710
35713
35713
35716
35717
35718
35719
35720
35720
35720
35720
35721
35721
35722
35723
35727
35728
35729
35729
35731
35732
35734
35734
35735
35735
35735
35736
35742
35742
35744
35745
35745
35745
35746
35748
35749
35749
35754
35754
35754
35755
35756
35756
35757
35757
35760
35760
35762
35762
35763
35767
35769
35774
35781
35783
35784
35784
35787
35787
35788
35791
35791
35792
35795
35798
35798
35799
35799
35800
35800
35801
35802
35805
35806
35807
35808
35809
35809
35810
35811
35812
35812
35814
35815
35818
35819
35819
35822
35822
35824
35825
35830
35830
35831
35832
35834
35834
35835
35836
35837
35843
35844
35845
35846
35846
35850
35850
35851
35856
35857
35858
35859
35861
35862
35864
35864
35865
35866
35867
35870
35870
35872
35874
35877
35878
35878
35879
35880
35880
35886
35887
35889
35889
35890
35892
35893
35894
35895
35895
35895
35898
35898
35898
35898
35899
35899
35901
35901
35901
35902
35903
35907
35908
35909
35910
35913
35914
35915
35915
35917
35919
35921
35921
35922
35922
35926
35926
35927
35928
35930
35930
35932
35933
35934
35934
35934
35940
35941
35943
35943
35945
35946
35948
35949
35949
35957
35959
35961
35961
35961
35961
35962
35962
35963
35964
35967
35967
35967
35968
35970
35972
35973
35973
35976
35977
35977
35985
35988
35988
35989
35989
35990
35990
35992
35993
35994
35995
35997
35999
35999
36000
36003
36004
36004
36005
36006
36008
36009
36010
36010
36011
36011
36015
36015
36018
36020
36020
36025
36028
36031
36031
36032
36034
36035
36038
36039
36040
36041
36041
36042
36043
36045
36047
36048
36049
36050
36051
36051
36054
36058
36058
36060
36062
36062
36063
36065
36065
36066
36066
36068
36068
36068
36069
36069
36070
36070
36071
36073
36074
36074
36074
36075
36077
36078
36080
36080
36080
36085
36085
36086
36086
36086
36087
36087
36087
36088
36089
36089
36092
36092
36094
36094
36095
36095
36097
36097
36098
36098
36098
36100
36100
36101
36102
36103
36103
36109
36109
36109
36110
36111
36114
36115
36116
36119
36123
36124
36126
36129
36132
36133
36133
36136
36137
36138
36139
36139
36142
36148
36150
36152
36153
36155
36158
36158
36160
36160
36160
36164
36165
36167
36167
36168
36168
36169
36170
36170
36170
36173
36175
36176
36176
36177
36180
36181
36183
36186
36186
36187
36188
36190
36193
36193
36195
36195
36196
36197
36198
36198
36201
36203
36205
36207
36208
36210
36213
36214
36217
36220
36221
36223
36223
36227
36228
36230
36232
36232
36233
36233
36233
36234
36236
36238
36239
36240
36241
36245
36245
36246
36246
36246
36247
36250
36253
36253
36254
36256
36257
36259
36263
36264
36264
36264
36266
36267
36268
36268
36271
36271
36275
36275
36276
36279
36280
36280
36283
36285
36288
36290
36292
36295
36296
36297
36297
36297
36299
36299
36300
36303
36305
36315
36316
36317
36317
36319
36320
36321
36323
36323
36325
36325
36328
36331
36331
36331
36332
36333
36334
36336
36336
36336
36337
36338
36338
36339
36340
36344
36347
36349
36349
36349
36352
36352
36354
36355
36355
36356
36358
36358
36359
36360
36360
36364
36364
36367
36368
36369
36373
36374
36374
36377
36378
36380
36382
36382
36383
36385
36386
36386
36386
36388
36388
36389
36389
36391
36391
36391
36394
36396
36398
36402
36404
36407
36407
36409
36410
36410
36413
36414
36417
36418
36420
36422
36422
36423
36424
36426
36429
36431
36433
36433
36433
36436
36436
36437
36437
36438
36438
36439
36439
36440
36445
36446
36446
36447
36449
36450
36452
36455
36456
36456
36456
36456
36458
36460
36461
36462
36463
36464
36465
36467
36470
36471
36472
36474
36478
36479
36479
36482
36483
36485
36487
36488
36488
36490
36491
36492
36492
36494
36496
36497
36497
36500
36502
36503
36504
36504
36505
36505
36506
36506
36508
36508
36510
36510
36510
36510
36514
36514
36515
36517
36519
36520
36520
36521
36521
36521
36522
36523
36523
36525
36526
36529
36530
36530
36531
36533
36534
36534
36536
36538
36538
36539
36540
36540
36542
36542
36543
36544
36546
36548
36549
36551
36556
36556
36560
36562
36564
36565
36565
36565
36567
36567
36569
36570
36570
36572
36572
36574
36576
36581
36581
36582
36582
36586
36587
36587
36587
36588
36590
36592
36592
36593
36593
36594
36594
36595
36596
36597
36598
36599
36599
36603
36604
36604
36605
36606
36606
36606
36607
36607
36615
36617
36618
36619
36620
36621
36622
36623
36624
36624
36629
36631
36634
36635
36635
36637
36637
36640
36640
36641
36641
36642
36642
36643
36648
36649
36650
36651
36651
36652
36655
36657
36657
36658
36658
36658
36658
36660
36660
36660
36661
36661
36661
36663
36664
36664
36665
36666
36667
36669
36671
36672
36673
36674
36677
36677
36677
36678
36679
36684
36684
36686
36687
36688
36688
36689
36693
36695
36696
36699
36699
36700
36702
36702
36704
36705
36708
36708
36710
36712
36712
36712
36716
36717
36718
36721
36722
36722
36722
36725
36726
36729
36730
36730
36730
36731
36731
36732
36735
36738
36739
36742
36742
36745
36746
36750
36752
36753
36754
36757
36757
36758
36759
36760
36762
36769
36770
36771
36771
36772
36772
36773
36773
36773
36775
36776
36777
36777
36778
36779
36780
36782
36786
36788
36790
36792
36794
36801
36802
36802
36805
36807
36808
36809
36812
36814
36814
36814
36815
36816
36816
36817
36821
36821
36822
36825
36825
36830
36832
36833
36835
36837
36839
36847
36850
36851
36851
36854
36854
36855
36856
36857
36857
36858
36863
36864
36865
36865
36867
36868
36874
36875
36875
36877
36879
36880
36881
36882
36882
36883
36884
36887
36887
36888
36888
36889
36890
36891
36892
36899
36900
36902
36903
36904
36906
36906
36911
36913
36915
36916
36916
36917
36921
36922
36924
36924
36924
36927
36927
36927
36930
36931
36937
36937
36938
36940
36941
36941
36942
36944
36946
36948
36950
36951
36951
36953
36953
36954
36963
36963
36964
36966
36972
36972
36973
36974
36975
36976
36977
36978
36978
36978
36985
36987
36987
36992
36993
36994
36995
36996
36997
36997
36998
37000
37002
37002
37003
37003
37004
37004
37006
37008
37009
37009
37010
37011
37011
37012
37014
37014
37015
37016
37017
37017
37019
37019
37020
37021
37022
37023
37025
37027
37029
37029
37034
37035
37037
37040
37042
37042
37042
37044
37047
37047
37049
37050
37052
37053
37055
37057
37058
37065
37065
37067
37068
37069
37076
37078
37081
37084
37085
37086
37088
37091
37092
37092
37092
37093
37096
37102
37105
37105
37107
37108
37108
37108
37110
37111
37112
37113
37114
37115
37116
37119
37120
37121
37121
37126
37127
37127
37128
37131
37131
37133
37136
37136
37137
37138
37141
37145
37145
37146
37146
37147
37148
37148
37149
37149
37150
37150
37152
37153
37154
37154
37156
37156
37157
37157
37157
37160
37162
37162
37163
37163
37164
37166
37166
37169
37171
37171
37173
37174
37178
37178
37179
37180
37181
37183
37183
37184
37189
37189
37202
37202
37202
37203
37204
37205
37206
37207
37208
37210
37211
37211
37216
37217
37217
37220
37220
37221
37223
37223
37224
37226
37227
37227
37227
37228
37229
37230
37232
37233
37234
37236
37241
37241
37243
37245
37245
37246
37248
37251
37252
37256
37256
37257
37258
37260
37260
37261
37261
37262
37264
37265
37271
37272
37273
37274
37274
37278
37279
37281
37282
37283
37283
37284
37286
37286
37287
37287
37288
37289
37292
37293
37293
37293
37297
37297
37299
37300
37301
37302
37303
37305
37307
37308
37308
37310
37312
37313
37314
37316
37320
37321
37321
37322
37324
37324
37327
37328
37332
37333
37335
37335
37336
37336
37338
37339
37340
37340
37341
37341
37342
37343
37343
37344
37345
37347
37348
37349
37351
37352
37352
37354
37354
37354
37355
37356
37356
37357
37357
37358
37361
37361
37361
37363
37365
37365
37367
37368
37370
37372
37373
37375
37375
37376
37377
37384
37384
37385
37387
37388
37388
37388
37389
37390
37391
37393
37393
37394
37395
37396
37398
37400
37402
37402
37403
37404
37405
37405
37406
37406
37408
37409
37413
37414
37418
37418
37419
37420
37420
37426
37428
37428
37429
37430
37430
37432
37432
37432
37433
37436
37437
37437
37441
37442
37442
37444
37445
37445
37448
37448
37451
37452
37453
37455
37456
37458
37459
37463
37463
37466
37466
37467
37467
37467
37473
37473
37474
37476
37476
37478
37478
37479
37480
37480
37481
37481
37481
37483
37485
37486
37487
37488
37491
37491
37491
37495
37496
37499
37499
37501
37502
37503
37504
37504
37506
37511
37513
37514
37516
37519
37519
37519
37520
37521
37522
37525
37526
37527
37531
37531
37532
37536
37538
37540
37540
37541
37541
37543
37547
37553
37554
37556
37557
37560
37562
37564
37567
37570
37571
37574
37574
37575
37578
37578
37580
37580
37583
37587
37588
37588
37590
37591
37592
37593
37596
37596
37596
37597
37597
37597
37599
37599
37599
37600
37600
37600
37601
37601
37601
37601
37602
37603
37603
37607
37609
37610
37610
37612
37614
37616
37616
37616
37616
37616
37620
37620
37623
37623
37626
37626
37627
37630
37631
37632
37632
37633
37634
37636
37636
37637
37637
37638
37639
37640
37641
37641
37643
37644
37644
37646
37648
37649
37653
37654
37654
37655
37656
37659
37659
37661
37662
37664
37665
37669
37669
37669
37670
37670
37672
37673
37676
37678
37679
37679
37681
37682
37691
37692
37692
37694
37695
37698
37702
37702
37703
37704
37705
37711
37711
37720
37720
37723
37724
37724
37726
37727
37728
37729
37729
37729
37731
37731
37736
37738
37739
37741
37742
37744
37744
37745
37746
37749
37752
37753
37753
37754
37756
37756
37757
37758
37759
37759
37761
37761
37761
37761
37762
37762
37767
37774
37779
37782
37783
37783
37784
37787
37789
37790
37793
37793
37793
37795
37796
37797
37798
37799
37801
37802
37804
37805
37806
37807
37811
37814
37815
37815
37816
37816
37816
37819
37819
37820
37821
37826
37827
37830
37830
37830
37832
37834
37835
37836
37837
37837
37838
37839
37840
37844
37846
37850
37853
37854
37854
37855
37857
37863
37867
37869
37871
37871
37872
37872
37873
37873
37874
37877
37877
37877
37879
37881
37882
37882
37883
37885
37889
37892
37893
37894
37894
37894
37894
37895
37896
37896
37897
37897
37900
37900
37901
37902
37904
37904
37908
37909
37909
37910
37911
37912
37912
37914
37915
37919
37919
37919
37920
37923
37924
37926
37927
37927
37930
37930
37931
37931
37931
37932
37932
37933
37933
37934
37934
37940
37941
37942
37944
37946
37947
37947
37949
37951
37952
37953
37953
37955
37957
37957
37960
37961
37961
37963
37964
37964
37965
37966
37966
37967
37969
37971
37971
37972
37972
37974
37974
37975
37976
37977
37981
37986
37987
37988
37988
37991
37992
38000
38001
38001
38001
38001
38002
38003
38005
38006
38006
38010
38011
38012
38012
38016
38017
38017
38017
38019
38020
38020
38023
38028
38028
38031
38033
38034
38035
38035
38043
38043
38044
38045
38045
38052
38053
38057
38057
38059
38060
38062
38063
38064
38064
38066
38068
38069
38071
38073
38073
38076
38077
38080
38081
38082
38084
38084
38086
38088
38089
38092
38093
38093
38094
38094
38097
38097
38099
38099
38100
38101
38104
38105
38109
38112
38113
38113
38114
38116
38121
38123
38124
38125
38128
38129
38129
38130
38130
38131
38133
38134
38136
38137
38140
38145
38148
38148
38148
38151
38152
38153
38154
38156
38160
38161
38164
38167
38169
38170
38173
38174
38174
38175
38175
38176
38178
38178
38182
38185
38186
38186
38186
38187
38188
38189
38191
38193
38194
38194
38194
38195
38199
38200
38201
38204
38204
38207
38208
38209
38209
38210
38211
38211
38211
38215
38215
38216
38218
38219
38220
38221
38223
38226
38226
38227
38228
38230
38231
38232
38232
38233
38241
38242
38242
38245
38246
38247
38247
38248
38249
38250
38256
38256
38256
38258
38258
38258
38259
38259
38261
38263
38263
38266
38268
38270
38272
38273
38274
38275
38277
38278
38281
38284
38284
38286
38286
38288
38289
38290
38295
38296
38297
38298
38300
38300
38301
38304
38305
38308
38308
38308
38309
38311
38311
38313
38313
38313
38313
38314
38316
38316
38316
38317
38318
38318
38319
38321
38321
38323
38324
38325
38327
38327
38329
38330
38330
38335
38336
38336
38337
38338
38339
38340
38341
38342
38343
38346
38348
38348
38353
38354
38357
38359
38360
38360
38360
38360
38361
38362
38363
38363
38363
38372
38373
38373
38373
38375
38377
38378
38379
38379
38379
38381
38381
38385
38386
38387
38387
38387
38388
38389
38389
38392
38393
38393
38394
38395
38396
38398
38398
38401
38402
38403
38403
38403
38404
38405
38405
38405
38405
38406
38407
38407
38408
38410
38411
38414
38416
38416
38418
38418
38420
38421
38422
38425
38425
38425
38427
38427
38428
38429
38429
38430
38432
38433
38434
38437
38437
38438
38438
38439
38439
38444
38447
38448
38448
38448
38448
38449
38449
38450
38450
38451
38454
38455
38455
38459
38459
38462
38462
38462
38463
38465
38467
38471
38473
38475
38476
38477
38481
38481
38483
38485
38487
38487
38488
38489
38489
38490
38491
38495
38496
38497
38498
38499
38500
38503
38503
38504
38506
38509
38511
38511
38512
38514
38515
38516
38517
38519
38520
38525
38525
38525
38525
38528
38529
38530
38530
38531
38532
38533
38533
38534
38537
38539
38540
38541
38543
38545
38549
38549
38550
38550
38550
38552
38552
38554
38558
38560
38562
38563
38563
38564
38565
38567
38568
38571
38572
38572
38572
38572
38574
38574
38575
38577
38578
38579
38582
38583
38584
38589
38593
38595
38595
38597
38597
38599
38602
38602
38605
38606
38608
38609
38610
38610
38611
38612
38617
38620
38621
38621
38622
38622
38623
38625
38625
38626
38629
38629
38633
38633
38639
38640
38642
38643
38643
38643
38644
38646
38648
38648
38648
38649
38649
38650
38653
38653
38654
38655
38656
38657
38658
38660
38663
38666
38668
38669
38670
38671
38672
38672
38672
38673
38673
38674
38674
38676
38678
38680
38682
38683
38684
38686
38686
38686
38688
38688
38689
38690
38690
38691
38692
38693
38693
38693
38694
38695
38697
38698
38699
38700
38701
38701
38704
38706
38706
38707
38707
38708
38709
38709
38712
38719
38723
38724
38728
38728
38731
38733
38735
38735
38742
38742
38742
38744
38744
38744
38744
38744
38747
38750
38752
38754
38754
38754
38754
38755
38755
38755
38756
38756
38758
38759
38759
38759
38762
38766
38768
38768
38768
38769
38774
38778
38779
38780
38780
38781
38782
38782
38784
38787
38789
38789
38791
38792
38792
38793
38795
38795
38795
38796
38797
38798
38803
38803
38805
38806
38806
38806
38809
38810
38815
38819
38821
38821
38823
38825
38826
38826
38827
38830
38830
38831
38831
38831
38833
38834
38834
38836
38837
38840
38841
38843
38844
38845
38847
38848
38848
38849
38850
38850
38850
38851
38853
38853
38854
38855
38856
38856
38857
38858
38858
38858
38860
38860
38860
38862
38864
38864
38866
38866
38867
38872
38872
38874
38879
38883
38883
38884
38885
38886
38886
38887
38887
38887
38888
38889
38889
38890
38890
38892
38894
38895
38896
38897
38898
38898
38899
38903
38904
38905
38906
38906
38908
38908
38909
38913
38913
38915
38915
38918
38920
38920
38921
38923
38923
38928
38928
38932
38933
38934
38937
38937
38938
38939
38943
38944
38948
38952
38956
38957
38960
38963
38963
38967
38969
38970
38970
38973
38973
38974
38975
38976
38980
38983
38984
38985
38985
38986
38986
38989
38990
38990
38991
38995
38996
38997
38999
38999
39000
39001
39004
39005
39005
39005
39006
39007
39008
39008
39009
39009
39009
39010
39010
39011
39011
39015
39018
39021
39022
39024
39026
39033
39034
39036
39038
39041
39041
39041
39042
39042
39043
39046
39047
39047
39047
39048
39050
39051
39053
39059
39059
39060
39062
39063
39063
39065
39067
39067
39067
39071
39073
39075
39075
39076
39076
39077
39077
39078
39079
39080
39081
39081
39082
39082
39086
39086
39088
39089
39089
39092
39092
39093
39094
39096
39098
39098
39099
39100
39102
39103
39104
39104
39106
39111
39111
39111
39112
39113
39114
39116
39117
39118
39118
39118
39125
39126
39126
39126
39128
39128
39131
39134
39134
39135
39139
39140
39140
39141
39142
39143
39143
39144
39145
39145
39146
39147
39148
39151
39151
39152
39153
39155
39156
39157
39157
39160
39162
39163
39163
39165
39166
39169
39169
39171
39173
39175
39175
39176
39177
39180
39180
39181
39182
39182
39183
39184
39184
39188
39190
39194
39196
39196
39197
39199
39200
39200
39201
39203
39205
39205
39207
39208
39209
39209
39211
39214
39219
39220
39222
39224
39225
39226
39229
39230
39230
39232
39233
39235
39235
39236
39239
39243
39245
39246
39248
39250
39250
39250
39251
39252
39252
39257
39257
39258
39258
39260
39268
39271
39272
39272
39275
39276
39278
39281
39282
39283
39286
39287
39293
39294
39296
39297
39298
39298
39299
39299
39300
39301
39301
39302
39303
39305
39305
39306
39307
39307
39309
39309
39310
39311
39312
39312
39313
39316
39318
39318
39319
39323
39325
39326
39327
39329
39329
39334
39338
39338
39339
39340
39342
39343
39343
39344
39348
39353
39354
39355
39355
39355
39356
39359
39360
39361
39365
39365
39365
39365
39365
39366
39367
39371
39372
39374
39374
39376
39377
39377
39378
39382
39384
39385
39387
39387
39388
39388
39390
39391
39391
39393
39393
39394
39395
39401
39402
39402
39402
39402
39403
39406
39408
39408
39412
39412
39416
39416
39417
39418
39419
39420
39420
39421
39424
39425
39426
39426
39427
39428
39428
39429
39429
39432
39433
39434
39435
39435
39436
39439
39440
39441
39442
39444
39449
39451
39452
39453
39453
39454
39455
39455
39456
39457
39457
39457
39459
39461
39462
39465
39467
39469
39470
39471
39474
39477
39478
39480
39482
39485
39486
39487
39488
39490
39492
39493
39498
39498
39498
39499
39499
39499
39501
39501
39502
39503
39504
39507
39508
39509
39509
39509
39510
39511
39513
39519
39520
39521
39522
39523
39528
39532
39534
39537
39540
39541
39543
39544
39546
39551
39551
39552
39552
39555
39557
39559
39561
39562
39563
39563
39565
39566
39566
39567
39568
39568
39569
39571
39571
39576
39577
39578
39579
39580
39582
39586
39588
39589
39589
39589
39590
39593
39594
39594
39595
39596
39599
39599
39599
39600
39601
39606
39607
39609
39610
39613
39613
39614
39615
39615
39616
39616
39617
39621
39622
39622
39623
39623
39625
39625
39626
39628
39628
39629
39632
39634
39639
39639
39639
39639
39640
39640
39641
39641
39642
39643
39643
39644
39645
39645
39645
39647
39648
39648
39648
39649
39650
39651
39653
39654
39656
39658
39662
39668
39673
39674
39676
39679
39682
39683
39686
39686
39686
39687
39688
39689
39689
39690
39690
39691
39693
39694
39694
39697
39698
39701
39701
39704
39705
39708
39708
39710
39710
39711
39714
39715
39715
39715
39716
39716
39717
39721
39722
39723
39723
39724
39725
39726
39726
39729
39731
39733
39737
39739
39742
39742
39744
39744
39747
39747
39747
39747
39748
39748
39749
39749
39750
39751
39751
39752
39752
39752
39755
39757
39759
39761
39762
39763
39765
39768
39769
39769
39769
39770
39770
39770
39771
39772
39773
39776
39778
39779
39779
39780
39781
39782
39786
39790
39792
39792
39794
39794
39795
39798
39798
39799
39800
39801
39802
39804
39806
39806
39807
39807
39810
39812
39813
39815
39816
39817
39818
39819
39820
39820
39822
39827
39829
39829
39831
39837
39837
39838
39838
39838
39838
39838
39839
39840
39840
39840
39841
39842
39843
39844
39845
39851
39853
39855
39855
39855
39856
39857
39858
39859
39859
39862
39863
39865
39866
39868
39869
39870
39870
39871
39872
39873
39873
39875
39875
39875
39878
39879
39879
39881
39883
39884
39888
39889
39889
39890
39890
39890
39891
39891
39897
39898
39898
39898
39899
39900
39903
39904
39905
39905
39910
39910
39911
39912
39918
39920
39920
39922
39922
39926
39926
39927
39928
39930
39931
39932
39933
39934
39938
39939
39940
39940
39948
39949
39950
39952
39954
39954
39955
39957
39957
39958
39958
39959
39959
39960
39963
39963
39966
39967
39967
39968
39972
39974
39975
39976
39979
39980
39980
39983
39983
39985
39986
39988
39988
39989
39991
39992
39992
39993
39995
39996
39998
39999
40002
40002
40002
40003
40003
40003
40006
40006
40009
40009
40011
40012
40014
40017
40020
40021
40024
40028
40028
40031
40032
40032
40035
40035
40035
40040
40042
40042
40043
40045
40045
40047
40051
40052
40052
40053
40057
40058
40059
40060
40064
40064
40064
40066
40067
40068
40072
40073
40075
40075
40076
40076
40085
40085
40087
40088
40089
40089
40091
40091
40094
40097
40097
40097
40100
40100
40101
40102
40103
40103
40104
40105
40106
40107
40108
40109
40112
40113
40113
40115
40115
40117
40121
40121
40122
40125
40126
40128
40128
40129
40129
40130
40133
40135
40142
40144
40144
40144
40145
40145
40145
40145
40149
40149
40150
40151
40152
40154
40156
40157
40160
40161
40161
40164
40165
40167
40167
40168
40169
40171
40171
40172
40175
40175
40176
40178
40180
40181
40182
40182
40183
40186
40187
40187
40188
40189
40191
40191
40192
40193
40194
40195
40195
40200
40201
40206
40210
40211
40212
40218
40221
40221
40221
40223
40223
40224
40225
40226
40226
40228
40228
40230
40230
40233
40233
40234
40235
40238
40243
40244
40245
40250
40251
40252
40254
40261
40266
40267
40269
40272
40273
40274
40276
40276
40278
40279
40281
40283
40284
40287
40290
40297
40298
40302
40302
40302
40303
40304
40308
40310
40310
40311
40311
40312
40312
40314
40316
40318
40320
40320
40321
40324
40325
40326
40330
40330
40331
40333
40335
40336
40339
40340
40341
40343
40344
40347
40348
40352
40353
40354
40354
40356
40356
40357
40358
40358
40359
40360
40362
40362
40365
40366
40366
40367
40369
40372
40373
40374
40375
40376
40376
40377
40378
40379
40379
40380
40380
40381
40383
40384
40385
40385
40385
40386
40387
40388
40389
40391
40392
40394
40395
40397
40397
40398
40399
40399
40401
40403
40403
40403
40403
40404
40406
40408
40410
40410
40411
40411
40413
40414
40414
40415
40415
40415
40416
40417
40419
40419
40419
40420
40420
40421
40421
40423
40423
40424
40425
40425
40425
40426
40428
40430
40430
40431
40433
40434
40435
40435
40435
40437
40439
40440
40441
40441
40443
40445
40445
40448
40449
40449
40453
40453
40455
40456
40456
40460
40463
40464
40465
40465
40467
40468
40469
40469
40471
40474
40474
40474
40475
40479
40480
40484
40485
40493
40498
40500
40502
40503
40509
40510
40514
40515
40517
40517
40520
40520
40521
40523
40526
40526
40527
40527
40528
40529
40534
40536
40536
40537
40537
40539
40541
40541
40541
40544
40544
40546
40546
40549
40550
40550
40553
40553
40554
40557
40558
40558
40560
40561
40562
40562
40563
40566
40568
40571
40576
40577
40578
40578
40579
40579
40580
40581
40582
40583
40583
40584
40585
40586
40587
40588
40588
40589
40592
40592
40594
40594
40597
40597
40599
40600
40601
40602
40603
40607
40608
40608
40608
40609
40609
40611
40611
40613
40616
40617
40618
40618
40618
40618
40619
40622
40622
40622
40625
40626
40627
40628
40630
40631
40634
40635
40636
40641
40642
40643
40643
40643
40647
40649
40654
40655
40655
40656
40660
40660
40661
40664
40670
40670
40672
40673
40674
40678
40682
40682
40685
40685
40685
40686
40687
40687
40689
40693
40695
40696
40696
40698
40699
40700
40701
40701
40702
40702
40702
40703
40706
40706
40707
40707
40710
40712
40713
40713
40714
40716
40726
40727
40727
40730
40730
40731
40731
40732
40735
40735
40736
40736
40737
40739
40740
40741
40741
40744
40745
40747
40748
40751
40753
40754
40755
40756
40759
40761
40763
40764
40767
40769
40770
40770
40771
40771
40773
40776
40777
40779
40780
40781
40781
40786
40786
40788
40790
40792
40793
40794
40794
40795
40796
40796
40801
40802
40802
40803
40804
40804
40806
40807
40808
40809
40812
40814
40821
40821
40822
40825
40825
40825
40827
40828
40828
40829
40829
40829
40830
40834
40836
40837
40837
40837
40839
40839
40840
40842
40843
40843
40844
40844
40846
40846
40848
40849
40849
40853
40853
40855
40856
40856
40860
40865
40865
40866
40866
40867
40869
40870
40870
40871
40872
40873
40875
40876
40878
40885
40887
40888
40892
40897
40903
40905
40905
40906
40907
40909
40909
40910
40911
40912
40914
40914
40915
40916
40916
40917
40918
40918
40923
40923
40929
40931
40931
40933
40934
40935
40936
40937
40938
40939
40940
40941
40942
40943
40943
40945
40946
40953
40954
40956
40956
40958
40960
40960
40960
40963
40964
40964
40965
40966
40967
40967
40968
40972
40972
40973
40974
40980
40981
40982
40985
40989
40990
40994
41000
41000
41004
41005
41007
41007
41007
41009
41010
41012
41012
41013
41013
41016
41016
41018
41020
41021
41023
41024
41025
41027
41028
41029
41029
41029
41029
41030
41030
41030
41031
41037
41037
41038
41039
41039
41039
41041
41041
41042
41045
41046
41049
41049
41050
41051
41055
41061
41062
41063
41064
41064
41064
41066
41067
41070
41071
41074
41076
41077
41080
41080
41081
41082
41082
41082
41085
41086
41086
41087
41089
41091
41091
41093
41094
41095
41096
41096
41096
41097
41098
41098
41100
41103
41105
41107
41111
41111
41112
41112
41114
41114
41114
41117
41118
41119
41120
41120
41120
41121
41122
41122
41123
41123
41123
41123
41130
41131
41131
41131
41134
41137
41138
41138
41138
41139
41139
41142
41142
41146
41148
41151
41152
41156
41159
41160
41161
41162
41162
41163
41163
41165
41165
41165
41167
41169
41175
41175
41176
41177
41179
41180
41180
41183
41184
41184
41185
41186
41188
41189
41196
41197
41197
41198
41198
41198
41198
41198
41199
41201
41203
41205
41205
41206
41208
41210
41210
41212
41219
41219
41220
41223
41224
41224
41224
41225
41226
41228
41228
41230
41230
41232
41232
41233
41234
41234
41234
41235
41236
41239
41243
41244
41244
41244
41245
41246
41246
41247
41248
41249
41249
41250
41251
41251
41252
41256
41256
41256
41258
41259
41260
41260
41261
41264
41266
41268
41270
41271
41271
41271
41272
41273
41274
41274
41275
41275
41277
41280
41281
41282
41284
41286
41287
41287
41288
41288
41290
41291
41293
41293
41294
41294
41296
41298
41298
41300
41300
41300
41301
41302
41303
41307
41307
41310
41311
41312
41313
41314
41318
41318
41321
41321
41322
41322
41324
41328
41328
41328
41334
41338
41340
41340
41342
41345
41345
41348
41348
41348
41348
41348
41349
41349
41351
41352
41356
41357
41358
41360
41360
41360
41361
41362
41366
41376
41376
41378
41379
41381
41384
41387
41390
41390
41390
41390
41392
41393
41393
41394
41395
41397
41399
41399
41400
41401
41403
41406
41407
41411
41416
41418
41420
41421
41422
41424
41426
41426
41426
41426
41427
41427
41428
41430
41430
41432
41437
41437
41439
41440
41441
41441
41442
41446
41447
41449
41449
41452
41452
41455
41455
41456
41457
41458
41459
41459
41460
41471
41477
41478
41478
41478
41482
41487
41489
41490
41490
41495
41495
41496
41496
41497
41498
41500
41503
41507
41508
41508
41509
41511
41515
41515
41517
41518
41518
41518
41519
41519
41520
41520
41522
41522
41523
41523
41525
41525
41527
41528
41531
41532
41532
41533
41534
41534
41534
41535
41535
41536
41536
41537
41539
41539
41542
41543
41545
41548
41549
41550
41550
41551
41552
41552
41557
41557
41559
41561
41566
41567
41569
41570
41575
41578
41578
41579
41582
41583
41585
41587
41589
41591
41593
41593
41593
41598
41598
41606
41611
41614
41620
41621
41622
41624
41628
41628
41629
41632
41633
41633
41633
41635
41640
41640
41641
41641
41642
41645
41646
41646
41647
41652
41658
41658
41659
41660
41660
41660
41660
41661
41662
41662
41665
41669
41671
41672
41673
41674
41675
41676
41677
41677
41677
41677
41678
41680
41681
41683
41683
41683
41685
41686
41687
41689
41690
41692
41693
41693
41695
41695
41695
41697
41697
41697
41702
41702
41705
41705
41706
41708
41708
41709
41709
41709
41709
41712
41718
41718
41719
41722
41725
41725
41726
41728
41732
41732
41733
41733
41733
41734
41735
41735
41737
41741
41741
41742
41747
41756
41756
41756
41757
41758
41766
41767
41768
41773
41773
41773
41775
41775
41778
41779
41783
41784
41786
41787
41787
41787
41789
41789
41789
41790
41791
41792
41793
41796
41800
41801
41803
41803
41806
41806
41807
41807
41809
41811
41814
41815
41815
41816
41818
41822
41823
41824
41824
41826
41826
41827
41828
41829
41832
41833
41833
41834
41835
41838
41839
41840
41842
41842
41843
41843
41844
41849
41853
41853
41853
41856
41856
41858
41858
41858
41858
41858
41859
41859
41860
41862
41864
41867
41867
41867
41868
41868
41868
41869
41870
41872
41872
41874
41875
41875
41875
41878
41879
41880
41880
41880
41880
41882
41882
41883
41888
41889
41891
41893
41896
41896
41896
41897
41898
41898
41900
41900
41902
41903
41905
41905
41906
41908
41909
41911
41912
41912
41913
41913
41915
41915
41916
41916
41918
41918
41919
41920
41922
41922
41925
41926
41927
41928
41928
41929
41929
41932
41933
41933
41934
41935
41936
41937
41938
41940
41944
41945
41945
41945
41949
41949
41949
41951
41951
41951
41951
41954
41956
41957
41961
41963
41963
41964
41965
41966
41969
41972
41973
41974
41977
41978
41979
41980
41981
41982
41982
41983
41984
41989
41989
41991
41991
41992
41996
41996
41997
41998
41998
42000
42001
42001
42005
42010
42010
42017
42017
42018
42021
42021
42022
42024
42025
42025
42026
42027
42027
42027
42027
42029
42030
42030
42031
42031
42032
42032
42032
42033
42035
42036
42036
42037
42039
42042
42049
42052
42053
42055
42058
42061
42063
42064
42066
42070
42071
42071
42072
42072
42073
42074
42076
42076
42076
42076
42081
42081
42082
42083
42083
42085
42085
42086
42088
42090
42090
42091
42092
42094
42094
42095
42097
42098
42099
42099
42101
42103
42105
42106
42107
42110
42112
42113
42113
42113
42113
42114
42115
42119
42120
42121
42126
42128
42129
42130
42134
42135
42135
42139
42140
42141
42144
42145
42147
42148
42149
42150
42150
42151
42151
42152
42154
42157
42158
42159
42159
42161
42162
42162
42164
42168
42168
42168
42169
42170
42170
42171
42173
42173
42175
42178
42179
42180
42182
42183
42185
42185
42186
42187
42191
42191
42191
42192
42194
42195
42196
42196
42196
42201
42202
42202
42202
42203
42203
42205
42205
42205
42206
42207
42208
42208
42209
42209
42211
42212
42212
42213
42213
42214
42215
42218
42219
42219
42220
42221
42221
42222
42222
42222
42224
42228
42229
42230
42230
42233
42233
42236
42238
42242
42243
42245
42245
42246
42249
42250
42252
42255
42255
42258
42259
42259
42259
42260
42261
42263
42265
42266
42268
42269
42270
42274
42277
42278
42278
42280
42285
42286
42288
42289
42290
42290
42291
42291
42292
42292
42292
42293
42293
42294
42295
42296
42298
42298
42299
42302
42304
42306
42306
42306
42306
42306
42306
42308
42308
42309
42310
42310
42311
42311
42311
42312
42313
42313
42314
42315
42315
42317
42317
42318
42320
42321
42321
42322
42322
42324
42325
42326
42328
42329
42329
42331
42332
42334
42334
42335
42335
42336
42336
42336
42337
42337
42337
42338
42341
42343
42343
42344
42344
42346
42348
42348
42350
42350
42351
42352
42358
42359
42360
42363
42369
42370
42370
42371
42371
42375
42375
42376
42376
42376
42377
42378
42380
42383
42384
42384
42387
42387
42388
42388
42389
42392
42393
42393
42395
42395
42403
42404
42405
42412
42412
42412
42413
42414
42414
42415
42419
42421
42422
42423
42425
42425
42427
42428
42429
42430
42433
42434
42435
42436
42436
42436
42437
42440
42441
42441
42442
42443
42445
42447
42447
42449
42450
42450
42452
42454
42457
42457
42460
42460
42461
42461
42462
42463
42465
42468
42470
42472
42472
42473
42474
42476
42477
42480
42487
42487
42488
42489
42490
42491
42492
42495
42498
42498
42502
42503
42504
42505
42506
42508
42509
42512
42513
42516
42519
42519
42520
42523
42523
42523
42524
42527
42528
42530
42535
42535
42538
42538
42539
42540
42540
42541
42542
42542
42543
42543
42543
42544
42544
42545
42547
42548
42550
42551
42551
42552
42555
42555
42555
42556
42558
42561
42561
42562
42564
42566
42567
42567
42569
42572
42572
42574
42575
42578
42578
42580
42581
42583
42583
42583
42584
42586
42587
42587
42588
42588
42589
42594
42595
42595
42601
42602
42602
42602
42602
42605
42605
42609
42609
42610
42611
42613
42615
42615
42617
42624
42624
42624
42625
42625
42631
42632
42632
42636
42637
42638
42638
42639
42642
42643
42645
42646
42647
42648
42648
42651
42653
42655
42655
42656
42656
42657
42658
42660
42661
42661
42661
42662
42663
42667
42669
42670
42670
42671
42672
42673
42673
42674
42674
42678
42680
42682
42683
42685
42688
42689
42691
42692
42692
42693
42693
42694
42696
42696
42702
42702
42703
42704
42706
42706
42706
42707
42709
42709
42710
42710
42710
42710
42713
42714
42717
42719
42722
42725
42725
42726
42727
42730
42730
42731
42731
42731
42732
42732
42733
42733
42734
42736
42740
42741
42742
42743
42744
42748
42748
42749
42749
42750
42750
42752
42753
42755
42757
42759
42761
42764
42766
42768
42771
42773
42773
42776
42777
42777
42778
42778
42778
42779
42782
42784
42784
42785
42785
42786
42787
42788
42789
42793
42794
42798
42801
42802
42805
42807
42808
42808
42809
42812
42812
42812
42813
42813
42813
42814
42817
42819
42823
42825
42825
42826
42829
42830
42833
42833
42837
42837
42837
42839
42843
42843
42844
42844
42844
42846
42846
42850
42852
42854
42854
42854
42856
42860
42862
42862
42869
42871
42871
42874
42876
42878
42878
42878
42882
42882
42885
42887
42888
42889
42890
42891
42894
42896
42898
42898
42898
42899
42899
42902
42904
42905
42906
42909
42911
42912
42913
42914
42920
42920
42921
42925
42925
42927
42927
42927
42929
42930
42930
42930
42931
42932
42933
42933
42934
42935
42937
42938
42940
42941
42945
42951
42957
42957
42959
42959
42960
42960
42961
42961
42962
42962
42969
42969
42970
42971
42973
42975
42975
42976
42977
42978
42978
42978
42982
42983
42983
42984
42985
42990
42992
42992
42992
42995
42995
42996
42996
42997
42998
42998
42998
43000
43001
43002
43003
43003
43003
43007
43007
43007
43009
43010
43011
43012
43014
43014
43015
43015
43019
43021
43022
43023
43023
43023
43023
43025
43025
43028
43029
43030
43032
43032
43033
43036
43036
43036
43038
43039
43039
43042
43049
43049
43049
43052
43053
43054
43056
43058
43058
43058
43058
43059
43060
43061
43062
43065
43065
43066
43067
43069
43071
43072
43073
43075
43075
43076
43076
43077
43078
43079
43079
43080
43081
43082
43082
43082
43082
43084
43085
43086
43086
43087
43089
43090
43091
43091
43091
43092
43093
43095
43096
43098
43099
43102
43106
43106
43106
43108
43109
43112
43113
43113
43113
43114
43116
43118
43122
43122
43122
43123
43125
43127
43127
43127
43128
43129
43129
43132
43133
43134
43135
43135
43137
43142
43143
43143
43143
43144
43145
43146
43148
43149
43150
43152
43153
43153
43153
43154
43156
43159
43160
43161
43162
43164
43166
43166
43168
43169
43171
43175
43177
43181
43181
43184
43186
43187
43188
43189
43190
43192
43193
43194
43195
43196
43199
43200
43201
43202
43203
43204
43206
43206
43208
43208
43210
43210
43211
43211
43211
43211
43212
43212
43213
43214
43214
43214
43216
43216
43217
43220
43221
43222
43225
43229
43229
43229
43229
43232
43238
43238
43238
43239
43240
43240
43241
43242
43244
43244
43247
43250
43250
43250
43251
43252
43252
43252
43254
43256
43257
43258
43264
43264
43265
43265
43266
43266
43267
43267
43275
43275
43276
43278
43278
43279
43281
43283
43288
43292
43292
43292
43294
43295
43296
43297
43299
43302
43303
43303
43304
43305
43305
43306
43307
43309
43310
43311
43312
43312
43313
43316
43318
43319
43319
43325
43327
43329
43329
43332
43335
43336
43336
43337
43337
43341
43343
43345
43348
43350
43353
43353
43355
43356
43356
43357
43357
43359
43361
43361
43362
43363
43363
43363
43366
43367
43368
43368
43372
43377
43378
43379
43379
43379
43380
43381
43383
43388
43390
43391
43391
43394
43396
43396
43397
43397
43397
43401
43401
43403
43404
43404
43405
43406
43407
43409
43409
43410
43411
43412
43416
43419
43419
43420
43420
43421
43422
43426
43427
43428
43429
43432
43438
43439
43440
43442
43443
43443
43444
43445
43448
43452
43453
43453
43456
43457
43457
43461
43461
43461
43461
43462
43465
43466
43466
43469
43469
43469
43472
43476
43477
43477
43478
43480
43480
43481
43482
43483
43483
43487
43490
43490
43492
43492
43495
43495
43497
43497
43498
43500
43501
43502
43503
43503
43504
43504
43505
43509
43510
43510
43512
43512
43513
43516
43517
43520
43520
43523
43523
43524
43524
43528
43530
43530
43531
43531
43533
43533
43536
43541
43543
43544
43544
43545
43546
43546
43547
43547
43553
43555
43555
43556
43560
43560
43560
43561
43561
43562
43562
43563
43564
43564
43565
43565
43565
43565
43566
43567
43568
43569
43569
43570
43571
43577
43579
43585
43586
43587
43587
43587
43589
43591
43594
43594
43594
43597
43597
43597
43599
43600
43601
43601
43602
43605
43606
43606
43606
43608
43609
43610
43610
43612
43613
43613
43614
43616
43619
43620
43622
43623
43623
43624
43625
43625
43625
43626
43629
43633
43635
43635
43638
43641
43641
43642
43643
43643
43645
43649
43649
43657
43658
43658
43659
43659
43660
43661
43664
43664
43665
43665
43667
43667
43667
43672
43672
43673
43676
43678
43679
43679
43681
43683
43683
43683
43686
43686
43686
43688
43688
43688
43689
43689
43693
43693
43694
43695
43696
43696
43699
43700
43701
43702
43702
43702
43703
43703
43706
43707
43708
43708
43711
43712
43715
43716
43719
43721
43722
43722
43722
43725
43728
43729
43731
43731
43731
43738
43738
43739
43740
43742
43742
43743
43743
43743
43743
43744
43749
43750
43751
43753
43753
43753
43754
43755
43756
43757
43758
43758
43760
43761
43763
43764
43765
43765
43765
43766
43767
43768
43769
43769
43770
43771
43772
43773
43774
43780
43780
43782
43787
43789
43789
43789
43790
43790
43791
43793
43795
43797
43798
43799
43800
43800
43802
43808
43810
43812
43812
43813
43813
43815
43819
43819
43820
43820
43822
43823
43824
43824
43829
43830
43830
43830
43835
43835
43836
43839
43839
43840
43841
43842
43844
43848
43848
43848
43851
43851
43851
43858
43861
43861
43862
43863
43864
43867
43867
43867
43867
43868
43869
43870
43871
43873
43875
43876
43876
43877
43879
43881
43882
43882
43885
43885
43885
43886
43889
43890
43890
43891
43892
43893
43894
43894
43895
43898
43904
43907
43907
43907
43907
43908
43909
43910
43911
43918
43918
43918
43919
43920
43922
43922
43923
43924
43925
43925
43927
43928
43931
43933
43934
43936
43937
43937
43938
43939
43939
43939
43943
43946
43948
43948
43949
43949
43950
43951
43951
43951
43953
43954
43954
43955
43956
43960
43960
43962
43963
43963
43965
43966
43967
43968
43971
43972
43972
43972
43974
43976
43978
43978
43978
43979
43980
43982
43983
43984
43985
43985
43988
43990
43991
43992
43995
43995
43996
43997
44002
44002
44003
44005
44006
44007
44008
44009
44009
44010
44011
44012
44014
44014
44014
44022
44023
44024
44025
44025
44027
44030
44030
44031
44033
44035
44041
44041
44042
44043
44044
44046
44046
44047
44047
44049
44050
44050
44051
44052
44052
44052
44053
44055
44056
44056
44056
44058
44060
44061
44064
44065
44067
44068
44069
44071
44073
44074
44075
44076
44077
44080
44081
44081
44081
44081
44082
44082
44085
44085
44086
44088
44088
44091
44092
44093
44093
44094
44095
44095
44096
44100
44101
44103
44104
44105
44106
44106
44107
44109
44113
44114
44114
44116
44116
44117
44118
44120
44122
44122
44123
44126
44126
44129
44133
44139
44139
44139
44140
44142
44143
44144
44147
44149
44151
44152
44152
44153
44156
44157
44158
44160
44160
44161
44162
44162
44164
44164
44164
44164
44172
44172
44174
44175
44177
44177
44184
44187
44187
44187
44190
44191
44191
44191
44192
44192
44196
44196
44198
44198
44200
44205
44207
44207
44208
44212
44215
44216
44216
44218
44219
44219
44219
44221
44222
44223
44226
44226
44228
44229
44230
44230
44232
44232
44233
44234
44238
44239
44239
44240
44243
44245
44246
44249
44250
44251
44251
44251
44253
44255
44255
44257
44260
44261
44263
44266
44267
44267
44268
44269
44269
44270
44271
44272
44272
44277
44277
44279
44280
44281
44282
44283
44283
44286
44286
44287
44293
44293
44294
44294
44295
44296
44297
44304
44304
44309
44310
44310
44313
44313
44315
44315
44315
44315
44315
44316
44319
44320
44320
44321
44322
44324
44326
44327
44328
44330
44331
44331
44332
44333
44333
44334
44335
44336
44338
44340
44340
44346
44350
44351
44351
44355
44356
44359
44362
44362
44364
44365
44366
44366
44367
44367
44367
44368
44368
44369
44370
44371
44374
44376
44376
44376
44377
44379
44379
44381
44381
44383
44383
44383
44387
44387
44388
44395
44395
44395
44396
44396
44397
44397
44398
44398
44399
44401
44402
44404
44405
44406
44408
44409
44409
44409
44410
44410
44412
44413
44413
44414
44414
44415
44417
44418
44419
44420
44422
44423
44423
44424
44424
44424
44426
44430
44430
44432
44434
44434
44435
44437
44438
44442
44443
44443
44444
44444
44448
44450
44451
44451
44451
44454
44454
44454
44457
44458
44458
44458
44459
44459
44462
44470
44471
44471
44476
44476
44478
44483
44483
44487
44490
44490
44492
44492
44492
44493
44494
44494
44495
44497
44498
44502
44502
44503
44504
44505
44511
44511
44512
44514
44514
44515
44516
44518
44518
44522
44522
44524
44531
44534
44534
44537
44538
44538
44539
44541
44541
44543
44545
44545
44545
44545
44545
44549
44552
44553
44554
44554
44555
44555
44557
44558
44559
44561
44561
44562
44564
44566
44567
44567
44569
44572
44572
44573
44573
44576
44577
44578
44578
44583
44583
44586
44589
44591
44592
44592
44592
44594
44595
44600
44601
44601
44602
44603
44604
44606
44608
44609
44609
44609
44610
44610
44611
44612
44613
44615
44615
44615
44619
44619
44622
44624
44624
44624
44625
44625
44628
44628
44629
44631
44631
44634
44635
44635
44636
44637
44640
44643
44643
44645
44646
44648
44649
44649
44651
44652
44654
44654
44655
44655
44655
44656
44657
44660
44660
44661
44661
44662
44662
44665
44666
44667
44669
44669
44669
44672
44673
44674
44677
44679
44679
44680
44681
44682
44683
44683
44686
44687
44688
44689
44694
44695
44695
44696
44696
44697
44697
44700
44701
44702
44703
44704
44706
44707
44707
44708
44708
44709
44711
44712
44712
44712
44717
44720
44720
44721
44723
44723
44725
44725
44728
44729
44732
44733
44735
44737
44737
44742
44743
44744
44747
44748
44750
44752
44753
44757
44760
44763
44763
44768
44768
44768
44770
44770
44771
44775
44776
44777
44779
44780
44782
44784
44786
44789
44790
44790
44791
44793
44793
44793
44795
44795
44796
44797
44799
44802
44803
44804
44805
44806
44807
44807
44808
44808
44809
44809
44809
44809
44810
44815
44816
44817
44819
44820
44821
44824
44828
44828
44829
44830
44830
44832
44833
44836
44839
44839
44843
44844
44846
44849
44853
44853
44854
44854
44857
44857
44858
44859
44860
44860
44860
44861
44862
44866
44866
44867
44867
44869
44869
44869
44870
44870
44871
44871
44871
44873
44874
44874
44875
44877
44878
44878
44879
44881
44882
44884
44884
44885
44886
44886
44887
44889
44892
44893
44894
44895
44896
44896
44899
44900
44900
44900
44907
44907
44908
44909
44910
44910
44912
44913
44915
44915
44915
44917
44917
44917
44918
44919
44919
44920
44923
44924
44924
44924
44926
44926
44928
44930
44930
44931
44933
44936
44937
44937
44937
44938
44939
44940
44940
44942
44944
44947
44947
44947
44955
44959
44961
44962
44963
44964
44965
44967
44968
44973
44975
44976
44977
44977
44978
44980
44980
44983
44984
44984
44989
44990
44990
44991
44993
44993
44995
44996
44998
44999
45000
45000
45002
45002
45002
45002
45003
45003
45004
45007
45009
45010
45010
45010
45011
45012
45015
45016
45023
45025
45025
45032
45032
45033
45033
45035
45036
45041
45043
45044
45044
45046
45049
45052
45055
45058
45058
45060
45060
45064
45064
45065
45065
45072
45073
45078
45079
45079
45080
45082
45083
45085
45091
45092
45094
45094
45094
45097
45097
45098
45099
45100
45101
45102
45104
45109
45116
45116
45118
45118
45119
45122
45123
45123
45124
45124
45126
45127
45129
45130
45130
45130
45134
45134
45138
45139
45142
45144
45144
45145
45145
45147
45148
45149
45150
45150
45150
45150
45151
45152
45152
45152
45153
45154
45154
45156
45157
45158
45159
45159
45159
45160
45161
45167
45167
45168
45169
45170
45170
45172
45174
45175
45176
45177
45178
45179
45180
45182
45184
45185
45185
45186
45187
45187
45188
45191
45191
45192
45194
45194
45197
45200
45204
45205
45206
45206
45208
45209
45210
45211
45211
45212
45216
45216
45217
45218
45218
45219
45219
45221
45225
45225
45226
45228
45229
45230
45230
45231
45231
45232
45234
45234
45234
45235
45239
45239
45239
45240
45241
45242
45244
45251
45252
45252
45254
45255
45255
45259
45260
45260
45261
45264
45264
45267
45268
45268
45270
45271
45271
45272
45274
45278
45280
45280
45282
45283
45284
45285
45287
45289
45290
45297
45298
45301
45307
45307
45308
45311
45312
45313
45314
45315
45316
45319
45319
45320
45320
45321
45321
45321
45322
45323
45323
45323
45324
45325
45326
45329
45329
45330
45340
45341
45342
45343
45343
45343
45344
45344
45348
45352
45352
45354
45355
45356
45356
45359
45359
45360
45361
45363
45364
45364
45364
45365
45367
45367
45368
45368
45371
45372
45373
45374
45374
45375
45377
45379
45380
45381
45382
45383
45383
45384
45384
45385
45388
45388
45391
45392
45394
45394
45395
45401
45402
45403
45404
45406
45412
45414
45415
45415
45416
45417
45418
45419
45422
45422
45425
45432
45433
45437
45445
45448
45450
45450
45450
45451
45451
45451
45452
45452
45452
45453
45453
45459
45461
45462
45462
45463
45463
45464
45464
45465
45465
45465
45468
45469
45470
45470
45472
45473
45478
45481
45481
45482
45482
45483
45483
45487
45489
45489
45491
45493
45493
45493
45495
45495
45496
45496
45498
45499
45499
45499
45500
45501
45501
45502
45505
45505
45507
45508
45509
45511
45513
45513
45514
45514
45515
45516
45516
45518
45519
45521
45521
45522
45525
45530
45531
45534
45536
45538
45540
45541
45542
45545
45549
45549
45550
45551
45551
45552
45552
45553
45553
45553
45556
45556
45558
45558
45559
45561
45562
45564
45565
45566
45568
45568
45570
45571
45571
45571
45571
45571
45573
45578
45578
45579
45582
45583
45584
45584
45589
45589
45591
45592
45592
45596
45596
45598
45600
45601
45601
45604
45604
45605
45605
45607
45610
45613
45617
45620
45620
45624
45624
45624
45625
45625
45625
45625
45626
45627
45629
45631
45633
45634
45637
45639
45641
45641
45642
45645
45645
45647
45647
45649
45652
45652
45652
45652
45652
45653
45653
45654
45658
45662
45663
45666
45667
45667
45667
45669
45670
45671
45671
45672
45672
45672
45672
45673
45673
45674
45674
45676
45677
45677
45682
45683
45683
45683
45684
45687
45688
45688
45689
45690
45690
45691
45692
45693
45694
45696
45697
45698
45698
45698
45700
45702
45702
45703
45704
45706
45709
45710
45710
45712
45713
45714
45716
45717
45719
45719
45721
45723
45725
45725
45726
45727
45728
45728
45732
45735
45735
45737
45737
45739
45739
45740
45740
45741
45742
45743
45747
45752
45753
45754
45754
45754
45759
45764
45765
45769
45770
45772
45774
45774
45775
45775
45776
45778
45781
45783
45783
45784
45784
45786
45788
45788
45788
45790
45790
45793
45794
45797
45801
45801
45801
45802
45803
45803
45804
45807
45808
45810
45810
45811
45812
45812
45816
45819
45821
45821
45822
45824
45826
45833
45836
45836
45836
45836
45841
45841
45843
45843
45845
45846
45846
45847
45848
45850
45855
45858
45858
45858
45859
45859
45860
45860
45862
45865
45867
45869
45870
45870
45874
45874
45878
45878
45880
45880
45884
45885
45885
45885
45886
45888
45893
45893
45894
45894
45894
45895
45900
45901
45901
45902
45904
45905
45907
45907
45910
45912
45913
45915
45915
45916
45918
45918
45920
45921
45923
45923
45924
45925
45927
45928
45928
45929
45930
45931
45932
45933
45936
45937
45938
45939
45940
45942
45943
45944
45945
45946
45947
45949
45949
45949
45952
45958
45962
45963
45963
45965
45968
45968
45968
45968
45969
45971
45972
45974
45975
45975
45976
45978
45978
45978
45979
45980
45982
45983
45983
45985
45986
45987
45988
45988
45988
45990
45991
45993
45997
45997
45999
45999
45999
46000
46003
46004
46006
46010
46013
46015
46015
46016
46016
46018
46019
46020
46021
46027
46028
46028
46028
46033
46034
46034
46034
46036
46036
46038
46041
46044
46045
46046
46046
46047
46047
46049
46050
46051
46057
46060
46061
46062
46065
46067
46070
46073
46073
46073
46073
46074
46074
46076
46076
46078
46082
46084
46084
46088
46089
46093
46094
46094
46095
46097
46099
46100
46103
46103
46103
46104
46105
46105
46106
46106
46106
46108
46111
46113
46115
46116
46117
46117
46119
46121
46122
46122
46123
46123
46123
46124
46126
46126
46127
46128
46131
46131
46132
46135
46135
46135
46136
46138
46139
46139
46140
46141
46144
46144
46146
46148
46148
46152
46153
46153
46154
46160
46160
46160
46161
46161
46162
46164
46168
46169
46170
46172
46172
46174
46175
46175
46176
46176
46178
46178
46179
46181
46183
46185
46186
46186
46188
46190
46191
46191
46191
46192
46192
46193
46193
46195
46197
46197
46197
46199
46200
46204
46204
46205
46208
46209
46212
46212
46213
46214
46214
46215
46221
46222
46223
46223
46224
46225
46227
46231
46231
46231
46231
46232
46233
46233
46235
46235
46237
46237
46238
46238
46239
46240
46241
46242
46243
46244
46245
46245
46248
46249
46250
46252
46253
46253
46254
46255
46256
46256
46257
46257
46258
46259
46262
46265
46265
46266
46268
46268
46269
46274
46275
46278
46280
46282
46282
46282
46282
46284
46284
46286
46289
46289
46291
46292
46292
46295
46295
46296
46296
46297
46298
46299
46301
46301
46301
46303
46303
46306
46307
46307
46308
46308
46308
46312
46315
46315
46316
46320
46320
46323
46323
46327
46327
46327
46328
46328
46332
46333
46334
46334
46336
46337
46340
46346
46347
46348
46349
46350
46353
46353
46354
46356
46357
46357
46360
46362
46362
46364
46365
46370
46371
46372
46373
46375
46376
46376
46377
46378
46378
46379
46382
46384
46385
46386
46386
46387
46388
46388
46389
46394
46395
46395
46396
46396
46397
46397
46398
46402
46404
46406
46407
46407
46411
46413
46414
46415
46415
46417
46418
46419
46421
46425
46425
46425
46427
46427
46428
46428
46432
46433
46434
46436
46437
46437
46437
46444
46444
46444
46445
46446
46446
46447
46447
46448
46455
46459
46461
46463
46465
46465
46465
46466
46467
46468
46471
46472
46473
46474
46474
46477
46480
46480
46481
46482
46483
46489
46490
46490
46493
46495
46495
46496
46496
46496
46497
46497
46499
46503
46506
46507
46509
46509
46514
46514
46515
46517
46523
46524
46524
46524
46525
46528
46529
46530
46530
46530
46533
46533
46534
46536
46536
46536
46537
46538
46538
46540
46541
46542
46543
46544
46545
46546
46546
46548
46551
46552
46553
46556
46556
46556
46557
46557
46558
46561
46561
46562
46563
46567
46568
46569
46569
46571
46572
46573
46574
46574
46579
46582
46584
46584
46586
46589
46595
46595
46597
46599
46602
46604
46605
46607
46608
46609
46611
46611
46612
46616
46616
46617
46618
46619
46621
46621
46621
46622
46622
46622
46623
46623
46628
46629
46630
46631
46632
46634
46634
46635
46635
46636
46639
46639
46642
46642
46643
46646
46647
46648
46649
46650
46651
46652
46652
46652
46653
46653
46655
46656
46657
46658
46662
46665
46666
46666
46667
46668
46669
46669
46670
46670
46671
46673
46673
46675
46675
46676
46679
46679
46680
46680
46680
46681
46681
46685
46686
46688
46696
46696
46696
46697
46699
46699
46701
46702
46702
46709
46709
46710
46712
46716
46718
46720
46721
46721
46722
46723
46723
46727
46731
46731
46733
46735
46736
46736
46736
46737
46742
46745
46745
46747
46747
46748
46748
46751
46751
46751
46755
46756
46757
46759
46762
46763
46765
46766
46766
46766
46767
46768
46768
46768
46770
46772
46775
46777
46779
46779
46781
46783
46786
46786
46786
46786
46786
46787
46789
46791
46792
46794
46796
46797
46799
46800
46800
46800
46803
46806
46806
46806
46806
46808
46809
46809
46811
46811
46812
46815
46815
46817
46817
46820
46821
46823
46824
46827
46829
46831
46834
46835
46835
46836
46840
46840
46842
46842
46845
46845
46846
46846
46846
46847
46848
46850
46852
46853
46855
46857
46857
46858
46860
46861
46861
46862
46865
46867
46867
46867
46870
46870
46871
46871
46871
46872
46873
46879
46880
46883
46883
46884
46885
46886
46887
46888
46890
46894
46894
46895
46896
46897
46899
46900
46902
46902
46902
46903
46908
46911
46913
46913
46915
46917
46918
46919
46920
46920
46921
46923
46924
46925
46926
46929
46930
46932
46932
46932
46934
46935
46935
46936
46938
46945
46947
46947
46950
46951
46952
46953
46954
46962
46962
46963
46964
46966
46968
46972
46973
46973
46974
46975
46976
46979
46980
46980
46981
46982
46982
46982
46986
46988
46989
46992
46992
46992
46994
46994
46995
46996
46998
46998
46999
47000
47001
47004
47008
47011
47013
47014
47016
47018
47022
47023
47024
47029
47030
47033
47034
47035
47036
47038
47040
47041
47043
47044
47044
47044
47045
47046
47047
47047
47051
47052
47053
47059
47059
47059
47062
47064
47067
47069
47070
47071
47071
47071
47074
47074
47075
47076
47077
47079
47079
47081
47082
47083
47084
47084
47084
47086
47086
47088
47088
47089
47090
47090
47090
47091
47091
47092
47092
47092
47095
47095
47096
47096
47096
47098
47098
47100
47101
47101
47102
47103
47104
47109
47109
47109
47109
47110
47111
47116
47116
47117
47119
47119
47121
47122
47122
47123
47124
47125
47126
47128
47129
47129
47129
47130
47130
47131
47132
47134
47134
47135
47136
47140
47141
47142
47142
47142
47145
47145
47146
47146
47146
47147
47149
47151
47152
47152
47153
47154
47157
47158
47159
47159
47160
47160
47160
47161
47163
47164
47167
47168
47169
47170
47171
47171
47174
47175
47177
47177
47178
47179
47179
47183
47183
47184
47187
47189
47190
47191
47195
47199
47199
47199
47205
47206
47207
47208
47209
47209
47212
47213
47213
47214
47217
47222
47222
47223
47223
47229
47233
47235
47235
47236
47236
47236
47237
47238
47238
47239
47239
47241
47242
47244
47244
47247
47250
47251
47253
47254
47257
47258
47258
47259
47260
47261
47261
47261
47262
47263
47264
47265
47267
47269
47269
47271
47273
47273
47273
47274
47274
47275
47277
47278
47279
47281
47284
47285
47285
47287
47290
47292
47293
47293
47294
47294
47295
47295
47297
47299
47299
47299
47299
47300
47302
47304
47304
47307
47308
47309
47312
47313
47316
47316
47317
47317
47318
47319
47321
47321
47323
47323
47324
47327
47328
47329
47331
47333
47334
47336
47337
47340
47341
47345
47345
47347
47347
47347
47351
47354
47360
47360
47361
47361
47361
47362
47363
47363
47364
47365
47366
47369
47369
47371
47372
47373
47374
47375
47377
47377
47378
47380
47380
47383
47383
47383
47384
47388
47391
47394
47394
47395
47396
47397
47399
47400
47401
47406
47408
47408
47410
47411
47412
47413
47414
47415
47418
47420
47422
47423
47423
47423
47423
47424
47424
47425
47425
47427
47431
47431
47431
47431
47432
47433
47435
47436
47437
47438
47440
47441
47442
47442
47445
47448
47448
47450
47452
47454
47454
47455
47459
47459
47460
47461
47465
47465
47467
47468
47469
47469
47470
47475
47475
47476
47477
47482
47482
47483
47488
47488
47492
47493
47493
47493
47495
47495
47499
47502
47502
47504
47504
47508
47509
47510
47510
47512
47512
47515
47515
47516
47518
47519
47520
47520
47521
47522
47523
47523
47524
47524
47525
47525
47525
47528
47529
47529
47534
47535
47535
47536
47537
47539
47539
47540
47541
47544
47544
47548
47548
47552
47552
47553
47554
47555
47555
47558
47559
47560
47561
47565
47566
47567
47570
47571
47571
47576
47578
47581
47581
47583
47583
47585
47586
47587
47591
47591
47591
47591
47592
47595
47596
47598
47599
47599
47601
47601
47601
47603
47603
47605
47607
47607
47608
47608
47608
47611
47612
47612
47614
47615
47615
47618
47620
47621
47623
47624
47627
47627
47630
47630
47634
47634
47634
47635
47635
47636
47638
47642
47644
47644
47646
47646
47647
47649
47651
47652
47656
47658
47659
47660
47660
47661
47662
47662
47664
47664
47664
47666
47667
47670
47670
47671
47674
47675
47678
47678
47679
47679
47681
47684
47685
47686
47686
47687
47688
47688
47689
47690
47690
47693
47693
47695
47695
47696
47696
47697
47697
47698
47703
47704
47705
47706
47707
47710
47710
47712
47714
47717
47719
47719
47723
47729
47729
47731
47733
47733
47733
47735
47738
47738
47739
47741
47741
47745
47746
47746
47749
47751
47751
47751
47752
47756
47756
47758
47758
47758
47759
47759
47759
47761
47761
47762
47763
47763
47764
47766
47767
47767
47768
47769
47771
47771
47772
47775
47777
47777
47784
47785
47787
47788
47789
47790
47792
47793
47795
47797
47797
47800
47801
47802
47802
47804
47805
47805
47806
47809
47810
47811
47811
47813
47814
47814
47814
47818
47818
47821
47822
47823
47827
47830
47830
47832
47833
47834
47835
47836
47837
47837
47841
47843
47845
47845
47845
47846
47849
47851
47852
47852
47854
47865
47865
47867
47867
47869
47871
47871
47873
47876
47879
47880
47881
47882
47883
47884
47886
47887
47888
47891
47891
47900
47900
47902
47905
47906
47907
47908
47912
47914
47917
47921
47922
47922
47922
47925
47925
47926
47929
47930
47931
47933
47933
47933
47936
47937
47938
47938
47939
47941
47941
47946
47948
47948
47949
47951
47952
47953
47955
47956
47957
47958
47958
47959
47959
47962
47965
47968
47971
47971
47976
47976
47976
47976
47981
47984
47986
47987
47988
47990
47992
47993
47996
47997
47998
47998
47998
47999
48000
48000
48001
48001
48002
48004
48008
48008
48010
48011
48014
48015
48020
48023
48024
48024
48025
48025
48026
48028
48031
48033
48033
48033
48034
48035
48035
48035
48036
48036
48038
48038
48038
48039
48043
48044
48046
48046
48047
48047
48049
48050
48050
48051
48052
48052
48052
48053
48053
48054
48055
48057
48057
48058
48058
48062
48063
48064
48065
48070
48070
48071
48072
48072
48073
48073
48073
48074
48074
48076
48079
48080
48080
48081
48081
48085
48085
48086
48087
48089
48089
48089
48090
48092
48095
48095
48095
48096
48097
48098
48101
48103
48103
48104
48105
48107
48112
48116
48116
48117
48120
48120
48121
48122
48123
48124
48124
48128
48128
48133
48134
48137
48138
48140
48143
48144
48147
48147
48148
48148
48148
48149
48149
48149
48152
48157
48159
48161
48162
48162
48163
48165
48165
48165
48166
48168
48168
48171
48172
48173
48174
48175
48176
48176
48177
48178
48178
48178
48178
48179
48180
48180
48183
48183
48183
48184
48184
48184
48184
48184
48184
48185
48186
48188
48189
48190
48190
48191
48191
48192
48194
48195
48195
48196
48196
48197
48198
48201
48201
48202
48202
48203
48203
48206
48207
48208
48210
48211
48212
48214
48214
48214
48216
48217
48218
48219
48219
48221
48222
48223
48223
48224
48224
48225
48225
48228
48229
48231
48236
48238
48240
48242
48242
48245
48245
48245
48246
48247
48250
48250
48251
48251
48252
48252
48254
48254
48256
48258
48259
48264
48264
48266
48266
48267
48267
48268
48268
48269
48271
48272
48272
48272
48274
48275
48278
48282
48283
48285
48286
48288
48289
48289
48292
48293
48294
48295
48295
48297
48297
48297
48297
48298
48300
48300
48303
48303
48304
48304
48311
48312
48313
48315
48317
48318
48318
48319
48320
48321
48324
48325
48325
48326
48327
48329
48331
48335
48338
48340
48341
48343
48344
48344
48344
48346
48347
48348
48349
48350
48352
48353
48357
48357
48360
48360
48361
48362
48362
48363
48364
48364
48364
48368
48368
48369
48370
48370
48371
48372
48374
48375
48375
48377
48378
48379
48379
48381
48382
48384
48387
48389
48391
48392
48393
48394
48396
48397
48398
48398
48398
48398
48401
48401
48402
48403
48408
48409
48412
48415
48416
48417
48417
48419
48421
48422
48422
48424
48424
48426
48426
48428
48429
48430
48431
48433
48435
48437
48438
48438
48439
48440
48441
48443
48444
48445
48445
48445
48448
48449
48450
48450
48451
48451
48451
48454
48457
48457
48458
48458
48459
48460
48460
48461
48461
48463
48463
48465
48466
48466
48466
48472
48474
48475
48477
48477
48481
48481
48481
48482
48483
48486
48486
48487
48488
48490
48490
48491
48491
48493
48494
48496
48496
48501
48502
48503
48506
48508
48508
48512
48512
48512
48513
48514
48514
48514
48515
48516
48517
48518
48518
48520
48521
48525
48525
48526
48528
48530
48531
48532
48534
48534
48535
48536
48537
48537
48539
48540
48540
48541
48541
48545
48545
48545
48546
48546
48549
48550
48553
48554
48558
48561
48562
48563
48563
48564
48565
48565
48566
48567
48572
48574
48574
48574
48574
48574
48575
48575
48577
48581
48583
48583
48583
48585
48587
48587
48588
48588
48589
48589
48591
48592
48592
48592
48592
48593
48593
48594
48596
48598
48602
48602
48602
48605
48605
48608
48609
48610
48611
48612
48612
48615
48616
48617
48617
48617
48618
48618
48619
48620
48620
48620
48620
48622
48626
48628
48631
48632
48635
48636
48637
48639
48640
48640
48640
48640
48643
48645
48649
48653
48654
48654
48654
48655
48657
48658
48659
48659
48662
48662
48668
48668
48669
48670
48673
48677
48679
48680
48684
48684
48684
48685
48685
48688
48688
48689
48690
48690
48691
48692
48694
48695
48697
48699
48699
48699
48704
48705
48706
48706
48707
48708
48710
48716
48718
48720
48723
48724
48724
48728
48728
48729
48729
48729
48730
48730
48730
48735
48735
48735
48735
48735
48736
48736
48741
48741
48742
48745
48748
48749
48749
48751
48756
48757
48758
48759
48760
48761
48765
48765
48766
48766
48767
48768
48771
48772
48774
48777
48778
48780
48781
48782
48782
48785
48786
48787
48788
48788
48788
48789
48790
48794
48796
48797
48797
48798
48798
48799
48801
48802
48803
48807
48808
48809
48809
48812
48817
48817
48817
48821
48823
48825
48827
48828
48828
48830
48831
48834
48838
48838
48838
48840
48841
48842
48843
48845
48846
48846
48847
48848
48849
48851
48852
48854
48855
48859
48860
48862
48868
48872
48872
48873
48874
48875
48875
48875
48878
48879
48881
48881
48883
48883
48886
48887
48889
48890
48894
48894
48895
48896
48897
48899
48900
48903
48903
48903
48906
48907
48908
48908
48910
48913
48914
48914
48918
48921
48921
48925
48926
48928
48929
48930
48930
48931
48933
48933
48940
48942
48943
48944
48945
48945
48945
48947
48947
48948
48948
48950
48953
48955
48956
48959
48960
48961
48961
48963
48963
48964
48966
48967
48967
48971
48972
48972
48973
48975
48977
48977
48977
48978
48978
48979
48982
48983
48984
48985
48986
48989
48990
48992
48993
48993
48995
48996
48997
48998
48999
49001
49003
49006
49006
49008
49008
49011
49013
49014
49014
49017
49018
49019
49020
49021
49021
49022
49023
49023
49023
49024
49028
49029
49029
49030
49030
49031
49032
49034
49037
49038
49039
49040
49042
49044
49054
49055
49056
49058
49059
49060
49060
49064
49066
49067
49070
49070
49073
49075
49075
49076
49078
49080
49081
49081
49083
49084
49085
49085
49086
49087
49090
49091
49092
49092
49094
49095
49095
49095
49096
49096
49097
49097
49100
49100
49101
49101
49101
49102
49103
49111
49112
49114
49115
49116
49117
49118
49119
49121
49122
49122
49123
49125
49127
49128
49128
49129
49129
49130
49134
49134
49134
49134
49135
49139
49140
49141
49143
49147
49150
49154
49155
49155
49155
49156
49156
49156
49157
49157
49162
49163
49171
49172
49172
49172
49173
49173
49174
49174
49177
49180
49181
49181
49183
49186
49186
49186
49188
49189
49190
49191
49192
49192
49194
49194
49197
49198
49198
49199
49200
49200
49202
49202
49207
49209
49210
49210
49211
49212
49213
49216
49217
49217
49219
49220
49221
49221
49224
49228
49228
49229
49230
49231
49232
49232
49234
49234
49234
49235
49235
49236
49236
49237
49239
49240
49243
49247
49248
49248
49249
49249
49251
49253
49255
49255
49256
49260
49261
49262
49263
49265
49265
49266
49267
49267
49269
49270
49270
49271
49273
49273
49273
49274
49274
49275
49275
49277
49277
49279
49280
49281
49281
49285
49288
49292
49292
49292
49293
49293
49293
49295
49295
49299
49299
49299
49300
49302
49305
49306
49307
49307
49309
49310
49310
49313
49316
49318
49319
49319
49324
49325
49325
49326
49327
49327
49329
49329
49330
49330
49331
49333
49333
49334
49338
49338
49341
49343
49343
49344
49348
49348
49348
49350
49350
49352
49352
49353
49355
49356
49358
49358
49359
49359
49360
49360
49360
49360
49361
49362
49363
49367
49367
49368
49368
49368
49369
49373
49377
49378
49378
49381
49381
49382
49383
49384
49385
49385
49385
49387
49387
49392
49393
49395
49396
49398
49400
49401
49404
49405
49407
49407
49409
49409
49409
49410
49411
49412
49413
49414
49414
49416
49418
49418
49419
49420
49422
49423
49423
49426
49427
49427
49428
49429
49430
49431
49431
49431
49432
49437
49437
49437
49438
49438
49440
49445
49446
49446
49447
49447
49452
49453
49453
49454
49455
49455
49458
49460
49461
49461
49462
49462
49464
49464
49465
49468
49471
49473
49474
49475
49476
49479
49480
49481
49482
49485
49488
49488
49491
49492
49498
49499
49500
49502
49507
49508
49508
49508
49512
49512
49512
49513
49514
49514
49514
49515
49515
49515
49516
49516
49520
49521
49523
49525
49527
49527
49528
49530
49531
49535
49537
49538
49539
49541
49544
49544
49546
49549
49553
49557
49559
49563
49565
49569
49569
49572
49574
49575
49575
49578
49579
49585
49585
49587
49590
49593
49593
49596
49597
49597
49598
49599
49601
49602
49602
49602
49603
49604
49605
49605
49607
49608
49609
49610
49619
49619
49621
49622
49623
49623
49626
49627
49628
49629
49630
49631
49631
49631
49631
49632
49632
49637
49637
49639
49639
49640
49643
49645
49646
49647
49649
49651
49651
49651
49655
49660
49661
49661
49662
49662
49664
49666
49669
49670
49671
49671
49671
49673
49674
49674
49675
49675
49676
49677
49678
49679
49680
49682
49688
49688
49688
49688
49696
49696
49696
49697
49697
49699
49699
49700
49702
49703
49703
49704
49707
49708
49709
49712
49713
49713
49714
49714
49716
49717
49717
49718
49719
49720
49721
49722
49723
49725
49729
49729
49729
49731
49736
49737
49741
49741
49742
49743
49745
49749
49749
49752
49752
49753
49753
49753
49754
49758
49761
49761
49761
49761
49764
49764
49765
49770
49770
49771
49774
49775
49777
49780
49780
49781
49785
49791
49794
49794
49797
49798
49800
49803
49803
49804
49805
49805
49811
49813
49813
49813
49816
49818
49819
49820
49820
49822
49823
49825
49826
49827
49828
49829
49831
49832
49833
49834
49835
49836
49836
49837
49839
49844
49844
49845
49845
49845
49846
49847
49848
49849
49849
49851
49853
49856
49856
49859
49859
49861
49862
49863
49863
49864
49865
49867
49868
49868
49870
49870
49870
49871
49872
49872
49873
49873
49874
49874
49876
49877
49877
49878
49880
49880
49882
49885
49886
49887
49888
49888
49891
49893
49896
49897
49898
49898
49900
49900
49903
49903
49905
49915
49915
49917
49917
49920
49920
49926
49927
49930
49930
49931
49932
49935
49935
49935
49936
49936
49939
49939
49945
49945
49948
49948
49948
49950
49951
49952
49954
49962
49963
49964
49966
49966
49966
49976
49980
49983
49984
49985
49985
49985
49986
49986
49986
49991
49992
49993
49995
49996
49997
49999
50000
50000
50000
50003
50011
50013
50015
50019
50021
50021
50022
50023
50023
50024
50025
50025
50027
50029
50031
50031
50034
50034
50036
50037
50038
50038
50042
50046
50047
50048
50050
50050
50050
50050
50050
50053
50053
50054
50057
50057
50062
50067
50068
50068
50069
50071
50071
50072
50072
50073
50073
50075
50075
50075
50077
50077
50077
50078
50079
50079
50083
50083
50084
50085
50086
50088
50088
50089
50090
50090
50093
50095
50097
50100
50101
50103
50103
50103
50106
50106
50107
50107
50109
50110
50111
50112
50113
50113
50114
50115
50116
50123
50123
50123
50130
50135
50136
50137
50138
50141
50141
50141
50141
50143
50144
50145
50145
50146
50146
50148
50153
50155
50157
50157
50157
50161
50161
50161
50162
50163
50164
50167
50168
50170
50171
50171
50175
50175
50181
50182
50184
50184
50184
50188
50188
50190
50191
50191
50192
50192
50192
50193
50194
50201
50201
50203
50203
50203
50204
50204
50205
50208
50208
50209
50210
50212
50213
50213
50215
50217
50217
50219
50222
50222
50223
50228
50231
50232
50234
50235
50237
50237
50238
50238
50238
50240
50240
50241
50241
50242
50244
50244
50244
50246
50247
50249
50249
50251
50253
50253
50258
50260
50261
50262
50264
50265
50266
50267
50267
50267
50267
50269
50269
50270
50271
50272
50273
50273
50275
50276
50276
50278
50282
50284
50285
50286
50287
50288
50289
50293
50293
50296
50296
50301
50302
50303
50303
50304
50305
50305
50308
50309
50309
50310
50313
50314
50316
50318
50318
50319
50323
50325
50325
50326
50326
50327
50328
50328
50330
50330
50330
50331
50331
50333
50334
50335
50337
50338
50338
50341
50342
50343
50347
50348
50349
50351
50351
50352
50353
50353
50355
50355
50359
50360
50362
50364
50364
50364
50365
50365
50368
50368
50370
50370
50371
50371
50374
50377
50378
50379
50380
50381
50381
50382
50384
50385
50385
50386
50387
50387
50390
50391
50392
50392
50395
50395
50395
50395
50396
50399
50400
50400
50406
50407
50407
50409
50412
50412
50413
50415
50417
50418
50419
50423
50424
50425
50426
50428
50429
50429
50431
50431
50432
50435
50438
50439
50442
50443
50443
50451
50454
50459
50466
50466
50467
50467
50467
50468
50471
50473
50474
50480
50481
50481
50483
50483
50485
50487
50488
50489
50490
50491
50492
50493
50493
50493
50495
50496
50497
50500
50503
50505
50506
50506
50508
50510
50512
50512
50514
50514
50515
50516
50516
50517
50518
50519
50519
50519
50520
50521
50522
50522
50523
50523
50524
50526
50526
50527
50532
50533
50536
50537
50538
50538
50541
50542
50542
50543
50552
50554
50558
50560
50560
50560
50563
50565
50565
50566
50567
50568
50568
50568
50569
50570
50570
50571
50571
50572
50573
50578
50578
50579
50580
50582
50582
50583
50585
50587
50587
50589
50589
50589
50590
50591
50592
50592
50593
50593
50594
50594
50595
50599
50600
50601
50602
50607
50608
50610
50611
50612
50615
50618
50619
50619
50620
50621
50622
50624
50625
50625
50625
50626
50630
50630
50631
50632
50634
50640
50641
50641
50644
50645
50646
50648
50649
50649
50649
50650
50650
50652
50654
50655
50658
50659
50661
50662
50663
50665
50666
50667
50667
50667
50671
50672
50672
50672
50675
50676
50676
50676
50678
50679
50682
50686
50688
50689
50693
50695
50695
50696
50697
50698
50699
50704
50705
50706
50706
50707
50710
50712
50715
50719
50720
50722
50723
50723
50724
50724
50726
50727
50728
50729
50729
50729
50732
50734
50735
50735
50736
50737
50740
50740
50741
50741
50741
50742
50744
50745
50745
50757
50758
50767
50769
50770
50771
50772
50773
50778
50780
50780
50781
50785
50786
50787
50787
50788
50788
50788
50791
50794
50794
50796
50796
50797
50798
50799
50802
50803
50803
50806
50808
50809
50810
50810
50813
50814
50815
50816
50820
50820
50821
50823
50824
50827
50828
50828
50830
50830
50830
50837
50837
50838
50840
50843
50843
50846
50847
50848
50848
50848
50850
50851
50851
50855
50856
50858
50859
50861
50862
50862
50867
50867
50869
50870
50870
50872
50876
50876
50878
50878
50880
50883
50884
50886
50886
50887
50887
50888
50890
50891
50892
50892
50894
50895
50896
50898
50899
50901
50904
50905
50908
50909
50910
50911
50911
50911
50911
50912
50912
50912
50913
50914
50916
50917
50918
50920
50921
50922
50925
50925
50926
50926
50927
50928
50928
50929
50930
50931
50931
50931
50932
50932
50933
50934
50935
50936
50937
50937
50938
50940
50942
50946
50947
50950
50955
50955
50956
50962
50963
50963
50964
50965
50965
50966
50969
50969
50969
50974
50975
50976
50977
50978
50979
50985
50988
50992
50993
50994
50996
50997
50997
51000
51001
51006
51007
51007
51007
51008
51009
51009
51010
51011
51013
51014
51015
51016
51016
51017
51018
51019
51020
51021
51022
51023
51023
51023
51026
51026
51029
51030
51031
51032
51033
51035
51036
51036
51039
51043
51044
51045
51047
51048
51048
51053
51055
51057
51058
51059
51060
51060
51062
51062
51065
51067
51068
51069
51069
51070
51071
51072
51075
51076
51078
51079
51082
51084
51085
51085
51085
51087
51088
51089
51090
51091
51092
51092
51092
51093
51096
51096
51097
51103
51105
51106
51108
51109
51109
51110
51110
51111
51111
51111
51113
51114
51116
51117
51119
51122
51123
51124
51126
51126
51127
51127
51133
51134
51134
51135
51136
51137
51139
51140
51140
51142
51144
51145
51148
51149
51151
51154
51154
51155
51156
51160
51160
51160
51160
51161
51164
51166
51168
51169
51170
51173
51173
51174
51175
51175
51175
51175
51176
51176
51178
51182
51184
51184
51186
51187
51187
51188
51188
51189
51190
51190
51191
51192
51193
51193
51196
51198
51200
51201
51204
51204
51205
51208
51210
51211
51212
51212
51213
51214
51216
51216
51217
51218
51219
51221
51222
51222
51224
51224
51224
51225
51228
51228
51228
51231
51232
51232
51232
51235
51235
51236
51238
51243
51244
51244
51245
51247
51248
51248
51251
51252
51254
51255
51256
51260
51261
51262
51262
51263
51265
51266
51266
51269
51271
51271
51272
51274
51274
51277
51277
51278
51279
51281
51282
51284
51284
51286
51286
51287
51287
51288
51289
51290
51290
51291
51291
51292
51292
51295
51297
51298
51299
51299
51301
51301
51301
51303
51303
51303
51305
51306
51307
51311
51312
51313
51314
51316
51317
51317
51318
51320
51327
51328
51328
51329
51329
51331
51331
51333
51333
51335
51335
51335
51335
51338
51338
51338
51339
51341
51341
51342
51342
51345
51345
51346
51346
51347
51348
51348
51349
51353
51354
51354
51355
51356
51357
51357
51358
51359
51359
51363
51363
51364
51370
51372
51372
51375
51375
51380
51383
51383
51384
51385
51385
51389
51389
51392
51394
51395
51397
51397
51399
51399
51399
51400
51400
51401
51401
51403
51408
51408
51409
51409
51410
51410
51415
51420
51421
51421
51421
51422
51422
51423
51423
51426
51427
51429
51430
51432
51433
51433
51435
51436
51437
51438
51440
51441
51441
51443
51450
51452
51452
51456
51457
51461
51461
51462
51462
51463
51465
51465
51466
51467
51473
51474
51475
51476
51480
51481
51484
51485
51487
51488
51488
51491
51492
51494
51496
51496
51497
51498
51499
51501
51502
51502
51504
51509
51509
51510
51512
51512
51514
51515
51515
51517
51519
51520
51522
51523
51526
51527
51527
51528
51529
51532
51532
51533
51534
51534
51534
51537
51538
51538
51539
51542
51545
51545
51547
51549
51551
51554
51558
51563
51563
51563
51564
51564
51565
51568
51568
51569
51573
51573
51574
51575
51579
51580
51580
51580
51581
51581
51581
51582
51584
51589
51591
51592
51592
51596
51596
51599
51599
51601
51602
51602
51602
51604
51605
51607
51611
51613
51613
51615
51616
51616
51618
51620
51620
51624
51626
51629
51631
51632
51633
51633
51637
51641
51642
51643
51644
51644
51647
51649
51649
51650
51654
51655
51655
51657
51659
51661
51661
51662
51666
51667
51667
51668
51668
51669
51670
51671
51671
51671
51672
51676
51678
51681
51682
51683
51684
51685
51685
51686
51687
51688
51688
51692
51692
51694
51695
51696
51697
51698
51699
51700
51701
51702
51704
51704
51706
51708
51709
51709
51709
51712
51712
51713
51713
51713
51715
51717
51717
51721
51724
51727
51728
51728
51728
51728
51729
51730
51731
51737
51737
51740
51743
51743
51746
51750
51753
51754
51757
51757
51758
51758
51759
51761
51761
51762
51767
51769
51770
51771
51774
51776
51777
51777
51778
51779
51780
51780
51782
51785
51786
51786
51786
51790
51792
51797
51798
51799
51800
51802
51804
51805
51807
51810
51814
51815
51818
51818
51818
51819
51819
51820
51823
51824
51825
51828
51829
51830
51831
51832
51832
51832
51835
51838
51839
51840
51840
51840
51841
51842
51843
51843
51843
51848
51850
51857
51857
51863
51863
51864
51864
51864
51864
51870
51873
51873
51873
51876
51877
51878
51880
51880
51884
51885
51885
51885
51888
51889
51889
51890
51891
51894
51894
51896
51898
51899
51900
51901
51901
51905
51906
51909
51911
51912
51913
51914
51917
51918
51920
51921
51921
51923
51925
51927
51927
51928
51928
51930
51930
51932
51935
51938
51940
51942
51943
51946
51950
51950
51950
51952
51953
51954
51955
51956
51957
51958
51958
51962
51962
51962
51967
51968
51968
51972
51975
51975
51976
51977
51979
51980
51980
51980
51982
51982
51983
51987
51988
51988
51995
51997
51998
52000
52000
52000
52002
52003
52004
52006
52007
52007
52010
52011
52012
52014
52016
52016
52019
52023
52023
52024
52025
52027
52028
52028
52029
52033
52035
52035
52035
52036
52037
52037
52038
52040
52043
52043
52051
52052
52054
52055
52056
52056
52057
52057
52058
52061
52062
52062
52063
52063
52064
52065
52066
52067
52068
52068
52068
52069
52071
52073
52075
52076
52077
52078
52079
52084
52085
52086
52086
52087
52088
52089
52091
52091
52091
52092
52093
52093
52096
52096
52098
52099
52100
52103
52104
52104
52106
52107
52108
52108
52110
52111
52111
52113
52113
52115
52116
52116
52118
52118
52119
52121
52122
52123
52126
52128
52130
52130
52130
52131
52134
52135
52136
52138
52139
52139
52143
52144
52146
52147
52148
52151
52151
52152
52153
52154
52154
52155
52158
52158
52158
52158
52159
52162
52162
52164
52165
52166
52167
52168
52170
52175
52180
52181
52183
52184
52189
52190
52191
52192
52196
52198
52199
52199
52200
52205
52206
52206
52207
52212
52212
52213
52217
52219
52220
52222
52222
52227
52228
52229
52229
52231
52232
52234
52234
52236
52236
52240
52240
52244
52246
52248
52249
52254
52254
52255
52256
52258
52259
52262
52265
52268
52271
52274
52275
52275
52276
52276
52276
52277
52278
52278
52279
52280
52280
52283
52283
52284
52285
52287
52290
52293
52293
52294
52295
52297
52297
52298
52299
52301
52301
52302
52305
52307
52307
52308
52312
52313
52314
52315
52316
52317
52318
52320
52321
52323
52324
52326
52327
52330
52331
52331
52331
52333
52333
52334
52337
52339
52340
52342
52343
52345
52345
52348
52349
52353
52356
52357
52359
52360
52360
52361
52361
52362
52362
52363
52364
52368
52368
52368
52371
52373
52374
52375
52375
52376
52376
52379
52380
52381
52382
52385
52386
52389
52390
52390
52391
52394
52396
52396
52398
52398
52400
52401
52402
52402
52403
52404
52405
52405
52408
52409
52410
52411
52411
52412
52412
52412
52414
52414
52415
52415
52415
52416
52418
52420
52421
52425
52427
52428
52428
52428
52428
52428
52432
52433
52434
52434
52435
52438
52438
52438
52439
52439
52439
52442
52445
52446
52447
52450
52450
52451
52452
52453
52454
52454
52455
52456
52458
52459
52461
52461
52462
52463
52465
52466
52467
52467
52470
52473
52478
52480
52481
52483
52484
52485
52486
52486
52489
52490
52491
52491
52492
52492
52492
52493
52493
52495
52496
52497
52498
52499
52501
52503
52503
52504
52505
52505
52506
52507
52509
52509
52511
52512
52516
52517
52517
52519
52520
52521
52522
52522
52522
52523
52527
52529
52531
52535
52537
52538
52539
52541
52541
52545
52546
52548
52549
52550
52550
52550
52554
52554
52555
52555
52555
52556
52556
52557
52557
52561
52561
52562
52562
52564
52565
52567
52569
52569
52573
52574
52575
52577
52578
52578
52579
52580
52580
52580
52582
52584
52585
52586
52588
52589
52593
52600
52600
52601
52601
52603
52604
52604
52606
52610
52611
52613
52617
52617
52617
52618
52619
52622
52622
52623
52624
52624
52624
52630
52631
52634
52635
52636
52642
52643
52644
52645
52646
52646
52647
52647
52647
52648
52648
52649
52652
52654
52655
52655
52656
52657
52657
52657
52660
52660
52662
52662
52664
52664
52664
52665
52677
52677
52682
52682
52684
52686
52687
52691
52696
52696
52697
52701
52701
52701
52704
52705
52706
52707
52708
52709
52710
52710
52711
52711
52711
52712
52714
52714
52715
52715
52715
52716
52718
52721
52723
52724
52724
52724
52725
52725
52725
52726
52727
52729
52730
52733
52733
52734
52734
52737
52740
52740
52740
52741
52743
52744
52747
52748
52752
52753
52753
52753
52754
52755
52756
52756
52757
52757
52757
52761
52761
52765
52767
52768
52770
52771
52773
52774
52775
52776
52776
52777
52780
52781
52783
52783
52783
52784
52784
52784
52785
52786
52787
52789
52789
52790
52791
52791
52792
52792
52793
52794
52794
52794
52796
52797
52797
52797
52798
52799
52800
52801
52802
52803
52805
52806
52808
52809
52809
52812
52812
52813
52813
52813
52814
52815
52817
52820
52827
52827
52828
52833
52836
52838
52838
52839
52841
52841
52843
52844
52845
52848
52849
52851
52853
52854
52854
52862
52862
52864
52864
52865
52867
52870
52871
52872
52872
52876
52876
52878
52878
52879
52882
52882
52884
52885
52885
52888
52888
52890
52890
52890
52901
52902
52902
52902
52903
52905
52905
52906
52906
52907
52907
52908
52909
52910
52913
52914
52915
52918
52918
52919
52920
52920
52920
52921
52921
52922
52923
52924
52924
52925
52929
52931
52933
52934
52936
52936
52936
52937
52937
52937
52937
52938
52938
52942
52942
52943
52945
52946
52947
52948
52948
52949
52951
52952
52952
52954
52957
52957
52958
52958
52959
52960
52960
52961
52962
52964
52966
52967
52970
52971
52971
52974
52975
52977
52979
52979
52983
52985
52986
52987
52988
52988
52989
52989
52992
52995
52996
52997
52998
52998
52998
53000
53000
53001
53004
53004
53005
53006
53008
53008
53009
53014
53016
53017
53017
53022
53023
53024
53026
53026
53027
53028
53030
53031
53032
53035
53037
53040
53040
53041
53042
53045
53045
53048
53050
53050
53051
53052
53054
53055
53057
53061
53062
53066
53066
53067
53069
53071
53071
53072
53073
53074
53074
53075
53076
53079
53080
53081
53083
53083
53083
53084
53086
53088
53089
53089
53089
53090
53090
53090
53090
53092
53094
53096
53100
53102
53102
53105
53105
53107
53111
53111
53112
53115
53116
53116
53118
53119
53119
53121
53123
53133
53135
53135
53136
53136
53137
53139
53140
53142
53142
53143
53144
53145
53149
53150
53151
53154
53155
53156
53157
53158
53159
53163
53165
53167
53167
53170
53171
53178
53179
53181
53181
53182
53183
53186
53187
53188
53189
53190
53191
53191
53192
53192
53192
53197
53198
53199
53199
53200
53201
53201
53204
53206
53212
53213
53213
53215
53216
53216
53218
53218
53218
53226
53227
53227
53230
53231
53232
53232
53233
53233
53236
53238
53238
53238
53239
53240
53240
53241
53242
53242
53243
53244
53244
53244
53245
53247
53252
53255
53256
53258
53259
53259
53259
53261
53262
53264
53265
53266
53269
53269
53270
53270
53273
53273
53274
53276
53278
53278
53286
53286
53287
53288
53288
53290
53292
53294
53295
53295
53295
53295
53297
53301
53301
53301
53302
53302
53304
53307
53308
53310
53314
53314
53315
53316
53316
53317
53319
53320
53320
53321
53321
53322
53322
53324
53325
53326
53326
53327
53327
53328
53330
53331
53331
53332
53332
53338
53339
53339
53341
53342
53342
53342
53343
53344
53345
53352
53359
53359
53360
53361
53362
53362
53363
53364
53366
53367
53367
53369
53369
53371
53372
53372
53378
53379
53379
53380
53383
53383
53385
53387
53389
53392
53393
53396
53398
53399
53400
53401
53404
53406
53408
53409
53410
53414
53416
53416
53417
53418
53418
53418
53419
53419
53422
53422
53426
53426
53428
53431
53433
53435
53438
53441
53441
53441
53443
53444
53446
53447
53449
53449
53450
53452
53453
53453
53454
53461
53461
53463
53464
53465
53467
53467
53470
53471
53474
53478
53478
53480
53481
53482
53484
53485
53485
53485
53486
53487
53488
53489
53490
53493
53494
53495
53496
53496
53498
53498
53499
53500
53502
53502
53503
53503
53504
53505
53508
53512
53512
53512
53513
53516
53517
53518
53520
53520
53521
53523
53523
53525
53528
53530
53530
53531
53531
53532
53534
53543
53543
53545
53545
53548
53548
53550
53551
53553
53553
53555
53555
53557
53558
53559
53562
53562
53562
53565
53567
53568
53572
53572
53573
53574
53577
53577
53577
53584
53585
53587
53588
53588
53589
53590
53593
53601
53601
53603
53604
53604
53605
53606
53607
53609
53611
53611
53611
53613
53613
53615
53617
53619
53619
53624
53624
53626
53627
53627
53628
53628
53629
53629
53630
53631
53631
53631
53634
53635
53635
53636
53637
53639
53639
53643
53644
53645
53651
53651
53653
53655
53655
53657
53657
53658
53660
53660
53661
53666
53667
53669
53669
53671
53672
53672
53674
53675
53677
53679
53680
53683
53687
53688
53688
53691
53691
53692
53694
53696
53697
53698
53701
53703
53705
53710
53711
53712
53718
53719
53720
53721
53722
53723
53723
53724
53725
53726
53727
53728
53728
53728
53728
53730
53731
53731
53732
53733
53734
53735
53735
53736
53737
53737
53738
53739
53740
53741
53745
53746
53751
53752
53754
53754
53757
53758
53761
53762
53765
53765
53766
53767
53769
53769
53770
53770
53772
53775
53777
53778
53780
53782
53783
53784
53786
53786
53789
53789
53790
53790
53791
53792
53792
53793
53793
53793
53797
53797
53798
53804
53808
53809
53810
53810
53811
53814
53816
53818
53820
53826
53827
53827
53829
53833
53834
53834
53837
53837
53840
53840
53845
53846
53850
53856
53856
53859
53859
53859
53862
53862
53864
53865
53866
53868
53869
53870
53872
53873
53873
53875
53876
53876
53878
53879
53881
53882
53882
53885
53886
53886
53887
53888
53888
53890
53891
53891
53892
53892
53893
53898
53899
53899
53899
53899
53901
53902
53905
53906
53906
53906
53906
53910
53911
53911
53914
53914
53915
53917
53919
53920
53922
53925
53925
53926
53927
53928
53930
53931
53933
53934
53935
53935
53937
53939
53941
53943
53945
53946
53946
53947
53949
53949
53953
53953
53954
53955
53956
53958
53959
53968
53968
53969
53969
53971
53971
53973
53974
53975
53977
53979
53980
53980
53981
53984
53984
53985
53987
53992
53993
53994
53998
53999
53999
54001
54001
54003
54005
54005
54006
54007
54008
54008
54009
54010
54010
54011
54015
54017
54018
54020
54022
54022
54024
54025
54026
54028
54030
54032
54034
54036
54038
54043
54046
54046
54047
54051
54052
54055
54057
54057
54057
54058
54060
54060
54061
54061
54061
54066
54067
54070
54072
54072
54072
54073
54078
54079
54081
54082
54086
54088
54089
54089
54090
54094
54095
54096
54096
54097
54100
54101
54102
54102
54102
54102
54103
54104
54104
54107
54108
54113
54114
54115
54117
54117
54118
54119
54119
54119
54120
54121
54122
54122
54123
54123
54124
54126
54126
54131
54132
54133
54134
54134
54135
54138
54139
54140
54141
54142
54145
54147
54148
54151
54151
54155
54157
54161
54164
54165
54166
54167
54167
54169
54171
54179
54179
54180
54181
54182
54184
54184
54185
54187
54187
54191
54193
54194
54197
54197
54197
54198
54201
54203
54203
54204
54205
54205
54206
54208
54210
54211
54213
54216
54217
54217
54217
54220
54222
54224
54224
54226
54226
54227
54228
54229
54230
54231
54231
54231
54232
54233
54234
54235
54235
54235
54238
54238
54239
54240
54241
54241
54242
54244
54247
54247
54247
54248
54255
54256
54256
54261
54262
54263
54265
54267
54267
54269
54269
54271
54275
54275
54276
54276
54277
54277
54277
54278
54280
54283
54286
54286
54287
54287
54290
54293
54293
54293
54294
54297
54297
54297
54298
54300
54301
54302
54302
54304
54305
54306
54308
54312
54315
54317
54319
54319
54321
54321
54323
54325
54325
54329
54330
54330
54333
54333
54335
54336
54337
54337
54339
54341
54343
54344
54344
54345
54347
54354
54354
54355
54355
54362
54362
54364
54365
54365
54368
54368
54370
54371
54374
54377
54378
54378
54380
54381
54381
54381
54384
54386
54386
54387
54387
54389
54389
54389
54390
54393
54393
54394
54394
54395
54395
54395
54395
54396
54399
54401
54402
54402
54405
54408
54409
54412
54412
54413
54414
54416
54416
54418
54422
54422
54423
54426
54429
54435
54435
54438
54444
54445
54448
54450
54450
54451
54452
54453
54453
54456
54457
54458
54459
54461
54465
54466
54468
54470
54473
54473
54475
54475
54476
54476
54480
54481
54482
54482
54483
54484
54484
54485
54486
54486
54486
54488
54489
54490
54492
54492
54493
54494
54499
54502
54502
54504
54505
54505
54506
54507
54507
54509
54511
54512
54513
54520
54521
54522
54522
54523
54530
54530
54532
54536
54537
54539
54539
54540
54542
54545
54549
54549
54551
54554
54555
54558
54558
54560
54560
54560
54561
54562
54562
54562
54566
54567
54569
54570
54571
54573
54574
54574
54575
54576
54578
54578
54580
54580
54583
54585
54585
54585
54587
54587
54593
54594
54596
54596
54599
54599
54600
54602
54604
54604
54605
54607
54609
54610
54611
54613
54615
54617
54618
54618
54622
54627
54628
54630
54633
54633
54639
54639
54639
54643
54644
54644
54648
54649
54651
54651
54653
54654
54654
54654
54654
54658
54658
54659
54661
54662
54662
54662
54664
54665
54665
54665
54665
54667
54669
54671
54673
54675
54675
54676
54680
54681
54684
54685
54687
54688
54689
54690
54690
54691
54692
54694
54697
54698
54698
54701
54703
54707
54708
54711
54713
54713
54714
54715
54715
54715
54716
54717
54718
54721
54722
54722
54723
54723
54724
54726
54726
54727
54727
54727
54729
54729
54730
54733
54734
54736
54737
54738
54742
54743
54743
54743
54744
54746
54746
54749
54751
54758
54759
54761
54764
54765
54767
54769
54769
54769
54771
54771
54771
54774
54775
54776
54779
54781
54784
54784
54785
54785
54785
54786
54786
54786
54792
54793
54794
54797
54801
54802
54802
54804
54805
54806
54807
54807
54807
54808
54809
54810
54810
54810
54810
54811
54814
54815
54818
54819
54819
54820
54824
54824
54824
54825
54828
54828
54829
54831
54831
54832
54833
54833
54836
54837
54837
54838
54839
54840
54841
54842
54846
54846
54850
54851
54855
54855
54856
54857
54858
54860
54861
54862
54863
54863
54867
54867
54867
54868
54869
54872
54875
54875
54876
54878
54879
54882
54887
54889
54890
54890
54895
54896
54900
54902
54904
54905
54905
54908
54908
54913
54914
54914
54914
54915
54917
54918
54919
54920
54920
54923
54924
54927
54928
54931
54932
54933
54933
54938
54940
54941
54942
54943
54944
54945
54946
54947
54951
54953
54957
54957
54960
54961
54962
54962
54963
54963
54967
54967
54967
54968
54970
54971
54972
54972
54972
54973
54975
54979
54983
54984
54987
54987
54988
54988
54988
54989
54990
54990
54992
54993
54993
54995
54996
54998
54998
55001
55003
55003
55003
55004
55006
55006
55007
55007
55008
55011
55014
55014
55014
55018
55020
55022
55023
55026
55027
55027
55027
55029
55033
55034
55034
55034
55034
55035
55037
55037
55038
55040
55040
55041
55041
55041
55044
55047
55049
55051
55051
55054
55057
55057
55058
55058
55060
55060
55061
55064
55064
55066
55066
55066
55067
55068
55069
55070
55070
55071
55071
55071
55072
55073
55074
55076
55078
55078
55079
55079
55079
55081
55083
55084
55086
55087
55089
55091
55095
55095
55096
55096
55096
55099
55100
55101
55104
55104
55105
55106
55107
55107
55107
55110
55110
55112
55112
55113
55114
55114
55114
55115
55116
55116
55117
55119
55121
55122
55124
55125
55127
55127
55128
55129
55132
55133
55134
55139
55140
55140
55141
55144
55144
55146
55147
55147
55148
55148
55149
55150
55154
55155
55158
55159
55159
55159
55161
55162
55164
55164
55164
55165
55167
55168
55171
55172
55173
55175
55176
55178
55184
55184
55185
55187
55191
55191
55192
55194
55194
55195
55201
55201
55202
55203
55204
55207
55207
55208
55209
55210
55212
55212
55212
55213
55214
55216
55217
55218
55218
55218
55220
55220
55228
55229
55231
55231
55232
55232
55236
55237
55239
55239
55240
55240
55242
55243
55250
55255
55259
55260
55261
55262
55263
55263
55268
55269
55270
55270
55271
55273
55273
55275
55275
55276
55276
55278
55278
55279
55282
55284
55284
55286
55286
55286
55288
55291
55292
55292
55293
55294
55295
55297
55299
55299
55300
55302
55302
55303
55306
55307
55310
55310
55311
55312
55313
55314
55314
55317
55318
55318
55319
55319
55320
55321
55323
55325
55326
55338
55339
55344
55348
55348
55349
55353
55354
55355
55358
55358
55361
55363
55363
55364
55365
55366
55367
55368
55369
55369
55370
55373
55373
55374
55374
55375
55375
55377
55378
55378
55387
55388
55388
55389
55390
55391
55392
55392
55393
55393
55394
55395
55396
55397
55398
55398
55398
55398
55398
55399
55402
55402
55402
55403
55403
55404
55405
55410
55410
55410
55411
55412
55413
55413
55413
55414
55417
55419
55421
55423
55424
55424
55426
55426
55429
55429
55430
55431
55431
55432
55432
55434
55435
55438
55440
55441
55441
55442
55442
55442
55443
55444
55444
55445
55448
55450
55451
55451
55451
55453
55454
55456
55457
55458
55458
55458
55460
55460
55460
55460
55462
55463
55464
55464
55464
55464
55464
55465
55465
55466
55466
55466
55467
55468
55469
55471
55471
55472
55473
55474
55476
55476
55477
55477
55478
55478
55478
55480
55480
55480
55480
55482
55484
55486
55487
55489
55490
55491
55492
55494
55495
55495
55495
55497
55497
55500
55501
55503
55503
55505
55506
55510
55510
55512
55514
55515
55516
55519
55519
55521
55522
55524
55525
55528
55529
55531
55532
55533
55533
55533
55534
55536
55538
55540
55541
55543
55544
55545
55545
55546
55546
55547
55547
55550
55550
55552
55552
55552
55554
55556
55559
55563
55566
55566
55568
55569
55574
55575
55577
55582
55583
55583
55584
55585
55585
55586
55594
55596
55597
55597
55597
55598
55600
55601
55602
55602
55605
55607
55607
55608
55611
55613
55614
55615
55616
55618
55619
55623
55624
55629
55630
55631
55633
55639
55641
55642
55647
55647
55647
55651
55652
55652
55652
55655
55655
55656
55657
55661
55661
55668
55669
55669
55669
55671
55671
55672
55673
55673
55674
55674
55675
55676
55677
55677
55678
55679
55680
55680
55682
55685
55685
55686
55686
55687
55688
55689
55691
55692
55693
55695
55696
55696
55697
55699
55699
55703
55703
55707
55712
55716
55717
55718
55721
55722
55722
55723
55723
55724
55726
55731
55731
55732
55732
55732
55733
55733
55734
55734
55737
55739
55745
55746
55746
55749
55751
55752
55753
55754
55757
55758
55759
55767
55768
55768
55770
55772
55774
55777
55778
55781
55785
55787
55787
55788
55789
55789
55789
55794
55794
55796
55797
55799
55799
55802
55804
55805
55806
55810
55810
55810
55811
55811
55812
55813
55816
55819
55820
55826
55826
55826
55827
55828
55830
55834
55835
55835
55835
55840
55841
55841
55853
55855
55856
55858
55862
55862
55864
55868
55870
55872
55872
55874
55879
55879
55882
55883
55886
55887
55888
55890
55891
55892
55892
55894
55896
55897
55901
55901
55902
55905
55905
55908
55909
55909
55910
55911
55912
55917
55918
55921
55922
55923
55926
55928
55929
55930
55934
55935
55937
55937
55938
55939
55940
55940
55943
55944
55944
55944
55945
55945
55946
55947
55948
55953
55954
55955
55957
55958
55958
55960
55960
55961
55962
55963
55963
55965
55967
55968
55968
55969
55971
55971
55975
55977
55980
55980
55982
55986
55986
55988
55989
55990
55991
55993
55994
55999
56000
56002
56002
56003
56004
56004
56006
56006
56006
56006
56008
56010
56011
56011
56011
56013
56016
56018
56019
56019
56020
56026
56027
56027
56027
56028
56028
56031
56032
56036
56039
56040
56040
56042
56042
56043
56043
56044
56044
56047
56047
56047
56048
56048
56048
56051
56052
56052
56052
56054
56054
56054
56056
56058
56059
56060
56061
56064
56064
56064
56064
56066
56066
56069
56071
56071
56071
56074
56076
56078
56078
56080
56082
56084
56084
56084
56084
56084
56088
56088
56089
56090
56093
56096
56100
56100
56101
56102
56103
56104
56104
56105
56106
56106
56108
56108
56108
56110
56111
56111
56115
56116
56118
56119
56119
56120
56120
56120
56123
56124
56127
56131
56131
56131
56136
56136
56136
56137
56138
56138
56142
56145
56145
56145
56151
56151
56152
56153
56153
56157
56158
56162
56166
56168
56169
56170
56171
56172
56173
56173
56174
56175
56176
56176
56178
56179
56180
56181
56181
56181
56183
56183
56184
56185
56186
56187
56189
56189
56190
56190
56190
56193
56194
56196
56196
56197
56197
56198
56199
56199
56199
56204
56205
56208
56209
56210
56210
56213
56216
56217
56218
56219
56219
56220
56230
56231
56232
56235
56238
56238
56238
56238
56240
56243
56243
56247
56249
56249
56250
56251
56252
56254
56256
56256
56257
56258
56261
56262
56264
56265
56265
56266
56267
56267
56268
56269
56271
56273
56274
56276
56277
56278
56279
56280
56280
56286
56288
56288
56289
56292
56297
56297
56299
56300
56301
56302
56303
56304
56306
56308
56311
56312
56313
56315
56316
56316
56317
56318
56320
56323
56324
56324
56324
56326
56326
56327
56328
56331
56335
56337
56339
56341
56344
56344
56346
56347
56348
56349
56350
56351
56352
56355
56356
56356
56357
56359
56360
56362
56362
56362
56363
56363
56364
56366
56367
56368
56368
56369
56369
56370
56371
56371
56371
56372
56374
56377
56380
56381
56384
56385
56386
56388
56390
56390
56391
56395
56396
56397
56398
56398
56399
56401
56403
56403
56404
56408
56409
56410
56412
56414
56414
56416
56417
56418
56418
56419
56419
56419
56420
56421
56422
56424
56425
56427
56428
56428
56430
56434
56436
56437
56440
56442
56446
56446
56451
56452
56453
56455
56458
56459
56460
56460
56461
56462
56465
56467
56470
56470
56473
56473
56477
56478
56479
56481
56481
56485
56486
56489
56490
56490
56491
56493
56493
56493
56496
56496
56497
56500
56501
56501
56502
56503
56504
56504
56505
56507
56510
56511
56512
56514
56514
56514
56516
56518
56519
56519
56519
56522
56523
56529
56533
56534
56534
56536
56538
56538
56540
56540
56541
56541
56542
56543
56545
56545
56546
56546
56550
56558
56559
56560
56561
56561
56562
56562
56563
56564
56566
56568
56570
56574
56574
56576
56577
56577
56578
56579
56580
56580
56582
56584
56587
56587
56587
56588
56590
56590
56592
56594
56598
56598
56600
56600
56602
56603
56603
56603
56606
56607
56608
56609
56610
56611
56614
56615
56617
56617
56618
56619
56621
56622
56623
56623
56623
56623
56625
56626
56627
56630
56634
56636
56638
56639
56640
56641
56643
56647
56650
56650
56651
56651
56652
56653
56657
56658
56658
56658
56659
56660
56662
56664
56668
56668
56670
56673
56679
56679
56680
56681
56682
56684
56684
56685
56685
56686
56691
56692
56692
56692
56694
56694
56696
56696
56697
56697
56698
56701
56702
56705
56708
56709
56709
56710
56713
56714
56715
56715
56715
56716
56716
56717
56722
56724
56725
56725
56728
56730
56731
56732
56732
56732
56733
56734
56734
56736
56736
56737
56737
56741
56744
56747
56749
56751
56753
56755
56757
56758
56760
56761
56762
56765
56769
56769
56769
56769
56770
56770
56772
56773
56774
56775
56775
56776
56779
56780
56781
56783
56785
56785
56785
56788
56789
56789
56789
56790
56792
56792
56793
56793
56794
56794
56795
56795
56797
56797
56798
56799
56800
56800
56802
56803
56803
56803
56803
56805
56807
56808
56808
56808
56810
56812
56814
56815
56815
56815
56817
56817
56818
56822
56822
56826
56827
56830
56832
56833
56833
56834
56835
56836
56836
56837
56837
56837
56838
56840
56840
56845
56846
56847
56847
56848
56851
56854
56854
56855
56856
56858
56859
56860
56863
56865
56866
56869
56872
56873
56873
56873
56874
56874
56876
56876
56877
56882
56883
56888
56889
56891
56892
56892
56892
56894
56898
56901
56902
56903
56905
56905
56906
56906
56906
56906
56908
56908
56908
56913
56915
56916
56916
56917
56920
56921
56922
56922
56923
56926
56926
56926
56927
56928
56928
56930
56931
56931
56932
56934
56934
56934
56935
56935
56936
56938
56940
56941
56942
56945
56945
56947
56948
56949
56951
56952
56952
56953
56954
56956
56959
56960
56961
56962
56962
56963
56966
56967
56968
56969
56969
56971
56972
56973
56975
56976
56978
56982
56982
56984
56984
56986
56987
56988
56988
56988
56990
56990
56993
56994
56995
56997
56997
56999
57000
57002
57002
57003
57004
57006
57006
57011
57014
57015
57016
57016
57017
57017
57019
57019
57020
57022
57023
57024
57024
57026
57026
57028
57028
57029
57029
57030
57032
57033
57034
57035
57036
57037
57040
57041
57042
57043
57043
57048
57048
57051
57053
57054
57055
57058
57059
57060
57060
57062
57065
57067
57068
57068
57071
57071
57073
57073
57074
57074
57074
57076
57077
57077
57078
57078
57080
57080
57081
57082
57083
57084
57086
57088
57090
57090
57092
57094
57095
57096
57097
57097
57097
57098
57098
57100
57100
57100
57102
57104
57106
57108
57108
57109
57109
57109
57110
57110
57113
57115
57117
57119
57119
57119
57122
57123
57125
57125
57128
57128
57129
57136
57136
57137
57138
57139
57141
57143
57147
57147
57148
57150
57151
57152
57153
57154
57154
57154
57156
57157
57160
57161
57164
57164
57165
57167
57168
57170
57174
57176
57177
57177
57178
57178
57178
57179
57181
57181
57182
57182
57182
57189
57189
57193
57194
57194
57195
57195
57199
57201
57201
57205
57205
57206
57208
57211
57213
57215
57217
57218
57220
57220
57221
57221
57222
57224
57225
57228
57229
57229
57230
57231
57233
57233
57236
57236
57236
57237
57238
57241
57241
57242
57243
57246
57247
57247
57250
57251
57251
57253
57254
57255
57255
57257
57257
57259
57260
57261
57261
57263
57264
57266
57267
57268
57270
57272
57273
57275
57276
57276
57278
57279
57280
57281
57281
57282
57284
57284
57285
57288
57289
57290
57290
57291
57291
57291
57292
57295
57296
57296
57296
57296
57297
57299
57300
57301
57303
57304
57305
57308
57308
57309
57309
57310
57311
57311
57314
57318
57323
57324
57326
57327
57327
57329
57329
57329
57330
57331
57332
57334
57334
57334
57339
57340
57341
57342
57343
57345
57349
57349
57350
57350
57351
57352
57354
57355
57356
57358
57359
57359
57363
57366
57368
57369
57370
57371
57372
57373
57373
57374
57375
57377
57381
57382
57385
57386
57392
57392
57392
57395
57396
57397
57397
57398
57398
57398
57399
57401
57402
57404
57404
57405
57405
57409
57409
57410
57411
57413
57416
57418
57419
57422
57424
57424
57426
57427
57432
57432
57434
57435
57436
57438
57438
57440
57442
57443
57448
57448
57453
57457
57458
57460
57461
57463
57465
57466
57466
57470
57470
57472
57476
57476
57479
57479
57483
57484
57484
57484
57486
57486
57489
57490
57493
57494
57497
57500
57500
57503
57505
57507
57508
57511
57515
57515
57517
57517
57518
57520
57521
57522
57522
57523
57525
57527
57527
57528
57528
57529
57533
57534
57535
57536
57536
57536
57537
57538
57540
57542
57544
57545
57547
57551
57554
57554
57556
57557
57557
57561
57561
57562
57563
57565
57565
57566
57568
57570
57571
57574
57574
57575
57576
57577
57579
57579
57582
57582
57583
57585
57587
57587
57589
57591
57592
57592
57592
57593
57593
57595
57596
57596
57597
57597
57597
57597
57598
57598
57599
57601
57601
57602
57604
57605
57605
57610
57610
57613
57615
57615
57615
57618
57619
57621
57622
57623
57623
57625
57626
57627
57629
57630
57632
57633
57634
57635
57635
57635
57635
57636
57636
57637
57638
57639
57640
57641
57642
57642
57642
57643
57645
57645
57645
57645
57647
57648
57652
57653
57655
57657
57661
57662
57662
57663
57665
57668
57669
57673
57675
57675
57676
57676
57676
57678
57681
57681
57682
57682
57684
57684
57685
57685
57685
57686
57687
57688
57688
57689
57690
57690
57691
57693
57695
57695
57695
57699
57699
57700
57707
57707
57708
57710
57713
57715
57716
57716
57716
57719
57719
57724
57726
57728
57731
57734
57734
57734
57734
57734
57737
57737
57739
57744
57745
57746
57748
57749
57752
57753
57755
57757
57758
57758
57760
57762
57766
57766
57769
57770
57771
57772
57772
57772
57776
57777
57777
57781
57783
57785
57785
57785
57788
57793
57798
57799
57801
57802
57804
57807
57807
57809
57809
57811
57811
57812
57812
57815
57816
57816
57817
57817
57818
57819
57819
57819
57820
57820
57822
57822
57824
57824
57826
57827
57828
57830
57830
57830
57831
57831
57831
57835
57835
57838
57839
57839
57843
57847
57848
57849
57850
57850
57853
57856
57856
57859
57860
57862
57864
57864
57865
57870
57870
57870
57873
57873
57874
57875
57876
57877
57877
57878
57879
57880
57881
57882
57883
57889
57889
57890
57892
57895
57896
57897
57899
57900
57900
57901
57903
57905
57906
57907
57908
57908
57912
57914
57915
57916
57918
57918
57918
57919
57921
57922
57924
57924
57925
57927
57930
57936
57937
57937
57938
57939
57940
57940
57943
57943
57948
57948
57949
57949
57950
57951
57952
57960
57961
57962
57964
57965
57966
57966
57967
57968
57970
57971
57977
57978
57982
57983
57989
57992
57993
57994
57995
57996
57996
57997
57998
58001
58004
58007
58007
58008
58009
58009
58009
58010
58011
58011
58012
58014
58016
58016
58016
58017
58022
58022
58023
58025
58026
58026
58027
58030
58032
58039
58040
58040
58040
58041
58048
58049
58052
58053
58054
58056
58056
58057
58059
58059
58061
58061
58061
58064
58064
58066
58068
58069
58071
58071
58073
58074
58074
58075
58076
58077
58079
58080
58081
58085
58086
58086
58086
58088
58088
58089
58089
58094
58095
58099
58099
58099
58103
58103
58104
58104
58104
58105
58105
58106
58108
58112
58113
58113
58114
58117
58117
58119
58120
58120
58120
58124
58128
58128
58130
58133
58134
58134
58134
58134
58140
58145
58145
58147
58148
58148
58148
58148
58152
58152
58154
58158
58159
58160
58161
58162
58162
58162
58163
58164
58166
58167
58169
58169
58170
58171
58172
58172
58173
58176
58177
58178
58179
58179
58180
58180
58183
58185
58187
58188
58190
58191
58192
58193
58195
58197
58198
58203
58204
58204
58206
58207
58207
58208
58208
58208
58210
58210
58212
58214
58221
58222
58225
58226
58227
58229
58230
58230
58230
58230
58231
58232
58232
58232
58233
58234
58236
58237
58237
58242
58242
58245
58245
58245
58246
58246
58246
58249
58249
58250
58253
58254
58256
58263
58265
58266
58267
58267
58267
58268
58268
58270
58270
58272
58272
58276
58277
58280
58280
58285
58286
58287
58289
58291
58291
58297
58297
58297
58298
58299
58300
58301
58302
58304
58304
58306
58306
58307
58308
58311
58314
58314
58315
58316
58317
58318
58319
58323
58325
58325
58327
58327
58333
58333
58334
58335
58336
58338
58340
58340
58341
58342
58342
58343
58345
58345
58349
58350
58350
58352
58352
58353
58354
58358
58358
58360
58360
58360
58362
58363
58365
58366
58366
58367
58368
58375
58375
58375
58375
58376
58377
58378
58379
58380
58381
58383
58386
58387
58388
58389
58389
58391
58392
58392
58392
58393
58393
58393
58394
58397
58398
58399
58399
58400
58404
58405
58406
58410
58410
58416
58417
58420
58420
58421
58422
58422
58423
58423
58424
58424
58427
58428
58429
58429
58433
58434
58435
58435
58435
58437
58437
58440
58441
58444
58444
58445
58446
58447
58448
58448
58449
58451
58451
58451
58455
58457
58458
58458
58459
58459
58459
58461
58464
58465
58467
58469
58473
58473
58475
58476
58476
58477
58478
58479
58480
58481
58482
58483
58484
58485
58485
58485
58486
58488
58489
58491
58493
58495
58495
58496
58497
58497
58501
58501
58501
58502
58502
58504
58506
58507
58511
58511
58512
58513
58513
58513
58515
58516
58518
58519
58526
58526
58529
58531
58531
58532
58536
58537
58538
58538
58540
58540
58541
58542
58549
58550
58554
58554
58554
58554
58559
58560
58561
58564
58567
58567
58570
58573
58573
58573
58575
58576
58579
58580
58581
58582
58582
58585
58586
58587
58588
58588
58588
58589
58589
58589
58592
58598
58600
58601
58605
58607
58608
58613
58613
58614
58614
58614
58616
58617
58618
58618
58619
58619
58620
58620
58621
58624
58625
58626
58627
58627
58628
58629
58634
58636
58637
58638
58639
58640
58642
58643
58647
58648
58648
58651
58651
58652
58657
58657
58658
58660
58662
58663
58663
58664
58665
58666
58667
58668
58669
58671
58672
58673
58674
58674
58679
58680
58681
58684
58684
58684
58686
58686
58688
58689
58689
58690
58691
58695
58696
58703
58705
58706
58707
58708
58709
58710
58711
58711
58711
58714
58715
58715
58718
58724
58725
58726
58727
58727
58734
58735
58738
58740
58740
58740
58740
58742
58743
58743
58744
58745
58745
58745
58745
58745
58746
58746
58747
58751
58752
58753
58754
58754
58754
58757
58758
58758
58760
58760
58760
58761
58764
58764
58766
58768
58770
58770
58771
58771
58772
58772
58773
58775
58777
58778
58783
58785
58789
58789
58792
58796
58801
58802
58803
58803
58805
58806
58807
58807
58808
58811
58811
58812
58812
58815
58816
58822
58822
58823
58825
58826
58829
58830
58830
58831
58832
58832
58833
58834
58834
58836
58836
58837
58838
58838
58839
58839
58840
58843
58843
58844
58844
58848
58850
58851
58852
58853
58853
58856
58856
58857
58857
58857
58858
58860
58861
58861
58863
58865
58866
58872
58873
58874
58874
58876
58882
58883
58888
58891
58892
58894
58895
58897
58898
58899
58899
58900
58902
58903
58904
58904
58905
58905
58910
58911
58912
58914
58915
58917
58919
58921
58921
58922
58923
58923
58926
58927
58929
58929
58929
58931
58932
58933
58937
58937
58938
58939
58940
58941
58941
58943
58944
58944
58945
58946
58947
58952
58953
58955
58959
58959
58961
58962
58965
58968
58969
58969
58970
58971
58973
58974
58975
58976
58976
58980
58981
58983
58984
58984
58985
58985
58985
58985
58987
58989
58990
58991
58993
58996
58996
58998
58998
59000
59003
59004
59004
59007
59009
59010
59012
59012
59013
59014
59014
59018
59020
59020
59022
59028
59029
59031
59032
59033
59033
59033
59034
59035
59035
59036
59036
59037
59041
59043
59043
59046
59047
59048
59048
59049
59052
59052
59054
59058
59059
59061
59061
59061
59061
59062
59062
59063
59065
59069
59070
59072
59074
59075
59075
59076
59077
59083
59083
59084
59086
59086
59087
59087
59088
59088
59089
59089
59091
59092
59093
59098
59098
59103
59105
59105
59106
59107
59108
59110
59113
59116
59121
59121
59123
59124
59124
59125
59125
59125
59126
59126
59127
59129
59130
59131
59133
59135
59136
59137
59137
59138
59139
59145
59146
59147
59151
59152
59152
59154
59155
59157
59160
59164
59166
59169
59169
59169
59169
59170
59171
59173
59174
59176
59179
59181
59185
59186
59187
59189
59191
59191
59192
59192
59193
59195
59196
59197
59199
59200
59200
59204
59205
59208
59208
59208
59210
59211
59212
59213
59215
59218
59219
59219
59221
59222
59224
59230
59231
59234
59234
59235
59235
59238
59240
59241
59241
59241
59243
59248
59249
59252
59253
59253
59254
59255
59256
59257
59258
59258
59259
59259
59261
59263
59264
59265
59269
59270
59270
59270
59271
59276
59277
59280
59280
59285
59285
59285
59285
59289
59294
59297
59297
59298
59302
59302
59303
59307
59309
59310
59310
59311
59311
59311
59313
59314
59316
59317
59319
59319
59319
59321
59322
59322
59323
59324
59324
59327
59328
59330
59331
59336
59336
59338
59338
59338
59339
59341
59341
59343
59345
59347
59348
59350
59352
59355
59356
59359
59361
59362
59363
59363
59366
59369
59371
59373
59373
59375
59376
59378
59378
59379
59381
59382
59382
59384
59384
59385
59385
59385
59386
59387
59388
59389
59390
59393
59394
59395
59395
59395
59396
59397
59401
59402
59402
59405
59408
59409
59410
59410
59411
59412
59412
59412
59414
59414
59415
59415
59416
59417
59418
59420
59421
59422
59422
59425
59425
59425
59426
59429
59433
59435
59435
59437
59438
59438
59439
59443
59444
59444
59446
59448
59450
59453
59453
59453
59453
59453
59455
59456
59458
59459
59459
59464
59464
59465
59466
59467
59468
59469
59469
59470
59471
59471
59471
59474
59475
59475
59476
59477
59477
59478
59478
59479
59479
59481
59483
59486
59486
59488
59488
59490
59492
59492
59495
59499
59500
59501
59505
59508
59509
59513
59513
59517
59520
59520
59521
59524
59525
59526
59528
59529
59531
59533
59536
59537
59538
59539
59543
59545
59546
59546
59548
59549
59550
59550
59550
59555
59555
59556
59558
59559
59560
59560
59562
59564
59564
59564
59566
59567
59567
59568
59569
59570
59571
59576
59576
59576
59577
59579
59579
59582
59583
59583
59583
59584
59585
59585
59585
59587
59588
59588
59589
59591
59591
59593
59593
59594
59594
59596
59597
59598
59598
59600
59600
59601
59603
59604
59604
59606
59606
59609
59611
59611
59612
59614
59614
59615
59615
59618
59622
59622
59623
59623
59623
59625
59625
59625
59625
59629
59629
59630
59631
59631
59632
59632
59632
59635
59638
59639
59642
59644
59645
59646
59649
59649
59650
59652
59652
59653
59653
59654
59655
59656
59656
59657
59658
59658
59659
59660
59661
59661
59670
59671
59673
59675
59675
59677
59677
59678
59678
59679
59680
59681
59681
59684
59684
59685
59686
59687
59687
59688
59689
59689
59690
59691
59694
59694
59695
59696
59698
59700
59702
59704
59706
59708
59708
59709
59709
59710
59711
59713
59715
59715
59715
59716
59718
59719
59721
59722
59724
59725
59726
59727
59727
59728
59729
59730
59732
59733
59733
59734
59735
59736
59738
59738
59739
59741
59741
59744
59744
59745
59746
59748
59749
59749
59751
59753
59753
59754
59758
59758
59759
59759
59765
59766
59767
59771
59772
59772
59773
59773
59774
59776
59776
59777
59778
59780
59781
59782
59782
59783
59783
59784
59784
59787
59787
59787
59788
59791
59793
59794
59794
59795
59795
59797
59800
59800
59801
59804
59805
59806
59806
59807
59808
59808
59812
59812
59812
59812
59812
59814
59816
59818
59818
59822
59824
59826
59826
59827
59828
59830
59830
59830
59831
59832
59833
59834
59835
59836
59838
59841
59843
59846
59848
59851
59856
59857
59858
59858
59859
59861
59861
59862
59863
59865
59868
59869
59870
59870
59871
59872
59873
59873
59874
59876
59877
59879
59879
59880
59881
59885
59888
59888
59889
59889
59890
59890
59892
59892
59894
59895
59899
59901
59903
59905
59906
59907
59907
59911
59911
59912
59912
59912
59918
59920
59923
59927
59927
59928
59928
59930
59931
59934
59935
59936
59937
59938
59940
59940
59940
59941
59941
59941
59941
59942
59943
59943
59944
59944
59948
59948
59949
59949
59950
59950
59950
59951
59952
59953
59955
59955
59958
59958
59960
59961
59963
59964
59969
59969
59971
59973
59974
59974
59974
59977
59977
59978
59979
59979
59980
59982
59982
59982
59983
59984
59987
59990
59991
59993
59994
59996
59998
60001
60003
60004
60008
60008
60008
60008
60010
60011
60011
60012
60013
60014
60014
60014
60015
60017
60019
60019
60021
60024
60025
60025
60029
60032
60032
60033
60034
60035
60037
60038
60040
60043
60043
60048
60051
60051
60055
60056
60056
60058
60059
60060
60060
60061
60064
60064
60064
60067
60067
60069
60070
60071
60071
60072
60074
60074
60076
60076
60077
60078
60078
60082
60082
60085
60086
60088
60088
60089
60092
60093
60093
60094
60096
60098
60099
60099
60100
60100
60101
60101
60104
60105
60106
60109
60112
60114
60116
60117
60118
60120
60120
60120
60120
60121
60122
60122
60122
60123
60125
60126
60127
60127
60128
60129
60135
60137
60143
60144
60146
60147
60147
60148
60149
60150
60151
60151
60155
60156
60157
60161
60165
60168
60169
60170
60171
60172
60172
60177
60185
60186
60186
60186
60186
60186
60187
60189
60189
60192
60193
60193
60197
60197
60198
60199
60199
60201
60204
60205
60205
60206
60208
60209
60209
60209
60210
60214
60214
60215
60215
60217
60218
60222
60222
60222
60222
60224
60225
60226
60227
60230
60231
60231
60232
60233
60233
60238
60240
60242
60242
60242
60246
60247
60248
60250
60251
60252
60253
60253
60256
60257
60259
60260
60263
60265
60266
60266
60267
60268
60268
60270
60271
60272
60275
60276
60283
60284
60285
60287
60288
60289
60289
60293
60295
60295
60295
60296
60301
60302
60304
60305
60306
60307
60308
60308
60309
60311
60312
60314
60315
60317
60317
60318
60319
60319
60320
60324
60324
60325
60325
60326
60327
60328
60332
60333
60335
60336
60337
60339
60341
60344
60345
60345
60347
60347
60347
60349
60350
60351
60351
60352
60354
60354
60354
60355
60355
60356
60358
60359
60362
60362
60365
60366
60367
60367
60368
60370
60371
60373
60376
60381
60382
60383
60389
60389
60390
60392
60393
60396
60397
60398
60403
60404
60404
60405
60406
60407
60407
60407
60408
60409
60410
60413
60415
60415
60416
60416
60416
60416
60421
60423
60423
60424
60424
60425
60426
60427
60427
60429
60431
60432
60432
60436
60438
60438
60439
60441
60445
60445
60447
60448
60449
60451
60451
60452
60453
60453
60454
60455
60456
60458
60458
60458
60459
60461
60462
60462
60463
60463
60463
60471
60472
60472
60476
60477
60478
60479
60480
60480
60484
60484
60487
60488
60489
60490
60491
60491
60491
60494
60495
60500
60502
60503
60504
60505
60505
60506
60508
60510
60511
60514
60514
60518
60518
60518
60519
60520
60520
60521
60523
60523
60524
60526
60527
60527
60527
60530
60530
60532
60533
60535
60536
60537
60538
60538
60538
60542
60542
60542
60543
60543
60544
60546
60549
60549
60552
60553
60554
60555
60556
60557
60558
60558
60559
60561
60561
60563
60565
60565
60565
60569
60573
60577
60578
60580
60581
60582
60584
60584
60584
60586
60586
60588
60588
60590
60590
60590
60591
60593
60594
60595
60597
60597
60598
60598
60599
60600
60600
60610
60610
60611
60614
60616
60617
60617
60617
60617
60620
60622
60625
60626
60628
60629
60630
60632
60632
60633
60633
60634
60635
60635
60635
60639
60640
60641
60641
60641
60642
60643
60643
60646
60646
60650
60650
60651
60651
60653
60653
60654
60655
60657
60661
60662
60663
60663
60664
60672
60672
60672
60676
60677
60677
60679
60680
60680
60682
60688
60689
60690
60690
60691
60692
60694
60697
60697
60699
60700
60700
60701
60702
60704
60706
60708
60711
60712
60713
60714
60714
60714
60716
60717
60718
60718
60718
60718
60719
60720
60721
60722
60722
60722
60723
60724
60727
60728
60729
60732
60734
60734
60734
60735
60737
60742
60743
60743
60745
60748
60750
60751
60751
60751
60751
60753
60753
60754
60754
60758
60763
60768
60769
60770
60773
60773
60773
60775
60776
60777
60777
60779
60779
60780
60781
60781
60783
60784
60785
60786
60787
60787
60787
60788
60788
60788
60789
60791
60792
60794
60796
60797
60799
60801
60803
60803
60804
60807
60807
60809
60810
60810
60811
60811
60815
60815
60816
60817
60824
60825
60825
60827
60827
60827
60830
60830
60831
60832
60832
60835
60835
60835
60838
60840
60847
60847
60851
60852
60853
60853
60853
60853
60855
60856
60857
60857
60858
60858
60861
60864
60864
60864
60865
60865
60865
60866
60866
60870
60871
60872
60875
60877
60880
60880
60882
60883
60884
60885
60885
60887
60889
60891
60892
60892
60897
60900
60907
60909
60910
60914
60915
60917
60918
60919
60919
60921
60924
60926
60928
60928
60928
60929
60929
60929
60930
60938
60938
60939
60940
60941
60943
60943
60945
60946
60947
60947
60950
60950
60952
60954
60956
60956
60958
60959
60959
60959
60960
60960
60961
60962
60964
60964
60965
60965
60966
60967
60973
60976
60977
60978
60979
60979
60982
60982
60986
60991
60992
60992
60993
60993
60995
60996
60998
60999
60999
61006
61006
61007
61008
61009
61010
61010
61010
61010
61013
61013
61014
61019
61019
61022
61027
61028
61030
61033
61036
61041
61041
61043
61045
61046
61048
61050
61050
61051
61052
61054
61054
61055
61056
61056
61057
61059
61059
61063
61067
61071
61073
61075
61075
61077
61077
61078
61078
61080
61081
61082
61084
61084
61085
61085
61086
61087
61087
61089
61091
61094
61095
61095
61096
61100
61102
61104
61106
61107
61108
61108
61109
61112
61114
61115
61115
61117
61117
61117
61118
61119
61122
61123
61123
61124
61126
61128
61128
61128
61128
61129
61131
61131
61132
61133
61133
61134
61142
61142
61143
61147
61147
61151
61152
61152
61153
61156
61158
61160
61161
61161
61162
61162
61162
61162
61163
61163
61164
61165
61165
61168
61170
61173
61174
61175
61176
61177
61181
61182
61185
61188
61188
61188
61189
61189
61190
61190
61193
61194
61196
61197
61198
61198
61198
61199
61200
61203
61203
61204
61205
61208
61210
61211
61213
61213
61215
61216
61216
61217
61219
61220
61220
61222
61223
61224
61227
61228
61230
61231
61232
61234
61237
61237
61238
61240
61242
61242
61243
61243
61243
61246
61248
61250
61252
61252
61253
61253
61254
61254
61256
61256
61257
61260
61260
61260
61260
61261
61261
61263
61264
61266
61267
61269
61270
61271
61274
61274
61280
61284
61286
61286
61289
61289
61291
61291
61293
61294
61296
61296
61297
61297
61300
61301
61301
61302
61304
61305
61305
61306
61306
61307
61311
61312
61317
61317
61318
61319
61321
61322
61322
61322
61322
61324
61325
61326
61329
61331
61332
61333
61335
61336
61337
61337
61340
61346
61350
61352
61353
61353
61353
61356
61358
61359
61360
61362
61364
61364
61365
61366
61367
61368
61369
61371
61372
61373
61375
61375
61377
61379
61379
61380
61381
61382
61382
61383
61384
61384
61385
61386
61387
61387
61389
61392
61392
61393
61394
61395
61398
61398
61400
61401
61401
61401
61403
61404
61406
61408
61408
61410
61410
61412
61412
61413
61414
61415
61415
61416
61417
61417
61421
61422
61423
61424
61425
61425
61426
61430
61430
61431
61433
61434
61439
61439
61440
61444
61445
61447
61448
61450
61450
61451
61452
61452
61454
61454
61454
61455
61455
61458
61458
61458
61458
61460
61462
61462
61463
61464
61466
61466
61467
61472
61472
61477
61477
61477
61478
61480
61483
61487
61489
61489
61491
61492
61493
61495
61495
61496
61504
61504
61513
61515
61519
61519
61521
61523
61524
61524
61525
61526
61528
61529
61530
61535
61535
61535
61536
61538
61539
61539
61540
61540
61541
61542
61542
61543
61545
61546
61548
61549
61549
61553
61556
61560
61560
61562
61563
61564
61564
61566
61567
61567
61568
61569
61572
61573
61573
61575
61577
61577
61577
61579
61579
61580
61582
61584
61584
61584
61585
61585
61585
61587
61587
61587
61588
61590
61592
61593
61594
61596
61598
61601
61604
61609
61610
61610
61612
61612
61612
61613
61613
61613
61614
61617
61619
61619
61623
61625
61626
61628
61628
61629
61630
61632
61633
61634
61634
61636
61636
61640
61643
61643
61644
61647
61651
61653
61653
61655
61657
61660
61663
61665
61667
61668
61669
61673
61677
61678
61679
61679
61679
61680
61681
61682
61683
61683
61684
61685
61686
61688
61689
61691
61692
61693
61694
61700
61702
61702
61703
61703
61704
61705
61707
61707
61707
61708
61708
61709
61710
61710
61715
61716
61718
61719
61721
61722
61723
61723
61724
61725
61726
61731
61732
61732
61733
61733
61734
61738
61742
61742
61743
61744
61746
61747
61748
61748
61749
61750
61751
61753
61755
61760
61761
61762
61765
61768
61768
61768
61769
61771
61771
61771
61776
61778
61778
61779
61784
61784
61785
61787
61787
61789
61790
61790
61793
61793
61793
61793
61796
61797
61797
61798
61799
61800
61801
61803
61803
61803
61805
61806
61807
61815
61818
61821
61823
61824
61825
61827
61829
61832
61833
61834
61834
61835
61836
61838
61839
61841
61841
61842
61844
61845
61845
61846
61847
61847
61849
61850
61852
61853
61853
61857
61858
61858
61860
61861
61864
61866
61866
61866
61868
61870
61871
61874
61875
61876
61880
61880
61883
61888
61888
61889
61891
61894
61894
61897
61898
61899
61901
61902
61902
61902
61903
61903
61904
61907
61908
61908
61908
61913
61916
61916
61917
61925
61926
61927
61927
61932
61935
61936
61936
61937
61937
61939
61943
61944
61944
61946
61946
61947
61950
61950
61951
61953
61955
61956
61957
61960
61960
61960
61966
61970
61971
61972
61974
61975
61975
61976
61976
61976
61977
61977
61981
61983
61985
61988
61990
61991
61992
61996
61999
62000
62000
62001
62001
62005
62005
62005
62005
62006
62007
62009
62012
62014
62015
62015
62017
62018
62021
62023
62023
62024
62026
62035
62035
62037
62038
62041
62043
62043
62044
62044
62044
62045
62045
62047
62049
62050
62052
62054
62054
62055
62056
62057
62058
62058
62059
62060
62061
62063
62066
62066
62067
62068
62069
62069
62070
62071
62071
62071
62074
62075
62076
62077
62078
62079
62080
62080
62084
62085
62086
62086
62087
62089
62092
62098
62100
62105
62105
62107
62107
62110
62110
62113
62113
62113
62114
62115
62115
62116
62118
62120
62120
62120
62121
62122
62123
62124
62124
62125
62125
62126
62126
62127
62127
62127
62127
62127
62129
62130
62131
62134
62135
62137
62140
62141
62143
62145
62146
62146
62148
62148
62149
62151
62151
62154
62156
62156
62158
62159
62160
62161
62161
62162
62164
62165
62166
62166
62168
62170
62172
62176
62177
62177
62178
62181
62187
62187
62189
62191
62191
62192
62193
62194
62196
62196
62200
62201
62202
62203
62205
62205
62207
62208
62210
62216
62216
62218
62219
62219
62220
62220
62221
62224
62224
62228
62230
62231
62236
62236
62237
62237
62238
62238
62240
62240
62240
62241
62242
62242
62244
62244
62246
62247
62249
62249
62250
62251
62252
62252
62254
62258
62259
62261
62261
62263
62263
62266
62269
62269
62270
62272
62273
62273
62276
62280
62281
62283
62284
62285
62288
62289
62290
62290
62291
62291
62292
62292
62292
62295
62299
62300
62301
62301
62302
62303
62305
62306
62309
62310
62311
62312
62312
62314
62314
62315
62316
62318
62318
62319
62321
62321
62322
62322
62325
62327
62331
62331
62334
62336
62336
62337
62339
62340
62340
62341
62341
62342
62343
62344
62344
62345
62347
62348
62351
62351
62352
62353
62356
62357
62358
62359
62359
62359
62363
62363
62365
62365
62365
62367
62369
62370
62371
62371
62372
62372
62374
62374
62375
62376
62379
62379
62379
62382
62384
62384
62385
62385
62385
62386
62387
62388
62390
62393
62396
62397
62398
62400
62401
62401
62403
62403
62407
62407
62408
62409
62409
62410
62411
62411
62412
62412
62421
62423
62423
62425
62425
62428
62429
62429
62430
62434
62435
62438
62439
62446
62446
62453
62454
62458
62459
62459
62464
62464
62468
62468
62470
62470
62471
62474
62474
62475
62476
62477
62479
62480
62484
62485
62486
62487
62489
62489
62490
62492
62494
62496
62497
62499
62500
62500
62502
62502
62504
62505
62505
62505
62507
62509
62510
62513
62516
62517
62522
62522
62525
62526
62526
62527
62528
62529
62533
62533
62534
62538
62538
62541
62542
62542
62542
62542
62542
62542
62543
62544
62544
62545
62545
62546
62546
62547
62547
62548
62555
62555
62557
62561
62561
62562
62563
62563
62564
62565
62566
62572
62573
62573
62574
62576
62576
62577
62577
62578
62578
62579
62579
62581
62582
62582
62583
62586
62588
62589
62591
62596
62601
62601
62601
62602
62604
62607
62608
62609
62609
62609
62611
62611
62611
62613
62614
62615
62615
62616
62617
62617
62617
62618
62618
62618
62618
62619
62619
62620
62621
62622
62623
62623
62624
62624
62626
62627
62628
62628
62629
62629
62631
62633
62633
62635
62635
62636
62636
62637
62642
62643
62643
62644
62645
62648
62649
62649
62651
62652
62652
62652
62655
62658
62658
62659
62659
62659
62660
62661
62662
62666
62667
62669
62670
62672
62674
62677
62678
62678
62679
62680
62683
62683
62683
62684
62685
62688
62689
62690
62690
62691
62692
62692
62692
62693
62693
62693
62694
62695
62695
62695
62697
62697
62700
62700
62701
62703
62705
62706
62708
62709
62709
62711
62711
62713
62714
62714
62714
62716
62719
62722
62724
62725
62726
62727
62728
62729
62734
62736
62737
62737
62738
62739
62743
62745
62745
62747
62750
62750
62752
62752
62752
62755
62758
62759
62760
62761
62761
62765
62767
62768
62768
62769
62769
62769
62771
62772
62772
62773
62774
62776
62777
62777
62778
62779
62780
62780
62785
62790
62792
62794
62796
62798
62799
62802
62803
62804
62804
62804
62805
62806
62806
62808
62810
62811
62815
62823
62823
62824
62825
62829
62829
62830
62831
62833
62834
62834
62834
62834
62835
62836
62838
62842
62847
62848
62848
62849
62849
62851
62853
62853
62853
62855
62858
62859
62861
62864
62864
62866
62867
62867
62867
62868
62869
62875
62879
62879
62880
62881
62881
62883
62886
62888
62890
62890
62891
62891
62894
62895
62895
62895
62896
62897
62898
62900
62900
62901
62902
62903
62903
62904
62908
62910
62910
62912
62914
62915
62916
62917
62919
62921
62921
62922
62922
62922
62922
62923
62927
62931
62934
62935
62936
62939
62939
62940
62940
62941
62942
62943
62944
62944
62947
62952
62954
62955
62955
62955
62956
62956
62956
62958
62959
62962
62968
62970
62970
62970
62971
62973
62974
62975
62977
62981
62981
62982
62982
62982
62985
62986
62987
62988
62989
62991
62991
62994
62995
62995
62995
62998
63000
63003
63003
63006
63008
63009
63012
63016
63018
63018
63019
63021
63021
63022
63022
63024
63025
63025
63027
63028
63030
63030
63032
63032
63032
63032
63032
63034
63035
63037
63040
63041
63041
63042
63044
63044
63045
63046
63047
63048
63049
63050
63052
63054
63057
63061
63062
63063
63064
63064
63065
63069
63069
63069
63071
63074
63074
63077
63077
63079
63080
63081
63082
63083
63083
63083
63086
63086
63086
63089
63089
63090
63091
63094
63094
63094
63098
63100
63100
63102
63104
63106
63106
63107
63107
63107
63109
63109
63112
63112
63113
63117
63117
63118
63119
63125
63125
63125
63126
63127
63128
63131
63133
63134
63136
63137
63139
63139
63143
63145
63146
63146
63147
63147
63150
63150
63150
63150
63152
63155
63156
63157
63158
63162
63165
63167
63167
63167
63169
63171
63174
63175
63176
63176
63178
63178
63179
63179
63185
63186
63186
63186
63187
63188
63188
63190
63191
63191
63193
63196
63197
63199
63199
63200
63200
63202
63207
63210
63211
63211
63211
63214
63215
63217
63218
63218
63220
63223
63223
63223
63225
63226
63228
63232
63235
63239
63239
63242
63245
63245
63247
63250
63250
63250
63251
63251
63252
63252
63253
63254
63256
63258
63261
63262
63264
63264
63265
63266
63266
63266
63266
63267
63268
63269
63270
63272
63272
63276
63277
63277
63281
63283
63284
63284
63286
63287
63287
63288
63289
63291
63293
63294
63299
63301
63302
63304
63306
63306
63306
63306
63307
63307
63309
63310
63310
63310
63312
63314
63314
63319
63319
63320
63320
63320
63321
63321
63323
63323
63327
63330
63331
63332
63333
63334
63335
63337
63339
63339
63340
63340
63340
63341
63342
63344
63347
63350
63352
63353
63353
63353
63355
63357
63359
63359
63359
63362
63363
63365
63366
63368
63368
63369
63371
63372
63373
63376
63376
63377
63378
63378
63379
63379
63380
63380
63381
63381
63382
63383
63385
63386
63388
63389
63390
63391
63392
63393
63397
63398
63399
63403
63408
63410
63410
63410
63410
63419
63422
63422
63423
63423
63425
63426
63426
63427
63428
63429
63430
63430
63434
63435
63435
63435
63436
63436
63437
63438
63440
63441
63442
63444
63448
63450
63452
63453
63453
63454
63455
63457
63458
63458
63459
63459
63460
63461
63461
63462
63462
63463
63464
63465
63468
63468
63469
63470
63470
63472
63473
63474
63474
63474
63476
63479
63485
63486
63486
63491
63491
63492
63493
63493
63494
63495
63495
63497
63499
63500
63501
63503
63506
63507
63507
63510
63510
63512
63512
63513
63514
63515
63517
63517
63518
63519
63519
63520
63521
63523
63523
63525
63525
63525
63527
63531
63533
63535
63536
63539
63541
63541
63544
63545
63545
63546
63546
63546
63547
63547
63548
63549
63550
63550
63550
63550
63552
63553
63553
63553
63556
63558
63559
63559
63560
63561
63561
63562
63563
63566
63567
63567
63569
63569
63572
63574
63574
63576
63577
63581
63584
63585
63586
63586
63589
63590
63591
63591
63593
63594
63595
63596
63596
63596
63598
63598
63602
63602
63603
63603
63612
63613
63614
63619
63620
63622
63625
63627
63632
63637
63638
63640
63642
63644
63644
63645
63645
63648
63653
63653
63653
63657
63657
63658
63659
63660
63660
63667
63668
63670
63671
63674
63674
63677
63679
63679
63680
63680
63681
63684
63684
63684
63685
63686
63687
63689
63689
63690
63690
63693
63694
63694
63695
63697
63698
63699
63701
63701
63702
63702
63703
63704
63704
63705
63706
63707
63707
63708
63708
63709
63709
63714
63718
63720
63724
63726
63732
63736
63736
63736
63737
63737
63737
63738
63742
63744
63744
63744
63745
63748
63748
63751
63755
63755
63756
63759
63760
63760
63762
63762
63763
63763
63764
63765
63769
63771
63772
63774
63774
63775
63775
63776
63779
63782
63783
63784
63789
63789
63789
63793
63795
63797
63798
63798
63798
63799
63804
63806
63807
63809
63809
63812
63812
63814
63815
63816
63818
63818
63818
63821
63822
63822
63822
63822
63822
63823
63824
63824
63824
63827
63829
63831
63835
63837
63838
63839
63840
63841
63844
63845
63846
63846
63848
63854
63854
63856
63857
63857
63860
63862
63862
63865
63869
63870
63871
63871
63872
63874
63875
63881
63881
63882
63882
63884
63885
63887
63889
63889
63890
63893
63894
63898
63899
63901
63902
63905
63906
63906
63907
63907
63908
63909
63909
63912
63917
63919
63921
63921
63923
63927
63928
63929
63930
63932
63933
63933
63933
63934
63935
63937
63937
63937
63937
63937
63939
63941
63942
63945
63948
63948
63950
63953
63954
63955
63956
63956
63963
63963
63963
63965
63967
63968
63968
63969
63970
63970
63971
63972
63974
63975
63976
63978
63978
63978
63978
63987
63988
63988
63988
63990
63992
63997
64000
64000
64001
64005
64009
64009
64012
64012
64015
64016
64018
64019
64022
64023
64024
64025
64026
64027
64027
64028
64033
64034
64036
64036
64037
64041
64043
64047
64048
64050
64051
64054
64055
64059
64059
64061
64062
64063
64065
64065
64066
64067
64069
64069
64069
64070
64071
64071
64073
64076
64077
64077
64078
64080
64080
64081
64082
64083
64084
64085
64086
64086
64087
64088
64089
64092
64092
64092
64093
64094
64095
64096
64097
64099
64102
64104
64105
64106
64106
64109
64110
64115
64121
64123
64125
64131
64133
64134
64140
64140
64140
64141
64142
64144
64146
64146
64147
64147
64149
64151
64153
64154
64155
64155
64158
64160
64161
64161
64162
64162
64165
64165
64167
64171
64171
64172
64173
64174
64174
64175
64177
64178
64181
64184
64185
64189
64190
64190
64192
64192
64193
64194
64196
64196
64197
64197
64198
64199
64202
64203
64205
64206
64208
64210
64211
64215
64217
64218
64218
64219
64220
64221
64221
64221
64224
64225
64225
64228
64231
64232
64233
64233
64235
64236
64236
64239
64242
64245
64245
64247
64248
64248
64249
64251
64251
64257
64259
64262
64264
64266
64268
64268
64268
64270
64274
64274
64274
64275
64276
64278
64279
64279
64281
64282
64285
64286
64287
64288
64289
64291
64293
64294
64296
64297
64298
64298
64299
64302
64303
64303
64304
64307
64307
64307
64310
64312
64313
64313
64314
64315
64319
64319
64325
64328
64328
64328
64328
64330
64332
64334
64335
64337
64338
64339
64339
64346
64347
64347
64347
64347
64348
64350
64354
64354
64355
64357
64362
64362
64362
64363
64363
64365
64368
64368
64369
64371
64373
64375
64377
64377
64378
64379
64382
64385
64387
64388
64389
64390
64391
64392
64393
64393
64397
64402
64402
64403
64403
64403
64405
64406
64407
64413
64414
64415
64415
64416
64417
64418
64418
64419
64423
64423
64424
64427
64427
64428
64429
64432
64434
64435
64435
64435
64436
64438
64438
64439
64443
64447
64447
64447
64448
64450
64451
64453
64454
64455
64456
64457
64457
64458
64461
64461
64461
64461
64464
64465
64466
64468
64468
64468
64470
64471
64472
64472
64472
64473
64474
64475
64475
64477
64477
64478
64479
64488
64490
64490
64492
64492
64493
64493
64495
64496
64496
64497
64497
64498
64499
64500
64502
64505
64509
64509
64509
64510
64513
64514
64515
64518
64518
64518
64518
64519
64521
64526
64527
64528
64532
64532
64532
64533
64534
64536
64537
64544
64548
64548
64551
64551
64552
64555
64555
64556
64558
64559
64560
64560
64562
64563
64563
64564
64566
64566
64566
64567
64570
64573
64574
64575
64575
64577
64578
64579
64582
64582
64583
64587
64588
64589
64591
64593
64593
64593
64595
64595
64595
64596
64603
64606
64606
64607
64607
64610
64610
64612
64612
64613
64618
64618
64619
64621
64622
64622
64623
64623
64626
64626
64626
64627
64627
64628
64629
64633
64633
64634
64634
64636
64636
64638
64638
64643
64644
64644
64646
64646
64648
64650
64651
64653
64653
64654
64656
64657
64658
64658
64661
64663
64665
64665
64666
64668
64670
64670
64673
64674
64676
64678
64679
64680
64681
64681
64681
64682
64685
64686
64687
64688
64690
64692
64692
64693
64693
64694
64694
64695
64697
64698
64698
64698
64699
64699
64703
64705
64706
64708
64709
64712
64713
64713
64714
64716
64718
64720
64721
64723
64725
64727
64730
64733
64734
64736
64736
64737
64737
64737
64737
64737
64737
64738
64738
64740
64741
64742
64742
64744
64744
64745
64745
64746
64748
64749
64750
64752
64752
64754
64755
64756
64758
64759
64760
64762
64764
64765
64766
64767
64767
64767
64767
64769
64769
64770
64770
64771
64774
64774
64776
64776
64779
64779
64780
64781
64782
64782
64782
64783
64784
64788
64788
64789
64792
64794
64794
64795
64797
64797
64798
64798
64799
64801
64801
64802
64803
64806
64808
64809
64811
64812
64814
64814
64815
64816
64817
64817
64818
64818
64820
64820
64821
64821
64822
64823
64824
64824
64825
64828
64832
64836
64837
64839
64840
64842
64842
64845
64845
64848
64850
64850
64851
64852
64857
64860
64862
64863
64864
64867
64868
64870
64870
64873
64873
64877
64877
64878
64878
64878
64879
64879
64879
64881
64881
64881
64884
64884
64884
64885
64889
64889
64892
64894
64897
64899
64900
64900
64901
64901
64902
64903
64903
64904
64904
64904
64906
64907
64911
64913
64914
64914
64915
64916
64917
64920
64924
64928
64930
64932
64932
64932
64932
64934
64937
64938
64940
64942
64943
64944
64944
64948
64949
64949
64953
64954
64956
64956
64960
64961
64962
64963
64964
64965
64966
64966
64968
64972
64974
64976
64982
64985
64987
64988
64989
64990
64991
64991
64994
64994
64995
64998
65000
65002
65003
65003
65003
65007
65008
65009
65011
65013
65013
65014
65014
65015
65015
65015
65019
65021
65021
65022
65025
65026
65026
65028
65029
65030
65032
65032
65032
65035
65035
65035
65036
65036
65036
65039
65039
65042
65045
65046
65047
65049
65049
65049
65050
65050
65051
65051
65053
65057
65057
65058
65059
65060
65060
65061
65061
65061
65062
65063
65063
65069
65069
65070
65071
65071
65078
65079
65081
65081
65083
65084
65085
65086
65087
65090
65091
65095
65097
65097
65098
65100
65102
65102
65103
65105
65109
65110
65112
65114
65114
65117
65117
65118
65119
65120
65121
65124
65124
65125
65126
65127
65130
65131
65135
65135
65136
65137
65142
65143
65144
65146
65147
65147
65148
65148
65148
65149
65153
65154
65154
65156
65156
65163
65163
65164
65164
65164
65165
65165
65167
65168
65168
65169
65169
65171
65172
65172
65172
65173
65173
65174
65177
65180
65181
65183
65184
65185
65187
65189
65190
65192
65192
65192
65195
65195
65197
65198
65199
65200
65201
65201
65205
65209
65209
65209
65210
65216
65216
65219
65222
65223
65224
65226
65226
65227
65228
65229
65229
65231
65231
65234
65234
65242
65248
65248
65249
65251
65251
65252
65253
65254
65255
65256
65258
65259
65260
65262
65265
65266
65268
65268
65271
65271
65271
65271
65272
65273
65274
65274
65276
65277
65281
65281
65282
65282
65282
65283
65283
65283
65284
65284
65284
65285
65286
65287
65288
65288
65289
65289
65292
65292
65292
65294
65295
65298
65302
65303
65303
65304
65305
65309
65310
65310
65310
65310
65311
65312
65317
65318
65320
65320
65321
65322
65322
65325
65327
65328
65329
65329
65333
65336
65337
65338
65338
65339
65340
65341
65343
65344
65345
65350
65352
65352
65352
65353
65356
65360
65360
65361
65362
65366
65367
65367
65368
65369
65370
65373
65381
65383
65384
65384
65385
65386
65387
65387
65388
65392
65393
65394
65397
65401
65401
65404
65405
65406
65408
65411
65412
65413
65416
65418
65419
65421
65422
65423
65423
65427
65427
65430
65432
65432
65433
65433
65433
65433
65435
65436
65437
65439
65441
65441
65443
65443
65444
65444
65445
65445
65445
65446
65449
65449
65449
65451
65453
65456
65459
65462
65462
65462
65463
65465
65466
65466
65468
65476
65482
65483
65486
65488
65490
65491
65492
65493
65494
65495
65496
65496
65499
65500
65501
65502
65502
65503
65505
65505
65506
65506
65508
65511
65512
65514
65516
65520
65520
65520
65522
65522
65523
65523
65525
65526
65529
65529
65532
65537
65537
65539
65541
65541
65543
65543
65545
65546
65551
65553
65553
65554
65557
65558
65559
65560
65560
65566
65571
65572
65573
65573
65576
65578
65579
65582
65582
65584
65589
65590
65592
65594
65596
65600
65601
65605
65606
65607
65608
65609
65609
65610
65612
65612
65616
65616
65617
65620
65623
65623
65624
65624
65627
65629
65629
65631
65631
65631
65631
65635
65637
65641
65643
65643
65643
65644
65647
65649
65652
65653
65654
65655
65656
65656
65660
65660
65660
65661
65662
65662
65664
65667
65670
65672
65673
65674
65677
65681
65682
65683
65684
65685
65686
65688
65688
65688
65689
65690
65691
65691
65692
65694
65696
65696
65700
65702
65703
65706
65706
65708
65709
65710
65712
65712
65712
65713
65713
65714
65715
65716
65717
65717
65719
65720
65722
65722
65724
65724
65729
65729
65730
65730
65732
65733
65738
65738
65738
65739
65739
65739
65739
65740
65743
65751
65752
65754
65754
65754
65755
65756
65756
65758
65761
65762
65764
65764
65764
65766
65767
65767
65767
65768
65769
65770
65771
65771
65774
65774
65777
65777
65778
65779
65779
65780
65780
65780
65783
65786
65786
65787
65788
65788
65790
65791
65792
65792
65793
65795
65798
65799
65799
65799
65800
65801
65805
65805
65805
65806
65806
65808
65808
65813
65814
65816
65817
65819
65820
65820
65822
65822
65823
65824
65826
65826
65827
65832
65839
65839
65840
65845
65845
65846
65849
65850
65853
65854
65854
65854
65855
65856
65862
65865
65866
65866
65866
65867
65868
65868
65869
65869
65870
65873
65873
65873
65875
65876
65877
65878
65879
65881
65881
65882
65885
65886
65886
65887
65888
65888
65892
65895
65896
65897
65897
65900
65900
65904
65909
65911
65911
65913
65914
65914
65914
65916
65924
65925
65926
65928
65928
65928
65929
65932
65935
65935
65936
65942
65942
65944
65946
65949
65949
65951
65951
65953
65956
65959
65960
65962
65962
65963
65964
65966
65967
65968
65971
65976
65979
65982
65982
65983
65985
65985
65986
65986
65987
65987
65988
65988
65989
65989
65990
65991
65994
65995
65997
65998
65998
66001
66002
66003
66003
66004
66007
66007
66009
66010
66011
66012
66014
66014
66015
66019
66019
66020
66023
66026
66027
66032
66036
66038
66040
66042
66045
66054
66055
66055
66057
66058
66059
66065
66065
66069
66071
66071
66073
66073
66076
66077
66078
66078
66081
66082
66082
66083
66083
66083
66084
66084
66087
66087
66087
66089
66089
66089
66090
66090
66091
66093
66093
66096
66096
66097
66097
66097
66098
66100
66101
66102
66103
66105
66105
66110
66111
66113
66114
66115
66115
66115
66116
66116
66118
66123
66125
66127
66128
66128
66130
66131
66131
66131
66133
66133
66134
66134
66135
66137
66138
66138
66139
66140
66140
66144
66144
66144
66145
66145
66151
66152
66152
66153
66155
66156
66158
66160
66160
66161
66161
66162
66165
66166
66168
66169
66169
66170
66170
66172
66172
66173
66173
66174
66174
66176
66177
66177
66180
66183
66183
66187
66187
66187
66188
66188
66190
66191
66192
66193
66194
66196
66200
66201
66201
66201
66205
66206
66207
66207
66208
66209
66209
66209
66210
66210
66213
66215
66215
66216
66216
66218
66218
66218
66219
66219
66220
66222
66225
66226
66227
66231
66231
66234
66235
66236
66236
66237
66238
66238
66238
66238
66238
66241
66243
66246
66248
66250
66250
66254
66254
66255
66257
66258
66259
66259
66262
66263
66266
66268
66270
66270
66271
66273
66277
66277
66278
66278
66281
66284
66285
66285
66286
66286
66288
66289
66290
66291
66291
66291
66292
66294
66297
66297
66299
66300
66300
66301
66304
66306
66306
66306
66307
66310
66311
66312
66315
66316
66318
66319
66320
66320
66323
66327
66328
66329
66331
66337
66340
66341
66342
66343
66343
66343
66345
66346
66349
66351
66353
66354
66356
66356
66356
66356
66356
66356
66359
66362
66364
66369
66373
66374
66377
66378
66378
66380
66381
66382
66382
66386
66388
66389
66390
66390
66390
66393
66394
66394
66395
66396
66397
66398
66399
66403
66403
66403
66403
66404
66413
66414
66415
66416
66416
66417
66417
66418
66418
66419
66421
66421
66424
66426
66426
66427
66427
66428
66429
66430
66431
66432
66434
66436
66437
66439
66445
66447
66450
66450
66453
66454
66458
66460
66461
66461
66464
66465
66466
66467
66467
66468
66470
66471
66472
66479
66481
66485
66485
66486
66487
66492
66493
66494
66494
66494
66496
66497
66500
66500
66501
66501
66503
66505
66506
66508
66509
66511
66513
66513
66514
66516
66517
66519
66519
66520
66524
66525
66526
66526
66527
66528
66531
66533
66534
66535
66535
66536
66537
66537
66538
66538
66541
66541
66543
66543
66544
66546
66547
66548
66549
66549
66550
66551
66551
66552
66553
66554
66555
66557
66558
66560
66561
66563
66566
66568
66568
66569
66569
66569
66570
66574
66574
66577
66579
66579
66580
66588
66588
66589
66590
66591
66592
66593
66593
66593
66595
66597
66597
66598
66601
66602
66603
66603
66604
66606
66607
66607
66610
66612
66612
66617
66618
66619
66621
66622
66623
66624
66628
66629
66629
66630
66631
66632
66633
66633
66633
66635
66635
66637
66640
66643
66645
66645
66645
66645
66646
66647
66648
66649
66654
66657
66658
66658
66659
66659
66659
66661
66661
66661
66662
66663
66664
66665
66665
66665
66667
66668
66672
66673
66673
66676
66677
66677
66678
66679
66681
66681
66682
66683
66685
66686
66686
66687
66687
66688
66689
66690
66690
66692
66693
66696
66698
66699
66700
66701
66701
66702
66703
66703
66704
66704
66704
66705
66708
66710
66711
66713
66713
66713
66713
66715
66715
66716
66717
66717
66718
66718
66719
66723
66724
66725
66729
66729
66729
66729
66729
66729
66729
66733
66733
66733
66734
66734
66734
66737
66738
66740
66741
66743
66745
66745
66745
66746
66746
66753
66753
66755
66755
66755
66757
66759
66759
66760
66761
66762
66762
66763
66764
66764
66765
66765
66765
66767
66769
66771
66773
66774
66774
66775
66776
66777
66778
66782
66783
66783
66783
66783
66785
66785
66786
66787
66790
66793
66794
66795
66797
66801
66802
66802
66805
66806
66808
66808
66809
66811
66813
66814
66815
66816
66817
66820
66824
66825
66826
66828
66829
66829
66834
66835
66836
66839
66839
66839
66839
66840
66841
66842
66842
66844
66845
66845
66846
66846
66851
66852
66853
66854
66855
66859
66861
66862
66865
66865
66867
66867
66869
66870
66870
66872
66876
66878
66880
66883
66884
66885
66886
66889
66890
66893
66895
66897
66899
66899
66901
66901
66902
66903
66903
66905
66907
66907
66909
66913
66914
66914
66915
66917
66918
66921
66921
66922
66923
66925
66927
66927
66929
66931
66932
66937
66938
66938
66942
66942
66945
66947
66947
66948
66949
66949
66949
66951
66951
66952
66954
66954
66954
66955
66956
66957
66958
66958
66959
66961
66964
66966
66967
66967
66969
66972
66972
66973
66976
66977
66978
66979
66979
66986
66986
66986
66986
66987
66987
66990
66990
66993
66993
66997
67000
67001
67002
67003
67003
67005
67005
67006
67007
67007
67007
67009
67010
67011
67011
67013
67013
67016
67017
67017
67019
67021
67023
67023
67024
67025
67027
67028
67030
67031
67032
67034
67038
67038
67041
67042
67049
67049
67049
67050
67050
67052
67053
67053
67055
67055
67057
67058
67059
67062
67062
67064
67064
67068
67069
67071
67074
67075
67076
67076
67076
67080
67080
67084
67090
67092
67093
67097
67098
67100
67102
67102
67103
67107
67108
67110
67114
67117
67119
67119
67120
67121
67121
67122
67122
67122
67124
67125
67127
67128
67128
67129
67129
67131
67133
67134
67136
67137
67138
67139
67142
67142
67143
67144
67145
67147
67149
67150
67150
67151
67152
67153
67154
67155
67156
67156
67159
67161
67162
67166
67167
67168
67168
67169
67170
67171
67173
67173
67173
67174
67174
67176
67177
67178
67180
67181
67182
67183
67184
67185
67185
67186
67186
67187
67187
67187
67189
67190
67191
67192
67193
67195
67195
67198
67198
67199
67200
67201
67205
67205
67207
67207
67210
67211
67214
67217
67218
67218
67219
67220
67223
67223
67224
67225
67225
67227
67227
67228
67229
67229
67230
67232
67234
67234
67234
67235
67236
67237
67238
67242
67247
67248
67248
67253
67253
67258
67259
67259
67263
67263
67264
67266
67267
67269
67271
67272
67272
67273
67273
67274
67276
67280
67281
67281
67285
67287
67290
67292
67295
67296
67296
67298
67300
67301
67305
67306
67307
67309
67309
67309
67309
67312
67314
67314
67315
67318
67318
67322
67324
67325
67326
67327
67328
67329
67329
67331
67332
67334
67334
67335
67336
67336
67338
67338
67338
67341
67342
67345
67346
67347
67347
67348
67348
67348
67348
67350
67352
67352
67353
67355
67356
67357
67358
67361
67361
67362
67364
67369
67370
67370
67371
67372
67372
67374
67375
67375
67376
67377
67377
67379
67380
67381
67381
67382
67383
67385
67386
67388
67388
67389
67389
67391
67391
67391
67391
67392
67392
67393
67394
67395
67395
67396
67403
67404
67405
67407
67407
67409
67409
67409
67411
67411
67418
67419
67420
67421
67422
67423
67423
67425
67425
67426
67426
67430
67431
67431
67432
67435
67439
67439
67439
67439
67439
67440
67441
67443
67443
67446
67447
67449
67451
67451
67451
67453
67454
67454
67455
67456
67457
67459
67464
67465
67465
67465
67466
67467
67467
67469
67469
67470
67472
67473
67474
67474
67476
67477
67478
67478
67480
67480
67482
67484
67485
67486
67486
67486
67487
67487
67489
67490
67491
67492
67495
67496
67496
67496
67498
67498
67499
67499
67500
67503
67504
67508
67511
67515
67515
67515
67519
67521
67521
67521
67524
67526
67527
67528
67529
67531
67532
67533
67536
67537
67538
67540
67542
67545
67546
67546
67546
67549
67551
67552
67552
67552
67554
67559
67562
67562
67566
67568
67570
67572
67575
67575
67576
67579
67582
67584
67587
67587
67587
67589
67591
67592
67593
67593
67597
67599
67601
67601
67601
67603
67605
67605
67606
67606
67607
67607
67609
67611
67611
67611
67612
67615
67616
67616
67618
67619
67622
67627
67630
67631
67632
67634
67635
67637
67637
67639
67640
67641
67641
67642
67643
67644
67646
67648
67649
67649
67651
67654
67655
67657
67660
67662
67662
67662
67664
67664
67665
67665
67666
67667
67667
67670
67673
67675
67678
67679
67679
67679
67679
67681
67683
67684
67685
67686
67687
67687
67687
67689
67689
67690
67690
67692
67692
67692
67693
67695
67696
67696
67697
67697
67699
67701
67703
67704
67704
67705
67707
67708
67708
67710
67717
67718
67718
67719
67719
67720
67722
67723
67725
67727
67729
67729
67732
67735
67735
67736
67736
67738
67740
67741
67742
67742
67742
67744
67744
67747
67747
67748
67748
67748
67750
67750
67750
67751
67752
67752
67753
67753
67755
67756
67758
67761
67762
67763
67763
67763
67763
67765
67766
67766
67767
67768
67768
67770
67775
67776
67777
67777
67778
67781
67782
67782
67784
67784
67786
67787
67788
67789
67789
67789
67789
67789
67790
67790
67791
67793
67794
67795
67796
67796
67797
67798
67798
67800
67803
67804
67805
67805
67806
67807
67808
67809
67810
67811
67811
67812
67816
67816
67820
67820
67821
67822
67822
67823
67827
67830
67830
67831
67833
67834
67835
67835
67835
67838
67840
67841
67842
67842
67842
67844
67845
67845
67848
67849
67850
67851
67852
67855
67855
67855
67857
67857
67857
67858
67858
67859
67859
67861
67861
67863
67863
67864
67864
67865
67865
67866
67866
67866
67867
67867
67869
67869
67869
67869
67870
67870
67872
67873
67873
67873
67874
67874
67876
67878
67885
67887
67889
67892
67892
67893
67896
67898
67903
67903
67905
67906
67908
67909
67909
67910
67912
67912
67913
67914
67915
67916
67918
67919
67919
67919
67926
67926
67927
67931
67931
67933
67934
67936
67936
67936
67939
67941
67944
67945
67945
67946
67947
67950
67950
67951
67953
67953
67954
67956
67959
67959
67960
67962
67963
67965
67965
67967
67967
67967
67968
67969
67969
67972
67972
67973
67977
67978
67981
67981
67983
67985
67985
67985
67986
67987
67987
67988
67988
67989
67989
67990
67990
67992
67993
67994
67996
68001
68006
68006
68006
68007
68009
68010
68011
68011
68012
68017
68018
68018
68019
68019
68020
68020
68022
68022
68023
68026
68026
68026
68027
68032
68033
68035
68038
68041
68043
68044
68046
68048
68049
68054
68054
68055
68057
68059
68060
68060
68061
68063
68063
68064
68064
68069
68071
68072
68074
68075
68075
68076
68077
68078
68078
68079
68079
68079
68079
68080
68082
68083
68087
68087
68089
68089
68089
68091
68092
68092
68093
68094
68095
68095
68095
68100
68101
68106
68106
68106
68106
68108
68110
68111
68115
68116
68116
68118
68118
68121
68123
68126
68127
68128
68131
68133
68134
68135
68137
68137
68139
68139
68139
68140
68141
68142
68144
68144
68144
68145
68145
68147
68149
68149
68149
68150
68151
68157
68160
68160
68161
68165
68165
68166
68166
68169
68171
68172
68173
68175
68175
68178
68181
68181
68185
68186
68187
68188
68191
68191
68191
68192
68193
68194
68195
68197
68197
68199
68204
68207
68207
68208
68208
68209
68209
68211
68212
68213
68215
68215
68215
68216
68216
68216
68218
68219
68219
68220
68222
68224
68226
68226
68229
68230
68232
68233
68234
68235
68236
68238
68238
68239
68239
68240
68241
68241
68241
68243
68244
68244
68245
68247
68247
68247
68248
68251
68252
68253
68254
68254
68255
68259
68259
68260
68260
68260
68261
68262
68262
68264
68265
68267
68268
68269
68269
68271
68272
68273
68273
68275
68276
68277
68277
68278
68280
68281
68284
68284
68285
68286
68286
68290
68290
68292
68293
68294
68295
68296
68297
68298
68299
68300
68301
68302
68302
68304
68304
68306
68307
68310
68312
68313
68313
68317
68317
68318
68318
68320
68320
68322
68323
68325
68325
68327
68327
68332
68333
68334
68335
68336
68336
68337
68337
68338
68345
68345
68347
68347
68349
68352
68354
68354
68355
68355
68355
68359
68359
68359
68361
68363
68366
68371
68372
68373
68376
68376
68377
68381
68382
68384
68385
68386
68386
68389
68395
68395
68396
68397
68397
68400
68403
68404
68404
68404
68406
68406
68407
68408
68408
68409
68409
68409
68410
68412
68415
68415
68416
68420
68421
68422
68426
68428
68429
68431
68431
68431
68431
68433
68433
68433
68435
68435
68436
68436
68437
68438
68441
68444
68448
68450
68452
68452
68454
68455
68459
68460
68462
68469
68470
68470
68470
68475
68476
68477
68477
68478
68478
68481
68482
68483
68483
68486
68489
68490
68491
68493
68495
68496
68496
68497
68500
68501
68502
68505
68505
68505
68507
68508
68509
68509
68509
68510
68510
68513
68515
68515
68517
68518
68518
68520
68521
68523
68526
68526
68527
68527
68529
68530
68531
68531
68531
68532
68535
68537
68540
68545
68545
68547
68548
68549
68551
68558
68558
68559
68559
68561
68563
68564
68568
68569
68578
68579
68579
68581
68581
68581
68587
68589
68589
68594
68595
68596
68603
68605
68607
68608
68609
68611
68612
68613
68614
68614
68614
68614
68617
68619
68624
68625
68626
68626
68627
68628
68628
68632
68634
68634
68635
68638
68639
68642
68645
68648
68649
68650
68650
68652
68660
68662
68664
68666
68666
68666
68667
68668
68669
68669
68675
68675
68680
68680
68681
68681
68683
68686
68687
68693
68693
68695
68695
68697
68697
68697
68700
68701
68701
68702
68703
68704
68704
68705
68707
68708
68709
68712
68715
68716
68717
68725
68725
68726
68726
68727
68727
68727
68727
68728
68730
68731
68731
68736
68737
68738
68739
68744
68744
68748
68751
68751
68752
68752
68752
68754
68758
68759
68759
68760
68760
68762
68764
68766
68766
68766
68767
68767
68767
68768
68769
68770
68771
68772
68774
68774
68775
68777
68777
68778
68779
68779
68780
68780
68784
68785
68789
68791
68793
68794
68795
68797
68797
68798
68799
68800
68802
68803
68804
68805
68805
68807
68808
68810
68810
68810
68811
68812
68813
68813
68814
68815
68816
68817
68819
68819
68820
68820
68822
68822
68824
68829
68829
68830
68833
68833
68834
68834
68838
68838
68841
68843
68845
68845
68848
68849
68849
68850
68853
68853
68856
68859
68861
68861
68861
68862
68863
68864
68864
68864
68866
68866
68866
68867
68868
68870
68870
68872
68876
68878
68878
68880
68880
68881
68881
68882
68882
68883
68884
68887
68887
68888
68888
68890
68891
68891
68892
68894
68897
68899
68899
68899
68902
68903
68905
68905
68906
68906
68909
68910
68911
68916
68917
68917
68918
68919
68919
68920
68920
68920
68922
68926
68928
68928
68928
68928
68929
68930
68932
68932
68933
68940
68943
68943
68943
68944
68946
68947
68951
68953
68958
68959
68960
68961
68961
68963
68963
68966
68967
68967
68967
68969
68970
68972
68972
68974
68976
68980
68981
68984
68984
68984
68988
68989
68996
68997
68997
69000
69003
69004
69004
69006
69013
69013
69020
69022
69023
69027
69029
69030
69030
69032
69032
69033
69033
69034
69035
69036
69037
69038
69042
69043
69046
69046
69048
69049
69050
69050
69050
69051
69053
69054
69055
69057
69058
69058
69059
69059
69063
69063
69065
69067
69067
69070
69071
69071
69072
69072
69074
69074
69075
69076
69077
69079
69079
69080
69081
69082
69084
69085
69085
69088
69088
69091
69091
69091
69091
69094
69094
69094
69097
69097
69097
69098
69098
69099
69102
69102
69103
69105
69106
69106
69108
69108
69110
69113
69113
69115
69116
69117
69121
69122
69123
69124
69126
69126
69127
69127
69128
69128
69133
69135
69136
69137
69137
69138
69139
69141
69142
69142
69143
69144
69146
69148
69150
69153
69154
69154
69154
69155
69155
69156
69156
69157
69160
69160
69161
69163
69163
69163
69164
69165
69166
69168
69168
69170
69170
69171
69172
69174
69175
69176
69180
69183
69183
69185
69186
69187
69187
69188
69188
69191
69194
69195
69197
69197
69199
69202
69202
69203
69203
69204
69207
69208
69210
69211
69212
69214
69215
69216
69217
69217
69218
69221
69221
69221
69221
69222
69223
69223
69223
69224
69225
69226
69226
69228
69228
69230
69231
69233
69238
69238
69241
69242
69244
69245
69245
69247
69248
69248
69250
69252
69253
69255
69256
69256
69256
69257
69258
69260
69261
69261
69261
69262
69262
69263
69264
69265
69265
69267
69269
69269
69271
69274
69276
69278
69279
69279
69280
69283
69286
69289
69290
69292
69292
69294
69296
69297
69297
69300
69301
69301
69304
69305
69305
69306
69310
69313
69316
69317
69320
69320
69324
69327
69328
69328
69334
69336
69338
69339
69340
69343
69343
69345
69346
69347
69348
69349
69361
69362
69366
69368
69371
69373
69373
69375
69377
69378
69379
69383
69383
69383
69383
69385
69386
69388
69388
69388
69389
69390
69391
69391
69391
69392
69392
69393
69396
69397
69397
69398
69400
69403
69406
69409
69409
69409
69409
69412
69412
69413
69414
69414
69415
69418
69419
69420
69421
69421
69422
69427
69429
69430
69430
69430
69434
69435
69435
69435
69437
69437
69440
69440
69443
69444
69446
69447
69447
69448
69451
69451
69453
69453
69456
69458
69460
69460
69461
69461
69462
69463
69469
69470
69471
69472
69472
69475
69477
69480
69484
69485
69485
69487
69487
69493
69497
69498
69499
69503
69503
69504
69505
69505
69508
69509
69511
69511
69513
69513
69513
69514
69515
69516
69518
69519
69520
69522
69522
69523
69523
69523
69524
69524
69528
69531
69531
69534
69536
69537
69538
69539
69540
69540
69541
69544
69546
69552
69555
69555
69558
69558
69558
69559
69561
69564
69565
69566
69566
69567
69568
69571
69571
69571
69572
69575
69575
69579
69581
69581
69582
69584
69586
69587
69589
69589
69590
69590
69592
69595
69597
69599
69599
69599
69604
69604
69605
69606
69607
69611
69614
69617
69617
69618
69621
69622
69623
69624
69624
69624
69625
69627
69627
69628
69628
69628
69628
69629
69631
69632
69632
69633
69634
69636
69638
69638
69641
69641
69641
69644
69645
69647
69648
69650
69651
69651
69651
69654
69655
69656
69656
69658
69660
69661
69661
69662
69662
69665
69671
69671
69674
69676
69676
69678
69685
69686
69694
69694
69694
69697
69698
69700
69702
69703
69704
69705
69706
69710
69710
69712
69713
69716
69716
69716
69716
69720
69721
69721
69724
69725
69726
69727
69728
69729
69729
69730
69731
69732
69732
69732
69732
69733
69733
69734
69736
69737
69739
69743
69747
69747
69748
69748
69748
69752
69754
69755
69756
69757
69758
69759
69760
69761
69763
69764
69764
69764
69764
69765
69768
69768
69771
69773
69774
69774
69775
69776
69776
69779
69780
69781
69784
69784
69787
69788
69789
69792
69794
69796
69800
69801
69802
69806
69808
69808
69808
69809
69810
69812
69813
69814
69817
69819
69820
69821
69822
69822
69823
69826
69829
69829
69829
69831
69833
69836
69836
69837
69839
69844
69845
69845
69848
69849
69849
69850
69850
69854
69855
69855
69856
69857
69861
69862
69864
69864
69866
69867
69868
69868
69869
69869
69870
69871
69872
69873
69873
69874
69874
69874
69875
69875
69877
69877
69879
69879
69881
69885
69886
69886
69886
69887
69894
69894
69895
69895
69896
69897
69898
69899
69900
69901
69902
69903
69903
69903
69904
69905
69906
69908
69910
69913
69913
69914
69914
69915
69915
69915
69916
69917
69919
69920
69921
69923
69923
69926
69928
69929
69930
69931
69931
69933
69934
69937
69939
69940
69941
69943
69946
69946
69948
69951
69952
69953
69953
69955
69959
69959
69961
69963
69964
69964
69965
69965
69965
69967
69970
69973
69974
69974
69976
69977
69977
69978
69980
69981
69983
69983
69984
69985
69986
69991
69991
69993
69995
69999
70000
70003
70004
70004
70004
70004
70005
70006
70007
70010
70015
70015
70017
70019
70019
70020
70020
70023
70024
70025
70027
70028
70030
70030
70031
70032
70033
70034
70036
70038
70038
70040
70041
70041
70043
70046
70047
70049
70049
70050
70054
70054
70054
70057
70058
70058
70059
70063
70066
70066
70067
70067
70068
70068
70073
70073
70073
70074
70076
70077
70077
70079
70081
70081
70082
70085
70085
70089
70094
70094
70097
70098
70099
70102
70103
70104
70105
70105
70106
70108
70108
70109
70109
70111
70112
70113
70113
70116
70116
70117
70117
70117
70122
70125
70126
70126
70127
70127
70128
70129
70129
70131
70132
70133
70133
70137
70137
70137
70138
70143
70144
70145
70150
70151
70153
70153
70154
70155
70155
70156
70158
70159
70159
70160
70165
70166
70167
70168
70168
70170
70171
70172
70176
70177
70178
70179
70181
70186
70188
70188
70190
70191
70193
70195
70196
70196
70196
70196
70197
70197
70198
70199
70199
70200
70204
70205
70205
70207
70207
70207
70211
70212
70213
70217
70219
70219
70220
70223
70226
70227
70228
70229
70231
70233
70234
70237
70238
70240
70242
70242
70243
70244
70246
70247
70248
70248
70249
70253
70255
70256
70258
70258
70258
70267
70269
70271
70271
70273
70273
70274
70274
70275
70283
70283
70284
70285
70287
70290
70291
70291
70296
70299
70302
70305
70305
70306
70306
70312
70313
70315
70315
70315
70315
70316
70317
70318
70320
70322
70322
70325
70325
70325
70327
70328
70329
70329
70330
70330
70332
70334
70335
70335
70337
70340
70341
70343
70343
70344
70345
70345
70345
70346
70348
70350
70350
70352
70354
70355
70355
70356
70357
70358
70358
70359
70359
70360
70364
70365
70366
70366
70367
70367
70368
70376
70381
70385
70385
70389
70390
70391
70392
70393
70393
70398
70399
70399
70399
70399
70400
70400
70401
70401
70402
70404
70405
70405
70405
70408
70411
70411
70412
70412
70413
70413
70416
70417
70420
70422
70423
70425
70426
70427
70428
70430
70432
70435
70435
70435
70437
70437
70438
70439
70439
70440
70441
70441
70447
70448
70449
70450
70451
70451
70451
70452
70452
70452
70453
70456
70456
70457
70457
70458
70458
70458
70458
70458
70458
70459
70460
70464
70465
70466
70469
70470
70470
70473
70473
70473
70475
70477
70478
70479
70480
70482
70482
70483
70483
70484
70485
70485
70485
70486
70488
70489
70489
70489
70493
70495
70496
70497
70498
70498
70500
70500
70501
70501
70501
70502
70503
70505
70505
70507
70508
70509
70510
70511
70511
70512
70515
70515
70515
70515
70516
70518
70520
70521
70521
70524
70524
70524
70525
70526
70528
70529
70531
70532
70533
70533
70534
70535
70535
70535
70538
70539
70539
70540
70542
70544
70547
70551
70551
70552
70554
70559
70564
70565
70565
70567
70569
70569
70570
70570
70571
70575
70576
70580
70580
70582
70583
70584
70585
70586
70586
70588
70589
70591
70592
70592
70593
70594
70594
70598
70599
70600
70600
70602
70603
70603
70605
70606
70607
70608
70609
70609
70611
70611
70611
70613
70614
70615
70615
70616
70616
70619
70621
70622
70622
70637
70638
70640
70650
70651
70651
70651
70651
70654
70655
70659
70659
70661
70662
70663
70664
70664
70665
70666
70668
70669
70677
70678
70684
70685
70685
70686
70689
70689
70690
70690
70690
70691
70693
70694
70695
70695
70696
70696
70697
70700
70701
70702
70705
70707
70708
70710
70710
70712
70716
70717
70721
70722
70723
70724
70724
70726
70727
70727
70729
70729
70730
70730
70730
70733
70734
70735
70738
70739
70739
70741
70742
70747
70748
70750
70754
70755
70755
70757
70758
70759
70760
70761
70762
70765
70767
70770
70770
70771
70774
70774
70775
70775
70776
70776
70777
70777
70778
70779
70780
70781
70783
70788
70790
70793
70793
70794
70794
70795
70799
70799
70800
70802
70803
70806
70806
70806
70806
70810
70813
70814
70814
70815
70818
70820
70821
70822
70824
70824
70825
70826
70826
70827
70828
70829
70829
70831
70832
70834
70837
70838
70838
70840
70842
70842
70843
70845
70847
70850
70850
70852
70853
70853
70855
70859
70861
70863
70863
70864
70864
70866
70866
70867
70868
70868
70869
70871
70872
70873
70877
70881
70883
70885
70887
70892
70893
70894
70895
70895
70896
70897
70899
70900
70903
70905
70908
70909
70909
70910
70912
70913
70916
70917
70917
70918
70921
70922
70923
70924
70927
70927
70927
70928
70930
70932
70935
70935
70936
70937
70937
70942
70943
70943
70944
70945
70945
70947
70947
70952
70953
70954
70955
70955
70956
70956
70957
70957
70958
70958
70958
70959
70961
70961
70961
70962
70964
70965
70965
70967
70968
70969
70974
70974
70976
70979
70979
70980
70981
70981
70984
70985
70986
70986
70989
70990
70990
70990
70991
70991
70992
70992
70992
70994
70996
70997
70998
71001
71004
71004
71005
71006
71011
71012
71014
71015
71016
71016
71017
71017
71018
71018
71020
71021
71021
71023
71025
71026
71029
71030
71030
71031
71031
71031
71031
71036
71038
71040
71040
71041
71041
71042
71042
71044
71044
71045
71047
71048
71049
71049
71050
71051
71051
71051
71052
71052
71053
71054
71054
71055
71055
71056
71057
71059
71060
71061
71062
71067
71068
71069
71070
71072
71073
71074
71077
71078
71078
71078
71080
71080
71080
71080
71081
71082
71082
71084
71085
71086
71090
71091
71095
71096
71097
71097
71100
71100
71100
71101
71102
71102
71105
71107
71108
71109
71110
71112
71112
71112
71112
71113
71115
71116
71116
71116
71116
71117
71118
71119
71119
71120
71121
71122
71124
71124
71124
71125
71128
71128
71129
71130
71131
71131
71132
71133
71137
71138
71144
71146
71146
71150
71150
71152
71152
71154
71155
71155
71156
71156
71157
71159
71162
71164
71166
71166
71167
71168
71168
71171
71174
71178
71179
71179
71181
71183
71190
71192
71193
71193
71194
71194
71195
71198
71201
71202
71208
71209
71209
71212
71217
71218
71222
71223
71223
71225
71232
71233
71234
71235
71236
71237
71240
71243
71243
71249
71249
71252
71252
71253
71253
71256
71257
71257
71264
71264
71265
71266
71268
71269
71269
71270
71270
71270
71271
71271
71271
71273
71273
71277
71277
71278
71278
71278
71280
71280
71280
71282
71284
71288
71288
71289
71289
71290
71293
71293
71294
71297
71298
71300
71301
71303
71306
71307
71308
71310
71312
71312
71315
71315
71315
71316
71316
71316
71317
71318
71320
71320
71324
71325
71326
71327
71327
71327
71329
71330
71334
71334
71335
71335
71335
71335
71336
71336
71336
71337
71337
71341
71341
71343
71343
71345
71346
71346
71347
71349
71350
71352
71353
71354
71356
71357
71357
71360
71363
71366
71366
71367
71368
71371
71372
71373
71374
71375
71377
71379
71383
71385
71388
71389
71390
71390
71391
71391
71392
71394
71394
71395
71397
71397
71398
71400
71402
71402
71403
71405
71405
71407
71407
71409
71411
71412
71417
71417
71418
71419
71419
71420
71423
71424
71424
71428
71429
71430
71432
71433
71433
71434
71435
71435
71436
71437
71437
71441
71442
71443
71443
71445
71446
71446
71449
71449
71450
71451
71451
71457
71460
71461
71463
71465
71465
71465
71466
71466
71468
71468
71473
71475
71477
71479
71480
71481
71481
71483
71483
71483
71485
71485
71489
71490
71491
71492
71493
71493
71495
71496
71499
71500
71502
71505
71505
71506
71507
71508
71508
71509
71509
71511
71511
71517
71518
71518
71518
71520
71520
71521
71523
71525
71525
71525
71527
71529
71532
71534
71535
71536
71537
71539
71539
71540
71541
71545
71548
71548
71549
71551
71551
71552
71554
71556
71557
71558
71558
71558
71560
71560
71560
71562
71562
71562
71564
71564
71564
71565
71569
71569
71570
71572
71572
71575
71576
71579
71580
71580
71582
71582
71584
71585
71585
71585
71591
71592
71592
71594
71594
71594
71595
71604
71604
71604
71605
71607
71608
71608
71608
71609
71609
71611
71612
71612
71615
71617
71618
71620
71621
71622
71625
71626
71626
71627
71628
71628
71629
71629
71629
71630
71631
71632
71634
71635
71636
71638
71639
71642
71643
71644
71645
71650
71652
71653
71654
71654
71654
71655
71656
71658
71658
71658
71660
71660
71662
71662
71663
71664
71666
71669
71669
71669
71671
71671
71672
71674
71676
71677
71678
71678
71679
71679
71679
71681
71682
71686
71689
71694
71695
71696
71701
71701
71705
71707
71708
71711
71712
71713
71714
71715
71715
71715
71716
71717
71717
71717
71723
71723
71723
71725
71725
71725
71725
71727
71735
71735
71735
71738
71740
71742
71743
71744
71745
71745
71748
71748
71749
71751
71751
71751
71754
71755
71755
71757
71757
71758
71758
71759
71761
71763
71764
71765
71766
71766
71771
71771
71772
71772
71772
71772
71773
71776
71778
71778
71778
71780
71781
71781
71784
71784
71787
71788
71789
71789
71791
71791
71793
71798
71799
71802
71802
71802
71803
71806
71808
71813
71813
71816
71817
71818
71821
71821
71822
71822
71823
71824
71825
71825
71829
71830
71830
71833
71837
71837
71838
71841
71841
71842
71843
71844
71844
71847
71847
71847
71848
71850
71851
71851
71852
71853
71854
71855
71855
71856
71858
71859
71859
71859
71860
71860
71862
71863
71864
71864
71865
71865
71866
71867
71867
71867
71870
71871
71871
71872
71872
71875
71875
71877
71880
71884
71885
71887
71890
71890
71891
71892
71894
71895
71895
71896
71897
71901
71902
71903
71903
71904
71905
71906
71906
71907
71909
71914
71917
71918
71919
71920
71921
71923
71924
71926
71927
71927
71928
71929
71930
71933
71934
71935
71936
71940
71941
71942
71943
71943
71943
71943
71944
71944
71944
71945
71946
71946
71949
71953
71954
71954
71955
71957
71957
71959
71960
71962
71963
71963
71964
71966
71966
71968
71969
71969
71969
71972
71973
71973
71973
71973
71977
71979
71979
71981
71981
71981
71981
71981
71982
71984
71985
71987
71988
71988
71989
71989
71990
71990
71991
71993
71996
71997
71998
71998
71999
71999
72000
72001
72001
72008
72009
72010
72012
72013
72013
72013
72014
72015
72016
72016
72016
72018
72019
72019
72023
72024
72032
72033
72033
72034
72034
72035
72036
72038
72039
72041
72041
72042
72044
72044
72046
72046
72046
72048
72048
72048
72048
72049
72051
72053
72054
72054
72057
72057
72058
72058
72059
72059
72063
72064
72064
72066
72067
72070
72071
72073
72073
72075
72076
72077
72078
72081
72082
72082
72082
72084
72091
72091
72093
72094
72094
72095
72096
72097
72097
72098
72099
72099
72099
72099
72100
72100
72101
72105
72105
72107
72107
72108
72108
72109
72110
72111
72114
72116
72117
72117
72117
72117
72118
72119
72121
72123
72123
72124
72124
72124
72125
72125
72125
72130
72131
72131
72131
72132
72132
72134
72134
72135
72137
72138
72139
72139
72141
72142
72145
72146
72148
72149
72151
72151
72152
72155
72155
72155
72155
72156
72156
72157
72159
72159
72161
72162
72163
72163
72164
72164
72166
72166
72167
72167
72168
72173
72174
72174
72181
72183
72187
72189
72191
72191
72191
72191
72192
72196
72197
72197
72197
72200
72201
72201
72203
72206
72209
72211
72211
72212
72215
72216
72217
72221
72224
72227
72229
72229
72230
72230
72231
72234
72238
72239
72239
72239
72240
72244
72247
72250
72250
72250
72252
72252
72253
72254
72254
72255
72256
72256
72256
72257
72257
72257
72260
72262
72263
72264
72267
72268
72269
72270
72270
72270
72273
72274
72277
72278
72279
72280
72282
72284
72288
72289
72290
72290
72290
72291
72291
72293
72293
72293
72294
72294
72295
72295
72302
72302
72304
72304
72305
72305
72308
72310
72310
72310
72311
72312
72314
72315
72316
72316
72316
72323
72323
72327
72329
72329
72329
72331
72333
72338
72339
72340
72342
72344
72347
72349
72349
72350
72351
72352
72352
72361
72362
72362
72362
72363
72365
72365
72367
72371
72371
72375
72376
72378
72378
72379
72380
72382
72382
72386
72386
72392
72393
72395
72395
72396
72400
72400
72400
72401
72404
72408
72408
72409
72409
72409
72411
72413
72414
72415
72416
72424
72426
72429
72430
72430
72430
72433
72434
72436
72437
72439
72439
72443
72446
72448
72449
72449
72449
72449
72450
72452
72453
72453
72454
72456
72457
72462
72463
72463
72464
72466
72466
72467
72469
72470
72470
72470
72471
72471
72471
72473
72474
72476
72476
72477
72478
72478
72478
72485
72485
72489
72490
72491
72492
72495
72497
72498
72501
72502
72502
72502
72504
72506
72506
72510
72510
72512
72513
72514
72514
72516
72520
72521
72522
72524
72524
72526
72527
72528
72529
72529
72529
72530
72531
72533
72533
72534
72538
72539
72539
72541
72542
72544
72546
72549
72549
72550
72552
72555
72556
72556
72558
72559
72561
72564
72566
72566
72567
72568
72570
72573
72575
72577
72584
72587
72588
72589
72590
72590
72591
72598
72598
72598
72599
72600
72601
72602
72603
72604
72605
72607
72610
72611
72614
72615
72615
72615
72615
72616
72621
72622
72624
72625
72626
72627
72628
72628
72630
72633
72634
72636
72641
72641
72642
72643
72644
72644
72645
72649
72649
72649
72649
72650
72650
72654
72658
72661
72665
72665
72666
72666
72669
72670
72673
72675
72677
72681
72681
72681
72682
72682
72683
72685
72686
72686
72687
72687
72687
72687
72688
72689
72690
72690
72694
72695
72696
72697
72700
72701
72702
72703
72703
72706
72709
72710
72710
72711
72713
72715
72716
72716
72719
72719
72719
72719
72721
72725
72726
72726
72732
72734
72734
72734
72737
72738
72739
72740
72740
72742
72744
72745
72747
72747
72748
72749
72750
72751
72755
72756
72757
72759
72762
72762
72764
72764
72765
72768
72772
72775
72776
72778
72779
72780
72780
72780
72781
72781
72782
72782
72782
72784
72785
72788
72788
72792
72792
72793
72794
72794
72794
72794
72795
72795
72795
72801
72802
72802
72804
72806
72806
72806
72807
72808
72808
72809
72809
72812
72814
72814
72815
72817
72817
72820
72821
72822
72823
72824
72824
72827
72830
72831
72833
72833
72834
72836
72839
72840
72841
72844
72846
72847
72848
72848
72848
72849
72853
72856
72858
72858
72861
72866
72869
72871
72871
72872
72882
72883
72883
72884
72884
72885
72885
72886
72886
72887
72888
72890
72890
72890
72893
72896
72899
72900
72900
72903
72903
72905
72905
72907
72908
72910
72911
72911
72913
72913
72917
72920
72923
72924
72924
72925
72926
72927
72927
72928
72928
72929
72932
72933
72934
72934
72934
72937
72937
72938
72940
72941
72942
72945
72946
72948
72950
72952
72952
72953
72954
72956
72956
72957
72958
72960
72962
72964
72965
72967
72968
72968
72971
72972
72974
72974
72974
72977
72977
72978
72980
72982
72983
72983
72984
72986
72988
72989
72990
72991
72994
72995
72997
72998
73001
73002
73004
73005
73008
73009
73009
73013
73013
73014
73016
73016
73019
73020
73021
73021
73022
73023
73024
73026
73027
73028
73029
73030
73031
73031
73033
73035
73035
73036
73037
73037
73038
73038
73041
73043
73045
73046
73046
73047
73047
73047
73047
73048
73048
73049
73050
73051
73051
73051
73054
73057
73059
73059
73061
73063
73065
73067
73068
73069
73069
73070
73072
73074
73075
73082
73086
73088
73088
73088
73089
73090
73092
73093
73096
73097
73097
73097
73099
73100
73103
73104
73104
73105
73105
73108
73111
73114
73114
73116
73116
73118
73119
73122
73124
73124
73124
73126
73127
73127
73128
73130
73130
73130
73130
73131
73132
73132
73133
73134
73135
73137
73139
73141
73142
73143
73144
73145
73148
73149
73153
73156
73160
73162
73163
73164
73166
73167
73169
73170
73172
73172
73173
73173
73174
73176
73180
73180
73181
73181
73181
73182
73182
73183
73183
73186
73186
73192
73193
73197
73199
73200
73200
73203
73204
73205
73208
73208
73209
73210
73211
73211
73214
73217
73217
73217
73219
73220
73221
73223
73223
73230
73230
73232
73232
73232
73233
73233
73236
73240
73241
73243
73244
73246
73247
73249
73250
73254
73254
73257
73258
73258
73259
73259
73264
73268
73269
73270
73270
73270
73270
73274
73275
73276
73278
73280
73283
73285
73287
73287
73293
73295
73295
73296
73297
73300
73301
73302
73305
73306
73310
73310
73312
73312
73317
73318
73319
73319
73319
73321
73321
73322
73324
73325
73327
73329
73331
73332
73339
73339
73342
73343
73343
73344
73349
73349
73350
73355
73355
73359
73360
73360
73361
73363
73363
73363
73367
73368
73368
73370
73370
73370
73371
73372
73375
73379
73380
73380
73381
73382
73384
73384
73385
73385
73390
73390
73397
73397
73398
73400
73400
73403
73404
73405
73410
73411
73411
73414
73416
73417
73422
73422
73425
73428
73428
73429
73430
73431
73431
73432
73432
73433
73434
73434
73435
73436
73438
73439
73439
73439
73439
73444
73450
73450
73455
73456
73457
73459
73459
73461
73462
73464
73464
73465
73465
73466
73467
73468
73469
73469
73469
73469
73469
73470
73471
73472
73474
73476
73477
73479
73480
73480
73481
73483
73483
73484
73485
73486
73486
73487
73488
73488
73490
73491
73491
73492
73494
73494
73494
73497
73504
73504
73505
73505
73505
73508
73509
73509
73512
73513
73513
73513
73520
73521
73521
73522
73523
73523
73524
73526
73526
73527
73528
73529
73534
73535
73535
73535
73537
73537
73537
73540
73540
73543
73546
73547
73549
73550
73551
73556
73556
73558
73561
73561
73561
73562
73563
73563
73565
73567
73569
73569
73570
73570
73571
73572
73572
73572
73573
73575
73575
73580
73582
73582
73584
73584
73585
73585
73585
73587
73587
73587
73588
73589
73589
73592
73594
73594
73594
73598
73600
73601
73601
73607
73608
73610
73611
73612
73612
73613
73613
73614
73615
73616
73617
73617
73618
73620
73622
73622
73622
73624
73626
73627
73629
73630
73631
73631
73633
73634
73635
73636
73638
73638
73639
73643
73644
73645
73646
73649
73650
73652
73653
73654
73654
73654
73654
73655
73656
73656
73657
73657
73657
73657
73657
73658
73659
73661
73662
73662
73662
73664
73664
73667
73667
73669
73670
73670
73675
73677
73678
73679
73682
73682
73685
73685
73688
73688
73691
73691
73697
73699
73699
73701
73702
73705
73705
73706
73707
73707
73711
73712
73712
73715
73715
73716
73717
73718
73720
73722
73724
73726
73726
73729
73732
73732
73732
73733
73733
73735
73735
73736
73737
73737
73748
73748
73749
73751
73751
73752
73753
73754
73755
73756
73759
73759
73761
73763
73763
73764
73767
73769
73770
73770
73770
73771
73774
73774
73775
73776
73779
73780
73781
73781
73783
73785
73787
73789
73789
73790
73791
73792
73794
73794
73795
73798
73799
73802
73803
73807
73809
73810
73810
73810
73811
73813
73813
73814
73815
73817
73817
73819
73819
73820
73822
73822
73824
73824
73828
73830
73830
73832
73833
73833
73835
73835
73838
73840
73840
73840
73842
73843
73843
73844
73844
73844
73846
73847
73848
73850
73853
73854
73855
73857
73857
73857
73858
73860
73861
73862
73863
73864
73865
73865
73865
73867
73867
73870
73871
73872
73873
73873
73873
73873
73876
73876
73876
73877
73880
73882
73882
73883
73884
73884
73885
73885
73886
73886
73886
73887
73888
73888
73889
73891
73891
73893
73894
73895
73896
73898
73899
73899
73902
73904
73912
73915
73915
73917
73917
73919
73920
73921
73922
73924
73926
73927
73928
73929
73932
73939
73939
73940
73943
73947
73949
73949
73951
73953
73957
73959
73961
73961
73961
73961
73964
73964
73969
73970
73973
73978
73982
73983
73983
73985
73986
73986
73987
73988
73989
73991
73993
73993
73994
73994
73997
73998
73999
73999
74002
74002
74004
74005
74008
74008
74011
74011
74012
74015
74017
74018
74020
74021
74021
74022
74022
74022
74022
74027
74028
74028
74033
74035
74038
74039
74039
74040
74042
74043
74045
74046
74046
74052
74053
74054
74054
74056
74059
74060
74061
74061
74062
74062
74066
74078
74078
74079
74082
74084
74087
74088
74089
74092
74093
74095
74096
74096
74099
74100
74100
74104
74107
74109
74111
74111
74113
74113
74114
74116
74117
74117
74118
74122
74123
74124
74124
74125
74125
74127
74130
74130
74131
74132
74133
74134
74134
74135
74135
74137
74138
74140
74143
74143
74145
74147
74147
74148
74149
74149
74149
74151
74152
74156
74158
74158
74159
74159
74160
74162
74162
74163
74164
74164
74165
74166
74167
74167
74168
74169
74169
74170
74171
74173
74174
74175
74175
74176
74176
74177
74178
74179
74180
74181
74182
74183
74184
74184
74184
74185
74185
74187
74188
74188
74190
74190
74192
74193
74194
74195
74197
74202
74203
74209
74211
74211
74212
74212
74213
74215
74216
74218
74219
74219
74221
74223
74224
74226
74226
74227
74228
74231
74232
74233
74234
74236
74238
74244
74244
74245
74246
74246
74246
74246
74248
74249
74250
74253
74256
74256
74257
74257
74258
74259
74259
74260
74260
74263
74263
74265
74268
74270
74271
74271
74271
74272
74272
74273
74273
74276
74280
74280
74285
74286
74287
74287
74288
74290
74291
74293
74297
74298
74299
74300
74301
74303
74304
74305
74307
74309
74309
74309
74309
74310
74310
74311
74311
74312
74314
74316
74317
74317
74317
74318
74318
74319
74321
74325
74325
74326
74328
74331
74333
74334
74334
74335
74336
74340
74341
74341
74345
74345
74346
74347
74348
74348
74351
74352
74352
74353
74353
74355
74356
74356
74359
74359
74360
74363
74365
74365
74366
74366
74366
74367
74367
74368
74368
74369
74370
74372
74374
74374
74374
74374
74375
74378
74379
74381
74383
74385
74387
74387
74389
74389
74390
74390
74391
74392
74392
74395
74398
74401
74401
74402
74404
74405
74406
74407
74408
74410
74411
74411
74413
74413
74415
74415
74416
74417
74419
74421
74426
74427
74428
74428
74429
74431
74432
74433
74433
74435
74435
74436
74440
74441
74441
74441
74442
74443
74444
74446
74449
74449
74449
74451
74453
74457
74458
74459
74461
74464
74464
74471
74472
74475
74476
74476
74477
74478
74479
74481
74482
74484
74484
74486
74487
74487
74487
74488
74488
74491
74491
74494
74498
74498
74499
74500
74501
74502
74504
74504
74505
74507
74508
74508
74508
74511
74512
74512
74515
74516
74518
74518
74519
74519
74519
74519
74520
74523
74524
74526
74526
74527
74527
74528
74528
74528
74529
74529
74534
74535
74538
74539
74539
74539
74541
74543
74543
74544
74546
74546
74546
74551
74552
74553
74554
74560
74563
74563
74565
74565
74567
74569
74570
74571
74574
74575
74577
74579
74580
74581
74581
74583
74585
74588
74592
74592
74593
74594
74595
74595
74597
74597
74603
74603
74604
74605
74608
74608
74609
74609
74609
74609
74610
74610
74612
74613
74616
74619
74621
74622
74623
74624
74624
74626
74627
74628
74630
74630
74631
74631
74631
74631
74634
74636
74637
74639
74639
74639
74640
74640
74640
74641
74643
74643
74643
74643
74646
74646
74647
74648
74654
74655
74656
74656
74658
74658
74659
74659
74661
74662
74663
74663
74670
74672
74674
74676
74677
74679
74681
74683
74683
74690
74692
74693
74694
74696
74699
74699
74699
74700
74700
74700
74702
74702
74703
74705
74710
74716
74718
74719
74719
74719
74719
74719
74719
74724
74724
74725
74731
74732
74733
74734
74735
74736
74736
74737
74741
74742
74743
74743
74743
74744
74745
74745
74745
74747
74747
74749
74749
74752
74752
74754
74754
74756
74761
74761
74766
74767
74767
74767
74771
74771
74776
74776
74777
74777
74779
74781
74781
74786
74787
74788
74790
74792
74794
74796
74797
74797
74800
74806
74807
74807
74808
74809
74810
74810
74814
74816
74820
74820
74822
74823
74827
74829
74829
74830
74831
74834
74836
74837
74838
74840
74840
74841
74841
74843
74845
74845
74847
74849
74850
74852
74852
74852
74854
74856
74856
74859
74862
74866
74866
74869
74869
74873
74875
74877
74878
74879
74880
74881
74884
74889
74891
74896
74898
74898
74901
74903
74905
74906
74909
74910
74911
74912
74912
74914
74915
74916
74917
74918
74918
74918
74919
74920
74921
74921
74923
74926
74927
74928
74928
74929
74929
74933
74935
74935
74936
74938
74940
74940
74941
74943
74945
74945
74947
74947
74948
74948
74949
74950
74951
74953
74955
74955
74955
74958
74962
74966
74967
74967
74971
74973
74975
74977
74977
74977
74980
74980
74980
74982
74984
74985
74985
74985
74988
74989
74989
74990
74991
74991
74993
74996
74998
75000
75002
75003
75004
75005
75007
75008
75010
75013
75015
75018
75019
75019
75019
75022
75024
75027
75029
75032
75033
75037
75038
75039
75040
75041
75041
75042
75042
75043
75043
75048
75048
75050
75050
75050
75053
75055
75056
75058
75059
75060
75060
75064
75067
75067
75069
75069
75069
75072
75073
75075
75075
75075
75076
75077
75077
75079
75080
75081
75081
75083
75084
75089
75090
75091
75092
75092
75094
75096
75096
75097
75099
75099
75099
75100
75106
75106
75109
75109
75109
75111
75111
75111
75112
75112
75113
75122
75122
75123
75124
75124
75124
75125
75126
75126
75127
75133
75133
75135
75137
75139
75140
75143
75148
75154
75155
75156
75159
75162
75164
75167
75168
75169
75171
75171
75173
75173
75174
75177
75179
75183
75184
75184
75184
75185
75185
75186
75187
75188
75190
75190
75190
75190
75191
75191
75191
75192
75193
75194
75195
75197
75198
75199
75200
75200
75201
75201
75202
75203
75203
75204
75208
75208
75209
75209
75213
75215
75216
75217
75220
75220
75223
75224
75225
75229
75233
75236
75238
75239
75240
75240
75240
75244
75247
75247
75247
75247
75251
75255
75256
75259
75259
75264
75264
75266
75267
75268
75270
75272
75275
75277
75278
75279
75279
75279
75280
75281
75288
75291
75293
75293
75295
75296
75296
75298
75298
75299
75300
75301
75302
75303
75306
75310
75310
75311
75312
75313
75313
75313
75315
75316
75319
75319
75321
75321
75324
75326
75328
75328
75328
75329
75330
75330
75330
75331
75333
75334
75335
75336
75337
75338
75338
75339
75342
75343
75343
75345
75347
75351
75351
75351
75356
75357
75359
75361
75361
75361
75362
75362
75362
75363
75368
75368
75369
75370
75371
75372
75374
75375
75377
75377
75379
75379
75379
75381
75381
75382
75382
75383
75383
75385
75386
75387
75388
75389
75390
75392
75393
75395
75397
75400
75401
75405
75405
75408
75409
75409
75418
75418
75418
75419
75419
75424
75425
75426
75427
75428
75429
75429
75430
75433
75433
75434
75436
75437
75438
75439
75439
75440
75440
75441
75441
75442
75443
75444
75445
75447
75447
75448
75448
75448
75450
75451
75451
75452
75454
75456
75458
75458
75458
75458
75461
75466
75466
75467
75467
75468
75469
75471
75472
75473
75474
75475
75476
75476
75477
75479
75480
75482
75482
75483
75487
75489
75490
75492
75494
75497
75498
75500
75501
75502
75503
75505
75506
75507
75512
75512
75513
75517
75520
75522
75525
75532
75534
75535
75535
75536
75537
75537
75538
75544
75544
75544
75544
75550
75551
75551
75552
75553
75554
75555
75556
75557
75558
75558
75560
75560
75560
75561
75562
75563
75563
75567
75567
75567
75567
75568
75569
75570
75571
75572
75574
75576
75576
75577
75577
75577
75578
75580
75580
75583
75583
75583
75587
75588
75589
75590
75591
75594
75595
75595
75597
75598
75599
75601
75601
75602
75602
75603
75604
75604
75607
75607
75609
75613
75614
75614
75614
75614
75617
75618
75618
75619
75623
75624
75625
75626
75626
75628
75629
75629
75629
75630
75631
75631
75631
75631
75633
75633
75634
75635
75636
75638
75638
75639
75642
75643
75645
75645
75647
75647
75647
75647
75648
75648
75649
75650
75651
75652
75653
75656
75656
75657
75657
75660
75660
75662
75662
75663
75664
75664
75665
75667
75668
75669
75671
75671
75672
75672
75677
75681
75681
75682
75683
75684
75686
75686
75688
75689
75692
75692
75692
75692
75693
75693
75693
75694
75695
75696
75701
75702
75703
75703
75706
75706
75706
75707
75708
75708
75709
75709
75712
75714
75716
75716
75716
75720
75722
75722
75723
75730
75731
75738
75741
75745
75746
75750
75750
75755
75756
75757
75760
75761
75763
75764
75764
75764
75766
75766
75767
75768
75768
75769
75770
75770
75770
75772
75773
75778
75778
75779
75782
75786
75787
75790
75792
75797
75797
75799
75806
75807
75809
75809
75810
75811
75813
75814
75815
75818
75821
75824
75824
75825
75827
75828
75828
75828
75832
75832
75834
75834
75837
75839
75839
75841
75841
75841
75842
75843
75847
75847
75848
75848
75850
75852
75852
75853
75854
75856
75857
75858
75862
75864
75865
75865
75865
75866
75868
75868
75868
75871
75871
75871
75871
75872
75876
75877
75878
75879
75885
75885
75887
75887
75887
75889
75889
75889
75893
75894
75896
75896
75897
75898
75898
75900
75900
75902
75902
75903
75903
75903
75904
75905
75906
75907
75908
75908
75910
75912
75914
75914
75917
75920
75921
75922
75923
75924
75926
75932
75932
75932
75933
75933
75933
75936
75937
75939
75940
75942
75942
75942
75944
75944
75946
75950
75954
75956
75957
75957
75957
75958
75958
75959
75960
75961
75961
75962
75965
75968
75973
75975
75977
75977
75980
75982
75982
75987
75988
75988
75991
75992
75993
75993
75999
76000
76000
76001
76001
76002
76005
76006
76010
76011
76012
76013
76014
76015
76016
76017
76018
76018
76019
76023
76024
76025
76028
76028
76029
76030
76031
76033
76036
76038
76039
76040
76041
76041
76042
76045
76055
76061
76062
76062
76063
76065
76066
76069
76070
76070
76070
76074
76076
76077
76078
76079
76079
76081
76081
76083
76083
76084
76085
76086
76087
76087
76092
76093
76095
76097
76099
76101
76101
76102
76105
76107
76108
76108
76111
76118
76120
76122
76123
76124
76126
76126
76130
76130
76131
76132
76132
76135
76135
76135
76135
76137
76138
76138
76139
76139
76140
76142
76147
76148
76149
76151
76151
76154
76155
76156
76156
76156
76156
76158
76160
76161
76162
76166
76171
76171
76173
76173
76173
76174
76175
76176
76179
76185
76186
76188
76189
76191
76191
76196
76196
76201
76201
76201
76205
76205
76206
76208
76208
76208
76211
76215
76215
76215
76216
76217
76217
76218
76218
76221
76223
76224
76228
76229
76232
76233
76235
76235
76237
76237
76239
76240
76241
76243
76246
76247
76248
76248
76249
76251
76252
76255
76258
76260
76261
76261
76261
76265
76269
76271
76273
76278
76279
76280
76283
76283
76284
76285
76291
76291
76291
76292
76292
76293
76296
76297
76297
76299
76300
76301
76304
76304
76304
76304
76305
76305
76307
76308
76308
76308
76310
76312
76314
76315
76316
76318
76319
76320
76323
76324
76325
76327
76329
76332
76335
76335
76337
76338
76340
76346
76347
76347
76349
76351
76352
76352
76353
76355
76355
76356
76357
76360
76362
76363
76364
76364
76365
76365
76365
76366
76366
76367
76369
76370
76371
76372
76375
76378
76380
76381
76382
76382
76382
76384
76385
76385
76385
76387
76388
76389
76389
76393
76394
76396
76397
76398
76399
76400
76400
76405
76405
76406
76407
76408
76408
76411
76411
76412
76412
76414
76414
76416
76417
76420
76425
76425
76427
76430
76430
76431
76431
76433
76449
76455
76457
76463
76466
76468
76469
76469
76470
76471
76472
76474
76475
76477
76480
76483
76483
76485
76486
76486
76487
76487
76488
76489
76489
76492
76492
76493
76494
76494
76494
76495
76495
76497
76498
76500
76500
76501
76501
76502
76503
76504
76505
76505
76507
76509
76511
76512
76512
76519
76521
76521
76524
76524
76527
76527
76529
76530
76532
76534
76538
76542
76542
76543
76545
76546
76549
76550
76551
76552
76554
76554
76555
76556
76556
76557
76557
76558
76558
76558
76561
76562
76562
76565
76569
76570
76572
76573
76574
76576
76576
76582
76584
76584
76587
76590
76592
76596
76596
76597
76597
76600
76602
76604
76607
76608
76609
76612
76612
76612
76613
76614
76615
76617
76619
76620
76620
76620
76621
76622
76623
76624
76625
76626
76627
76629
76629
76631
76631
76633
76636
76636
76637
76641
76643
76647
76649
76650
76650
76651
76652
76653
76654
76655
76656
76657
76660
76660
76660
76661
76664
76664
76666
76667
76669
76669
76669
76670
76671
76673
76674
76674
76675
76676
76676
76679
76679
76679
76680
76680
76681
76682
76688
76688
76692
76693
76693
76695
76695
76695
76695
76696
76696
76697
76698
76701
76702
76702
76702
76703
76704
76704
76705
76706
76708
76708
76709
76709
76709
76710
76710
76712
76712
76713
76714
76714
76714
76715
76716
76717
76719
76723
76725
76727
76730
76732
76733
76734
76734
76736
76737
76737
76738
76738
76739
76740
76741
76745
76748
76748
76750
76752
76753
76753
76757
76758
76758
76759
76759
76759
76762
76762
76763
76764
76765
76768
76773
76775
76775
76782
76785
76787
76791
76793
76793
76793
76793
76793
76796
76797
76800
76802
76804
76806
76806
76806
76807
76810
76811
76812
76812
76812
76813
76814
76815
76816
76817
76823
76824
76825
76825
76826
76833
76836
76838
76839
76841
76844
76849
76849
76849
76849
76850
76852
76852
76853
76854
76854
76855
76855
76862
76862
76866
76867
76867
76868
76868
76871
76871
76872
76878
76878
76879
76879
76884
76884
76886
76887
76888
76892
76893
76894
76896
76896
76897
76898
76900
76901
76904
76910
76912
76913
76913
76915
76916
76916
76918
76920
76921
76922
76922
76922
76923
76926
76930
76931
76931
76932
76933
76935
76935
76938
76940
76940
76940
76942
76943
76945
76946
76947
76947
76948
76953
76954
76954
76955
76957
76958
76960
76964
76965
76968
76970
76972
76973
76973
76976
76977
76978
76981
76982
76984
76984
76985
76986
76986
76987
76988
76989
76991
76991
76992
76992
76995
76997
76997
76997
76998
77001
77001
77003
77003
77005
77007
77008
77008
77010
77013
77013
77014
77016
77016
77017
77017
77018
77018
77019
77020
77026
77028
77029
77030
77031
77033
77033
77035
77042
77043
77044
77045
77046
77046
77047
77048
77051
77053
77053
77053
77054
77055
77055
77056
77057
77057
77058
77058
77059
77062
77064
77065
77070
77072
77072
77072
77073
77074
77074
77074
77074
77077
77078
77081
77082
77082
77083
77083
77090
77092
77092
77093
77093
77093
77094
77095
77097
77100
77101
77101
77102
77103
77104
77107
77109
77109
77109
77113
77114
77114
77114
77115
77115
77116
77116
77117
77121
77121
77121
77122
77122
77122
77123
77123
77123
77124
77124
77126
77127
77127
77129
77130
77131
77136
77137
77137
77141
77144
77146
77148
77148
77149
77150
77152
77152
77153
77157
77158
77158
77158
77161
77162
77162
77162
77163
77167
77167
77167
77169
77170
77171
77174
77175
77175
77177
77177
77177
77178
77180
77181
77182
77185
77186
77186
77188
77190
77191
77191
77192
77192
77193
77193
77194
77196
77198
77198
77199
77199
77200
77202
77203
77204
77204
77207
77208
77208
77210
77212
77212
77213
77215
77215
77216
77217
77217
77220
77221
77224
77226
77227
77229
77230
77232
77233
77233
77234
77235
77237
77238
77240
77240
77241
77242
77246
77247
77248
77251
77251
77252
77253
77255
77257
77257
77258
77258
77258
77259
77259
77260
77260
77260
77262
77262
77265
77266
77267
77272
77273
77274
77276
77277
77278
77279
77281
77285
77285
77289
77291
77295
77295
77296
77298
77299
77301
77301
77302
77305
77305
77306
77306
77309
77309
77310
77313
77314
77315
77315
77316
77317
77321
77323
77328
77328
77328
77329
77330
77330
77330
77330
77331
77332
77334
77336
77336
77341
77342
77342
77343
77344
77345
77345
77349
77357
77358
77359
77364
77365
77367
77370
77372
77373
77374
77374
77376
77376
77377
77378
77379
77385
77386
77387
77388
77390
77390
77391
77393
77394
77394
77395
77395
77396
77396
77397
77402
77403
77403
77404
77405
77406
77407
77407
77409
77410
77411
77411
77411
77413
77415
77419
77420
77420
77422
77424
77424
77425
77428
77428
77432
77432
77434
77434
77435
77435
77436
77438
77439
77440
77442
77443
77445
77447
77449
77450
77452
77452
77454
77455
77457
77461
77462
77463
77463
77464
77466
77467
77468
77469
77472
77474
77474
77474
77476
77481
77482
77483
77484
77485
77485
77486
77487
77490
77491
77491
77492
77492
77493
77494
77495
77497
77498
77498
77500
77502
77502
77506
77506
77507
77507
77507
77509
77510
77511
77513
77514
77514
77515
77516
77518
77519
77519
77520
77521
77522
77522
77523
77524
77525
77526
77526
77527
77528
77529
77530
77532
77533
77538
77538
77544
77547
77547
77549
77551
77551
77553
77553
77554
77555
77556
77557
77560
77561
77563
77563
77565
77565
77566
77566
77568
77569
77575
77575
77575
77575
77575
77577
77578
77583
77586
77587
77587
77593
77596
77600
77600
77600
77601
77606
77608
77610
77612
77612
77614
77615
77616
77616
77617
77618
77618
77621
77621
77622
77622
77625
77626
77629
77629
77629
77630
77631
77633
77633
77634
77634
77635
77636
77638
77639
77645
77645
77648
77649
77649
77650
77651
77654
77655
77655
77658
77661
77661
77663
77666
77667
77667
77669
77670
77672
77673
77674
77678
77680
77683
77683
77685
77685
77688
77689
77693
77694
77697
77700
77701
77702
77707
77708
77709
77711
77712
77713
77715
77715
77717
77718
77718
77719
77719
77720
77722
77723
77723
77725
77727
77727
77733
77733
77735
77735
77736
77740
77740
77741
77743
77747
77747
77748
77748
77748
77749
77750
77751
77754
77758
77761
77762
77763
77768
77770
77771
77772
77775
77776
77778
77778
77780
77783
77784
77784
77785
77788
77789
77790
77793
77794
77795
77797
77799
77804
77805
77807
77807
77809
77810
77813
77815
77819
77819
77819
77820
77821
77822
77822
77825
77827
77828
77829
77830
77832
77833
77833
77837
77838
77838
77845
77851
77852
77853
77854
77855
77855
77857
77858
77858
77859
77863
77863
77863
77863
77867
77868
77869
77869
77870
77870
77871
77871
77871
77873
77874
77874
77874
77874
77877
77877
77878
77883
77883
77883
77883
77884
77884
77886
77887
77888
77890
77893
77896
77898
77899
77901
77903
77906
77906
77907
77907
77907
77907
77909
77910
77911
77912
77913
77914
77915
77915
77916
77917
77918
77918
77918
77919
77923
77923
77923
77924
77926
77928
77930
77933
77934
77934
77935
77937
77940
77941
77943
77945
77948
77952
77954
77956
77957
77960
77961
77962
77964
77969
77970
77971
77972
77973
77973
77978
77978
77980
77982
77983
77983
77984
77985
77985
77989
77991
77992
77994
77994
77995
77995
78000
78000
78000
78000
78003
78005
78005
78005
78006
78012
78013
78014
78015
78016
78021
78023
78025
78025
78026
78027
78027
78027
78028
78028
78030
78031
78032
78033
78034
78036
78037
78037
78037
78038
78043
78043
78045
78045
78046
78046
78047
78047
78048
78048
78048
78049
78050
78051
78051
78051
78052
78054
78056
78058
78063
78064
78065
78069
78070
78072
78075
78076
78076
78076
78077
78079
78079
78081
78085
78085
78085
78086
78088
78089
78089
78092
78092
78093
78094
78097
78099
78099
78103
78105
78106
78106
78107
78108
78111
78114
78115
78115
78118
78119
78123
78123
78124
78127
78127
78127
78130
78131
78133
78134
78135
78138
78138
78138
78141
78142
78143
78144
78146
78148
78149
78151
78155
78157
78158
78160
78160
78161
78162
78164
78164
78166
78167
78168
78169
78170
78170
78172
78173
78174
78174
78175
78179
78180
78181
78182
78184
78185
78188
78189
78191
78191
78192
78194
78197
78198
78199
78199
78199
78199
78201
78201
78201
78204
78209
78209
78210
78213
78215
78217
78218
78218
78219
78219
78220
78221
78221
78223
78224
78225
78226
78226
78227
78227
78230
78230
78233
78235
78238
78239
78240
78240
78242
78242
78243
78243
78244
78245
78248
78252
78254
78256
78256
78257
78259
78262
78263
78264
78264
78269
78271
78272
78276
78280
78283
78285
78286
78287
78288
78289
78290
78296
78296
78297
78298
78298
78299
78299
78303
78304
78306
78306
78306
78307
78308
78309
78310
78311
78313
78316
78317
78320
78320
78323
78323
78324
78324
78325
78325
78326
78328
78329
78329
78331
78331
78332
78332
78334
78335
78337
78339
78340
78342
78342
78345
78345
78348
78350
78351
78352
78354
78357
78358
78359
78360
78364
78365
78366
78366
78366
78367
78369
78372
78372
78373
78373
78376
78378
78379
78380
78382
78382
78383
78385
78385
78386
78387
78388
78389
78389
78390
78391
78391
78392
78394
78394
78395
78397
78398
78401
78403
78406
78406
78409
78411
78413
78414
78414
78416
78417
78418
78420
78420
78424
78426
78430
78432
78432
78434
78444
78444
78445
78446
78446
78448
78449
78449
78449
78450
78453
78455
78456
78457
78457
78457
78457
78457
78460
78460
78460
78461
78462
78464
78466
78466
78469
78469
78472
78472
78472
78473
78473
78474
78475
78477
78478
78480
78481
78482
78482
78482
78485
78486
78488
78490
78492
78492
78493
78493
78495
78497
78498
78500
78501
78504
78506
78507
78508
78509
78511
78514
78514
78515
78516
78517
78517
78518
78521
78523
78524
78524
78524
78525
78525
78526
78526
78527
78527
78528
78529
78530
78531
78534
78537
78538
78538
78539
78540
78542
78544
78544
78545
78545
78545
78546
78546
78549
78549
78550
78550
78552
78555
78557
78561
78562
78562
78562
78562
78566
78568
78569
78569
78573
78574
78574
78574
78575
78576
78576
78576
78577
78581
78581
78582
78582
78583
78583
78584
78585
78586
78586
78587
78592
78592
78595
78595
78596
78597
78597
78599
78600
78600
78602
78606
78610
78610
78613
78613
78619
78623
78625
78626
78626
78630
78632
78632
78633
78634
78635
78636
78637
78638
78639
78641
78642
78643
78647
78648
78649
78649
78650
78651
78651
78651
78656
78656
78657
78657
78658
78658
78659
78660
78661
78666
78666
78666
78667
78668
78670
78670
78672
78672
78673
78673
78675
78675
78678
78678
78680
78681
78683
78684
78685
78685
78688
78689
78690
78691
78692
78692
78694
78694
78695
78698
78703
78703
78705
78705
78706
78706
78708
78709
78711
78711
78713
78715
78717
78718
78718
78719
78719
78720
78720
78722
78722
78725
78725
78726
78728
78729
78732
78739
78740
78744
78747
78747
78748
78750
78750
78754
78754
78755
78756
78758
78760
78761
78763
78763
78764
78765
78766
78766
78767
78768
78769
78770
78770
78773
78774
78775
78775
78779
78780
78780
78781
78781
78782
78782
78783
78785
78787
78788
78791
78791
78793
78793
78794
78795
78795
78796
78796
78797
78799
78800
78801
78802
78803
78804
78805
78805
78807
78812
78813
78814
78814
78816
78817
78818
78819
78819
78819
78819
78822
78825
78825
78827
78828
78829
78829
78830
78832
78832
78832
78833
78834
78834
78835
78836
78836
78837
78839
78841
78841
78841
78844
78845
78846
78846
78847
78847
78847
78850
78851
78851
78852
78852
78854
78855
78856
78856
78859
78860
78861
78862
78864
78864
78867
78867
78867
78870
78872
78874
78874
78875
78875
78875
78875
78878
78879
78879
78880
78881
78882
78884
78885
78888
78889
78890
78891
78891
78891
78892
78897
78897
78898
78899
78899
78899
78903
78904
78904
78906
78906
78908
78909
78910
78910
78910
78910
78912
78912
78915
78916
78917
78920
78920
78922
78923
78924
78926
78930
78931
78936
78938
78940
78941
78942
78952
78954
78955
78955
78955
78956
78959
78960
78960
78960
78964
78965
78966
78967
78971
78973
78973
78975
78978
78978
78978
78979
78981
78982
78986
78989
78990
78990
78991
78992
78993
78994
78994
78995
78996
78998
78999
78999
79000
79000
79001
79002
79004
79005
79005
79005
79006
79006
79008
79008
79008
79010
79011
79012
79018
79018
79019
79020
79021
79022
79023
79026
79027
79028
79029
79029
79030
79032
79033
79034
79039
79039
79040
79045
79047
79049
79049
79053
79055
79059
79060
79060
79061
79062
79063
79064
79066
79067
79069
79070
79073
79075
79077
79077
79081
79081
79082
79083
79084
79084
79084
79085
79090
79093
79094
79094
79095
79095
79096
79097
79101
79103
79107
79108
79108
79112
79112
79114
79115
79116
79116
79117
79117
79118
79122
79126
79128
79130
79134
79135
79136
79137
79138
79138
79140
79140
79141
79142
79143
79145
79146
79146
79149
79151
79151
79155
79156
79158
79158
79159
79160
79160
79167
79169
79169
79172
79178
79179
79180
79180
79180
79181
79181
79183
79183
79184
79184
79185
79187
79189
79190
79192
79193
79196
79196
79197
79201
79203
79204
79206
79207
79207
79208
79208
79213
79214
79215
79217
79217
79220
79220
79221
79222
79223
79225
79229
79229
79230
79234
79234
79237
79239
79240
79240
79240
79240
79240
79241
79242
79243
79244
79245
79245
79248
79249
79249
79249
79254
79255
79256
79256
79256
79259
79260
79263
79265
79265
79268
79270
79270
79273
79273
79275
79276
79279
79280
79280
79284
79287
79289
79290
79291
79295
79296
79297
79299
79300
79300
79300
79301
79303
79303
79304
79305
79308
79308
79311
79312
79313
79314
79314
79315
79316
79316
79319
79320
79323
79329
79330
79331
79331
79332
79333
79334
79336
79337
79338
79341
79342
79343
79344
79348
79351
79352
79354
79363
79365
79365
79366
79366
79367
79368
79368
79373
79373
79374
79377
79377
79381
79381
79381
79382
79383
79386
79386
79387
79388
79388
79389
79390
79391
79391
79392
79392
79397
79398
79402
79404
79405
79405
79405
79406
79406
79407
79410
79411
79414
79415
79416
79417
79419
79422
79424
79427
79428
79428
79428
79430
79431
79436
79437
79439
79441
79445
79447
79451
79452
79453
79453
79454
79457
79459
79464
79466
79467
79468
79468
79470
79470
79474
79481
79487
79488
79489
79491
79495
79497
79499
79500
79501
79508
79511
79513
79514
79514
79517
79518
79521
79523
79524
79526
79527
79528
79529
79529
79530
79532
79532
79532
79534
79535
79535
79536
79536
79536
79539
79539
79540
79540
79541
79541
79544
79544
79544
79545
79546
79546
79547
79549
79549
79550
79553
79553
79555
79556
79557
79557
79557
79558
79561
79562
79566
79567
79568
79569
79570
79571
79573
79574
79575
79575
79579
79583
79583
79584
79585
79586
79586
79587
79587
79590
79592
79594
79595
79598
79600
79601
79604
79606
79609
79612
79613
79614
79618
79618
79622
79625
79631
79633
79634
79636
79639
79639
79643
79643
79645
79648
79649
79649
79651
79651
79653
79653
79653
79655
79657
79658
79659
79659
79661
79663
79663
79664
79666
79667
79667
79668
79672
79672
79674
79674
79675
79676
79678
79678
79679
79679
79686
79689
79693
79694
79694
79696
79697
79697
79698
79701
79702
79706
79710
79710
79714
79715
79715
79716
79716
79717
79718
79718
79719
79719
79720
79722
79723
79723
79724
79726
79726
79728
79734
79735
79735
79736
79736
79737
79741
79741
79750
79750
79751
79752
79758
79758
79758
79758
79759
79760
79760
79764
79764
79764
79765
79766
79767
79768
79769
79773
79773
79774
79776
79777
79778
79780
79781
79782
79784
79785
79786
79786
79787
79790
79791
79792
79794
79794
79794
79795
79797
79798
79800
79801
79801
79802
79803
79805
79805
79811
79811
79817
79818
79820
79823
79824
79824
79825
79826
79826
79828
79828
79836
79837
79837
79840
79842
79843
79843
79843
79845
79846
79849
79850
79852
79854
79857
79858
79859
79861
79864
79865
79866
79866
79866
79868
79868
79871
79872
79873
79873
79874
79875
79876
79876
79878
79878
79880
79883
79883
79883
79889
79889
79891
79894
79894
79896
79896
79897
79897
79897
79900
79903
79906
79906
79907
79909
79910
79911
79913
79917
79919
79924
79927
79928
79930
79933
79933
79934
79937
79938
79939
79939
79940
79940
79942
79942
79942
79944
79945
79946
79948
79949
79952
79953
79954
79956
79958
79958
79959
79959
79964
79966
79969
79970
79970
79971
79971
79971
79972
79972
79973
79974
79977
79978
79980
79981
79983
79988
79990
79992
79993
79994
79997
79997
79997
79998
79999
79999
80002
80006
80006
80007
80009
80016
80017
80018
80018
80019
80028
80029
80029
80030
80033
80034
80037
80038
80039
80040
80043
80043
80044
80045
80046
80046
80049
80052
80052
80052
80053
80054
80054
80058
80059
80059
80060
80060
80060
80060
80060
80061
80061
80062
80062
80062
80064
80066
80068
80068
80069
80072
80074
80075
80077
80083
80084
80084
80086
80087
80087
80088
80088
80088
80094
80094
80095
80095
80095
80096
80097
80098
80098
80104
80104
80105
80110
80110
80113
80114
80115
80116
80117
80117
80119
80119
80122
80124
80126
80132
80133
80133
80134
80135
80135
80138
80138
80138
80139
80140
80142
80142
80142
80143
80143
80145
80146
80147
80147
80149
80152
80154
80156
80158
80158
80159
80161
80166
80166
80166
80167
80173
80174
80174
80178
80179
80184
80185
80191
80194
80194
80197
80198
80198
80200
80200
80201
80201
80201
80202
80203
80204
80207
80208
80208
80209
80209
80212
80212
80214
80217
80217
80217
80218
80218
80218
80220
80222
80223
80224
80226
80227
80227
80227
80229
80234
80234
80235
80236
80237
80238
80239
80240
80240
80240
80242
80242
80247
80248
80250
80250
80251
80252
80254
80255
80258
80258
80259
80259
80261
80261
80262
80262
80263
80263
80264
80267
80267
80267
80268
80269
80269
80270
80271
80274
80276
80278
80279
80280
80281
80285
80287
80289
80290
80290
80295
80298
80298
80298
80298
80301
80301
80303
80304
80305
80307
80313
80313
80315
80316
80316
80317
80320
80320
80323
80324
80324
80324
80326
80327
80333
80334
80337
80338
80338
80341
80342
80344
80345
80346
80347
80348
80349
80349
80352
80353
80354
80355
80355
80357
80357
80358
80358
80360
80361
80362
80363
80368
80368
80369
80369
80371
80374
80375
80375
80377
80379
80381
80383
80384
80384
80390
80393
80395
80396
80396
80396
80398
80400
80400
80400
80403
80406
80407
80408
80408
80408
80408
80409
80410
80412
80414
80414
80415
80416
80416
80416
80421
80421
80422
80425
80426
80429
80430
80431
80431
80432
80433
80433
80434
80434
80435
80435
80435
80437
80438
80438
80439
80440
80441
80444
80444
80445
80447
80448
80451
80456
80458
80460
80462
80466
80466
80467
80467
80470
80473
80473
80474
80475
80476
80479
80479
80482
80483
80486
80487
80490
80490
80491
80493
80496
80496
80497
80499
80499
80501
80502
80503
80504
80505
80505
80508
80509
80512
80514
80515
80515
80516
80516
80517
80517
80517
80517
80518
80520
80521
80523
80523
80530
80531
80532
80532
80533
80536
80539
80539
80540
80540
80540
80543
80545
80547
80547
80548
80548
80548
80549
80549
80551
80551
80553
80554
80554
80555
80555
80556
80557
80557
80557
80558
80562
80564
80565
80566
80569
80569
80571
80571
80572
80573
80573
80576
80577
80578
80578
80579
80583
80584
80584
80584
80585
80587
80588
80589
80592
80594
80596
80598
80598
80598
80600
80601
80603
80606
80606
80609
80610
80610
80611
80612
80612
80614
80614
80615
80618
80620
80621
80623
80623
80626
80626
80628
80629
80629
80629
80630
80630
80632
80632
80633
80635
80637
80637
80638
80643
80645
80645
80648
80648
80648
80649
80651
80651
80652
80654
80655
80655
80655
80656
80658
80660
80660
80660
80664
80665
80666
80667
80668
80669
80671
80674
80675
80676
80677
80678
80678
80679
80682
80683
80684
80684
80684
80686
80687
80687
80687
80690
80690
80691
80694
80697
80699
80706
80707
80712
80715
80715
80715
80718
80718
80720
80725
80727
80727
80728
80729
80729
80732
80735
80737
80741
80744
80745
80745
80746
80748
80749
80749
80750
80751
80751
80751
80751
80752
80753
80755
80756
80757
80759
80764
80765
80766
80766
80766
80767
80767
80772
80773
80773
80773
80774
80774
80774
80774
80778
80778
80778
80778
80780
80780
80783
80785
80786
80786
80787
80787
80788
80789
80791
80792
80793
80793
80793
80797
80799
80801
80801
80802
80803
80805
80805
80814
80815
80815
80816
80817
80817
80818
80818
80821
80821
80823
80825
80825
80826
80826
80829
80829
80830
80831
80832
80832
80836
80837
80837
80837
80839
80840
80840
80841
80842
80842
80843
80845
80848
80849
80849
80849
80849
80850
80851
80854
80855
80858
80860
80860
80863
80863
80864
80866
80866
80867
80867
80868
80868
80869
80871
80872
80874
80874
80874
80875
80876
80877
80879
80880
80880
80881
80884
80885
80887
80888
80889
80889
80890
80891
80892
80893
80897
80898
80900
80901
80901
80902
80904
80904
80904
80904
80905
80909
80909
80909
80912
80913
80913
80913
80915
80919
80922
80922
80922
80927
80930
80933
80933
80937
80938
80943
80944
80945
80945
80946
80948
80950
80952
80952
80957
80957
80958
80960
80961
80962
80962
80963
80964
80967
80968
80968
80968
80970
80971
80973
80973
80973
80974
80977
80978
80978
80982
80982
80983
80983
80986
80987
80988
80988
80989
80991
80992
80993
80995
80999
81000
81003
81004
81004
81004
81006
81009
81009
81010
81011
81011
81012
81012
81016
81016
81016
81017
81017
81020
81021
81021
81022
81023
81025
81027
81028
81031
81034
81036
81038
81040
81045
81047
81054
81054
81055
81057
81059
81060
81061
81063
81064
81064
81065
81067
81068
81070
81071
81074
81076
81078
81078
81079
81080
81080
81080
81080
81081
81082
81083
81084
81084
81089
81090
81092
81092
81092
81094
81094
81095
81098
81098
81099
81099
81100
81102
81107
81107
81107
81108
81108
81108
81109
81109
81110
81114
81118
81118
81119
81123
81127
81128
81129
81132
81134
81136
81137
81137
81138
81141
81141
81141
81142
81143
81143
81144
81150
81152
81155
81157
81157
81157
81158
81159
81159
81162
81165
81169
81170
81170
81170
81172
81174
81174
81175
81176
81181
81181
81181
81181
81186
81186
81188
81189
81189
81191
81191
81193
81195
81195
81196
81197
81198
81199
81199
81201
81201
81201
81202
81202
81203
81206
81206
81208
81210
81210
81211
81212
81213
81213
81214
81215
81217
81218
81220
81221
81221
81222
81222
81223
81223
81224
81226
81226
81226
81231
81232
81233
81233
81235
81236
81237
81237
81239
81239
81240
81244
81245
81246
81246
81246
81246
81247
81247
81247
81248
81248
81248
81252
81253
81254
81255
81256
81257
81257
81259
81259
81260
81265
81270
81271
81275
81276
81277
81277
81279
81281
81283
81285
81288
81288
81290
81290
81292
81292
81295
81296
81298
81299
81305
81305
81306
81307
81310
81314
81314
81314
81315
81315
81315
81318
81320
81324
81324
81325
81329
81330
81331
81332
81333
81334
81335
81337
81337
81337
81337
81339
81341
81344
81344
81345
81345
81347
81349
81351
81352
81355
81355
81355
81356
81358
81358
81360
81360
81361
81362
81364
81364
81365
81369
81371
81372
81374
81376
81377
81377
81378
81379
81381
81381
81382
81383
81385
81386
81388
81388
81388
81388
81390
81391
81391
81398
81399
81400
81401
81402
81405
81405
81406
81406
81407
81412
81412
81413
81415
81418
81420
81422
81424
81425
81426
81434
81435
81435
81436
81438
81439
81440
81441
81442
81442
81443
81445
81445
81448
81449
81449
81450
81451
81453
81454
81457
81458
81458
81459
81460
81461
81462
81463
81467
81467
81469
81469
81470
81471
81476
81477
81477
81478
81479
81479
81480
81481
81481
81484
81485
81487
81487
81488
81489
81490
81492
81492
81496
81497
81499
81499
81500
81501
81505
81506
81507
81507
81508
81508
81510
81511
81518
81519
81520
81520
81523
81524
81524
81524
81526
81526
81528
81528
81531
81531
81533
81535
81536
81537
81537
81537
81538
81538
81543
81552
81553
81555
81555
81556
81557
81558
81559
81561
81562
81565
81567
81568
81568
81568
81568
81569
81574
81578
81578
81579
81579
81580
81583
81585
81587
81589
81591
81591
81592
81593
81596
81598
81599
81601
81604
81605
81607
81609
81609
81611
81612
81613
81613
81615
81615
81616
81616
81617
81620
81621
81622
81623
81624
81624
81626
81629
81630
81634
81634
81635
81635
81637
81643
81644
81644
81644
81646
81646
81649
81649
81649
81650
81650
81652
81653
81653
81654
81659
81660
81662
81663
81663
81665
81665
81666
81668
81668
81670
81670
81671
81672
81672
81673
81679
81680
81681
81684
81685
81686
81686
81690
81691
81693
81694
81695
81695
81695
81698
81698
81698
81700
81700
81701
81703
81705
81706
81708
81709
81710
81710
81712
81713
81714
81716
81716
81720
81721
81721
81724
81725
81728
81729
81730
81731
81732
81732
81733
81734
81735
81735
81736
81737
81737
81741
81743
81744
81745
81746
81747
81748
81750
81751
81751
81751
81754
81755
81755
81757
81757
81761
81763
81764
81767
81767
81767
81768
81770
81772
81772
81775
81779
81779
81781
81782
81784
81784
81784
81787
81788
81788
81789
81790
81791
81791
81792
81794
81798
81802
81803
81805
81805
81806
81809
81810
81810
81817
81819
81819
81820
81822
81822
81823
81823
81823
81824
81826
81827
81828
81831
81833
81833
81835
81836
81836
81840
81840
81840
81842
81842
81842
81842
81844
81844
81846
81847
81849
81851
81854
81858
81858
81859
81859
81860
81861
81864
81866
81868
81869
81869
81875
81876
81876
81877
81878
81878
81879
81879
81880
81882
81883
81883
81884
81885
81886
81887
81887
81887
81887
81890
81893
81893
81894
81894
81895
81895
81897
81897
81898
81898
81898
81899
81901
81901
81902
81903
81904
81906
81907
81907
81909
81912
81913
81914
81915
81916
81916
81917
81917
81918
81919
81919
81920
81921
81922
81923
81927
81929
81929
81930
81930
81931
81932
81933
81933
81935
81935
81938
81938
81940
81941
81942
81942
81942
81942
81943
81945
81946
81946
81947
81947
81947
81951
81951
81956
81957
81958
81958
81963
81967
81967
81968
81968
81970
81972
81975
81978
81978
81978
81979
81983
81984
81986
81989
81991
81991
81997
81999
82000
82002
82006
82006
82009
82012
82012
82013
82015
82015
82015
82016
82017
82019
82019
82020
82020
82020
82021
82024
82026
82027
82027
82028
82029
82029
82031
82033
82033
82034
82035
82035
82038
82040
82040
82040
82046
82049
82050
82051
82054
82057
82058
82059
82059
82061
82061
82063
82064
82064
82065
82067
82067
82069
82069
82069
82071
82071
82071
82071
82072
82077
82077
82078
82078
82078
82079
82081
82083
82085
82086
82087
82087
82088
82090
82091
82092
82097
82101
82104
82105
82105
82108
82110
82110
82113
82115
82116
82117
82117
82119
82120
82122
82123
82123
82127
82130
82130
82131
82132
82134
82137
82139
82140
82141
82143
82143
82145
82145
82145
82145
82146
82146
82146
82147
82148
82151
82151
82153
82156
82158
82159
82159
82164
82166
82167
82167
82170
82170
82172
82173
82178
82179
82180
82180
82181
82181
82181
82181
82183
82186
82187
82187
82187
82188
82192
82193
82195
82195
82196
82197
82199
82200
82201
82202
82202
82202
82203
82203
82204
82205
82206
82213
82214
82216
82217
82217
82219
82221
82222
82223
82224
82225
82225
82225
82227
82230
82230
82231
82231
82231
82232
82233
82234
82238
82239
82239
82240
82242
82243
82243
82249
82249
82250
82250
82252
82253
82253
82253
82255
82255
82261
82261
82262
82263
82264
82264
82265
82266
82269
82270
82271
82271
82275
82279
82281
82282
82282
82283
82284
82285
82285
82286
82286
82288
82290
82292
82295
82298
82306
82309
82310
82311
82313
82314
82316
82318
82320
82324
82324
82328
82333
82333
82338
82341
82343
82346
82347
82351
82352
82354
82358
82359
82359
82359
82362
82363
82368
82368
82368
82368
82369
82371
82373
82373
82375
82375
82376
82377
82380
82381
82381
82382
82382
82383
82384
82385
82388
82388
82388
82388
82390
82391
82392
82392
82393
82394
82396
82396
82397
82400
82400
82404
82405
82409
82409
82411
82411
82411
82411
82412
82412
82414
82414
82414
82414
82416
82418
82418
82421
82422
82422
82423
82426
82426
82427
82428
82428
82429
82429
82431
82432
82432
82432
82433
82436
82437
82437
82439
82439
82439
82443
82443
82445
82446
82446
82448
82450
82451
82451
82454
82455
82457
82460
82462
82467
82471
82472
82473
82473
82474
82476
82476
82478
82480
82481
82483
82485
82487
82491
82492
82494
82495
82495
82497
82498
82500
82502
82504
82506
82511
82511
82514
82524
82527
82527
82527
82528
82529
82533
82533
82534
82534
82534
82535
82536
82542
82544
82548
82548
82549
82552
82552
82553
82554
82556
82557
82559
82561
82561
82562
82563
82566
82569
82570
82570
82571
82574
82577
82578
82582
82583
82583
82585
82585
82586
82587
82591
82591
82592
82592
82593
82594
82595
82597
82602
82602
82602
82603
82606
82608
82608
82608
82608
82609
82609
82610
82613
82613
82616
82616
82617
82620
82620
82622
82623
82623
82629
82634
82636
82637
82639
82640
82640
82641
82642
82645
82645
82646
82647
82649
82650
82651
82651
82652
82653
82656
82657
82664
82665
82665
82667
82668
82670
82673
82673
82674
82675
82676
82676
82676
82679
82688
82689
82692
82692
82694
82694
82694
82697
82697
82699
82700
82700
82701
82702
82703
82710
82710
82712
82712
82715
82715
82715
82716
82718
82718
82720
82721
82721
82724
82724
82725
82725
82725
82726
82731
82731
82735
82736
82737
82738
82741
82741
82742
82743
82743
82745
82745
82746
82747
82747
82747
82748
82748
82748
82749
82749
82753
82754
82754
82756
82757
82758
82758
82763
82766
82768
82770
82771
82771
82771
82772
82772
82773
82773
82773
82774
82775
82776
82777
82779
82779
82779
82779
82780
82781
82781
82781
82783
82783
82784
82786
82786
82787
82788
82792
82794
82794
82794
82797
82797
82799
82799
82799
82800
82803
82803
82804
82806
82807
82807
82807
82808
82809
82810
82811
82813
82813
82814
82815
82816
82816
82816
82817
82820
82820
82825
82825
82826
82827
82828
82828
82829
82829
82833
82834
82834
82835
82837
82838
82838
82841
82841
82844
82845
82848
82849
82849
82850
82853
82853
82854
82854
82857
82859
82862
82862
82863
82863
82864
82865
82866
82868
82869
82870
82873
82873
82874
82876
82877
82877
82878
82878
82878
82879
82879
82880
82880
82882
82882
82882
82886
82887
82887
82888
82889
82890
82891
82893
82893
82895
82896
82896
82897
82899
82900
82900
82902
82902
82903
82905
82905
82907
82910
82911
82911
82912
82915
82915
82918
82920
82920
82922
82922
82923
82928
82931
82935
82937
82939
82939
82941
82942
82943
82947
82951
82952
82952
82954
82956
82956
82959
82959
82960
82961
82962
82962
82963
82963
82963
82965
82966
82966
82967
82968
82968
82968
82971
82971
82973
82973
82973
82974
82975
82977
82979
82980
82982
82983
82984
82984
82984
82984
82985
82985
82986
82989
82989
82991
82991
82992
82993
82994
82995
82997
82998
82998
82998
82998
82998
83003
83004
83005
83005
83007
83007
83009
83009
83011
83012
83013
83013
83015
83015
83016
83018
83018
83019
83021
83025
83025
83026
83029
83030
83031
83035
83037
83037
83037
83038
83041
83043
83044
83048
83049
83049
83049
83050
83051
83053
83053
83053
83058
83060
83061
83062
83063
83064
83065
83065
83066
83066
83066
83067
83068
83069
83071
83071
83075
83081
83082
83082
83086
83087
83091
83092
83092
83100
83100
83100
83100
83100
83104
83106
83106
83106
83107
83112
83113
83113
83113
83115
83115
83117
83118
83119
83119
83120
83120
83121
83122
83123
83123
83126
83127
83133
83138
83139
83139
83141
83141
83141
83142
83143
83143
83144
83145
83145
83146
83148
83148
83150
83151
83152
83152
83153
83153
83154
83157
83158
83160
83160
83160
83161
83162
83162
83162
83163
83164
83166
83168
83170
83170
83171
83171
83172
83173
83174
83175
83175
83178
83180
83183
83184
83186
83187
83187
83192
83193
83196
83197
83197
83197
83199
83200
83202
83206
83208
83208
83210
83211
83211
83211
83213
83214
83215
83218
83219
83219
83219
83220
83221
83225
83226
83226
83227
83227
83231
83234
83235
83237
83237
83237
83238
83239
83240
83241
83242
83243
83252
83253
83253
83254
83254
83255
83256
83256
83257
83260
83261
83262
83264
83266
83267
83267
83270
83272
83274
83275
83276
83277
83278
83279
83279
83279
83281
83282
83282
83283
83287
83287
83289
83290
83290
83291
83292
83292
83293
83294
83295
83297
83297
83302
83303
83306
83306
83307
83308
83309
83312
83312
83314
83316
83318
83320
83320
83325
83325
83326
83330
83330
83331
83332
83334
83337
83338
83340
83340
83340
83342
83343
83345
83346
83346
83347
83350
83351
83352
83356
83357
83361
83362
83363
83363
83364
83365
83365
83365
83365
83366
83368
83369
83369
83370
83373
83374
83374
83376
83377
83378
83379
83382
83382
83382
83386
83386
83388
83389
83390
83391
83394
83396
83397
83397
83398
83400
83401
83401
83404
83405
83406
83407
83407
83411
83412
83412
83415
83417
83417
83420
83422
83423
83429
83429
83432
83433
83433
83434
83435
83435
83436
83438
83438
83440
83440
83442
83443
83443
83444
83445
83445
83447
83448
83450
83450
83451
83452
83454
83454
83454
83456
83457
83458
83459
83463
83468
83470
83471
83473
83474
83475
83476
83476
83476
83477
83477
83479
83479
83485
83486
83490
83491
83492
83495
83499
83499
83499
83501
83502
83502
83503
83504
83505
83505
83507
83510
83511
83516
83517
83519
83519
83520
83521
83522
83524
83527
83528
83529
83530
83530
83531
83532
83533
83535
83535
83538
83538
83544
83548
83549
83552
83557
83557
83557
83560
83561
83562
83563
83565
83565
83567
83567
83569
83574
83574
83575
83577
83579
83579
83581
83581
83583
83583
83584
83585
83587
83587
83590
83591
83591
83592
83593
83593
83595
83598
83602
83603
83603
83604
83604
83607
83611
83612
83620
83620
83621
83621
83622
83622
83626
83627
83628
83628
83629
83633
83634
83638
83638
83639
83639
83641
83641
83646
83646
83648
83652
83652
83655
83656
83658
83661
83661
83661
83663
83663
83667
83667
83668
83669
83669
83670
83673
83673
83676
83677
83677
83678
83679
83679
83679
83681
83682
83683
83684
83684
83688
83688
83689
83690
83691
83691
83692
83693
83694
83695
83695
83696
83698
83703
83703
83705
83707
83707
83708
83710
83711
83714
83714
83714
83715
83716
83717
83722
83723
83725
83728
83728
83731
83732
83740
83740
83741
83741
83743
83744
83745
83746
83747
83747
83747
83748
83749
83749
83751
83752
83753
83754
83754
83758
83758
83758
83759
83760
83762
83763
83764
83765
83767
83767
83768
83769
83769
83769
83770
83771
83772
83773
83774
83777
83777
83778
83779
83780
83783
83784
83785
83786
83786
83786
83786
83788
83788
83792
83794
83794
83795
83796
83796
83800
83800
83800
83804
83804
83807
83807
83809
83811
83813
83815
83818
83818
83821
83823
83825
83825
83825
83827
83827
83827
83827
83830
83836
83836
83838
83839
83840
83841
83841
83842
83842
83842
83843
83845
83851
83851
83852
83853
83856
83856
83857
83860
83861
83863
83867
83872
83874
83875
83875
83876
83877
83878
83879
83880
83880
83882
83884
83886
83886
83886
83888
83890
83891
83893
83894
83895
83896
83897
83899
83899
83899
83900
83905
83905
83905
83908
83908
83910
83911
83912
83913
83916
83917
83917
83917
83921
83923
83924
83926
83928
83928
83930
83932
83932
83933
83940
83941
83946
83947
83948
83949
83950
83950
83951
83955
83959
83959
83961
83965
83965
83967
83968
83969
83971
83973
83973
83977
83978
83979
83979
83980
83981
83981
83984
83984
83985
83985
83986
83988
83989
83990
83990
83991
83991
83992
83993
83994
83995
83996
83997
84000
84002
84003
84004
84005
84005
84008
84010
84010
84012
84012
84012
84014
84014
84018
84018
84020
84022
84022
84023
84026
84027
84028
84031
84033
84033
84033
84036
84036
84040
84041
84041
84042
84045
84045
84046
84046
84048
84050
84052
84053
84053
84055
84055
84056
84056
84061
84063
84063
84066
84070
84074
84075
84076
84076
84076
84077
84077
84079
84079
84080
84080
84081
84081
84082
84083
84084
84085
84087
84087
84088
84089
84090
84090
84090
84092
84094
84094
84095
84096
84097
84097
84098
84098
84105
84113
84113
84113
84114
84115
84116
84116
84117
84120
84124
84124
84128
84130
84130
84131
84133
84135
84136
84136
84139
84139
84140
84143
84144
84144
84146
84150
84152
84153
84155
84155
84158
84158
84161
84162
84166
84168
84168
84168
84170
84171
84172
84173
84176
84177
84178
84179
84181
84185
84185
84185
84186
84187
84189
84189
84189
84190
84192
84193
84194
84196
84197
84197
84202
84203
84205
84208
84209
84209
84212
84214
84216
84217
84217
84219
84219
84222
84224
84227
84228
84228
84230
84232
84234
84234
84238
84238
84243
84244
84248
84250
84250
84250
84252
84252
84254
84254
84257
84257
84260
84260
84262
84262
84263
84264
84264
84269
84270
84271
84272
84272
84272
84273
84275
84277
84278
84278
84278
84282
84284
84285
84285
84286
84286
84288
84288
84288
84288
84290
84295
84298
84299
84299
84299
84301
84301
84302
84304
84307
84309
84309
84313
84315
84315
84316
84317
84317
84318
84323
84325
84326
84330
84330
84331
84333
84336
84339
84341
84342
84346
84349
84350
84354
84354
84355
84355
84356
84356
84356
84357
84359
84361
84362
84363
84364
84365
84365
84367
84368
84369
84371
84371
84373
84375
84375
84376
84377
84378
84379
84380
84382
84383
84384
84384
84385
84387
84387
84388
84389
84389
84389
84390
84390
84392
84393
84393
84394
84395
84395
84398
84401
84401
84403
84404
84406
84408
84411
84411
84413
84414
84418
84420
84420
84424
84424
84427
84427
84428
84429
84430
84430
84430
84430
84431
84433
84433
84434
84436
84436
84436
84437
84438
84438
84442
84442
84445
84446
84446
84448
84448
84450
84451
84452
84454
84455
84457
84457
84459
84459
84462
84464
84465
84466
84466
84467
84468
84468
84468
84469
84470
84471
84471
84473
84474
84475
84476
84476
84477
84479
84481
84481
84483
84483
84483
84485
84485
84486
84486
84490
84493
84493
84494
84495
84495
84497
84498
84499
84500
84500
84501
84503
84505
84506
84507
84509
84509
84510
84512
84512
84515
84515
84516
84518
84518
84519
84519
84519
84520
84520
84521
84521
84524
84524
84524
84525
84528
84531
84531
84534
84535
84535
84537
84538
84538
84540
84540
84541
84542
84543
84544
84544
84545
84546
84546
84551
84551
84554
84557
84558
84558
84559
84563
84565
84565
84565
84568
84569
84570
84573
84575
84575
84576
84576
84577
84580
84580
84580
84581
84583
84583
84585
84586
84587
84589
84590
84591
84591
84593
84593
84593
84594
84595
84595
84597
84597
84598
84600
84601
84602
84603
84603
84604
84607
84610
84610
84611
84611
84613
84613
84614
84614
84616
84619
84620
84620
84620
84621
84622
84623
84625
84625
84629
84630
84633
84633
84635
84635
84642
84642
84643
84644
84644
84646
84646
84647
84648
84649
84649
84651
84654
84655
84660
84662
84663
84667
84667
84668
84670
84673
84676
84676
84676
84676
84678
84678
84679
84679
84679
84680
84681
84682
84685
84686
84689
84690
84694
84695
84695
84698
84698
84698
84700
84703
84703
84706
84707
84711
84711
84715
84716
84717
84718
84720
84722
84722
84723
84724
84725
84725
84725
84726
84726
84726
84727
84732
84734
84736
84736
84736
84737
84738
84738
84739
84739
84741
84745
84748
84749
84751
84757
84760
84762
84765
84765
84765
84768
84770
84770
84770
84771
84772
84775
84776
84777
84779
84779
84783
84784
84785
84786
84786
84787
84787
84789
84792
84794
84794
84797
84799
84800
84800
84800
84805
84807
84808
84808
84808
84809
84810
84812
84813
84814
84816
84817
84818
84819
84820
84821
84821
84822
84824
84826
84826
84826
84827
84827
84829
84829
84830
84831
84833
84833
84834
84836
84837
84838
84842
84842
84846
84848
84848
84849
84850
84851
84853
84854
84854
84855
84856
84857
84859
84864
84865
84867
84868
84870
84870
84872
84873
84876
84879
84879
84881
84882
84883
84884
84885
84886
84886
84887
84890
84890
84892
84894
84894
84894
84899
84901
84903
84904
84905
84909
84912
84912
84912
84914
84915
84915
84916
84916
84918
84918
84920
84920
84921
84926
84926
84927
84928
84931
84932
84934
84936
84936
84939
84940
84941
84942
84944
84945
84946
84946
84947
84948
84953
84957
84959
84960
84961
84961
84963
84964
84965
84967
84967
84968
84969
84973
84973
84974
84978
84982
84984
84986
84987
84988
84989
84990
84990
84991
84992
84994
84994
84994
84995
84996
84998
84998
84999
85000
85001
85005
85005
85006
85010
85011
85011
85011
85012
85013
85013
85017
85019
85021
85029
85030
85031
85031
85032
85032
85032
85034
85035
85038
85038
85040
85041
85042
85042
85044
85045
85047
85048
85048
85052
85052
85052
85054
85057
85062
85063
85064
85066
85066
85068
85068
85069
85069
85070
85072
85074
85074
85075
85075
85076
85079
85079
85079
85082
85083
85083
85084
85087
85090
85091
85091
85094
85094
85095
85095
85096
85097
85099
85100
85105
85105
85106
85106
85109
85111
85111
85112
85113
85114
85117
85120
85120
85120
85125
85128
85130
85131
85131
85134
85135
85135
85136
85137
85137
85137
85140
85142
85143
85143
85144
85144
85146
85149
85149
85151
85154
85154
85154
85156
85157
85159
85161
85161
85162
85162
85162
85163
85164
85165
85167
85169
85170
85170
85170
85170
85175
85175
85175
85175
85176
85177
85178
85179
85180
85181
85182
85183
85184
85185
85186
85187
85188
85196
85199
85199
85200
85201
85201
85201
85201
85201
85202
85203
85205
85205
85207
85208
85210
85211
85214
85214
85215
85218
85219
85220
85220
85221
85222
85222
85224
85225
85228
85229
85231
85237
85238
85238
85238
85241
85243
85244
85245
85247
85247
85248
85249
85250
85251
85252
85255
85255
85256
85257
85259
85260
85262
85262
85262
85263
85265
85269
85270
85275
85276
85277
85277
85282
85283
85285
85285
85290
85290
85290
85293
85293
85294
85296
85299
85299
85302
85303
85307
85308
85309
85310
85310
85313
85313
85317
85318
85318
85318
85319
85320
85320
85321
85321
85322
85322
85325
85326
85326
85331
85332
85333
85333
85334
85336
85338
85339
85341
85343
85345
85346
85347
85352
85353
85354
85355
85357
85358
85358
85364
85364
85364
85366
85367
85368
85368
85369
85371
85372
85372
85372
85375
85377
85377
85379
85382
85383
85384
85387
85387
85388
85391
85392
85392
85394
85396
85397
85398
85399
85399
85400
85401
85402
85403
85404
85405
85407
85409
85410
85411
85411
85413
85413
85413
85417
85421
85423
85424
85426
85427
85432
85432
85433
85434
85436
85437
85438
85441
85442
85442
85442
85443
85444
85446
85446
85450
85451
85451
85452
85452
85459
85460
85460
85460
85460
85462
85462
85463
85464
85466
85467
85471
85473
85473
85473
85475
85479
85479
85480
85482
85482
85482
85483
85483
85484
85484
85484
85484
85485
85485
85486
85488
85488
85488
85492
85493
85493
85497
85498
85498
85499
85499
85500
85501
85501
85501
85503
85503
85503
85504
85504
85509
85514
85516
85519
85522
85522
85525
85526
85527
85532
85535
85535
85536
85537
85538
85542
85542
85543
85544
85545
85545
85547
85547
85548
85551
85551
85552
85552
85554
85554
85555
85555
85555
85556
85557
85558
85558
85559
85560
85561
85562
85563
85568
85569
85569
85569
85570
85574
85574
85574
85575
85579
85581
85583
85586
85591
85592
85597
85597
85598
85600
85603
85603
85604
85606
85606
85609
85609
85609
85610
85611
85614
85616
85616
85618
85622
85625
85625
85625
85627
85628
85628
85629
85630
85631
85632
85633
85633
85635
85637
85638
85638
85641
85645
85647
85647
85647
85651
85651
85652
85654
85661
85662
85664
85666
85669
85669
85672
85673
85673
85674
85675
85677
85678
85680
85681
85682
85682
85685
85686
85687
85688
85689
85689
85690
85690
85690
85692
85696
85697
85698
85699
85702
85702
85704
85704
85705
85705
85705
85705
85705
85706
85707
85708
85709
85710
85710
85712
85712
85712
85713
85713
85713
85714
85715
85716
85717
85719
85720
85721
85723
85724
85725
85727
85727
85728
85729
85733
85734
85736
85738
85738
85740
85743
85743
85743
85743
85745
85745
85750
85751
85752
85752
85753
85755
85756
85756
85758
85759
85760
85763
85764
85765
85765
85766
85768
85768
85769
85775
85775
85777
85778
85779
85780
85781
85782
85783
85783
85784
85786
85789
85791
85792
85792
85794
85794
85794
85795
85795
85796
85796
85798
85801
85801
85802
85803
85804
85805
85806
85810
85814
85816
85817
85817
85818
85818
85819
85819
85820
85822
85823
85824
85826
85827
85827
85832
85833
85835
85836
85837
85837
85838
85838
85839
85841
85847
85850
85852
85852
85853
85854
85855
85856
85859
85860
85863
85863
85868
85869
85870
85870
85871
85873
85873
85873
85874
85875
85880
85881
85883
85889
85889
85890
85891
85893
85895
85896
85897
85897
85899
85900
85900
85900
85902
85902
85906
85907
85908
85910
85911
85915
85916
85916
85918
85919
85923
85923
85924
85925
85925
85929
85930
85934
85934
85934
85935
85938
85938
85940
85945
85947
85948
85948
85949
85949
85949
85952
85954
85954
85954
85954
85955
85956
85957
85958
85960
85962
85962
85967
85967
85969
85970
85972
85974
85976
85979
85981
85983
85983
85983
85984
85985
85985
85985
85988
85989
85990
85990
85991
85991
85991
85991
85995
85995
85995
85996
85997
85997
85997
85999
85999
86000
86000
86002
86003
86003
86004
86004
86005
86006
86007
86012
86012
86012
86014
86014
86015
86015
86015
86016
86017
86017
86019
86021
86021
86022
86024
86024
86025
86026
86027
86028
86029
86033
86033
86034
86034
86035
86036
86036
86037
86038
86040
86044
86044
86047
86048
86049
86049
86049
86050
86051
86051
86051
86052
86053
86056
86056
86059
86060
86062
86064
86064
86065
86066
86068
86070
86072
86073
86073
86074
86076
86076
86076
86078
86079
86079
86079
86080
86086
86086
86086
86088
86093
86093
86096
86099
86100
86103
86104
86104
86105
86105
86109
86112
86113
86114
86115
86117
86117
86118
86119
86120
86120
86121
86123
86124
86124
86128
86129
86129
86130
86133
86133
86134
86135
86136
86136
86136
86136
86137
86137
86143
86143
86144
86146
86148
86148
86150
86151
86152
86165
86167
86168
86169
86169
86171
86171
86172
86173
86174
86175
86179
86179
86179
86181
86181
86183
86184
86185
86189
86191
86193
86194
86194
86196
86196
86196
86198
86199
86199
86201
86201
86204
86204
86205
86206
86207
86209
86212
86214
86219
86220
86221
86223
86223
86225
86225
86227
86228
86229
86233
86234
86241
86243
86243
86246
86247
86247
86253
86257
86257
86257
86258
86258
86259
86259
86260
86261
86261
86261
86263
86265
86265
86267
86268
86269
86271
86271
86272
86273
86273
86274
86276
86284
86286
86289
86290
86290
86294
86294
86299
86303
86307
86308
86308
86310
86310
86312
86312
86312
86314
86315
86315
86315
86318
86321
86326
86327
86327
86327
86328
86329
86330
86331
86332
86332
86333
86335
86337
86337
86339
86339
86341
86341
86342
86342
86343
86348
86350
86350
86351
86352
86353
86358
86358
86361
86361
86364
86365
86365
86365
86366
86367
86367
86369
86372
86373
86374
86375
86377
86380
86380
86381
86381
86383
86386
86388
86388
86388
86389
86390
86390
86399
86400
86401
86403
86404
86405
86407
86407
86408
86409
86409
86410
86411
86413
86416
86416
86417
86418
86418
86418
86419
86427
86429
86431
86432
86432
86432
86433
86433
86434
86435
86439
86440
86440
86442
86442
86445
86445
86448
86448
86449
86450
86453
86453
86454
86455
86456
86457
86459
86461
86462
86462
86464
86467
86467
86473
86475
86476
86477
86477
86478
86479
86479
86481
86482
86483
86484
86486
86488
86489
86489
86489
86491
86492
86492
86492
86492
86495
86495
86498
86499
86500
86500
86505
86506
86506
86507
86508
86508
86510
86510
86511
86511
86513
86513
86517
86519
86521
86523
86524
86524
86524
86525
86526
86527
86527
86532
86532
86535
86537
86538
86540
86541
86545
86546
86546
86547
86547
86547
86548
86549
86550
86552
86553
86553
86555
86555
86556
86557
86559
86559
86559
86560
86564
86567
86567
86569
86570
86570
86570
86573
86573
86573
86575
86575
86580
86580
86583
86589
86590
86591
86593
86599
86602
86605
86611
86611
86612
86613
86614
86614
86614
86618
86620
86624
86627
86629
86630
86631
86631
86632
86633
86634
86635
86636
86636
86637
86638
86639
86641
86646
86649
86649
86651
86652
86656
86659
86659
86660
86661
86663
86665
86665
86666
86667
86668
86669
86669
86669
86671
86673
86674
86674
86674
86675
86675
86676
86679
86680
86680
86681
86682
86683
86684
86684
86686
86686
86686
86690
86691
86692
86698
86698
86700
86702
86704
86704
86705
86706
86707
86710
86710
86711
86712
86713
86714
86715
86717
86717
86717
86719
86719
86720
86722
86722
86723
86725
86726
86728
86729
86731
86731
86736
86739
86741
86742
86743
86743
86745
86745
86746
86750
86751
86753
86753
86754
86759
86761
86761
86762
86764
86765
86765
86769
86769
86772
86773
86774
86776
86776
86779
86784
86787
86788
86788
86790
86791
86791
86793
86794
86797
86801
86803
86804
86806
86808
86811
86812
86813
86814
86814
86815
86819
86820
86821
86821
86823
86824
86825
86825
86826
86826
86830
86831
86834
86836
86836
86836
86837
86839
86841
86845
86848
86851
86852
86855
86856
86857
86858
86859
86860
86860
86860
86863
86864
86864
86866
86866
86868
86868
86868
86869
86870
86870
86872
86874
86874
86875
86875
86877
86877
86878
86880
86880
86880
86881
86885
86886
86886
86890
86890
86890
86893
86894
86895
86898
86898
86900
86902
86904
86904
86905
86906
86908
86909
86910
86911
86913
86918
86920
86925
86928
86930
86931
86931
86932
86933
86938
86945
86946
86947
86947
86947
86949
86950
86950
86950
86955
86955
86956
86957
86961
86961
86961
86963
86964
86965
86966
86966
86966
86966
86967
86969
86970
86971
86971
86972
86972
86973
86976
86976
86978
86979
86982
86983
86985
86985
86988
86988
86990
86990
86991
86992
86996
86997
86997
86998
87000
87000
87001
87001
87002
87003
87003
87003
87004
87004
87004
87004
87004
87009
87009
87010
87010
87010
87012
87012
87013
87016
87016
87017
87019
87019
87022
87022
87023
87023
87025
87025
87029
87030
87031
87033
87034
87035
87035
87036
87037
87037
87037
87039
87039
87041
87042
87043
87043
87044
87044
87050
87052
87052
87055
87055
87058
87061
87066
87068
87068
87069
87070
87073
87074
87074
87075
87075
87078
87079
87081
87082
87082
87085
87086
87087
87089
87089
87089
87090
87091
87095
87096
87100
87102
87103
87103
87104
87108
87109
87109
87110
87112
87112
87113
87113
87116
87122
87122
87125
87125
87126
87126
87128
87130
87131
87133
87135
87135
87136
87136
87137
87139
87139
87140
87140
87143
87146
87147
87147
87148
87148
87149
87150
87151
87152
87153
87153
87154
87158
87159
87159
87160
87165
87168
87169
87171
87172
87173
87175
87178
87178
87184
87190
87191
87192
87194
87195
87196
87197
87200
87202
87202
87205
87205
87206
87206
87207
87209
87212
87212
87213
87214
87214
87215
87217
87218
87220
87221
87222
87223
87224
87225
87228
87229
87230
87230
87231
87233
87235
87235
87235
87236
87237
87241
87245
87247
87248
87250
87253
87254
87256
87256
87257
87257
87257
87257
87259
87260
87260
87261
87262
87263
87264
87264
87265
87265
87274
87276
87277
87277
87279
87282
87282
87282
87284
87287
87288
87288
87289
87291
87292
87292
87293
87295
87296
87297
87298
87298
87300
87301
87303
87303
87303
87304
87309
87310
87312
87312
87316
87317
87317
87319
87321
87321
87325
87326
87328
87328
87330
87334
87334
87335
87335
87338
87338
87339
87340
87343
87344
87346
87346
87347
87349
87351
87351
87353
87356
87357
87358
87358
87367
87370
87372
87372
87372
87373
87374
87375
87376
87378
87380
87381
87381
87382
87383
87384
87385
87386
87386
87388
87390
87391
87393
87396
87398
87398
87399
87401
87404
87406
87406
87407
87410
87410
87412
87414
87416
87416
87416
87417
87418
87421
87427
87428
87430
87431
87433
87435
87435
87436
87437
87437
87440
87441
87442
87442
87445
87447
87448
87453
87454
87455
87456
87459
87459
87459
87460
87461
87462
87462
87465
87468
87470
87471
87471
87474
87475
87476
87476
87476
87477
87482
87482
87484
87485
87485
87486
87486
87488
87492
87493
87495
87496
87501
87502
87502
87503
87506
87507
87507
87507
87507
87507
87508
87509
87513
87515
87515
87517
87517
87518
87518
87518
87518
87520
87522
87522
87523
87524
87524
87526
87527
87527
87530
87530
87530
87531
87533
87533
87537
87538
87538
87539
87540
87541
87541
87543
87544
87544
87544
87545
87549
87550
87551
87553
87553
87558
87560
87564
87565
87565
87566
87567
87570
87571
87572
87574
87574
87574
87577
87578
87579
87580
87581
87581
87583
87585
87585
87585
87587
87587
87587
87588
87591
87592
87593
87593
87594
87596
87597
87602
87604
87605
87606
87607
87608
87608
87612
87612
87616
87618
87621
87622
87622
87624
87627
87629
87630
87631
87632
87635
87635
87637
87640
87640
87640
87641
87643
87643
87643
87644
87645
87648
87652
87653
87655
87661
87662
87662
87662
87663
87664
87667
87669
87669
87671
87672
87673
87674
87675
87678
87680
87687
87688
87688
87689
87689
87690
87691
87695
87695
87695
87698
87698
87699
87700
87701
87702
87705
87706
87708
87713
87714
87714
87715
87716
87716
87716
87719
87720
87721
87723
87726
87726
87726
87728
87729
87730
87730
87733
87733
87733
87738
87741
87743
87743
87744
87745
87745
87745
87746
87747
87747
87748
87748
87752
87752
87758
87759
87759
87761
87769
87770
87777
87779
87781
87782
87784
87784
87784
87784
87787
87788
87790
87792
87796
87798
87798
87801
87802
87805
87807
87814
87816
87816
87818
87819
87820
87820
87823
87824
87825
87827
87827
87828
87829
87832
87834
87835
87835
87835
87836
87836
87837
87838
87839
87840
87840
87842
87845
87846
87846
87847
87849
87850
87851
87854
87854
87855
87856
87860
87861
87861
87862
87862
87863
87863
87863
87864
87864
87865
87866
87867
87867
87869
87869
87870
87870
87871
87871
87871
87872
87873
87873
87873
87875
87877
87879
87883
87883
87885
87885
87886
87889
87889
87889
87891
87891
87892
87892
87893
87894
87896
87898
87899
87901
87903
87904
87905
87908
87909
87910
87913
87914
87916
87917
87919
87922
87922
87923
87924
87926
87927
87928
87929
87931
87933
87935
87936
87937
87937
87937
87938
87938
87938
87939
87939
87942
87942
87944
87944
87945
87945
87947
87947
87949
87950
87950
87951
87951
87952
87953
87957
87957
87958
87958
87959
87960
87961
87961
87964
87964
87965
87966
87968
87968
87969
87969
87972
87972
87973
87974
87976
87979
87980
87981
87984
87984
87985
87988
87989
87989
87990
87991
87991
87992
87993
87993
87995
87995
87996
87996
87998
87999
88002
88005
88005
88006
88007
88008
88009
88009
88009
88011
88011
88012
88012
88016
88020
88021
88024
88025
88027
88030
88034
88035
88036
88037
88038
88039
88041
88042
88043
88045
88045
88048
88049
88049
88049
88055
88055
88055
88055
88056
88057
88057
88058
88059
88060
88063
88063
88063
88065
88067
88068
88070
88072
88072
88076
88077
88078
88078
88080
88080
88084
88100
88102
88102
88108
88112
88115
88115
88118
88119
88119
88120
88120
88124
88126
88127
88131
88135
88141
88142
88144
88149
88150
88151
88153
88154
88154
88155
88156
88156
88157
88158
88159
88159
88160
88160
88161
88161
88162
88162
88163
88166
88169
88169
88170
88170
88173
88173
88175
88178
88179
88187
88188
88189
88190
88193
88194
88195
88196
88196
88197
88197
88199
88200
88201
88201
88203
88205
88208
88208
88209
88212
88212
88214
88214
88214
88215
88216
88218
88219
88220
88222
88228
88229
88229
88231
88235
88236
88237
88240
88240
88241
88242
88242
88242
88243
88245
88246
88248
88249
88253
88253
88258
88259
88261
88265
88265
88265
88266
88266
88270
88271
88272
88274
88274
88275
88277
88280
88280
88280
88283
88283
88284
88284
88285
88285
88285
88286
88286
88287
88287
88288
88289
88295
88297
88300
88300
88301
88302
88303
88304
88305
88306
88308
88309
88309
88312
88313
88314
88315
88318
88319
88320
88320
88321
88321
88322
88322
88324
88326
88326
88327
88327
88329
88332
88332
88332
88334
88335
88335
88337
88339
88339
88340
88341
88344
88345
88346
88347
88347
88347
88348
88349
88350
88350
88351
88353
88357
88360
88361
88362
88364
88365
88366
88368
88369
88372
88373
88373
88373
88374
88375
88375
88376
88377
88378
88378
88380
88380
88382
88383
88384
88384
88384
88388
88390
88395
88398
88401
88402
88403
88404
88404
88405
88406
88407
88407
88409
88409
88409
88410
88410
88411
88412
88413
88414
88415
88416
88417
88417
88418
88419
88419
88419
88419
88419
88421
88422
88424
88425
88425
88427
88430
88430
88433
88434
88434
88436
88437
88443
88443
88444
88444
88445
88447
88448
88449
88449
88452
88453
88455
88458
88459
88460
88460
88463
88464
88464
88464
88466
88468
88470
88470
88471
88472
88473
88473
88473
88474
88474
88474
88475
88475
88477
88479
88479
88483
88485
88488
88488
88490
88492
88500
88500
88502
88503
88504
88505
88506
88507
88508
88509
88509
88513
88515
88517
88519
88521
88527
88527
88529
88532
88533
88533
88534
88535
88535
88535
88535
88535
88537
88538
88538
88539
88544
88547
88547
88548
88549
88550
88553
88553
88557
88557
88560
88560
88560
88561
88564
88566
88567
88568
88569
88574
88577
88579
88580
88580
88580
88584
88584
88585
88586
88586
88591
88591
88592
88592
88594
88597
88597
88599
88600
88600
88602
88603
88604
88604
88608
88609
88609
88612
88612
88613
88613
88614
88614
88614
88616
88616
88619
88619
88620
88625
88625
88627
88628
88628
88630
88631
88631
88637
88639
88640
88641
88641
88643
88644
88646
88647
88649
88649
88652
88652
88654
88655
88655
88656
88657
88657
88660
88661
88662
88662
88663
88664
88664
88666
88669
88669
88669
88670
88671
88675
88676
88676
88676
88679
88679
88680
88682
88684
88686
88688
88692
88693
88693
88694
88698
88698
88699
88700
88700
88700
88701
88701
88704
88708
88708
88710
88711
88711
88711
88712
88712
88712
88713
88715
88716
88717
88718
88718
88721
88722
88723
88724
88724
88725
88728
88730
88731
88732
88736
88737
88738
88741
88745
88745
88748
88748
88749
88752
88753
88755
88756
88759
88761
88764
88764
88764
88765
88770
88771
88776
88778
88778
88778
88779
88779
88779
88781
88782
88783
88784
88785
88785
88787
88788
88789
88789
88790
88791
88795
88795
88796
88797
88797
88798
88800
88800
88800
88804
88804
88805
88807
88807
88812
88814
88819
88820
88821
88824
88826
88826
88828
88829
88830
88832
88837
88839
88840
88841
88844
88844
88846
88848
88848
88849
88850
88850
88853
88853
88854
88855
88858
88862
88863
88863
88865
88867
88870
88871
88875
88878
88879
88879
88880
88882
88885
88887
88893
88896
88898
88900
88902
88903
88903
88904
88910
88911
88912
88914
88916
88917
88918
88919
88919
88920
88922
88923
88924
88924
88925
88926
88927
88928
88929
88931
88932
88933
88935
88938
88938
88938
88939
88942
88943
88943
88944
88944
88945
88948
88948
88955
88958
88959
88960
88961
88962
88964
88966
88967
88968
88970
88970
88975
88976
88977
88977
88977
88977
88978
88980
88980
88981
88981
88983
88983
88985
88986
88986
88988
88991
88991
88992
88994
88995
88996
89000
89000
89002
89003
89006
89009
89011
89012
89012
89013
89016
89019
89019
89020
89020
89021
89021
89022
89023
89023
89025
89025
89026
89033
89033
89034
89034
89035
89037
89037
89040
89041
89043
89044
89047
89047
89050
89056
89056
89062
89065
89067
89068
89071
89076
89080
89087
89088
89088
89094
89095
89098
89098
89101
89102
89102
89102
89104
89105
89106
89107
89107
89108
89108
89109
89110
89111
89112
89115
89116
89117
89117
89120
89120
89121
89122
89124
89124
89125
89125
89125
89125
89127
89129
89130
89132
89132
89133
89134
89135
89136
89136
89137
89137
89138
89139
89140
89141
89141
89143
89145
89145
89145
89146
89148
89150
89150
89152
89153
89153
89154
89154
89155
89155
89156
89156
89156
89158
89158
89159
89160
89161
89161
89164
89164
89165
89165
89167
89168
89168
89169
89170
89170
89171
89172
89173
89176
89176
89178
89179
89179
89179
89179
89181
89182
89183
89183
89184
89184
89190
89190
89191
89193
89194
89196
89197
89198
89200
89203
89205
89208
89208
89210
89211
89211
89214
89215
89219
89221
89223
89223
89224
89227
89228
89228
89231
89231
89234
89235
89237
89241
89244
89245
89247
89247
89249
89249
89249
89250
89250
89251
89251
89253
89253
89256
89256
89263
89263
89263
89264
89264
89265
89267
89270
89272
89273
89275
89275
89275
89277
89277
89280
89280
89282
89288
89288
89290
89290
89295
89297
89297
89297
89297
89299
89301
89303
89308
89311
89312
89313
89314
89315
89315
89319
89320
89322
89323
89324
89324
89326
89327
89327
89329
89335
89336
89338
89338
89341
89342
89342
89342
89343
89343
89345
89347
89347
89350
89354
89354
89354
89359
89359
89362
89364
89365
89365
89366
89366
89366
89367
89367
89369
89371
89372
89373
89375
89376
89378
89378
89381
89383
89383
89384
89384
89385
89385
89387
89388
89389
89389
89390
89390
89391
89394
89396
89402
89402
89403
89403
89405
89407
89407
89409
89410
89411
89416
89416
89418
89418
89418
89418
89419
89419
89420
89421
89422
89423
89423
89423
89428
89430
89432
89432
89434
89435
89436
89438
89439
89442
89444
89446
89446
89448
89449
89450
89452
89452
89453
89454
89455
89456
89457
89458
89459
89461
89462
89463
89463
89464
89464
89464
89466
89467
89468
89470
89472
89473
89474
89474
89476
89477
89478
89478
89478
89479
89481
89481
89482
89485
89485
89487
89490
89492
89496
89496
89497
89497
89499
89499
89500
89500
89502
89505
89505
89505
89506
89507
89507
89509
89510
89511
89513
89513
89515
89517
89517
89519
89520
89521
89522
89524
89525
89528
89531
89531
89532
89533
89534
89536
89536
89536
89536
89536
89537
89538
89541
89543
89544
89545
89548
89549
89549
89549
89550
89550
89552
89553
89554
89555
89555
89556
89557
89557
89561
89564
89564
89565
89565
89565
89567
89568
89568
89570
89570
89571
89572
89573
89574
89575
89576
89576
89577
89578
89580
89583
89586
89587
89587
89588
89589
89589
89589
89590
89590
89591
89594
89594
89596
89596
89596
89597
89599
89599
89600
89600
89602
89603
89606
89606
89607
89608
89609
89611
89611
89612
89617
89619
89623
89624
89624
89625
89625
89625
89626
89628
89628
89629
89629
89630
89631
89633
89634
89634
89635
89637
89637
89637
89637
89640
89640
89643
89643
89645
89646
89649
89649
89649
89650
89650
89653
89653
89654
89655
89655
89656
89658
89658
89658
89665
89667
89669
89670
89671
89671
89672
89672
89672
89674
89674
89676
89678
89678
89680
89681
89683
89684
89684
89685
89686
89686
89687
89688
89689
89689
89693
89694
89694
89694
89695
89695
89698
89699
89701
89702
89706
89706
89708
89714
89716
89719
89720
89721
89721
89722
89723
89724
89726
89726
89726
89726
89727
89729
89730
89730
89732
89734
89734
89738
89738
89740
89741
89741
89742
89743
89744
89745
89746
89746
89748
89750
89750
89753
89754
89754
89755
89757
89759
89761
89761
89762
89762
89762
89762
89766
89766
89767
89767
89768
89769
89769
89769
89770
89773
89773
89774
89776
89776
89781
89784
89785
89787
89787
89788
89788
89793
89794
89794
89795
89800
89801
89803
89804
89805
89806
89807
89807
89808
89808
89813
89813
89814
89816
89818
89818
89820
89821
89823
89823
89824
89825
89825
89826
89831
89833
89834
89835
89836
89836
89836
89839
89842
89843
89844
89845
89845
89848
89849
89849
89850
89853
89855
89856
89857
89857
89857
89859
89861
89861
89863
89870
89872
89875
89879
89881
89881
89882
89884
89885
89886
89886
89886
89886
89888
89889
89889
89891
89892
89893
89894
89894
89896
89898
89900
89900
89902
89904
89907
89912
89914
89914
89916
89916
89918
89918
89918
89920
89921
89921
89924
89925
89925
89926
89926
89930
89930
89931
89932
89932
89933
89935
89936
89940
89942
89942
89945
89947
89949
89951
89952
89954
89957
89959
89961
89962
89969
89970
89971
89972
89974
89974
89975
89978
89978
89979
89979
89981
89981
89984
89984
89986
89989
89990
89990
89992
89993
89993
89993
89995
89996
89996
89996
89997
89998
89998
89998
89998
89999
90000
90001
90002
90005
90006
90007
90007
90009
90010
90010
90010
90010
90011
90014
90016
90016
90017
90018
90018
90019
90020
90021
90021
90022
90022
90023
90024
90024
90025
90028
90030
90030
90031
90031
90035
90037
90037
90038
90041
90042
90043
90043
90044
90051
90054
90054
90055
90055
90055
90056
90057
90060
90060
90061
90063
90063
90064
90065
90065
90067
90067
90067
90073
90074
90075
90076
90076
90078
90079
90080
90082
90083
90083
90084
90084
90087
90089
90093
90094
90095
90097
90098
90098
90098
90099
90099
90100
90101
90101
90103
90104
90105
90106
90108
90108
90109
90113
90114
90115
90116
90116
90117
90117
90117
90117
90121
90122
90122
90123
90124
90124
90124
90130
90133
90137
90137
90137
90141
90148
90151
90157
90162
90163
90163
90166
90167
90167
90168
90168
90168
90169
90170
90170
90170
90171
90171
90175
90175
90175
90175
90175
90176
90177
90178
90180
90180
90180
90181
90185
90187
90189
90190
90191
90191
90191
90196
90196
90197
90197
90199
90203
90203
90204
90205
90205
90206
90206
90208
90208
90209
90212
90212
90212
90216
90217
90217
90218
90218
90219
90222
90224
90224
90227
90229
90232
90233
90235
90235
90236
90236
90241
90245
90245
90248
90249
90250
90251
90251
90251
90252
90257
90258
90258
90259
90259
90261
90261
90262
90262
90264
90265
90267
90270
90270
90275
90277
90280
90281
90282
90282
90283
90284
90288
90288
90289
90290
90291
90291
90291
90292
90292
90294
90295
90295
90296
90297
90298
90298
90302
90306
90312
90313
90314
90315
90315
90316
90317
90318
90319
90321
90324
90326
90327
90328
90329
90332
90333
90333
90334
90334
90335
90337
90340
90341
90341
90343
90346
90346
90347
90347
90348
90350
90350
90352
90355
90358
90359
90360
90362
90362
90362
90364
90366
90368
90368
90369
90369
90370
90372
90372
90372
90376
90377
90378
90379
90379
90380
90381
90382
90384
90385
90387
90387
90389
90390
90392
90394
90395
90395
90396
90398
90399
90400
90400
90401
90406
90406
90407
90408
90411
90411
90412
90412
90418
90418
90418
90421
90421
90422
90426
90427
90429
90429
90429
90430
90432
90436
90436
90436
90437
90439
90442
90443
90444
90445
90445
90447
90447
90447
90449
90450
90450
90450
90451
90452
90456
90458
90459
90459
90460
90462
90463
90463
90464
90465
90466
90467
90469
90469
90469
90471
90476
90480
90480
90480
90481
90482
90486
90489
90490
90490
90491
90491
90495
90495
90497
90498
90499
90500
90504
90506
90508
90508
90508
90509
90511
90511
90514
90514
90516
90518
90518
90519
90520
90521
90524
90524
90525
90526
90527
90527
90528
90529
90529
90529
90529
90529
90530
90530
90531
90533
90533
90535
90536
90536
90536
90538
90540
90541
90544
90546
90546
90546
90547
90548
90551
90551
90554
90555
90557
90558
90561
90562
90563
90563
90567
90574
90575
90575
90578
90578
90579
90584
90584
90585
90585
90588
90590
90590
90595
90598
90598
90600
90601
90602
90602
90602
90605
90605
90611
90611
90612
90613
90614
90616
90616
90618
90620
90622
90623
90623
90625
90626
90626
90626
90626
90627
90628
90628
90630
90630
90631
90631
90633
90633
90633
90634
90634
90636
90637
90637
90641
90641
90643
90644
90645
90646
90647
90647
90647
90650
90652
90655
90656
90656
90657
90662
90662
90662
90663
90664
90664
90665
90667
90667
90667
90668
90671
90674
90677
90678
90679
90680
90682
90683
90683
90687
90692
90693
90694
90694
90695
90695
90696
90696
90697
90697
90697
90697
90702
90704
90707
90707
90707
90710
90715
90716
90716
90720
90721
90723
90724
90725
90727
90728
90729
90729
90731
90733
90733
90737
90738
90739
90739
90741
90741
90742
90743
90744
90746
90749
90750
90754
90756
90758
90758
90759
90759
90762
90763
90764
90766
90767
90768
90772
90772
90773
90775
90775
90776
90778
90779
90780
90781
90783
90785
90785
90786
90787
90788
90788
90790
90791
90792
90794
90796
90797
90800
90800
90806
90806
90806
90807
90810
90811
90811
90812
90814
90814
90816
90816
90817
90819
90820
90821
90821
90821
90824
90824
90825
90825
90826
90828
90828
90829
90831
90831
90833
90834
90836
90839
90839
90841
90842
90843
90845
90846
90846
90846
90847
90852
90853
90855
90856
90859
90863
90865
90865
90866
90866
90867
90870
90871
90872
90873
90874
90875
90878
90878
90878
90879
90879
90880
90882
90883
90886
90886
90887
90888
90888
90890
90893
90893
90893
90894
90899
90904
90904
90905
90906
90906
90912
90914
90915
90916
90917
90920
90923
90926
90929
90929
90929
90931
90933
90934
90938
90942
90946
90948
90949
90952
90954
90956
90957
90957
90959
90960
90960
90962
90964
90966
90966
90969
90971
90971
90971
90972
90974
90975
90975
90977
90978
90978
90981
90983
90984
90986
90986
90988
90988
90988
90989
90989
90992
90992
90993
90993
90993
90994
90994
90996
90997
90998
90998
90999
91003
91005
91007
91007
91008
91010
91010
91011
91011
91012
91012
91013
91014
91014
91015
91016
91016
91018
91018
91021
91023
91023
91024
91025
91025
91026
91029
91029
91030
91031
91031
91034
91035
91035
91040
91041
91042
91044
91045
91045
91046
91046
91047
91047
91048
91050
91052
91052
91053
91053
91053
91053
91057
91058
91058
91059
91060
91061
91061
91063
91064
91064
91065
91066
91066
91068
91072
91072
91072
91072
91073
91074
91076
91076
91077
91080
91080
91081
91082
91082
91083
91084
91085
91086
91086
91088
91089
91089
91089
91090
91090
91090
91092
91094
91094
91096
91097
91101
91105
91106
91106
91109
91109
91115
91116
91118
91120
91121
91121
91123
91123
91125
91126
91126
91127
91127
91128
91128
91129
91130
91136
91137
91137
91140
91142
91144
91145
91145
91145
91145
91146
91146
91148
91149
91149
91151
91154
91160
91161
91161
91163
91164
91164
91164
91165
91165
91165
91167
91172
91176
91176
91177
91177
91178
91181
91182
91182
91183
91184
91184
91184
91185
91185
91188
91189
91191
91193
91198
91198
91204
91205
91205
91206
91207
91208
91209
91209
91210
91211
91212
91213
91215
91216
91218
91219
91221
91221
91222
91223
91224
91224
91230
91231
91234
91235
91237
91241
91245
91246
91246
91247
91247
91250
91251
91251
91255
91258
91259
91259
91260
91261
91264
91265
91267
91267
91267
91267
91267
91273
91274
91275
91275
91276
91276
91280
91280
91285
91287
91287
91289
91289
91290
91291
91291
91291
91292
91294
91298
91299
91300
91301
91301
91302
91304
91305
91306
91306
91307
91309
91310
91310
91310
91311
91314
91316
91317
91320
91322
91323
91325
91327
91328
91328
91332
91335
91337
91341
91345
91345
91346
91347
91350
91351
91353
91354
91360
91365
91367
91367
91367
91368
91369
91370
91371
91371
91373
91375
91379
91379
91381
91381
91382
91383
91383
91386
91390
91392
91394
91394
91398
91398
91399
91400
91400
91403
91404
91404
91406
91408
91408
91410
91411
91411
91412
91413
91419
91420
91422
91423
91423
91423
91423
91423
91426
91431
91433
91433
91433
91434
91434
91435
91438
91438
91439
91439
91440
91440
91441
91442
91443
91443
91443
91444
91445
91447
91447
91453
91454
91455
91456
91456
91457
91458
91459
91461
91463
91463
91468
91468
91470
91471
91473
91474
91474
91475
91476
91480
91481
91482
91483
91483
91485
91486
91486
91486
91491
91491
91491
91492
91492
91493
91495
91495
91496
91496
91498
91499
91499
91501
91502
91503
91503
91504
91504
91505
91505
91507
91508
91512
91514
91514
91515
91516
91518
91519
91520
91522
91522
91523
91523
91526
91527
91530
91530
91530
91530
91530
91532
91535
91535
91537
91538
91539
91539
91542
91548
91549
91549
91552
91554
91555
91556
91557
91563
91564
91565
91567
91567
91568
91570
91570
91573
91574
91575
91577
91577
91579
91580
91582
91583
91583
91583
91587
91592
91594
91596
91597
91601
91602
91603
91604
91604
91606
91606
91607
91611
91612
91616
91616
91616
91617
91617
91617
91617
91618
91618
91619
91621
91622
91625
91626
91627
91631
91631
91633
91635
91636
91636
91636
91637
91638
91638
91638
91639
91640
91641
91641
91642
91643
91643
91644
91647
91647
91648
91650
91650
91650
91651
91653
91655
91655
91656
91659
91660
91661
91661
91661
91662
91662
91663
91664
91667
91668
91668
91668
91668
91669
91675
91676
91677
91679
91684
91684
91687
91688
91689
91689
91691
91692
91693
91693
91694
91695
91695
91697
91698
91698
91699
91700
91701
91702
91703
91707
91707
91709
91711
91713
91714
91716
91719
91720
91720
91724
91725
91725
91725
91726
91726
91729
91729
91731
91734
91734
91735
91735
91737
91737
91741
91743
91744
91745
91748
91750
91751
91751
91752
91752
91753
91756
91758
91758
91759
91761
91762
91763
91765
91765
91768
91768
91771
91771
91773
91775
91775
91779
91780
91782
91783
91784
91786
91787
91787
91789
91791
91792
91792
91793
91793
91795
91796
91796
91799
91800
91800
91801
91801
91801
91805
91805
91805
91807
91808
91808
91809
91813
91814
91814
91816
91816
91818
91818
91819
91820
91822
91824
91824
91825
91828
91830
91833
91833
91837
91841
91841
91843
91845
91846
91846
91846
91847
91850
91851
91852
91853
91854
91854
91854
91855
91858
91859
91865
91867
91867
91867
91867
91867
91870
91872
91873
91873
91876
91876
91879
91880
91882
91883
91884
91885
91886
91888
91890
91891
91893
91896
91897
91898
91898
91898
91899
91899
91900
91901
91903
91904
91907
91907
91907
91908
91909
91909
91910
91911
91912
91912
91915
91917
91918
91919
91921
91921
91925
91925
91926
91927
91931
91933
91935
91935
91936
91937
91939
91940
91941
91943
91943
91945
91945
91949
91951
91951
91952
91952
91954
91954
91955
91955
91957
91960
91960
91961
91962
91962
91962
91962
91967
91967
91968
91968
91970
91970
91970
91972
91974
91974
91977
91977
91978
91980
91980
91980
91981
91981
91984
91986
91986
91992
91992
91992
91994
91995
91995
91995
91999
92002
92002
92003
92005
92005
92005
92005
92008
92009
92012
92013
92013
92013
92017
92018
92019
92022
92023
92024
92024
92025
92025
92026
92026
92027
92027
92029
92029
92031
92037
92037
92038
92039
92043
92043
92047
92048
92049
92051
92054
92055
92057
92059
92060
92061
92062
92064
92066
92071
92072
92072
92077
92077
92078
92080
92080
92081
92083
92083
92085
92087
92090
92090
92091
92091
92094
92095
92095
92096
92096
92099
92099
92101
92102
92104
92104
92108
92109
92109
92109
92112
92113
92115
92116
92117
92117
92118
92119
92120
92122
92123
92127
92128
92128
92131
92132
92132
92134
92134
92134
92136
92137
92140
92141
92141
92144
92144
92146
92146
92147
92147
92149
92149
92151
92153
92153
92154
92154
92156
92156
92157
92159
92160
92160
92160
92161
92161
92161
92164
92165
92165
92166
92166
92167
92168
92168
92171
92172
92172
92173
92173
92173
92174
92176
92178
92178
92179
92180
92181
92181
92182
92183
92187
92187
92188
92188
92188
92188
92190
92191
92191
92195
92195
92196
92197
92197
92197
92199
92199
92199
92200
92201
92203
92203
92204
92205
92205
92207
92209
92211
92211
92212
92212
92213
92213
92219
92220
92221
92223
92223
92224
92230
92233
92233
92233
92236
92237
92237
92237
92241
92241
92244
92244
92246
92246
92248
92249
92250
92250
92251
92253
92254
92254
92255
92259
92260
92261
92263
92263
92265
92267
92269
92269
92270
92271
92271
92276
92278
92279
92279
92280
92282
92285
92286
92287
92288
92289
92291
92296
92297
92298
92299
92300
92300
92300
92300
92300
92301
92302
92303
92306
92310
92313
92315
92318
92319
92319
92321
92324
92324
92326
92327
92327
92327
92328
92328
92329
92332
92333
92333
92333
92334
92336
92336
92338
92338
92339
92339
92340
92341
92341
92342
92343
92344
92344
92344
92344
92347
92352
92353
92353
92353
92355
92357
92359
92365
92366
92366
92371
92371
92374
92376
92382
92394
92394
92396
92396
92398
92399
92399
92402
92403
92403
92403
92404
92407
92410
92412
92415
92420
92422
92423
92423
92428
92431
92433
92435
92435
92435
92437
92439
92439
92441
92442
92444
92446
92446
92450
92454
92454
92457
92457
92457
92458
92459
92463
92464
92466
92467
92472
92472
92479
92481
92484
92484
92484
92484
92485
92486
92490
92490
92491
92493
92499
92502
92507
92507
92507
92508
92509
92511
92514
92515
92516
92517
92518
92519
92519
92520
92521
92522
92525
92526
92527
92527
92536
92538
92539
92539
92539
92541
92547
92549
92551
92552
92556
92559
92559
92559
92561
92562
92562
92562
92564
92564
92565
92565
92567
92570
92573
92573
92573
92575
92577
92578
92578
92579
92580
92580
92581
92581
92585
92585
92585
92586
92586
92588
92590
92590
92591
92592
92593
92593
92597
92602
92602
92606
92606
92608
92609
92610
92611
92613
92614
92614
92615
92616
92618
92618
92620
92623
92625
92625
92628
92632
92636
92636
92636
92637
92639
92641
92642
92645
92647
92648
92649
92649
92650
92651
92651
92657
92661
92663
92665
92665
92667
92672
92673
92675
92676
92677
92678
92679
92681
92682
92684
92684
92685
92685
92688
92692
92694
92695
92695
92697
92697
92700
92701
92701
92705
92707
92708
92710
92710
92713
92714
92717
92717
92719
92720
92720
92721
92721
92721
92723
92725
92726
92727
92727
92730
92731
92734
92735
92735
92736
92740
92740
92742
92743
92744
92745
92748
92750
92753
92755
92757
92758
92763
92763
92766
92766
92766
92769
92769
92769
92773
92775
92778
92779
92782
92783
92785
92785
92787
92790
92790
92791
92794
92796
92796
92797
92797
92801
92802
92803
92804
92806
92807
92808
92809
92810
92815
92820
92822
92824
92827
92829
92831
92833
92835
92836
92837
92837
92838
92840
92840
92840
92841
92843
92847
92850
92855
92855
92856
92857
92860
92862
92864
92864
92865
92865
92866
92870
92870
92871
92872
92872
92874
92875
92877
92877
92878
92880
92881
92882
92883
92883
92884
92888
92889
92894
92894
92897
92897
92897
92898
92898
92899
92901
92909
92910
92913
92914
92914
92914
92915
92916
92920
92923
92924
92924
92927
92927
92928
92931
92932
92932
92940
92940
92942
92944
92945
92946
92947
92947
92948
92949
92950
92950
92951
92953
92953
92954
92955
92955
92956
92959
92961
92961
92963
92970
92971
92974
92974
92974
92976
92978
92979
92980
92982
92982
92983
92983
92983
92984
92985
92985
92985
92985
92988
92989
92990
92993
92995
92995
92999
93000
93003
93003
93004
93006
93008
93012
93013
93014
93014
93015
93016
93016
93018
93019
93021
93022
93025
93031
93032
93032
93033
93033
93036
93037
93037
93043
93043
93046
93047
93047
93048
93051
93053
93055
93055
93056
93061
93061
93062
93063
93064
93065
93065
93071
93073
93075
93075
93076
93077
93077
93079
93082
93083
93084
93085
93087
93088
93091
93094
93095
93095
93097
93098
93099
93101
93102
93103
93103
93105
93106
93106
93113
93115
93116
93120
93121
93121
93123
93123
93125
93126
93128
93128
93129
93129
93130
93131
93131
93131
93134
93134
93135
93136
93136
93136
93140
93143
93144
93146
93150
93150
93151
93151
93152
93154
93156
93157
93158
93161
93163
93163
93165
93165
93165
93174
93176
93180
93181
93181
93182
93182
93186
93188
93190
93191
93193
93195
93196
93198
93198
93200
93201
93202
93202
93203
93203
93205
93206
93209
93209
93209
93212
93212
93216
93216
93216
93218
93219
93220
93220
93220
93221
93221
93222
93222
93229
93230
93234
93234
93235
93236
93238
93239
93240
93243
93243
93244
93245
93245
93247
93252
93254
93257
93257
93258
93259
93259
93259
93262
93262
93262
93264
93265
93267
93268
93268
93268
93269
93270
93270
93271
93271
93272
93273
93273
93274
93274
93275
93278
93280
93280
93281
93281
93284
93284
93285
93287
93288
93288
93292
93294
93295
93297
93298
93300
93301
93302
93309
93310
93311
93312
93313
93313
93314
93315
93315
93315
93316
93317
93321
93321
93321
93321
93322
93322
93322
93324
93324
93329
93331
93333
93334
93335
93335
93336
93336
93337
93341
93343
93347
93347
93349
93350
93353
93353
93353
93353
93353
93355
93356
93356
93357
93358
93359
93361
93365
93367
93367
93368
93368
93369
93374
93377
93378
93378
93378
93381
93383
93384
93386
93386
93388
93389
93391
93392
93393
93397
93397
93399
93399
93401
93403
93406
93407
93409
93409
93411
93414
93415
93417
93423
93424
93425
93425
93425
93428
93428
93430
93430
93431
93431
93432
93434
93434
93434
93434
93434
93434
93437
93437
93441
93451
93453
93453
93454
93454
93454
93454
93455
93456
93457
93460
93463
93467
93470
93474
93474
93475
93476
93476
93481
93481
93482
93482
93483
93488
93489
93490
93492
93493
93493
93496
93497
93497
93497
93498
93499
93500
93501
93502
93504
93504
93506
93507
93507
93508
93509
93509
93510
93513
93514
93515
93515
93517
93517
93521
93522
93525
93525
93526
93526
93527
93529
93531
93533
93535
93539
93539
93539
93540
93542
93542
93542
93544
93546
93548
93548
93549
93550
93551
93552
93552
93553
93554
93555
93556
93556
93557
93559
93562
93562
93563
93564
93565
93567
93568
93574
93574
93574
93578
93578
93578
93579
93579
93580
93580
93582
93583
93586
93586
93587
93587
93587
93587
93589
93589
93590
93594
93595
93597
93598
93598
93599
93600
93608
93609
93610
93611
93612
93614
93619
93620
93621
93622
93623
93623
93626
93628
93629
93632
93634
93635
93635
93635
93635
93636
93638
93638
93639
93642
93643
93643
93643
93644
93647
93648
93649
93652
93654
93656
93656
93656
93662
93665
93666
93667
93667
93668
93669
93671
93672
93673
93674
93675
93678
93684
93685
93687
93693
93693
93695
93700
93701
93701
93703
93704
93708
93709
93712
93712
93713
93713
93716
93716
93719
93720
93721
93722
93722
93723
93723
93725
93725
93726
93732
93733
93734
93735
93736
93737
93738
93742
93745
93749
93750
93750
93750
93751
93754
93754
93754
93756
93757
93757
93759
93763
93764
93764
93769
93770
93774
93775
93776
93777
93777
93777
93778
93778
93779
93780
93783
93783
93784
93786
93788
93789
93790
93791
93794
93795
93795
93797
93799
93800
93802
93805
93806
93807
93807
93808
93809
93810
93810
93811
93812
93813
93813
93814
93815
93816
93820
93820
93821
93821
93823
93823
93824
93827
93829
93831
93831
93834
93838
93840
93841
93843
93845
93848
93850
93852
93854
93856
93856
93856
93859
93859
93860
93861
93864
93867
93868
93876
93877
93879
93881
93884
93885
93887
93889
93889
93890
93892
93892
93893
93894
93895
93895
93898
93901
93901
93902
93904
93905
93905
93910
93912
93912
93915
93915
93916
93916
93918
93919
93919
93919
93920
93921
93924
93924
93929
93930
93930
93930
93932
93932
93933
93934
93934
93936
93938
93938
93941
93943
93943
93944
93947
93947
93949
93949
93951
93951
93952
93955
93955
93963
93964
93968
93969
93971
93975
93975
93975
93977
93979
93981
93983
93985
93985
93991
93991
93991
93994
93994
93994
93998
94000
94000
94001
94001
94002
94002
94002
94002
94005
94006
94006
94006
94007
94007
94009
94010
94010
94012
94013
94013
94014
94016
94017
94018
94020
94020
94022
94024
94026
94028
94034
94038
94039
94040
94041
94042
94043
94043
94045
94045
94046
94047
94048
94050
94051
94051
94052
94053
94053
94054
94054
94054
94056
94057
94057
94063
94063
94064
94066
94067
94068
94069
94071
94073
94074
94074
94075
94076
94076
94076
94077
94077
94083
94084
94085
94090
94090
94090
94091
94091
94092
94092
94095
94097
94099
94102
94103
94104
94109
94111
94111
94112
94114
94115
94119
94119
94119
94120
94121
94122
94125
94126
94126
94127
94128
94128
94135
94135
94136
94138
94139
94141
94141
94141
94141
94142
94143
94144
94144
94146
94146
94146
94147
94151
94155
94157
94160
94161
94161
94163
94163
94165
94165
94165
94170
94171
94173
94175
94176
94176
94178
94180
94181
94187
94188
94188
94189
94191
94191
94191
94196
94197
94199
94199
94201
94202
94202
94203
94203
94204
94205
94206
94207
94208
94209
94210
94214
94217
94219
94220
94220
94223
94229
94229
94229
94230
94232
94233
94233
94235
94235
94244
94246
94246
94247
94248
94251
94253
94254
94255
94255
94258
94258
94259
94260
94261
94262
94263
94264
94264
94267
94268
94268
94269
94271
94271
94271
94271
94272
94272
94274
94274
94275
94275
94275
94275
94276
94277
94277
94280
94281
94281
94282
94285
94285
94287
94288
94289
94292
94294
94295
94298
94299
94302
94303
94305
94308
94310
94312
94312
94313
94318
94319
94320
94322
94323
94323
94325
94325
94326
94326
94328
94331
94331
94331
94333
94333
94333
94335
94336
94336
94341
94342
94342
94343
94343
94344
94345
94346
94347
94349
94350
94351
94352
94354
94355
94357
94357
94358
94361
94361
94362
94362
94364
94367
94367
94368
94373
94379
94380
94381
94383
94384
94388
94392
94393
94394
94398
94398
94400
94401
94401
94403
94409
94413
94413
94416
94419
94420
94420
94422
94422
94422
94423
94430
94430
94435
94437
94438
94439
94439
94440
94440
94441
94441
94444
94446
94447
94447
94449
94449
94450
94451
94452
94452
94455
94456
94457
94460
94463
94464
94465
94467
94467
94469
94471
94471
94471
94471
94472
94473
94474
94474
94474
94475
94476
94477
94478
94479
94481
94482
94487
94488
94489
94490
94493
94494
94495
94496
94497
94497
94497
94497
94500
94501
94503
94503
94504
94504
94505
94506
94507
94508
94512
94513
94516
94516
94516
94517
94518
94520
94521
94522
94523
94524
94524
94529
94530
94530
94530
94531
94531
94532
94532
94533
94533
94534
94535
94539
94541
94544
94546
94552
94554
94557
94557
94557
94559
94559
94559
94561
94564
94564
94567
94568
94571
94571
94573
94575
94575
94575
94576
94581
94582
94585
94585
94585
94587
94588
94588
94588
94590
94590
94591
94591
94592
94593
94593
94595
94595
94596
94596
94598
94603
94603
94605
94605
94605
94606
94607
94610
94611
94611
94614
94614
94615
94618
94618
94618
94619
94626
94627
94629
94629
94630
94631
94633
94633
94635
94638
94638
94639
94643
94644
94645
94645
94645
94650
94651
94654
94655
94655
94655
94662
94662
94662
94663
94665
94670
94670
94670
94671
94671
94672
94674
94676
94677
94682
94683
94683
94687
94687
94688
94689
94689
94691
94691
94692
94692
94693
94695
94698
94698
94699
94699
94700
94701
94701
94702
94702
94702
94702
94704
94704
94704
94706
94707
94707
94712
94712
94718
94720
94721
94722
94722
94723
94723
94724
94724
94725
94725
94726
94726
94727
94729
94731
94733
94733
94735
94735
94737
94738
94739
94740
94741
94741
94744
94746
94747
94749
94750
94750
94751
94756
94756
94757
94759
94762
94762
94763
94764
94765
94772
94773
94775
94775
94775
94775
94776
94779
94779
94780
94781
94783
94787
94787
94788
94789
94790
94791
94791
94794
94794
94795
94796
94800
94800
94800
94802
94802
94802
94804
94805
94806
94806
94806
94807
94807
94808
94808
94809
94810
94810
94812
94813
94814
94814
94815
94818
94819
94822
94822
94825
94825
94825
94827
94827
94827
94829
94829
94831
94832
94835
94836
94837
94838
94838
94839
94839
94839
94839
94840
94840
94842
94843
94845
94847
94848
94848
94851
94854
94854
94856
94856
94858
94863
94863
94863
94864
94864
94865
94866
94869
94870
94871
94874
94877
94879
94879
94879
94882
94884
94888
94889
94889
94889
94890
94890
94894
94895
94896
94897
94898
94900
94900
94902
94902
94902
94904
94907
94908
94908
94908
94910
94910
94911
94912
94912
94914
94915
94917
94917
94919
94920
94920
94921
94922
94922
94923
94924
94926
94929
94930
94932
94932
94933
94941
94941
94943
94945
94945
94946
94947
94948
94948
94949
94951
94952
94953
94953
94954
94956
94956
94956
94958
94960
94960
94961
94961
94962
94963
94963
94965
94967
94969
94969
94970
94972
94972
94978
94979
94981
94981
94984
94985
94985
94985
94988
94991
94992
94993
94994
94996
94996
94997
94997
94997
94997
94999
95000
95002
95003
95003
95003
95004
95005
95005
95007
95007
95008
95009
95010
95011
95011
95012
95012
95012
95014
95016
95016
95018
95018
95020
95022
95024
95026
95026
95027
95027
95027
95034
95035
95036
95041
95041
95042
95042
95042
95044
95047
95047
95048
95049
95051
95051
95052
95053
95054
95055
95057
95057
95062
95062
95063
95063
95064
95065
95069
95070
95073
95073
95075
95077
95077
95078
95078
95079
95080
95086
95086
95087
95088
95089
95094
95095
95098
95100
95101
95101
95109
95110
95112
95112
95119
95120
95124
95127
95128
95128
95129
95130
95132
95133
95135
95136
95136
95137
95137
95139
95143
95146
95146
95148
95149
95149
95151
95151
95151
95155
95157
95159
95159
95160
95161
95161
95162
95163
95164
95165
95165
95169
95170
95170
95170
95171
95172
95173
95174
95175
95175
95176
95177
95179
95180
95180
95182
95182
95182
95182
95186
95187
95188
95189
95190
95193
95193
95197
95200
95201
95201
95202
95202
95204
95204
95206
95208
95210
95211
95211
95212
95214
95214
95215
95217
95220
95220
95222
95223
95225
95226
95228
95229
95233
95234
95234
95235
95236
95236
95237
95238
95238
95239
95240
95242
95242
95248
95249
95249
95249
95251
95251
95254
95255
95256
95256
95261
95263
95264
95265
95266
95270
95271
95273
95274
95276
95278
95280
95280
95280
95282
95282
95284
95285
95287
95288
95290
95291
95291
95292
95293
95296
95297
95298
95299
95299
95301
95301
95303
95307
95308
95309
95309
95311
95312
95312
95316
95318
95318
95319
95319
95321
95323
95324
95329
95329
95330
95330
95333
95334
95335
95337
95342
95342
95344
95344
95346
95349
95350
95350
95354
95358
95359
95364
95366
95367
95367
95368
95373
95373
95373
95374
95376
95376
95376
95377
95378
95378
95378
95378
95380
95381
95381
95381
95381
95384
95384
95393
95393
95395
95397
95400
95401
95403
95403
95406
95407
95407
95408
95408
95410
95410
95414
95415
95417
95418
95424
95425
95425
95425
95426
95426
95428
95428
95432
95435
95436
95436
95437
95438
95441
95441
95443
95444
95445
95445
95445
95448
95448
95448
95451
95455
95463
95464
95464
95465
95465
95466
95466
95466
95468
95468
95468
95469
95469
95469
95471
95471
95472
95476
95480
95480
95482
95483
95484
95487
95489
95489
95490
95491
95494
95494
95494
95495
95496
95497
95499
95504
95504
95507
95509
95509
95511
95513
95513
95516
95518
95521
95522
95523
95527
95528
95528
95528
95529
95531
95531
95532
95533
95533
95534
95536
95540
95541
95542
95547
95548
95548
95549
95550
95552
95553
95554
95555
95555
95556
95557
95562
95563
95563
95564
95564
95564
95565
95566
95567
95568
95568
95569
95573
95574
95578
95579
95580
95587
95588
95588
95589
95592
95592
95592
95592
95595
95595
95595
95595
95596
95596
95598
95603
95603
95605
95607
95607
95609
95609
95610
95610
95613
95613
95614
95615
95616
95618
95618
95621
95622
95622
95622
95624
95626
95627
95627
95627
95627
95630
95630
95630
95630
95632
95633
95634
95634
95635
95635
95635
95638
95640
95641
95642
95642
95642
95643
95644
95645
95648
95649
95649
95649
95651
95652
95653
95654
95654
95655
95656
95656
95658
95658
95659
95660
95662
95663
95663
95665
95665
95666
95666
95667
95669
95669
95673
95674
95678
95678
95678
95679
95680
95680
95682
95684
95685
95685
95686
95687
95687
95688
95689
95689
95692
95692
95695
95695
95697
95697
95698
95698
95707
95707
95708
95709
95711
95713
95715
95717
95719
95720
95723
95723
95724
95725
95725
95726
95728
95729
95731
95733
95734
95734
95735
95738
95739
95740
95742
95743
95743
95743
95744
95745
95746
95748
95749
95750
95750
95752
95756
95759
95761
95762
95764
95765
95766
95767
95768
95768
95770
95770
95771
95771
95772
95773
95774
95774
95776
95777
95780
95781
95784
95787
95789
95791
95791
95794
95795
95798
95799
95800
95803
95803
95805
95807
95810
95811
95812
95813
95813
95814
95815
95815
95817
95818
95820
95820
95825
95826
95826
95826
95828
95828
95829
95830
95831
95833
95833
95836
95837
95838
95838
95840
95840
95841
95841
95842
95845
95845
95848
95848
95851
95852
95853
95854
95855
95855
95858
95858
95858
95863
95863
95869
95869
95870
95874
95877
95877
95877
95880
95880
95881
95881
95881
95882
95883
95885
95886
95887
95890
95891
95891
95894
95894
95897
95898
95908
95910
95911
95911
95915
95915
95916
95918
95919
95925
95926
95926
95928
95930
95930
95933
95934
95935
95936
95936
95937
95939
95939
95940
95941
95941
95943
95943
95944
95947
95947
95948
95954
95956
95956
95957
95958
95959
95962
95964
95964
95968
95968
95969
95971
95973
95975
95977
95978
95979
95981
95986
95986
95988
95990
95991
95992
95992
95992
95994
95994
95995
95996
95996
95997
95997
95998
95998
95998
95999
96000
96002
96002
96005
96005
96006
96009
96011
96013
96015
96015
96016
96016
96016
96018
96019
96020
96021
96027
96028
96028
96028
96028
96029
96034
96035
96035
96035
96036
96037
96038
96038
96040
96049
96052
96052
96053
96053
96053
96054
96058
96062
96063
96063
96063
96063
96065
96066
96068
96072
96073
96073
96074
96075
96076
96077
96077
96077
96078
96080
96082
96083
96083
96085
96085
96087
96087
96088
96089
96090
96090
96091
96092
96093
96093
96093
96093
96095
96098
96098
96098
96099
96100
96100
96100
96101
96104
96105
96105
96105
96105
96114
96117
96118
96119
96120
96122
96125
96126
96128
96130
96130
96132
96132
96136
96136
96136
96137
96140
96140
96143
96144
96147
96147
96153
96154
96158
96161
96162
96163
96164
96175
96176
96176
96177
96179
96182
96183
96184
96185
96190
96190
96191
96194
96194
96195
96199
96199
96200
96203
96204
96204
96204
96206
96207
96208
96209
96210
96212
96213
96215
96215
96215
96217
96222
96222
96222
96224
96224
96224
96224
96225
96225
96225
96227
96228
96228
96229
96229
96230
96230
96230
96231
96232
96234
96236
96237
96240
96242
96242
96244
96244
96244
96246
96249
96250
96250
96250
96252
96252
96254
96255
96255
96260
96262
96263
96263
96265
96266
96268
96268
96269
96269
96271
96273
96273
96277
96277
96279
96279
96280
96281
96281
96284
96286
96288
96289
96289
96290
96291
96291
96292
96292
96294
96294
96296
96296
96297
96299
96299
96301
96302
96304
96306
96308
96310
96311
96311
96313
96315
96319
96323
96324
96327
96328
96330
96334
96336
96339
96340
96342
96343
96346
96348
96348
96348
96349
96351
96352
96355
96355
96355
96356
96356
96357
96358
96358
96358
96360
96361
96361
96362
96362
96364
96366
96366
96374
96375
96375
96375
96376
96378
96379
96380
96380
96381
96383
96385
96387
96389
96390
96391
96392
96392
96393
96396
96398
96399
96400
96401
96401
96402
96402
96402
96403
96403
96403
96405
96407
96408
96408
96409
96410
96411
96411
96411
96412
96418
96419
96419
96420
96421
96423
96428
96429
96430
96430
96433
96433
96435
96435
96436
96436
96437
96439
96440
96442
96444
96444
96447
96450
96451
96454
96455
96456
96456
96456
96457
96457
96459
96459
96460
96460
96461
96462
96464
96466
96467
96467
96468
96470
96470
96472
96473
96473
96480
96480
96481
96484
96486
96488
96489
96490
96493
96494
96496
96499
96500
96501
96502
96502
96503
96504
96507
96507
96507
96509
96510
96510
96511
96513
96514
96515
96516
96516
96517
96519
96522
96523
96524
96524
96524
96524
96524
96526
96527
96528
96530
96531
96543
96545
96545
96547
96547
96550
96550
96550
96550
96551
96552
96553
96554
96555
96558
96559
96561
96561
96562
96562
96562
96564
96564
96565
96566
96569
96571
96572
96575
96576
96578
96578
96579
96579
96582
96587
96587
96590
96592
96593
96593
96595
96596
96597
96597
96599
96600
96601
96603
96603
96605
96607
96608
96608
96609
96609
96609
96612
96612
96613
96613
96613
96614
96614
96615
96615
96616
96619
96619
96619
96619
96620
96621
96624
96625
96627
96628
96628
96629
96629
96631
96631
96631
96631
96632
96632
96632
96633
96633
96635
96637
96639
96641
96641
96642
96644
96646
96647
96647
96647
96649
96650
96650
96651
96651
96652
96653
96654
96656
96657
96658
96658
96659
96660
96661
96665
96668
96671
96671
96677
96681
96683
96683
96685
96688
96689
96690
96690
96694
96697
96697
96698
96699
96699
96701
96701
96701
96702
96702
96703
96703
96703
96703
96706
96708
96712
96713
96715
96716
96720
96721
96721
96723
96723
96723
96726
96727
96728
96731
96732
96739
96744
96746
96749
96749
96750
96752
96752
96753
96755
96756
96757
96762
96766
96767
96768
96769
96769
96771
96771
96771
96773
96774
96774
96775
96780
96780
96781
96782
96782
96782
96783
96785
96785
96787
96787
96787
96788
96790
96793
96794
96794
96797
96798
96801
96803
96803
96805
96806
96807
96807
96808
96810
96811
96812
96813
96814
96814
96817
96820
96821
96825
96825
96826
96826
96828
96829
96830
96831
96834
96836
96837
96837
96838
96842
96843
96845
96845
96849
96850
96851
96852
96853
96854
96855
96855
96857
96858
96861
96862
96863
96865
96867
96869
96870
96871
96872
96873
96874
96874
96874
96875
96876
96877
96880
96880
96883
96883
96884
96888
96888
96889
96892
96893
96894
96894
96897
96900
96901
96902
96903
96905
96908
96919
96920
96920
96922
96924
96925
96927
96928
96930
96931
96931
96932
96933
96934
96939
96940
96943
96943
96943
96943
96944
96944
96946
96947
96947
96949
96955
96956
96957
96959
96964
96964
96965
96966
96967
96968
96969
96969
96971
96973
96975
96977
96978
96979
96980
96980
96981
96982
96982
96982
96983
96983
96986
96988
96989
96992
96994
96994
96998
96999
97000
97005
97006
97007
97007
97008
97010
97011
97013
97015
97018
97019
97020
97020
97024
97024
97027
97027
97029
97029
97033
97036
97038
97039
97039
97041
97042
97044
97045
97045
97048
97051
97051
97052
97052
97052
97055
97056
97057
97059
97061
97061
97062
97063
97069
97070
97071
97073
97073
97074
97076
97076
97076
97077
97079
97079
97082
97085
97088
97088
97088
97092
97092
97092
97093
97093
97094
97094
97095
97096
97099
97099
97100
97101
97101
97102
97105
97105
97106
97111
97115
97115
97115
97116
97116
97116
97118
97118
97119
97122
97122
97122
97123
97124
97125
97126
97127
97128
97129
97130
97131
97135
97136
97136
97136
97137
97138
97139
97139
97139
97144
97149
97149
97152
97152
97152
97153
97156
97157
97159
97159
97159
97161
97163
97163
97166
97168
97168
97171
97172
97172
97174
97175
97175
97176
97176
97176
97176
97176
97178
97178
97180
97183
97184
97190
97190
97191
97193
97193
97193
97193
97194
97196
97196
97199
97200
97206
97207
97208
97209
97210
97211
97212
97213
97214
97215
97218
97220
97224
97229
97229
97229
97229
97230
97231
97232
97232
97233
97233
97235
97240
97240
97242
97243
97244
97246
97249
97254
97254
97256
97257
97258
97259
97259
97259
97260
97261
97264
97272
97274
97274
97276
97277
97279
97280
97280
97282
97282
97283
97286
97290
97290
97292
97293
97294
97297
97302
97306
97306
97307
97309
97309
97310
97312
97312
97314
97316
97317
97318
97319
97319
97319
97320
97320
97324
97325
97326
97327
97328
97328
97331
97335
97340
97341
97342
97345
97346
97347
97349
97351
97353
97355
97358
97358
97362
97363
97368
97371
97372
97372
97372
97374
97375
97380
97382
97383
97383
97383
97383
97384
97386
97386
97387
97391
97392
97393
97394
97395
97397
97397
97397
97398
97399
97399
97403
97403
97403
97410
97411
97412
97413
97414
97415
97416
97416
97417
97418
97423
97425
97430
97431
97432
97433
97436
97439
97441
97442
97443
97443
97443
97445
97447
97448
97449
97451
97451
97454
97454
97454
97456
97456
97457
97458
97458
97461
97463
97465
97465
97468
97471
97473
97477
97478
97478
97480
97480
97482
97483
97485
97487
97490
97491
97491
97492
97494
97495
97495
97495
97497
97498
97498
97499
97499
97502
97502
97504
97505
97506
97507
97508
97508
97509
97510
97510
97512
97512
97512
97514
97515
97517
97521
97521
97523
97528
97528
97530
97532
97534
97534
97534
97535
97536
97537
97540
97540
97541
97543
97547
97547
97548
97548
97548
97549
97549
97550
97551
97551
97551
97552
97555
97556
97560
97562
97566
97566
97568
97569
97570
97572
97573
97577
97579
97581
97582
97583
97585
97585
97586
97586
97587
97587
97588
97589
97590
97592
97594
97594
97595
97599
97600
97600
97601
97603
97603
97604
97607
97608
97610
97610
97612
97613
97614
97615
97616
97616
97617
97618
97619
97619
97621
97623
97627
97628
97629
97630
97631
97632
97634
97635
97636
97636
97636
97637
97637
97641
97643
97647
97648
97650
97650
97650
97651
97653
97654
97656
97656
97656
97657
97659
97659
97660
97662
97664
97670
97670
97671
97672
97674
97676
97677
97679
97687
97689
97690
97692
97692
97692
97694
97695
97697
97698
97699
97699
97700
97701
97701
97702
97702
97705
97705
97706
97709
97713
97713
97715
97715
97715
97716
97716
97717
97718
97719
97721
97721
97722
97724
97724
97727
97730
97730
97731
97731
97731
97731
97732
97733
97738
97741
97742
97742
97745
97745
97745
97746
97746
97746
97747
97749
97750
97752
97753
97753
97756
97756
97757
97757
97757
97761
97761
97762
97763
97763
97763
97764
97765
97765
97766
97767
97768
97769
97770
97771
97772
97772
97773
97775
97775
97778
97780
97781
97782
97784
97784
97785
97785
97787
97790
97790
97792
97796
97798
97799
97799
97801
97801
97803
97803
97804
97807
97810
97810
97812
97816
97816
97817
97820
97820
97821
97824
97825
97827
97827
97830
97832
97833
97834
97834
97834
97836
97837
97838
97838
97841
97842
97842
97844
97845
97845
97845
97848
97849
97850
97850
97850
97850
97851
97852
97852
97853
97855
97856
97857
97857
97857
97859
97860
97862
97864
97864
97865
97865
97865
97866
97867
97867
97870
97871
97872
97872
97872
97873
97873
97875
97876
97876
97877
97878
97879
97880
97880
97882
97884
97888
97888
97888
97890
97891
97894
97896
97898
97898
97899
97899
97900
97905
97907
97909
97915
97915
97915
97916
97917
97919
97920
97921
97921
97924
97924
97927
97927
97928
97928
97929
97929
97930
97930
97930
97931
97931
97931
97932
97933
97935
97936
97938
97940
97940
97940
97942
97942
97948
97950
97951
97952
97953
97953
97959
97962
97962
97965
97968
97969
97970
97971
97973
97974
97975
97976
97976
97976
97978
97981
97981
97981
97983
97985
97986
97986
97986
97990
97990
97990
97991
97991
97992
97992
97993
97993
97993
97995
97997
97997
98001
98001
98004
98004
98004
98006
98007
98007
98007
98009
98009
98011
98014
98015
98017
98017
98021
98022
98023
98023
98025
98025
98027
98029
98031
98033
98034
98035
98035
98036
98037
98037
98041
98042
98042
98043
98043
98043
98043
98044
98048
98050
98051
98052
98052
98053
98058
98058
98060
98060
98061
98062
98063
98063
98063
98064
98064
98066
98067
98068
98070
98071
98072
98075
98075
98076
98079
98081
98082
98082
98087
98088
98091
98094
98094
98095
98097
98097
98097
98098
98098
98102
98102
98103
98103
98104
98105
98105
98107
98108
98109
98111
98112
98113
98114
98115
98116
98116
98117
98118
98121
98121
98122
98122
98122
98123
98124
98124
98125
98128
98129
98132
98137
98138
98141
98142
98143
98144
98145
98147
98148
98148
98148
98150
98150
98150
98156
98156
98158
98159
98159
98161
98161
98161
98165
98166
98167
98168
98169
98170
98171
98174
98175
98177
98177
98178
98180
98181
98182
98183
98183
98183
98185
98185
98186
98188
98191
98191
98196
98197
98198
98198
98202
98203
98205
98205
98211
98217
98217
98218
98218
98219
98220
98220
98220
98220
98221
98221
98221
98221
98222
98224
98225
98228
98228
98229
98230
98230
98231
98231
98234
98235
98236
98236
98236
98236
98239
98239
98241
98241
98243
98246
98250
98253
98253
98256
98258
98258
98259
98260
98262
98262
98264
98264
98271
98273
98275
98275
98276
98277
98277
98279
98280
98281
98284
98285
98285
98286
98290
98291
98291
98291
98291
98293
98296
98298
98298
98301
98302
98302
98303
98304
98306
98306
98306
98306
98306
98308
98311
98312
98312
98313
98314
98317
98321
98322
98322
98325
98327
98327
98328
98330
98332
98333
98334
98335
98335
98337
98338
98339
98339
98340
98340
98342
98342
98342
98343
98344
98344
98345
98347
98348
98348
98352
98353
98357
98357
98358
98358
98360
98362
98362
98363
98363
98364
98367
98367
98368
98370
98370
98372
98375
98377
98377
98381
98381
98382
98384
98387
98388
98390
98390
98391
98391
98392
98393
98394
98394
98394
98396
98397
98397
98398
98399
98400
98401
98401
98401
98402
98403
98404
98406
98406
98406
98407
98409
98410
98411
98413
98414
98415
98416
98416
98418
98419
98419
98421
98422
98423
98424
98424
98427
98428
98429
98430
98431
98434
98436
98436
98437
98438
98441
98441
98445
98447
98449
98449
98449
98449
98450
98451
98453
98453
98458
98458
98459
98460
98464
98464
98465
98469
98471
98472
98472
98473
98473
98474
98475
98476
98480
98481
98485
98489
98492
98492
98495
98500
98501
98501
98503
98503
98504
98507
98508
98508
98509
98509
98510
98511
98511
98512
98516
98517
98517
98518
98519
98523
98524
98530
98531
98531
98533
98533
98533
98533
98536
98537
98537
98537
98537
98539
98540
98541
98541
98542
98543
98543
98547
98547
98547
98547
98548
98548
98549
98555
98556
98557
98557
98559
98561
98563
98564
98566
98566
98567
98569
98571
98573
98574
98576
98576
98577
98578
98580
98581
98586
98586
98587
98588
98589
98592
98593
98595
98599
98602
98605
98606
98607
98608
98609
98609
98610
98611
98614
98616
98618
98618
98619
98621
98622
98622
98622
98624
98624
98625
98625
98634
98635
98639
98641
98641
98645
98646
98647
98651
98651
98652
98655
98656
98657
98657
98662
98663
98664
98672
98672
98672
98673
98676
98679
98679
98682
98683
98684
98688
98688
98688
98689
98690
98690
98690
98692
98692
98694
98694
98696
98698
98698
98699
98700
98700
98701
98702
98703
98704
98704
98705
98707
98707
98707
98708
98712
98712
98713
98713
98721
98723
98728
98728
98731
98731
98732
98734
98735
98735
98738
98740
98741
98743
98743
98743
98744
98744
98745
98745
98747
98748
98748
98756
98756
98759
98760
98760
98765
98768
98769
98771
98771
98772
98773
98779
98780
98780
98780
98781
98782
98783
98784
98784
98785
98786
98788
98789
98791
98791
98795
98803
98806
98806
98807
98809
98810
98812
98816
98818
98819
98822
98823
98823
98823
98823
98826
98827
98828
98829
98831
98833
98834
98834
98834
98838
98838
98839
98841
98846
98847
98847
98848
98848
98849
98849
98852
98853
98855
98857
98859
98861
98861
98863
98864
98866
98866
98866
98866
98870
98871
98871
98879
98880
98883
98884
98884
98885
98885
98890
98892
98894
98900
98902
98905
98911
98911
98913
98913
98913
98915
98917
98919
98920
98920
98921
98923
98923
98923
98923
98923
98924
98925
98925
98927
98930
98933
98933
98938
98941
98947
98950
98951
98953
98956
98957
98957
98958
98959
98961
98965
98967
98967
98968
98969
98970
98972
98972
98974
98974
98975
98976
98980
98983
98984
98985
98988
98988
98989
98990
98991
98991
98992
98994
98994
98996
98997
98998
98998
98999
99000
99006
99006
99008
99012
99013
99017
99017
99019
99023
99023
99024
99026
99027
99031
99032
99034
99037
99037
99039
99039
99039
99039
99040
99043
99047
99050
99052
99054
99055
99056
99057
99066
99068
99068
99073
99075
99078
99079
99080
99080
99080
99085
99087
99092
99096
99099
99100
99101
99102
99106
99107
99107
99109
99113
99116
99118
99122
99124
99125
99129
99129
99130
99132
99132
99134
99139
99140
99141
99142
99143
99145
99145
99145
99148
99149
99151
99152
99152
99155
99156
99157
99158
99158
99158
99161
99161
99164
99165
99170
99171
99172
99174
99174
99176
99176
99177
99180
99180
99181
99182
99182
99184
99185
99188
99188
99188
99193
99195
99195
99196
99197
99197
99198
99198
99200
99200
99201
99201
99202
99202
99203
99205
99207
99207
99209
99209
99210
99216
99216
99217
99218
99219
99220
99220
99221
99222
99223
99228
99232
99233
99236
99237
99237
99239
99241
99243
99244
99246
99246
99249
99250
99251
99254
99255
99258
99258
99263
99263
99264
99267
99268
99268
99269
99270
99271
99273
99274
99275
99276
99279
99280
99281
99282
99283
99283
99286
99292
99292
99295
99298
99299
99301
99304
99305
99306
99307
99308
99308
99310
99312
99312
99313
99313
99316
99317
99317
99319
99323
99323
99325
99328
99329
99330
99331
99336
99339
99340
99341
99341
99342
99344
99347
99348
99349
99350
99353
99353
99355
99359
99362
99364
99364
99365
99365
99366
99367
99368
99370
99370
99371
99372
99372
99374
99375
99375
99376
99376
99377
99379
99379
99380
99383
99385
99386
99388
99390
99391
99391
99392
99393
99394
99395
99396
99399
99400
99400
99401
99403
99404
99405
99406
99407
99408
99409
99412
99412
99414
99415
99415
99416
99416
99416
99419
99419
99422
99423
99423
99425
99425
99426
99429
99430
99431
99432
99432
99435
99438
99439
99440
99441
99444
99446
99446
99447
99448
99448
99448
99448
99449
99450
99450
99451
99453
99455
99455
99456
99456
99456
99458
99459
99461
99462
99463
99465
99468
99469
99470
99471
99471
99474
99474
99476
99480
99481
99481
99485
99491
99491
99491
99492
99493
99494
99494
99495
99495
99496
99496
99496
99497
99497
99497
99498
99501
99503
99503
99504
99507
99510
99511
99512
99517
99517
99520
99520
99523
99524
99526
99528
99529
99530
99530
99532
99532
99533
99533
99534
99534
99536
99538
99538
99538
99540
99547
99548
99548
99551
99553
99554
99554
99556
99556
99558
99560
99561
99563
99567
99567
99568
99569
99571
99571
99571
99571
99575
99575
99577
99578
99579
99579
99580
99581
99581
99582
99585
99585
99589
99592
99593
99595
99595
99595
99597
99597
99599
99600
99604
99606
99609
99610
99610
99611
99617
99617
99620
99622
99622
99622
99626
99628
99628
99629
99629
99629
99630
99631
99631
99637
99640
99643
99643
99643
99644
99646
99648
99648
99651
99653
99654
99656
99659
99659
99660
99663
99663
99666
99666
99667
99668
99668
99668
99672
99674
99675
99676
99676
99679
99679
99679
99680
99681
99683
99687
99691
99692
99693
99693
99693
99694
99694
99696
99701
99702
99703
99703
99705
99705
99710
99711
99712
99712
99715
99717
99718
99720
99720
99723
99725
99725
99727
99727
99728
99730
99732
99732
99734
99735
99736
99738
99738
99739
99740
99742
99743
99749
99750
99753
99754
99755
99758
99759
99759
99760
99761
99761
99762
99762
99764
99766
99767
99769
99771
99771
99772
99773
99773
99774
99776
99779
99779
99779
99780
99781
99784
99786
99786
99786
99786
99792
99792
99793
99794
99795
99801
99801
99802
99805
99805
99808
99809
99809
99810
99818
99819
99821
99821
99822
99822
99822
99823
99823
99825
99827
99827
99827
99829
99830
99830
99833
99834
99837
99838
99839
99839
99839
99840
99840
99841
99842
99843
99844
99845
99847
99848
99852
99854
99854
99856
99858
99859
99863
99864
99864
99865
99871
99871
99872
99875
99876
99876
99877
99877
99878
99879
99881
99881
99882
99889
99891
99893
99895
99895
99897
99898
99898
99901
99902
99903
99909
99910
99911
99913
99913
99915
99916
99920
99922
99924
99927
99927
99928
99928
99928
99928
99928
99929
99930
99931
99935
99936
99939
99940
99940
99945
99947
99947
99949
99949
99951
99960
99965
99965
99968
99969
99971
99973
99973
99974
99975
99976
99977
99978
99978
99978
99980
99982
99987
99988
99989
99991
99991
99991
99993
99993
99997
99997
99997
99998
99998
99999
3
99985
99985
99987
99988
99988
99990
99990
99990
99991
99992
99993
99994
99997
99999
99999
6
99998
