0
1
6
8
9
11
11
11
13
15
15
16
17
17
18
19
19
19
21
23
25
27
27
29
30
31
32
32
34
35
35
35
35
37
37
38
39
40
41
42
44
44
45
45
47
49
49
49
49
49
51
52
55
55
60
62
65
66
66
67
68
68
70
70
71
73
74
76
77
78
79
80
81
82
85
91
91
93
94
94
95
95
96
98
99
101
102
102
102
102
105
105
105
109
110
112
113
114
114
115
115
116
116
121
121
123
124
124
124
124
126
126
130
131
132
133
134
136
137
137
137
138
138
140
140
141
142
142
146
146
151
152
153
153
154
155
155
157
160
160
162
163
167
168
170
171
173
174
175
177
183
185
187
188
189
189
192
196
197
198
198
200
204
207
207
212
213
214
216
217
221
222
223
225
225
225
226
229
230
231
232
232
232
233
234
235
235
237
237
238
240
241
242
244
246
246
247
248
248
252
253
254
255
255
255
256
257
258
260
261
262
262
262
265
266
268
268
269
270
273
277
278
278
279
280
280
281
281
282
282
283
284
284
286
288
291
292
293
293
295
296
297
299
299
300
302
303
304
305
309
309
309
310
311
314
319
319
320
326
329
330
330
333
334
340
340
340
341
344
345
350
351
351
352
354
356
358
358
358
359
362
363
364
367
367
369
371
371
372
372
374
376
377
377
378
378
379
379
380
380
381
382
383
383
386
386
386
387
387
389
390
394
396
396
397
397
398
398
403
404
404
406
407
408
408
409
409
410
410
411
412
414
417
418
421
422
423
423
423
423
425
426
426
429
429
429
431
431
432
432
433
433
434
440
440
440
441
441
443
443
444
447
448
450
451
451
452
457
458
458
458
460
460
462
463
464
465
465
466
466
468
471
472
473
477
478
479
481
482
483
485
487
487
489
490
497
500
501
502
502
503
504
507
507
509
510
513
515
515
515
515
515
516
520
520
524
524
526
526
528
531
532
532
534
534
534
535
539
540
542
542
546
547
549
552
556
558
562
563
564
565
565
565
565
566
567
569
571
572
572
574
577
581
584
585
587
587
587
588
588
589
591
591
592
599
600
601
602
602
603
607
608
608
612
614
616
616
617
617
619
620
621
623
625
626
627
628
629
630
630
631
632
632
638
640
641
642
643
643
644
645
652
652
652
652
653
653
655
655
657
657
658
659
662
663
664
665
666
668
669
671
675
675
675
676
679
679
679
679
680
680
680
681
681
684
687
687
687
687
687
688
689
689
689
692
692
694
695
696
697
697
698
699
700
701
701
706
706
707
708
708
709
710
710
711
712
713
715
716
716
716
720
721
722
723
724
726
726
730
730
732
734
735
736
737
738
738
739
741
742
742
742
742
743
744
745
748
748
749
750
751
752
752
755
755
757
757
759
762
763
763
763
764
764
764
765
767
769
771
771
776
776
778
779
779
780
782
783
786
786
787
788
788
789
789
791
792
792
795
797
797
798
801
802
804
805
805
806
807
809
809
811
813
817
819
820
822
823
823
824
826
829
829
830
832
835
835
835
835
837
838
844
844
846
846
848
849
851
853
854
856
858
862
866
866
871
872
873
874
875
878
878
879
881
882
883
886
887
889
891
891
894
894
895
900
901
906
910
910
914
915
916
916
917
918
918
919
923
924
924
926
928
930
931
932
932
933
934
936
937
937
937
938
940
944
945
945
947
947
947
948
949
950
950
952
952
958
959
961
961
963
963
965
966
966
966
967
968
974
974
974
975
976
976
977
979
979
980
980
982
984
987
988
988
989
990
993
993
994
994
995
995
995
995
997
998
999
1001
1006
1006
1006
1007
1010
1010
1012
1016
1020
1021
1021
1021
1024
1024
1025
1026
1027
1029
1030
1032
1033
1035
1040
1040
1044
1048
1048
1050
1051
1055
1055
1056
1056
1058
1058
1058
1059
1061
1062
1063
1063
1064
1064
1066
1066
1066
1067
1068
1068
1070
1071
1072
1076
1077
1078
1081
1083
1084
1085
1085
1086
1088
1089
1090
1090
1092
1093
1093
1095
1096
1098
1101
1106
1107
1108
1110
1111
1113
1115
1115
1116
1119
1119
1120
1122
1123
1130
1130
1132
1136
1138
1139
1140
1140
1141
1144
1144
1146
1147
1149
1149
1149
1149
1152
1153
1153
1158
1160
1161
1161
1162
1163
1164
1166
1168
1169
1169
1171
1173
1173
1175
1176
1176
1178
1179
1180
1181
1184
1187
1188
1188
1188
1190
1191
1193
1196
1197
1198
1200
1203
1203
1206
1206
1207
1209
1210
1212
1215
1216
1217
1220
1221
1222
1223
1223
1224
1224
1225
1226
1226
1227
1229
1233
1234
1235
1235
1237
1241
1242
1242
1245
1246
1251
1252
1253
1253
1254
1254
1259
1261
1261
1266
1268
1269
1275
1276
1277
1278
1280
1285
1286
1287
1289
1293
1294
1294
1294
1295
1297
1297
1297
1298
1299
1299
1302
1303
1304
1305
1307
1308
1309
1312
1313
1313
1314
1314
1316
1316
1317
1318
1319
1319
1320
1321
1324
1325
1325
1326
1328
1330
1334
1341
1346
1346
1351
1353
1353
1353
1354
1356
1357
1358
1360
1361
1363
1365
1366
1366
1367
1367
1367
1368
1370
1371
1372
1373
1375
1377
1381
1381
1382
1382
1383
1383
1385
1387
1390
1390
1390
1392
1395
1396
1398
1398
1401
1402
1402
1402
1405
1405
1408
1409
1410
1410
1411
1418
1420
1421
1422
1425
1427
1427
1429
1433
1434
1435
1436
1437
1438
1439
1439
1439
1443
1445
1445
1446
1447
1448
1454
1454
1458
1459
1460
1461
1462
1464
1465
1468
1468
1470
1471
1472
1472
1472
1473
1474
1476
1476
1476
1477
1478
1480
1481
1481
1482
1483
1485
1485
1486
1489
1490
1493
1493
1494
1495
1495
1498
1503
1504
1504
1505
1507
1508
1510
1511
1516
1517
1518
1518
1519
1519
1520
1520
1528
1528
1529
1530
1533
1534
1536
1539
1539
1541
1542
1544
1544
1545
1548
1550
1552
1553
1554
1554
1555
1556
1557
1560
1561
1561
1563
1563
1564
1565
1567
1569
1570
1573
1574
1575
1576
1581
1583
1587
1588
1588
1590
1590
1590
1593
1593
1593
1594
1595
1596
1597
1600
1602
1603
1610
1611
1617
1618
1620
1620
1621
1621
1624
1625
1625
1625
1626
1626
1626
1628
1630
1630
1630
1631
1634
1635
1637
1637
1637
1639
1639
1640
1641
1641
1641
1644
1646
1647
1648
1651
1653
1653
1653
1653
1657
1660
1662
1662
1663
1663
1665
1666
1669
1671
1674
1674
1675
1677
1681
1684
1684
1686
1686
1689
1692
1693
1696
1696
1697
1698
1698
1698
1699
1701
1702
1703
1704
1704
1705
1706
1706
1706
1710
1710
1712
1715
1715
1715
1715
1716
1716
1717
1721
1722
1724
1724
1726
1726
1727
1729
1730
1730
1735
1737
1738
1738
1738
1740
1740
1743
1743
1744
1745
1746
1747
1747
1747
1749
1755
1757
1757
1758
1758
1759
1764
1765
1766
1767
1768
1768
1768
1770
1770
1775
1776
1776
1776
1777
1780
1781
1782
1786
1786
1789
1791
1792
1794
1794
1797
1799
1799
1800
1801
1802
1803
1803
1804
1804
1806
1807
1808
1808
1809
1811
1814
1814
1815
1816
1817
1817
1817
1818
1818
1819
1823
1824
1828
1828
1828
1829
1831
1831
1831
1833
1834
1835
1836
1836
1836
1837
1837
1840
1840
1840
1841
1841
1842
1845
1846
1851
1851
1853
1859
1860
1862
1864
1865
1867
1870
1870
1871
1871
1871
1872
1873
1874
1878
1882
1883
1887
1888
1888
1891
1892
1892
1892
1894
1897
1898
1902
1904
1906
1906
1908
1909
1911
1912
1916
1916
1917
1919
1920
1921
1922
1924
1925
1925
1926
1927
1929
1930
1932
1934
1934
1936
1937
1940
1941
1943
1943
1945
1946
1946
1946
1950
1953
1954
1954
1954
1956
1957
1961
1962
1963
1964
1968
1969
1971
1971
1973
1974
1976
1978
1979
1980
1983
1985
1985
1988
1988
1990
1990
1991
1992
1992
1993
1994
1995
1997
1998
2000
2000
2000
2001
2001
2004
2005
2006
2009
2010
2014
2015
2015
2018
2020
2021
2023
2025
2026
2027
2029
2030
2032
2033
2034
2035
2035
2035
2036
2036
2038
2038
2040
2040
2040
2042
2043
2044
2044
2045
2045
2045
2048
2049
2049
2051
2051
2053
2054
2058
2062
2064
2066
2066
2067
2067
2070
2073
2074
2074
2075
2075
2079
2080
2090
2091
2091
2094
2094
2095
2096
2099
2099
2100
2102
2106
2106
2111
2111
2112
2114
2115
2117
2119
2119
2120
2123
2124
2125
2125
2125
2126
2130
2130
2131
2131
2135
2135
2135
2135
2136
2136
2138
2140
2142
2142
2143
2143
2143
2143
2144
2145
2147
2149
2150
2151
2152
2152
2154
2156
2159
2161
2161
2162
2162
2163
2165
2165
2165
2167
2167
2169
2171
2171
2172
2173
2176
2181
2182
2183
2184
2186
2187
2188
2191
2193
2193
2193
2194
2194
2195
2195
2196
2196
2196
2200
2201
2203
2205
2205
2205
2207
2213
2214
2214
2217
2218
2218
2218
2220
2222
2227
2227
2229
2236
2236
2237
2237
2241
2242
2243
2245
2246
2246
2246
2246
2246
2248
2249
2251
2251
2251
2252
2252
2252
2256
2257
2258
2259
2260
2261
2266
2266
2268
2271
2272
2274
2274
2274
2277
2278
2278
2278
2279
2280
2280
2281
2283
2284
2288
2289
2290
2290
2293
2296
2298
2305
2308
2309
2309
2314
2316
2318
2318
2319
2320
2321
2328
2329
2332
2332
2335
2338
2339
2339
2342
2343
2343
2344
2346
2346
2347
2351
2351
2353
2353
2354
2355
2358
2360
2360
2361
2364
2366
2368
2369
2370
2372
2373
2373
2374
2374
2378
2378
2378
2378
2382
2383
2384
2385
2387
2387
2389
2392
2392
2396
2400
2402
2403
2404
2405
2405
2409
2410
2411
2411
2414
2415
2415
2418
2419
2420
2421
2421
2423
2424
2425
2427
2427
2427
2429
2429
2430
2433
2434
2435
2437
2439
2440
2444
2447
2447
2448
2452
2454
2454
2454
2457
2457
2461
2462
2466
2466
2467
2468
2469
2469
2471
2471
2472
2474
2476
2480
2481
2483
2485
2487
2487
2488
2489
2490
2493
2494
2494
2501
2501
2503
2504
2506
2506
2507
2508
2508
2511
2515
2515
2517
2518
2523
2525
2526
2527
2528
2528
2528
2529
2531
2532
2535
2536
2536
2538
2538
2539
2539
2540
2541
2543
2543
2543
2543
2544
2546
2548
2552
2553
2553
2554
2555
2556
2558
2562
2563
2563
2563
2564
2564
2564
2570
2571
2576
2576
2576
2577
2577
2581
2581
2582
2584
2585
2586
2586
2587
2588
2590
2592
2592
2595
2596
2598
2598
2601
2601
2604
2604
2608
2610
2610
2612
2617
2619
2619
2619
2620
2621
2625
2626
2628
2628
2630
2632
2632
2635
2636
2636
2638
2638
2638
2638
2639
2640
2640
2643
2643
2650
2656
2658
2659
2661
2662
2662
2664
2667
2668
2669
2671
2672
2675
2678
2679
2679
2680
2681
2684
2686
2686
2689
2690
2690
2692
2692
2694
2694
2695
2696
2696
2696
2698
2700
2703
2704
2704
2704
2704
2705
2706
2706
2707
2708
2708
2709
2711
2713
2714
2717
2718
2720
2722
2724
2727
2730
2730
2731
2735
2735
2736
2740
2742
2746
2747
2749
2749
2749
2750
2750
2753
2758
2764
2767
2768
2770
2770
2771
2771
2773
2775
2776
2777
2778
2778
2779
2780
2780
2780
2780
2781
2781
2781
2784
2785
2787
2787
2789
2791
2793
2794
2795
2797
2800
2800
2802
2805
2807
2808
2809
2811
2812
2812
2813
2813
2816
2817
2818
2818
2820
2822
2823
2825
2825
2826
2827
2827
2827
2828
2830
2830
2831
2831
2833
2834
2834
2838
2838
2842
2842
2846
2848
2849
2849
2850
2850
2851
2851
2854
2859
2860
2860
2860
2863
2864
2865
2866
2867
2868
2869
2869
2870
2873
2873
2873
2874
2874
2875
2879
2879
2881
2881
2883
2883
2883
2884
2884
2886
2886
2888
2888
2889
2889
2891
2894
2896
2898
2898
2900
2900
2901
2901
2903
2905
2905
2906
2910
2911
2912
2913
2914
2915
2919
2920
2921
2924
2925
2926
2928
2931
2933
2936
2939
2939
2941
2941
2941
2942
2942
2942
2943
2945
2946
2947
2947
2948
2950
2950
2950
2951
2952
2958
2958
2961
2961
2966
2967
2967
2970
2970
2971
2972
2974
2976
2977
2978
2980
2980
2981
2982
2983
2985
2985
2986
2986
2992
2996
2996
2998
3001
3005
3006
3007
3010
3010
3011
3013
3013
3013
3014
3014
3014
3014
3015
3016
3017
3018
3018
3018
3018
3019
3019
3019
3020
3020
3021
3021
3023
3025
3028
3028
3028
3033
3034
3034
3035
3036
3037
3040
3041
3043
3046
3046
3046
3046
3048
3050
3052
3052
3053
3054
3056
3058
3058
3059
3060
3062
3063
3064
3064
3065
3066
3067
3068
3068
3069
3070
3070
3072
3073
3075
3076
3079
3079
3080
3081
3083
3084
3085
3086
3086
3087
3087
3088
3088
3088
3088
3089
3089
3089
3090
3090
3093
3093
3095
3096
3098
3098
3099
3100
3102
3105
3106
3106
3107
3109
3110
3111
3112
3113
3113
3115
3116
3116
3118
3119
3122
3122
3123
3123
3126
3126
3127
3128
3130
3132
3134
3135
3135
3135
3136
3137
3138
3139
3139
3140
3141
3143
3144
3145
3146
3147
3149
3151
3154
3155
3156
3156
3158
3159
3162
3166
3168
3168
3170
3171
3172
3173
3173
3173
3175
3176
3178
3180
3180
3182
3189
3190
3190
3190
3193
3193
3195
3195
3197
3202
3204
3204
3206
3208
3211
3212
3217
3219
3219
3219
3220
3221
3222
3223
3224
3225
3227
3233
3234
3235
3235
3237
3237
3240
3240
3241
3241
3241
3244
3244
3244
3244
3245
3246
3247
3249
3249
3250
3251
3252
3252
3252
3253
3254
3254
3254
3254
3254
3256
3256
3256
3257
3259
3260
3262
3263
3264
3267
3267
3268
3268
3274
3274
3275
3275
3276
3277
3282
3282
3283
3283
3284
3285
3287
3289
3292
3293
3293
3295
3295
3300
3303
3304
3304
3306
3307
3311
3312
3313
3315
3316
3319
3319
3324
3326
3331
3332
3332
3332
3334
3334
3336
3337
3337
3341
3342
3343
3344
3347
3347
3348
3350
3350
3350
3355
3356
3356
3357
3357
3358
3361
3362
3362
3365
3368
3368
3369
3369
3370
3371
3372
3372
3375
3380
3380
3381
3381
3382
3383
3384
3384
3384
3386
3387
3389
3390
3390
3391
3391
3392
3398
3402
3403
3404
3404
3405
3409
3409
3409
3411
3411
3413
3415
3416
3418
3418
3421
3422
3423
3423
3427
3428
3430
3431
3431
3434
3435
3435
3436
3436
3436
3438
3438
3439
3439
3440
3440
3441
3442
3442
3442
3445
3445
3446
3448
3449
3457
3458
3459
3460
3462
3462
3462
3465
3465
3466
3466
3467
3468
3469
3471
3471
3473
3473
3474
3475
3477
3477
3481
3481
3482
3482
3483
3484
3484
3485
3486
3494
3494
3497
3498
3498
3499
3501
3502
3502
3504
3509
3510
3511
3513
3513
3514
3515
3517
3518
3519
3521
3522
3522
3524
3526
3528
3528
3530
3534
3534
3535
3539
3540
3540
3544
3545
3546
3547
3550
3554
3555
3555
3556
3558
3560
3561
3562
3564
3565
3565
3566
3568
3571
3571
3575
3575
3576
3578
3579
3579
3579
3579
3581
3582
3585
3586
3586
3587
3587
3587
3589
3589
3589
3591
3591
3591
3591
3592
3595
3596
3598
3600
3603
3606
3609
3609
3610
3613
3616
3618
3618
3618
3618
3621
3622
3622
3623
3623
3625
3625
3625
3628
3628
3637
3640
3640
3642
3644
3644
3646
3647
3647
3648
3648
3648
3650
3650
3650
3650
3655
3656
3657
3658
3659
3660
3663
3670
3671
3675
3675
3676
3676
3676
3680
3681
3682
3684
3684
3684
3684
3685
3686
3688
3689
3692
3693
3694
3699
3700
3701
3702
3703
3704
3704
3704
3707
3708
3708
3712
3715
3716
3716
3716
3716
3718
3718
3719
3719
3723
3728
3728
3729
3729
3732
3732
3732
3734
3734
3737
3740
3741
3742
3743
3745
3748
3749
3749
3752
3752
3752
3753
3755
3756
3758
3761
3761
3762
3764
3764
3765
3766
3767
3768
3768
3770
3770
3770
3772
3773
3773
3773
3773
3776
3776
3779
3781
3781
3781
3784
3789
3790
3791
3793
3794
3794
3798
3798
3800
3802
3807
3808
3811
3815
3818
3820
3820
3821
3822
3822
3823
3823
3824
3824
3825
3826
3827
3828
3828
3831
3833
3835
3839
3839
3840
3843
3843
3844
3847
3848
3849
3850
3852
3852
3852
3855
3856
3856
3856
3859
3861
3862
3862
3864
3865
3865
3868
3868
3870
3871
3874
3874
3875
3875
3875
3878
3879
3879
3880
3882
3883
3883
3884
3885
3887
3887
3889
3890
3892
3892
3892
3898
3903
3903
3904
3905
3906
3907
3908
3909
3910
3913
3918
3919
3921
3922
3923
3924
3925
3925
3925
3927
3931
3934
3934
3937
3941
3942
3943
3944
3944
3945
3947
3947
3949
3954
3954
3956
3957
3957
3959
3962
3963
3963
3963
3965
3965
3965
3966
3967
3970
3971
3972
3973
3975
3978
3984
3984
3985
3995
3995
3995
3995
3998
4001
4001
4006
4007
4007
4009
4010
4014
4015
4016
4017
4018
4018
4019
4019
4020
4020
4021
4021
4022
4024
4026
4026
4031
4031
4031
4033
4034
4040
4041
4042
4043
4043
4044
4044
4045
4048
4053
4055
4056
4056
4057
4057
4058
4059
4059
4061
4061
4062
4065
4066
4068
4068
4068
4070
4070
4073
4073
4075
4077
4079
4081
4083
4083
4084
4085
4085
4086
4091
4098
4098
4099
4101
4104
4105
4108
4112
4114
4115
4116
4119
4120
4124
4125
4127
4130
4131
4132
4134
4138
4140
4141
4143
4143
4143
4145
4145
4146
4146
4148
4148
4149
4150
4151
4153
4153
4154
4156
4156
4157
4159
4161
4162
4163
4166
4168
4171
4171
4172
4172
4176
4176
4178
4180
4184
4186
4187
4190
4190
4190
4196
4203
4205
4206
4206
4207
4207
4208
4211
4211
4212
4212
4217
4218
4220
4222
4223
4223
4228
4231
4231
4232
4233
4233
4234
4234
4235
4235
4235
4236
4238
4238
4238
4242
4243
4245
4246
4247
4247
4249
4249
4251
4253
4255
4255
4256
4259
4259
4260
4261
4261
4262
4262
4263
4264
4265
4265
4265
4265
4266
4266
4266
4268
4269
4270
4271
4271
4275
4277
4278
4279
4279
4281
4281
4282
4285
4286
4286
4286
4287
4288
4288
4292
4293
4294
4294
4297
4300
4300
4300
4301
4302
4303
4306
4308
4308
4308
4309
4309
4310
4310
4310
4311
4314
4315
4315
4316
4317
4319
4320
4322
4322
4327
4327
4330
4333
4333
4333
4334
4337
4337
4339
4340
4341
4345
4345
4347
4348
4349
4354
4355
4357
4357
4357
4358
4359
4360
4360
4361
4363
4363
4364
4370
4376
4376
4377
4378
4381
4381
4381
4382
4383
4385
4386
4387
4388
4389
4390
4390
4393
4395
4396
4397
4398
4400
4403
4404
4404
4404
4405
4406
4408
4409
4409
4410
4410
4411
4412
4417
4417
4418
4418
4419
4419
4419
4421
4421
4423
4425
4430
4431
4433
4434
4436
4437
4439
4441
4442
4443
4444
4444
4446
4446
4450
4450
4452
4461
4463
4468
4469
4469
4470
4471
4471
4473
4473
4473
4474
4474
4476
4480
4481
4487
4487
4490
4492
4494
4497
4506
4508
4508
4509
4509
4510
4510
4512
4513
4514
4514
4516
4516
4518
4519
4520
4522
4522
4524
4524
4526
4530
4531
4531
4531
4532
4533
4533
4534
4535
4536
4538
4542
4546
4547
4547
4549
4551
4552
4552
4554
4554
4554
4556
4556
4556
4557
4557
4558
4560
4561
4562
4562
4563
4564
4565
4567
4567
4567
4569
4570
4570
4570
4571
4572
4572
4574
4574
4575
4575
4577
4578
4579
4581
4581
4582
4585
4585
4587
4587
4590
4591
4592
4593
4593
4593
4594
4597
4597
4598
4600
4601
4602
4602
4603
4604
4604
4606
4609
4610
4610
4610
4611
4612
4613
4614
4615
4616
4617
4619
4621
4625
4626
4626
4627
4627
4628
4629
4629
4630
4631
4632
4634
4635
4635
4636
4637
4638
4638
4639
4640
4642
4642
4643
4648
4649
4649
4650
4651
4654
4654
4655
4658
4659
4660
4661
4663
4665
4665
4667
4669
4671
4672
4673
4673
4673
4674
4675
4675
4676
4676
4677
4679
4679
4680
4681
4681
4684
4688
4688
4688
4690
4694
4695
4696
4698
4699
4700
4704
4705
4708
4708
4709
4709
4710
4712
4713
4714
4714
4716
4716
4716
4717
4717
4718
4719
4719
4724
4726
4727
4727
4727
4729
4729
4731
4735
4736
4736
4736
4737
4738
4739
4740
4742
4743
4744
4746
4746
4747
4748
4748
4749
4749
4749
4750
4750
4751
4753
4754
4757
4758
4758
4760
4761
4761
4761
4762
4764
4766
4766
4769
4770
4770
4778
4780
4781
4782
4783
4789
4790
4791
4791
4793
4793
4795
4796
4797
4798
4798
4799
4800
4801
4801
4801
4804
4804
4806
4811
4811
4814
4814
4815
4820
4820
4823
4826
4827
4827
4828
4828
4828
4828
4829
4833
4837
4839
4839
4840
4840
4842
4848
4848
4851
4851
4852
4852
4855
4855
4856
4859
4862
4864
4865
4867
4867
4867
4870
4874
4875
4875
4876
4878
4884
4887
4889
4893
4893
4897
4900
4903
4903
4904
4905
4906
4909
4910
4913
4913
4919
4928
4929
4931
4932
4932
4934
4936
4938
4939
4940
4940
4940
4941
4944
4945
4946
4951
4954
4955
4955
4956
4957
4957
4957
4957
4958
4959
4960
4961
4963
4963
4964
4965
4967
4968
4969
4972
4976
4978
4978
4980
4982
4984
4984
4985
4987
4989
4990
4990
4991
4997
4997
5002
5004
5004
5008
5010
5013
5016
5016
5016
5016
5017
5018
5019
5019
5019
5019
5021
5022
5022
5022
5025
5026
5027
5028
5030
5030
5034
5035
5035
5035
5035
5035
5038
5041
5042
5043
5044
5046
5048
5048
5050
5050
5052
5052
5054
5055
5058
5058
5059
5061
5062
5063
5066
5066
5066
5068
5070
5071
5072
5073
5074
5077
5077
5081
5081
5088
5088
5088
5090
5092
5093
5094
5095
5097
5099
5099
5100
5101
5102
5102
5102
5103
5104
5105
5108
5109
5111
5112
5114
5115
5117
5118
5118
5120
5122
5123
5123
5124
5124
5126
5126
5126
5126
5129
5131
5132
5132
5132
5132
5133
5133
5136
5136
5137
5141
5141
5145
5145
5148
5148
5148
5149
5149
5149
5150
5150
5151
5151
5152
5153
5153
5155
5156
5162
5166
5166
5167
5167
5171
5173
5175
5175
5177
5177
5177
5179
5180
5180
5182
5187
5189
5190
5198
5200
5203
5203
5204
5205
5206
5207
5208
5209
5212
5212
5212
5213
5216
5217
5219
5221
5222
5222
5222
5222
5223
5223
5224
5228
5229
5231
5236
5240
5242
5242
5242
5245
5248
5248
5248
5249
5249
5251
5253
5255
5256
5259
5260
5263
5264
5266
5267
5269
5269
5270
5270
5272
5273
5274
5275
5276
5278
5280
5281
5281
5282
5284
5291
5294
5295
5298
5298
5299
5300
5303
5304
5305
5306
5309
5310
5311
5311
5312
5314
5315
5316
5317
5317
5322
5323
5323
5324
5326
5327
5328
5328
5329
5330
5332
5334
5334
5334
5335
5336
5339
5341
5343
5344
5345
5345
5345
5350
5351
5351
5352
5355
5355
5355
5357
5358
5358
5358
5358
5360
5360
5360
5361
5361
5362
5363
5365
5366
5366
5367
5368
5370
5371
5376
5376
5377
5378
5378
5378
5380
5381
5383
5387
5389
5389
5390
5390
5393
5396
5397
5398
5399
5399
5399
5400
5400
5402
5404
5407
5409
5410
5412
5414
5414
5414
5415
5420
5421
5422
5424
5425
5426
5427
5427
5429
5430
5430
5432
5433
5434
5437
5438
5442
5442
5443
5443
5444
5445
5445
5446
5446
5446
5448
5452
5454
5455
5455
5455
5457
5458
5460
5461
5461
5462
5463
5464
5465
5468
5469
5469
5469
5471
5471
5472
5472
5476
5478
5485
5486
5486
5487
5490
5492
5492
5499
5499
5501
5502
5503
5503
5503
5505
5507
5507
5508
5509
5510
5510
5510
5510
5511
5511
5512
5512
5514
5515
5517
5518
5519
5521
5522
5524
5524
5524
5524
5527
5527
5528
5529
5529
5529
5530
5530
5531
5532
5533
5533
5535
5536
5536
5537
5540
5541
5541
5544
5546
5547
5552
5552
5554
5555
5557
5557
5558
5562
5563
5565
5565
5566
5568
5570
5571
5571
5571
5576
5576
5577
5579
5579
5581
5581
5582
5582
5582
5585
5585
5585
5586
5588
5591
5593
5593
5594
5595
5595
5595
5595
5596
5599
5603
5604
5608
5609
5613
5614
5615
5616
5616
5617
5619
5619
5622
5623
5625
5626
5628
5630
5631
5633
5636
5637
5637
5638
5642
5643
5644
5645
5647
5647
5652
5653
5655
5656
5656
5658
5660
5661
5661
5664
5665
5665
5666
5669
5670
5670
5671
5671
5673
5673
5676
5680
5685
5686
5686
5687
5688
5690
5690
5690
5692
5692
5696
5697
5699
5699
5700
5700
5703
5704
5706
5706
5712
5712
5713
5714
5717
5718
5718
5718
5719
5720
5720
5721
5722
5724
5726
5727
5728
5729
5730
5736
5736
5737
5737
5739
5741
5742
5744
5744
5746
5746
5746
5748
5749
5751
5752
5753
5754
5755
5756
5756
5757
5761
5761
5766
5767
5771
5772
5773
5773
5777
5781
5783
5784
5788
5791
5792
5794
5795
5797
5800
5802
5802
5802
5804
5804
5805
5806
5806
5806
5807
5809
5810
5811
5811
5814
5815
5817
5818
5820
5820
5821
5821
5822
5822
5823
5823
5824
5826
5827
5828
5830
5831
5831
5832
5835
5835
5835
5837
5838
5840
5841
5842
5842
5844
5844
5845
5849
5850
5850
5851
5854
5856
5856
5856
5857
5858
5862
5862
5863
5864
5867
5867
5868
5868
5871
5871
5873
5873
5873
5873
5874
5876
5877
5881
5881
5887
5889
5892
5893
5895
5895
5895
5895
5898
5904
5906
5906
5907
5907
5907
5909
5910
5914
5917
5917
5918
5922
5922
5922
5923
5924
5924
5925
5925
5925
5930
5930
5930
5930
5931
5939
5944
5947
5948
5949
5951
5951
5951
5951
5951
5954
5954
5958
5960
5961
5962
5962
5965
5966
5966
5968
5970
5971
5972
5972
5972
5973
5975
5976
5977
5978
5980
5981
5984
5985
5989
5989
5990
5991
5994
5998
5999
5999
5999
6000
6002
6003
6004
6007
6012
6012
6013
6014
6015
6016
6017
6020
6022
6022
6028
6028
6029
6033
6034
6036
6036
6036
6037
6038
6040
6041
6041
6042
6042
6042
6045
6045
6046
6047
6050
6050
6051
6054
6054
6054
6055
6059
6059
6060
6061
6061
6065
6067
6067
6070
6070
6073
6074
6077
6077
6078
6078
6082
6086
6086
6088
6088
6089
6090
6091
6094
6095
6096
6096
6097
6097
6098
6099
6101
6102
6102
6105
6106
6110
6111
6114
6116
6117
6118
6122
6124
6125
6125
6127
6130
6131
6131
6132
6132
6133
6134
6137
6137
6138
6139
6140
6144
6148
6148
6149
6149
6151
6152
6153
6153
6154
6154
6154
6157
6157
6157
6160
6161
6163
6165
6166
6170
6170
6171
6171
6174
6174
6175
6175
6176
6177
6178
6179
6179
6182
6183
6184
6184
6185
6188
6190
6190
6191
6195
6196
6200
6201
6201
6205
6206
6206
6206
6207
6208
6208
6208
6209
6210
6213
6213
6213
6214
6215
6215
6217
6218
6218
6219
6219
6220
6221
6221
6223
6224
6224
6226
6227
6227
6228
6228
6228
6230
6230
6231
6231
6234
6235
6235
6236
6236
6237
6238
6238
6238
6239
6240
6242
6244
6245
6246
6246
6247
6248
6249
6250
6252
6252
6255
6256
6256
6261
6262
6262
6263
6264
6265
6265
6266
6266
6270
6273
6275
6275
6275
6275
6276
6277
6279
6279
6280
6282
6284
6284
6285
6287
6287
6289
6290
6292
6293
6294
6296
6297
6300
6302
6302
6302
6302
6306
6307
6307
6308
6308
6310
6311
6312
6312
6312
6315
6316
6317
6321
6322
6325
6327
6330
6331
6332
6334
6336
6344
6346
6346
6346
6347
6349
6351
6352
6352
6353
6353
6354
6355
6356
6361
6362
6362
6364
6369
6369
6371
6375
6375
6377
6378
6380
6381
6382
6385
6385
6387
6394
6396
6403
6403
6404
6406
6406
6406
6407
6408
6410
6411
6411
6412
6412
6413
6420
6421
6424
6424
6424
6427
6427
6430
6430
6432
6432
6433
6436
6439
6440
6440
6440
6441
6442
6444
6447
6451
6452
6452
6452
6454
6455
6456
6456
6457
6459
6462
6463
6464
6464
6466
6467
6468
6469
6470
6473
6473
6474
6474
6476
6476
6477
6478
6479
6480
6481
6484
6485
6485
6486
6487
6488
6489
6490
6492
6496
6497
6497
6498
6500
6501
6501
6504
6504
6504
6507
6508
6508
6509
6510
6511
6512
6513
6515
6515
6516
6519
6520
6521
6522
6525
6525
6526
6528
6529
6530
6530
6532
6533
6536
6539
6543
6545
6546
6548
6548
6550
6550
6552
6554
6556
6557
6557
6558
6558
6559
6562
6563
6564
6565
6566
6566
6567
6568
6569
6570
6570
6570
6571
6571
6574
6575
6575
6580
6582
6584
6584
6584
6585
6586
6587
6587
6588
6589
6590
6590
6591
6594
6596
6599
6599
6600
6604
6606
6606
6608
6608
6612
6614
6614
6614
6615
6615
6616
6618
6618
6620
6620
6629
6629
6629
6629
6630
6630
6630
6633
6634
6635
6636
6638
6641
6643
6647
6648
6648
6649
6649
6650
6653
6653
6654
6657
6657
6662
6662
6663
6664
6666
6667
6669
6669
6669
6672
6673
6674
6676
6676
6680
6684
6685
6687
6688
6688
6691
6693
6695
6695
6696
6699
6703
6704
6704
6706
6707
6708
6711
6713
6713
6716
6717
6717
6718
6719
6720
6721
6722
6725
6726
6727
6730
6730
6732
6733
6733
6735
6737
6739
6741
6745
6746
6748
6751
6751
6752
6754
6755
6755
6757
6757
6759
6761
6764
6764
6765
6767
6768
6769
6771
6772
6772
6775
6777
6777
6778
6779
6779
6780
6780
6781
6784
6784
6787
6787
6788
6791
6793
6793
6796
6798
6800
6800
6802
6804
6806
6807
6808
6808
6808
6810
6811
6812
6814
6816
6816
6819
6819
6819
6819
6820
6822
6822
6822
6822
6824
6824
6824
6826
6829
6831
6832
6837
6838
6839
6841
6841
6841
6842
6842
6843
6843
6844
6848
6850
6850
6851
6854
6855
6855
6856
6859
6860
6863
6864
6865
6866
6868
6870
6871
6874
6874
6876
6877
6877
6878
6878
6882
6883
6883
6885
6888
6889
6889
6890
6891
6892
6892
6893
6893
6895
6896
6900
6900
6900
6901
6902
6904
6904
6904
6907
6911
6914
6919
6919
6921
6922
6922
6925
6927
6928
6928
6929
6929
6937
6937
6938
6939
6939
6940
6940
6941
6942
6944
6945
6947
6949
6951
6952
6954
6954
6955
6958
6959
6959
6959
6959
6960
6962
6964
6966
6968
6970
6970
6972
6974
6975
6975
6978
6978
6983
6984
6984
6985
6985
6992
6992
6993
6993
6994
6995
6995
6997
6997
6998
7000
7000
7004
7005
7006
7006
7006
7006
7007
7008
7009
7012
7014
7015
7016
7017
7017
7019
7021
7022
7025
7025
7032
7032
7034
7035
7036
7037
7037
7041
7043
7045
7047
7050
7050
7051
7052
7052
7053
7054
7054
7056
7056
7056
7057
7057
7057
7058
7059
7060
7061
7061
7061
7065
7067
7069
7069
7070
7071
7072
7074
7075
7075
7076
7077
7080
7081
7085
7086
7087
7087
7088
7090
7092
7093
7093
7095
7097
7100
7100
7100
7101
7102
7103
7103
7104
7106
7106
7108
7109
7110
7110
7111
7111
7111
7114
7114
7114
7117
7117
7117
7117
7119
7120
7120
7121
7122
7125
7126
7128
7132
7133
7139
7140
7140
7142
7144
7146
7146
7148
7148
7150
7150
7151
7152
7156
7157
7158
7158
7159
7159
7162
7163
7163
7165
7166
7166
7167
7169
7169
7172
7173
7173
7174
7174
7175
7178
7180
7183
7184
7185
7191
7192
7192
7192
7196
7197
7198
7199
7201
7203
7204
7205
7205
7208
7208
7209
7209
7212
7214
7214
7215
7218
7219
7222
7223
7224
7226
7226
7226
7226
7228
7229
7230
7230
7232
7233
7233
7233
7235
7235
7235
7236
7236
7237
7238
7240
7242
7243
7247
7247
7250
7253
7253
7254
7254
7255
7259
7260
7260
7261
7265
7266
7267
7267
7268
7269
7271
7271
7271
7272
7273
7276
7277
7282
7283
7284
7286
7287
7288
7289
7290
7291
7291
7293
7295
7300
7301
7311
7313
7314
7315
7315
7316
7318
7318
7319
7319
7321
7321
7321
7322
7322
7323
7324
7324
7325
7327
7328
7328
7329
7329
7332
7333
7334
7335
7335
7337
7338
7338
7342
7343
7344
7345
7345
7348
7350
7350
7355
7355
7357
7357
7358
7360
7363
7363
7366
7367
7367
7370
7371
7374
7379
7383
7384
7384
7386
7388
7390
7390
7391
7392
7392
7392
7396
7400
7404
7404
7406
7407
7409
7410
7410
7411
7411
7412
7413
7414
7414
7415
7415
7423
7425
7425
7426
7426
7426
7428
7430
7432
7434
7435
7435
7436
7437
7438
7441
7441
7442
7443
7444
7445
7445
7448
7449
7450
7451
7451
7451
7452
7452
7456
7459
7460
7460
7463
7464
7465
7466
7467
7468
7469
7470
7471
7471
7471
7474
7478
7479
7480
7481
7482
7484
7484
7485
7486
7487
7487
7487
7489
7489
7490
7491
7492
7493
7493
7494
7494
7498
7499
7500
7501
7502
7502
7503
7505
7507
7511
7512
7512
7512
7513
7515
7516
7517
7518
7519
7521
7523
7524
7524
7528
7529
7529
7530
7530
7530
7532
7532
7533
7534
7535
7535
7536
7538
7539
7539
7540
7541
7544
7545
7546
7548
7550
7550
7552
7553
7554
7555
7555
7557
7557
7558
7559
7559
7561
7561
7561
7568
7568
7568
7569
7571
7572
7573
7574
7576
7585
7588
7588
7588
7590
7591
7593
7595
7595
7595
7600
7600
7600
7601
7602
7603
7603
7604
7604
7605
7606
7606
7607
7608
7609
7610
7612
7613
7615
7616
7619
7619
7620
7620
7620
7621
7622
7623
7624
7625
7626
7626
7627
7628
7629
7630
7634
7635
7639
7643
7646
7648
7650
7650
7653
7653
7654
7655
7657
7658
7658
7659
7659
7660
7661
7663
7664
7664
7665
7666
7669
7669
7669
7671
7674
7675
7680
7680
7681
7681
7681
7683
7683
7685
7689
7689
7692
7692
7693
7693
7694
7694
7695
7696
7697
7699
7700
7710
7715
7716
7718
7718
7720
7721
7721
7722
7725
7725
7726
7727
7729
7731
7731
7732
7732
7732
7733
7736
7736
7736
7738
7739
7740
7741
7742
7743
7745
7747
7748
7749
7750
7751
7754
7754
7755
7755
7757
7757
7757
7759
7760
7762
7762
7762
7764
7764
7768
7768
7768
7772
7772
7772
7775
7781
7781
7783
7784
7784
7784
7786
7788
7788
7789
7790
7793
7794
7794
7799
7803
7805
7805
7805
7806
7813
7814
7823
7823
7825
7826
7826
7827
7828
7828
7829
7830
7834
7835
7836
7837
7839
7840
7840
7840
7841
7845
7847
7848
7848
7851
7852
7853
7854
7859
7862
7864
7870
7870
7871
7873
7873
7874
7874
7879
7879
7880
7880
7880
7880
7881
7886
7886
7890
7891
7893
7895
7895
7896
7896
7898
7899
7900
7902
7903
7905
7906
7908
7910
7911
7913
7915
7916
7918
7918
7919
7919
7920
7920
7920
7921
7921
7921
7922
7925
7927
7929
7935
7937
7939
7939
7940
7941
7941
7943
7946
7947
7949
7951
7951
7952
7954
7955
7956
7956
7957
7957
7958
7959
7964
7966
7967
7967
7971
7972
7972
7973
7974
7974
7976
7976
7977
7978
7978
7979
7980
7982
7983
7984
7985
7985
7985
7985
7985
7987
7987
7988
7988
7991
7992
7994
7996
7996
7999
8000
8002
8007
8008
8013
8014
8015
8016
8018
8019
8020
8020
8024
8027
8028
8032
8032
8032
8033
8033
8033
8036
8037
8037
8039
8039
8040
8048
8053
8054
8055
8056
8056
8058
8058
8062
8062
8062
8063
8063
8063
8065
8066
8067
8067
8067
8068
8068
8069
8072
8073
8075
8077
8077
8078
8079
8079
8081
8083
8083
8084
8086
8086
8087
8087
8088
8089
8090
8092
8092
8094
8097
8097
8097
8099
8101
8101
8102
8103
8104
8105
8105
8106
8108
8114
8114
8115
8115
8117
8117
8118
8119
8122
8123
8123
8124
8125
8131
8132
8132
8134
8134
8136
8137
8138
8138
8141
8141
8143
8144
8145
8147
8150
8151
8152
8153
8153
8153
8157
8158
8158
8162
8162
8163
8163
8163
8165
8167
8170
8171
8172
8173
8175
8175
8178
8179
8179
8180
8181
8181
8181
8182
8182
8187
8189
8198
8199
8201
8202
8203
8204
8206
8207
8208
8209
8209
8209
8209
8212
8212
8215
8215
8216
8217
8219
8219
8220
8220
8220
8220
8222
8222
8222
8225
8225
8226
8226
8227
8227
8228
8230
8233
8233
8234
8235
8240
8241
8241
8245
8245
8246
8247
8247
8248
8249
8251
8253
8254
8255
8256
8261
8262
8264
8264
8266
8269
8269
8269
8272
8272
8273
8274
8275
8276
8276
8280
8280
8280
8282
8284
8284
8285
8287
8289
8291
8291
8291
8294
8294
8294
8296
8297
8298
8298
8299
8302
8305
8305
8310
8310
8311
8312
8312
8312
8313
8314
8317
8317
8319
8321
8322
8324
8328
8328
8329
8330
8330
8334
8337
8341
8341
8342
8343
8347
8347
8348
8348
8349
8351
8355
8358
8359
8361
8364
8366
8368
8369
8371
8373
8374
8376
8377
8378
8379
8379
8379
8381
8381
8382
8383
8386
8386
8389
8391
8392
8394
8394
8395
8396
8396
8397
8398
8401
8401
8401
8402
8403
8404
8404
8405
8406
8407
8409
8410
8411
8411
8411
8412
8413
8415
8416
8417
8418
8419
8420
8424
8425
8425
8427
8428
8428
8430
8430
8432
8432
8433
8434
8435
8435
8436
8440
8441
8442
8443
8444
8444
8446
8448
8449
8449
8449
8450
8450
8450
8451
8452
8455
8455
8455
8456
8457
8458
8459
8461
8461
8461
8464
8465
8465
8466
8468
8472
8472
8473
8477
8479
8481
8483
8484
8485
8487
8488
8491
8493
8494
8495
8500
8502
8504
8504
8507
8507
8508
8509
8510
8511
8513
8516
8517
8520
8521
8523
8523
8524
8524
8525
8525
8527
8528
8528
8530
8530
8531
8531
8535
8536
8539
8541
8541
8542
8545
8546
8547
8548
8549
8549
8553
8554
8555
8556
8556
8557
8558
8559
8560
8560
8561
8561
8565
8565
8565
8567
8570
8571
8572
8572
8574
8574
8578
8579
8580
8581
8582
8585
8586
8586
8588
8589
8590
8590
8591
8591
8591
8592
8595
8596
8597
8599
8601
8602
8604
8606
8606
8607
8609
8612
8613
8614
8614
8614
8620
8622
8623
8623
8624
8626
8627
8629
8635
8636
8637
8637
8637
8638
8638
8639
8640
8644
8644
8645
8647
8647
8647
8653
8654
8656
8656
8658
8658
8673
8674
8674
8675
8678
8679
8681
8681
8682
8683
8684
8688
8689
8691
8692
8695
8696
8697
8697
8698
8699
8700
8704
8704
8704
8709
8714
8715
8716
8716
8717
8719
8719
8722
8723
8724
8724
8728
8728
8728
8733
8733
8734
8734
8735
8735
8735
8736
8737
8737
8741
8741
8741
8743
8745
8747
8747
8748
8749
8751
8755
8757
8758
8759
8762
8762
8765
8767
8768
8772
8772
8775
8775
8775
8779
8780
8788
8791
8791
8791
8795
8796
8800
8801
8802
8804
8805
8805
8806
8806
8807
8807
8810
8812
8813
8815
8815
8816
8819
8819
8823
8826
8827
8831
8831
8832
8833
8834
8837
8837
8838
8839
8842
8844
8844
8845
8846
8847
8847
8848
8851
8853
8854
8854
8855
8856
8859
8865
8865
8866
8867
8867
8872
8874
8875
8878
8878
8879
8880
8883
8885
8889
8889
8890
8891
8891
8892
8892
8894
8896
8898
8899
8901
8901
8902
8904
8904
8907
8908
8909
8910
8912
8913
8913
8918
8918
8918
8919
8926
8928
8931
8931
8933
8936
8939
8940
8940
8940
8941
8941
8943
8943
8944
8945
8946
8946
8947
8948
8950
8953
8953
8956
8956
8957
8958
8962
8963
8964
8966
8966
8968
8973
8978
8978
8979
8979
8981
8983
8984
8984
8984
8985
8986
8988
8988
8988
8991
8994
8996
8999
9001
9002
9003
9004
9004
9006
9006
9008
9009
9010
9011
9011
9011
9011
9012
9013
9015
9016
9017
9018
9020
9021
9023
9025
9027
9028
9028
9028
9028
9028
9029
9030
9030
9030
9031
9031
9033
9034
9036
9037
9037
9041
9043
9043
9044
9044
9046
9046
9047
9048
9052
9053
9054
9055
9055
9058
9058
9058
9061
9062
9062
9064
9064
9065
9066
9066
9066
9066
9066
9067
9068
9068
9073
9076
9077
9078
9079
9086
9088
9088
9089
9090
9092
9093
9095
9095
9099
9100
9100
9102
9103
9103
9104
9104
9105
9105
9106
9107
9109
9111
9112
9112
9113
9115
9117
9117
9119
9119
9120
9121
9121
9122
9124
9125
9125
9125
9126
9128
9132
9133
9134
9134
9135
9136
9142
9142
9143
9143
9143
9144
9146
9148
9150
9154
9161
9165
9166
9166
9167
9168
9169
9170
9173
9179
9180
9182
9183
9184
9184
9185
9186
9188
9189
9190
9192
9192
9193
9194
9194
9196
9198
9199
9199
9200
9202
9204
9205
9206
9206
9208
9209
9210
9210
9212
9212
9214
9217
9217
9217
9218
9218
9218
9220
9221
9222
9223
9223
9224
9225
9230
9231
9232
9233
9233
9233
9233
9234
9236
9236
9237
9237
9238
9240
9242
9242
9243
9244
9249
9249
9252
9254
9255
9257
9257
9260
9262
9262
9262
9265
9267
9268
9270
9270
9272
9273
9276
9276
9276
9277
9280
9283
9283
9285
9287
9288
9288
9290
9290
9291
9293
9295
9298
9299
9299
9299
9300
9301
9303
9303
9304
9305
9307
9307
9309
9310
9312
9313
9313
9314
9315
9316
9316
9317
9320
9320
9320
9321
9321
9322
9323
9324
9324
9325
9326
9328
9330
9334
9335
9336
9337
9337
9339
9339
9339
9340
9340
9343
9343
9344
9344
9344
9345
9347
9349
9351
9352
9353
9353
9355
9356
9360
9360
9364
9374
9374
9376
9376
9376
9379
9381
9382
9383
9385
9385
9387
9387
9388
9389
9389
9390
9392
9395
9400
9401
9407
9407
9410
9412
9413
9413
9415
9415
9421
9423
9426
9428
9428
9429
9429
9430
9430
9431
9432
9432
9434
9438
9438
9440
9442
9443
9443
9444
9445
9447
9447
9450
9452
9452
9453
9454
9455
9455
9456
9457
9458
9459
9460
9460
9460
9461
9463
9467
9468
9469
9470
9471
9471
9471
9472
9473
9473
9474
9474
9476
9476
9476
9477
9481
9483
9484
9484
9485
9486
9487
9488
9488
9489
9489
9492
9492
9494
9496
9497
9498
9499
9502
9502
9505
9505
9507
9507
9508
9509
9512
9512
9515
9515
9517
9518
9521
9522
9522
9524
9524
9525
9526
9528
9529
9529
9533
9535
9535
9538
9540
9541
9541
9541
9543
9544
9546
9549
9549
9549
9550
9551
9553
9556
9557
9564
9564
9566
9568
9572
9572
9572
9574
9576
9577
9581
9581
9582
9583
9583
9585
9586
9588
9589
9593
9593
9593
9594
9594
9595
9596
9599
9599
9599
9599
9604
9605
9606
9607
9612
9613
9613
9616
9617
9618
9619
9621
9622
9623
9623
9624
9624
9625
9628
9629
9634
9637
9637
9638
9638
9640
9642
9643
9644
9646
9649
9650
9650
9651
9652
9653
9658
9658
9659
9660
9661
9661
9663
9663
9664
9665
9666
9668
9668
9671
9671
9672
9673
9674
9676
9676
9676
9679
9681
9681
9681
9683
9686
9686
9689
9697
9698
9700
9700
9702
9702
9704
9705
9706
9707
9708
9708
9710
9710
9711
9711
9712
9712
9713
9718
9720
9723
9724
9726
9726
9726
9731
9733
9734
9735
9736
9736
9737
9739
9740
9742
9742
9742
9743
9743
9743
9743
9745
9747
9748
9749
9749
9750
9750
9750
9751
9751
9753
9754
9756
9758
9759
9762
9762
9764
9767
9767
9769
9769
9770
9772
9773
9773
9773
9774
9784
9786
9786
9786
9787
9787
9788
9788
9790
9793
9795
9796
9796
9796
9797
9798
9800
9800
9801
9803
9803
9804
9805
9807
9809
9810
9810
9810
9812
9812
9813
9814
9816
9817
9817
9818
9820
9821
9821
9822
9823
9826
9827
9829
9830
9830
9832
9835
9835
9836
9837
9838
9840
9841
9843
9844
9844
9844
9845
9848
9850
9850
9852
9854
9855
9856
9858
9859
9860
9861
9865
9866
9869
9869
9871
9873
9874
9875
9875
9877
9877
9877
9878
9879
9881
9883
9883
9884
9886
9888
9888
9889
9890
9891
9891
9892
9893
9893
9895
9898
9899
9903
9904
9904
9906
9907
9912
9912
9912
9913
9913
9913
9914
9914
9915
9916
9919
9924
9929
9929
9931
9933
9933
9935
9936
9936
9939
9940
9941
9944
9945
9945
9946
9947
9950
9954
9956
9956
9957
9959
9960
9961
9963
9966
9966
9967
9970
9971
9972
9972
9973
9976
9977
9977
9978
9981
9982
9983
9986
9986
9988
9990
9991
9994
9995
9995
9998
10000
10002
10002
10007
10010
10011
10015
10015
10017
10017
10017
10017
10018
10018
10024
10025
10025
10027
10027
10031
10033
10034
10034
10036
10037
10039
10040
10040
10043
10045
10045
10045
10045
10046
10049
10050
10051
10051
10052
10052
10052
10052
10053
10054
10058
10059
10059
10059
10059
10060
10060
10060
10062
10062
10064
10065
10065
10068
10069
10070
10071
10073
10075
10076
10078
10079
10082
10084
10085
10086
10090
10091
10092
10093
10098
10099
10100
10100
10101
10101
10102
10105
10106
10108
10109
10110
10110
10111
10111
10116
10124
10125
10132
10132
10132
10134
10135
10136
10137
10140
10140
10143
10144
10145
10148
10150
10153
10153
10154
10155
10155
10157
10158
10158
10159
10159
10160
10160
10160
10161
10162
10164
10164
10164
10165
10169
10172
10173
10173
10176
10178
10179
10180
10180
10185
10185
10192
10192
10198
10198
10199
10203
10206
10208
10212
10212
10217
10217
10219
10219
10223
10223
10224
10228
10228
10229
10230
10232
10232
10233
10234
10235
10238
10238
10239
10241
10241
10241
10252
10253
10254
10254
10257
10257
10260
10262
10262
10266
10266
10266
10267
10270
10270
10270
10271
10272
10274
10277
10278
10278
10279
10280
10280
10281
10284
10284
10284
10285
10285
10286
10287
10289
10291
10291
10293
10295
10296
10300
10302
10302
10303
10303
10305
10306
10308
10309
10309
10310
10312
10313
10313
10315
10315
10319
10319
10319
10320
10322
10325
10326
10331
10331
10331
10331
10332
10335
10341
10342
10345
10345
10347
10347
10350
10351
10351
10352
10353
10353
10354
10356
10356
10361
10362
10362
10363
10366
10368
10369
10370
10371
10374
10374
10375
10378
10381
10381
10381
10382
10383
10384
10387
10389
10389
10390
10391
10392
10393
10395
10395
10395
10395
10400
10400
10400
10401
10402
10402
10403
10404
10406
10409
10413
10414
10418
10420
10423
10424
10425
10426
10428
10429
10430
10430
10431
10431
10431
10433
10437
10437
10438
10439
10443
10446
10446
10447
10448
10449
10449
10450
10452
10453
10458
10458
10460
10460
10464
10465
10466
10467
10468
10469
10473
10476
10478
10478
10482
10483
10484
10484
10485
10485
10485
10485
10486
10489
10489
10491
10495
10496
10496
10498
10499
10499
10499
10501
10502
10504
10504
10505
10508
10508
10509
10510
10511
10512
10514
10517
10517
10519
10520
10523
10523
10525
10526
10532
10532
10533
10534
10534
10534
10536
10536
10538
10540
10543
10544
10544
10547
10547
10549
10551
10553
10553
10555
10558
10561
10564
10568
10568
10569
10571
10572
10573
10574
10577
10580
10581
10581
10582
10582
10583
10584
10585
10585
10589
10592
10592
10592
10595
10596
10598
10603
10603
10603
10603
10604
10604
10605
10605
10606
10609
10611
10611
10612
10613
10614
10617
10618
10618
10622
10622
10622
10623
10625
10626
10630
10630
10631
10631
10632
10632
10633
10633
10633
10633
10634
10636
10638
10639
10640
10640
10640
10644
10646
10647
10647
10651
10652
10653
10653
10654
10655
10655
10656
10656
10657
10658
10658
10661
10666
10669
10673
10674
10675
10675
10677
10678
10679
10682
10685
10686
10686
10687
10687
10688
10688
10690
10691
10696
10696
10699
10701
10701
10702
10703
10703
10704
10705
10706
10708
10709
10714
10715
10716
10717
10717
10717
10721
10722
10722
10723
10726
10730
10730
10730
10732
10732
10733
10733
10736
10736
10737
10741
10742
10744
10747
10747
10747
10749
10749
10750
10750
10753
10755
10755
10755
10755
10758
10759
10759
10761
10761
10762
10764
10764
10765
10767
10767
10768
10768
10771
10771
10771
10772
10772
10773
10775
10776
10778
10778
10782
10783
10784
10785
10785
10785
10787
10788
10788
10790
10791
10792
10792
10794
10796
10796
10796
10796
10797
10798
10799
10799
10802
10802
10802
10803
10803
10809
10809
10809
10809
10812
10812
10813
10813
10815
10816
10817
10825
10827
10828
10828
10830
10831
10831
10831
10831
10835
10835
10838
10838
10839
10839
10840
10846
10847
10848
10849
10850
10852
10853
10854
10856
10856
10858
10859
10860
10860
10863
10863
10866
10870
10871
10874
10876
10877
10877
10878
10881
10881
10881
10882
10882
10883
10883
10884
10885
10887
10888
10888
10889
10891
10893
10898
10898
10898
10898
10899
10899
10902
10902
10902
10905
10905
10907
10909
10909
10909
10910
10911
10913
10913
10916
10919
10920
10920
10923
10923
10923
10924
10930
10930
10931
10933
10934
10937
10938
10943
10944
10945
10946
10946
10947
10949
10950
10951
10955
10955
10961
10962
10963
10963
10964
10965
10966
10967
10967
10970
10975
10976
10978
10978
10978
10980
10982
10982
10984
10984
10985
10988
10989
10990
10991
10991
10992
10997
10998
10998
10998
10998
11001
11001
11001
11003
11004
11004
11008
11010
11011
11012
11013
11014
11017
11018
11019
11021
11022
11024
11026
11028
11029
11029
11029
11031
11031
11031
11033
11035
11036
11040
11040
11047
11050
11051
11052
11055
11057
11057
11059
11059
11059
11059
11060
11062
11063
11064
11064
11065
11065
11066
11068
11068
11069
11073
11073
11076
11076
11077
11077
11080
11083
11092
11093
11093
11093
11094
11095
11096
11097
11100
11105
11106
11110
11111
11116
11122
11123
11127
11127
11129
11130
11131
11132
11134
11135
11136
11139
11139
11140
11140
11142
11142
11143
11144
11145
11145
11148
11148
11148
11150
11151
11154
11156
11160
11164
11169
11171
11172
11173
11176
11178
11179
11180
11184
11188
11191
11192
11196
11203
11204
11204
11206
11212
11213
11216
11217
11221
11221
11221
11221
11222
11223
11225
11228
11229
11230
11230
11231
11232
11232
11233
11234
11235
11236
11240
11241
11245
11251
11252
11255
11255
11256
11261
11262
11263
11268
11269
11271
11274
11277
11277
11278
11282
11283
11284
11284
11286
11287
11287
11288
11288
11289
11290
11294
11294
11294
11295
11297
11298
11299
11299
11302
11303
11303
11306
11307
11309
11310
11311
11311
11314
11314
11314
11314
11315
11315
11319
11320
11322
11324
11326
11328
11330
11331
11333
11334
11335
11335
11336
11337
11338
11338
11341
11342
11343
11343
11345
11346
11349
11351
11351
11353
11355
11356
11364
11365
11366
11368
11368
11370
11374
11375
11376
11377
11377
11378
11378
11379
11380
11380
11381
11383
11384
11385
11386
11386
11390
11391
11392
11392
11394
11394
11395
11396
11397
11399
11399
11401
11404
11404
11405
11405
11407
11408
11409
11412
11412
11414
11415
11415
11416
11416
11420
11420
11422
11431
11432
11432
11434
11435
11436
11438
11439
11441
11443
11444
11444
11446
11451
11452
11452
11453
11453
11454
11455
11457
11464
11464
11467
11467
11467
11467
11468
11468
11468
11470
11471
11473
11474
11476
11479
11482
11485
11485
11487
11489
11489
11490
11492
11492
11496
11496
11497
11499
11499
11500
11500
11500
11500
11501
11507
11507
11507
11513
11517
11519
11523
11523
11524
11525
11525
11528
11528
11532
11535
11536
11537
11538
11538
11543
11543
11543
11543
11546
11547
11550
11550
11553
11553
11554
11557
11559
11560
11562
11562
11563
11563
11565
11566
11567
11567
11568
11569
11571
11571
11572
11576
11579
11581
11582
11583
11583
11583
11587
11588
11589
11591
11591
11592
11592
11593
11594
11595
11598
11601
11601
11601
11603
11603
11605
11605
11608
11610
11610
11611
11611
11612
11612
11613
11614
11614
11617
11623
11624
11624
11625
11625
11629
11632
11632
11634
11642
11643
11643
11644
11650
11653
11653
11656
11656
11656
11657
11659
11660
11662
11663
11663
11664
11667
11668
11670
11671
11673
11674
11674
11680
11681
11684
11686
11688
11688
11691
11694
11697
11699
11699
11702
11702
11704
11705
11705
11706
11707
11707
11711
11711
11711
11713
11714
11717
11720
11721
11721
11724
11724
11724
11725
11725
11727
11727
11727
11727
11727
11728
11728
11730
11730
11731
11732
11733
11733
11733
11734
11734
11734
11736
11736
11737
11737
11738
11742
11744
11744
11744
11746
11747
11747
11750
11751
11754
11756
11756
11757
11761
11761
11761
11761
11762
11767
11770
11773
11774
11777
11778
11781
11782
11782
11788
11789
11789
11789
11793
11795
11796
11796
11797
11797
11797
11798
11799
11800
11803
11803
11804
11808
11815
11816
11817
11819
11821
11821
11822
11823
11827
11828
11829
11831
11831
11832
11832
11835
11835
11836
11838
11839
11839
11844
11846
11847
11847
11848
11848
11849
11849
11850
11851
11852
11853
11854
11855
11856
11856
11857
11857
11858
11861
11862
11863
11863
11863
11864
11866
11866
11868
11868
11868
11869
11869
11869
11870
11874
11876
11876
11878
11879
11879
11879
11883
11884
11886
11886
11886
11886
11887
11892
11893
11894
11895
11897
11900
11902
11904
11904
11905
11905
11906
11906
11908
11911
11913
11918
11919
11920
11921
11922
11922
11923
11923
11924
11924
11924
11926
11927
11933
11933
11935
11939
11941
11941
11944
11944
11948
11950
11951
11951
11954
11956
11957
11957
11961
11962
11963
11964
11968
11969
11971
11971
11971
11971
11975
11976
11978
11979
11979
11980
11980
11980
11982
11984
11984
11986
11987
11990
11990
11993
11996
11996
11997
11999
12000
12001
12002
12003
12003
12004
12008
12009
12009
12010
12011
12012
12012
12015
12016
12017
12021
12024
12025
12031
12031
12032
12036
12037
12039
12039
12041
12043
12044
12045
12046
12047
12047
12048
12048
12049
12050
12050
12051
12051
12052
12054
12056
12061
12064
12066
12068
12068
12069
12069
12074
12075
12075
12076
12076
12078
12080
12083
12083
12087
12088
12089
12091
12093
12094
12094
12095
12095
12095
12095
12095
12096
12097
12099
12100
12102
12107
12108
12108
12109
12110
12112
12112
12112
12119
12121
12121
12122
12122
12123
12124
12125
12125
12125
12129
12131
12138
12138
12139
12140
12140
12146
12148
12154
12155
12155
12164
12166
12167
12168
12170
12170
12171
12173
12174
12175
12175
12178
12178
12180
12180
12180
12181
12182
12184
12184
12185
12185
12186
12186
12187
12187
12189
12190
12191
12191
12191
12192
12192
12192
12194
12202
12202
12204
12204
12207
12207
12209
12211
12214
12215
12215
12215
12215
12216
12218
12219
12219
12222
12222
12227
12227
12231
12232
12235
12235
12235
12236
12237
12242
12242
12244
12245
12247
12248
12249
12250
12253
12254
12255
12256
12256
12261
12263
12264
12267
12271
12272
12276
12277
12277
12278
12280
12280
12281
12282
12284
12284
12284
12286
12289
12289
12290
12290
12295
12295
12297
12298
12298
12301
12302
12302
12302
12303
12305
12308
12310
12310
12312
12313
12314
12315
12315
12315
12317
12317
12317
12317
12318
12320
12320
12321
12323
12324
12325
12326
12328
12328
12332
12334
12334
12335
12336
12336
12338
12339
12339
12339
12341
12341
12344
12344
12346
12348
12351
12353
12353
12354
12357
12361
12369
12371
12374
12374
12375
12377
12377
12378
12378
12379
12380
12380
12382
12385
12385
12386
12387
12388
12389
12389
12390
12390
12391
12393
12394
12397
12398
12400
12400
12402
12403
12406
12408
12410
12410
12411
12412
12412
12413
12413
12414
12416
12416
12417
12417
12419
12421
12421
12422
12422
12423
12424
12426
12427
12427
12428
12428
12429
12432
12433
12434
12436
12437
12437
12438
12438
12439
12439
12445
12445
12448
12452
12452
12453
12455
12455
12458
12460
12461
12462
12465
12465
12466
12469
12470
12471
12472
12472
12476
12476
12478
12479
12480
12480
12481
12481
12482
12483
12485
12485
12485
12486
12486
12487
12487
12488
12489
12490
12491
12492
12492
12495
12496
12497
12497
12499
12501
12504
12505
12506
12508
12508
12508
12510
12510
12511
12512
12512
12513
12513
12514
12515
12515
12517
12517
12518
12520
12522
12524
12526
12526
12531
12535
12535
12538
12540
12541
12541
12542
12547
12548
12549
12549
12550
12551
12555
12558
12558
12560
12560
12564
12564
12566
12567
12568
12568
12569
12571
12571
12573
12573
12576
12577
12578
12578
12583
12584
12585
12585
12586
12593
12594
12594
12597
12598
12598
12599
12600
12600
12601
12602
12602
12604
12606
12607
12607
12608
12610
12611
12612
12613
12614
12615
12615
12615
12617
12618
12619
12620
12622
12624
12624
12626
12626
12628
12631
12631
12632
12635
12635
12635
12635
12636
12640
12641
12642
12643
12645
12646
12648
12649
12649
12650
12654
12654
12656
12657
12657
12661
12662
12662
12664
12664
12664
12665
12665
12666
12668
12668
12671
12673
12673
12675
12675
12676
12677
12681
12682
12685
12687
12688
12689
12694
12694
12694
12694
12695
12697
12700
12701
12701
12702
12703
12704
12706
12706
12708
12710
12710
12711
12712
12712
12712
12714
12717
12718
12718
12719
12720
12721
12722
12726
12728
12732
12733
12734
12735
12735
12738
12739
12741
12741
12742
12743
12746
12748
12748
12748
12751
12751
12753
12756
12756
12757
12757
12761
12761
12761
12763
12764
12764
12765
12766
12766
12768
12769
12770
12770
12773
12775
12777
12778
12779
12779
12780
12782
12784
12784
12785
12787
12788
12788
12788
12790
12792
12793
12793
12794
12794
12796
12797
12798
12800
12802
12803
12803
12807
12808
12809
12811
12812
12815
12818
12820
12821
12822
12824
12826
12829
12829
12830
12831
12832
12832
12833
12833
12834
12834
12836
12837
12838
12838
12838
12840
12840
12842
12844
12844
12844
12845
12845
12847
12849
12851
12851
12852
12852
12853
12857
12859
12860
12860
12861
12861
12863
12864
12865
12865
12866
12867
12868
12868
12870
12870
12870
12872
12872
12873
12874
12875
12878
12879
12879
12879
12879
12880
12881
12881
12882
12884
12885
12886
12889
12893
12893
12896
12897
12897
12899
12902
12902
12904
12905
12907
12909
12909
12914
12915
12915
12916
12916
12917
12919
12920
12920
12922
12928
12929
12929
12931
12934
12934
12936
12937
12941
12943
12944
12944
12945
12945
12945
12946
12946
12946
12946
12947
12949
12950
12955
12956
12957
12958
12962
12962
12963
12964
12966
12969
12970
12971
12972
12972
12974
12975
12977
12978
12978
12979
12981
12981
12982
12982
12982
12984
12984
12988
12989
12991
12991
12993
12994
12994
12996
12996
12996
12997
13001
13002
13002
13003
13003
13004
13005
13006
13007
13007
13007
13008
13009
13011
13011
13013
13015
13015
13016
13016
13018
13021
13021
13026
13029
13030
13030
13030
13030
13031
13032
13034
13035
13040
13043
13043
13043
13045
13049
13053
13054
13055
13055
13056
13058
13060
13061
13061
13061
13062
13063
13063
13067
13068
13071
13074
13074
13075
13075
13076
13076
13077
13078
13079
13081
13082
13082
13082
13084
13084
13084
13086
13089
13092
13092
13092
13097
13099
13101
13101
13102
13104
13105
13107
13107
13109
13109
13111
13112
13112
13114
13116
13116
13117
13117
13118
13122
13125
13128
13132
13133
13134
13134
13134
13138
13139
13140
13142
13143
13147
13147
13149
13150
13152
13158
13162
13163
13163
13164
13165
13166
13167
13168
13173
13178
13180
13181
13182
13186
13186
13188
13188
13188
13191
13192
13193
13193
13194
13196
13198
13198
13200
13200
13201
13207
13209
13214
13214
13214
13217
13217
13221
13221
13221
13224
13226
13227
13227
13231
13232
13233
13234
13234
13235
13237
13238
13238
13238
13238
13238
13239
13241
13241
13242
13243
13244
13246
13248
13249
13250
13253
13254
13255
13257
13257
13258
13259
13261
13264
13266
13267
13268
13268
13273
13276
13278
13278
13279
13279
13280
13280
13283
13283
13283
13287
13287
13288
13293
13294
13295
13295
13299
13312
13312
13314
13316
13318
13318
13319
13319
13319
13323
13327
13327
13329
13329
13333
13333
13333
13334
13335
13339
13340
13341
13342
13343
13344
13344
13345
13348
13348
13348
13349
13352
13352
13353
13353
13354
13355
13355
13356
13356
13357
13361
13366
13366
13366
13368
13370
13371
13371
13373
13376
13377
13380
13381
13383
13385
13387
13388
13390
13391
13393
13393
13393
13394
13398
13401
13401
13403
13404
13405
13406
13407
13407
13408
13408
13408
13414
13415
13416
13419
13419
13421
13422
13423
13424
13424
13428
13428
13430
13432
13432
13432
13432
13432
13435
13436
13438
13438
13438
13440
13441
13442
13443
13443
13445
13446
13450
13451
13453
13454
13456
13458
13459
13460
13463
13468
13468
13471
13471
13472
13474
13475
13476
13477
13481
13482
13482
13484
13490
13490
13492
13496
13496
13497
13498
13499
13500
13503
13504
13506
13507
13508
13508
13509
13510
13511
13512
13512
13513
13514
13515
13515
13516
13517
13519
13520
13524
13528
13528
13529
13530
13531
13533
13534
13535
13536
13536
13540
13544
13545
13546
13549
13550
13552
13554
13559
13559
13563
13565
13565
13567
13568
13570
13570
13571
13571
13572
13573
13573
13574
13575
13575
13578
13578
13579
13586
13589
13589
13589
13592
13593
13594
13595
13595
13595
13596
13598
13601
13602
13610
13613
13617
13619
13620
13621
13622
13623
13624
13627
13628
13628
13628
13629
13629
13630
13631
13631
13632
13633
13633
13635
13636
13636
13637
13637
13637
13638
13638
13639
13642
13642
13642
13647
13648
13648
13649
13650
13651
13652
13653
13656
13656
13656
13657
13660
13662
13662
13663
13666
13666
13667
13670
13670
13670
13670
13671
13671
13672
13672
13673
13675
13676
13679
13679
13681
13681
13681
13682
13684
13685
13685
13685
13685
13686
13691
13694
13694
13695
13695
13696
13698
13699
13701
13701
13701
13702
13703
13704
13704
13708
13709
13711
13711
13712
13713
13713
13713
13717
13717
13718
13719
13720
13721
13722
13722
13725
13725
13726
13726
13727
13729
13734
13734
13735
13735
13735
13738
13741
13742
13744
13745
13746
13747
13750
13755
13755
13756
13759
13759
13760
13760
13760
13761
13762
13762
13765
13768
13770
13772
13777
13778
13781
13785
13786
13786
13787
13788
13788
13788
13791
13791
13792
13793
13794
13795
13806
13808
13808
13813
13814
13816
13816
13817
13817
13818
13818
13821
13821
13822
13823
13823
13825
13826
13828
13828
13829
13831
13832
13838
13840
13840
13840
13841
13842
13842
13844
13844
13846
13847
13852
13854
13854
13857
13858
13859
13859
13860
13861
13862
13864
13866
13868
13869
13870
13870
13872
13873
13875
13875
13876
13876
13877
13877
13879
13880
13881
13883
13884
13884
13886
13888
13892
13896
13897
13898
13898
13899
13903
13904
13905
13905
13905
13906
13906
13907
13907
13908
13920
13925
13927
13928
13929
13930
13930
13933
13934
13934
13934
13935
13936
13937
13937
13937
13938
13942
13944
13945
13947
13950
13950
13952
13953
13955
13955
13956
13957
13957
13959
13960
13961
13965
13966
13966
13966
13968
13970
13970
13971
13977
13978
13980
13980
13984
13985
13988
13988
13988
13991
13992
13992
13995
13996
13996
13997
13997
13997
13998
14001
14003
14004
14004
14005
14006
14006
14007
14008
14008
14010
14015
14016
14016
14018
14018
14019
14019
14020
14025
14025
14027
14029
14029
14029
14034
14034
14035
14036
14036
14037
14037
14038
14039
14042
14043
14044
14047
14047
14048
14050
14052
14054
14054
14057
14057
14059
14059
14059
14060
14061
14063
14064
14064
14064
14066
14067
14068
14069
14073
14074
14075
14076
14079
14080
14082
14082
14083
14085
14091
14093
14094
14094
14095
14096
14098
14099
14100
14101
14102
14102
14102
14102
14103
14105
14105
14106
14107
14107
14108
14108
14114
14115
14117
14119
14122
14122
14122
14122
14123
14124
14125
14126
14128
14128
14131
14132
14134
14136
14138
14139
14139
14139
14142
14142
14144
14144
14147
14150
14150
14151
14153
14154
14158
14159
14160
14165
14166
14166
14167
14168
14171
14173
14173
14177
14179
14180
14180
14180
14180
14181
14182
14182
14184
14185
14188
14188
14189
14190
14191
14194
14194
14194
14195
14196
14197
14199
14199
14201
14202
14203
14204
14208
14210
14211
14212
14215
14216
14216
14217
14219
14219
14220
14220
14220
14223
14223
14224
14224
14226
14228
14233
14234
14236
14236
14236
14238
14239
14240
14244
14248
14248
14250
14251
14253
14253
14255
14256
14258
14259
14259
14259
14262
14262
14264
14264
14266
14269
14271
14271
14275
14277
14279
14279
14279
14279
14283
14286
14287
14288
14290
14290
14292
14293
14295
14298
14299
14301
14301
14302
14302
14303
14304
14307
14307
14310
14310
14313
14314
14315
14317
14318
14318
14319
14319
14320
14321
14323
14323
14323
14324
14326
14327
14327
14329
14330
14333
14333
14335
14338
14339
14339
14340
14341
14343
14346
14349
14350
14352
14353
14354
14355
14355
14359
14359
14362
14362
14363
14363
14363
14364
14367
14367
14369
14371
14372
14373
14373
14374
14377
14377
14377
14378
14378
14382
14386
14387
14388
14389
14390
14392
14393
14396
14397
14400
14401
14403
14403
14404
14405
14406
14407
14408
14408
14411
14411
14412
14415
14416
14417
14417
14418
14420
14421
14421
14424
14425
14425
14425
14425
14426
14430
14434
14434
14438
14438
14439
14440
14441
14441
14442
14443
14446
14448
14450
14450
14450
14451
14453
14457
14458
14458
14464
14468
14470
14470
14471
14473
14475
14476
14476
14477
14479
14483
14484
14487
14488
14489
14490
14490
14491
14492
14495
14495
14496
14498
14502
14502
14503
14503
14508
14509
14509
14510
14511
14512
14515
14518
14518
14521
14522
14524
14527
14527
14528
14528
14528
14529
14530
14531
14531
14531
14531
14533
14536
14539
14540
14541
14549
14549
14552
14554
14554
14556
14558
14560
14560
14561
14561
14562
14570
14572
14574
14574
14575
14575
14576
14578
14578
14580
14582
14583
14583
14583
14583
14584
14585
14586
14586
14586
14590
14591
14592
14596
14597
14598
14598
14599
14599
14602
14603
14603
14604
14606
14607
14608
14609
14609
14611
14612
14612
14612
14612
14612
14613
14617
14618
14622
14622
14622
14625
14626
14627
14627
14629
14631
14632
14633
14633
14636
14638
14639
14639
14639
14640
14642
14643
14646
14648
14650
14651
14654
14654
14655
14657
14657
14658
14659
14660
14660
14660
14660
14661
14661
14666
14666
14667
14668
14668
14668
14669
14670
14670
14671
14671
14673
14674
14675
14675
14682
14682
14683
14683
14686
14693
14693
14699
14699
14703
14705
14706
14706
14708
14709
14709
14710
14711
14711
14713
14713
14714
14718
14718
14718
14718
14719
14721
14722
14723
14723
14724
14725
14726
14726
14729
14731
14733
14733
14734
14735
14735
14735
14737
14737
14738
14738
14740
14740
14741
14741
14742
14743
14746
14746
14747
14749
14749
14750
14751
14754
14755
14755
14756
14759
14760
14762
14763
14766
14766
14768
14775
14778
14783
14783
14785
14786
14786
14786
14787
14787
14788
14789
14793
14794
14797
14797
14799
14799
14804
14804
14804
14808
14809
14810
14810
14815
14815
14816
14817
14817
14818
14819
14820
14821
14821
14822
14824
14825
14828
14829
14832
14833
14834
14835
14836
14836
14836
14837
14838
14839
14841
14845
14845
14846
14847
14849
14850
14850
14854
14854
14854
14857
14858
14858
14859
14859
14860
14860
14861
14862
14864
14867
14868
14869
14869
14870
14871
14873
14874
14875
14876
14876
14883
14883
14883
14885
14888
14891
14891
14891
14895
14896
14897
14897
14897
14897
14897
14898
14899
14902
14902
14904
14905
14907
14911
14913
14916
14916
14916
14917
14918
14918
14922
14923
14925
14925
14928
14929
14932
14932
14934
14935
14935
14935
14937
14939
14939
14939
14939
14940
14940
14941
14944
14946
14947
14947
14950
14952
14952
14954
14954
14956
14958
14961
14963
14963
14971
14974
14977
14977
14978
14979
14980
14980
14984
14984
14987
14987
14987
14993
14994
14995
14997
15000
15002
15002
15004
15006
15011
15012
15012
15012
15013
15014
15015
15016
15018
15023
15023
15024
15027
15027
15028
15028
15028
15032
15034
15035
15036
15036
15037
15038
15040
15046
15048
15048
15050
15052
15053
15054
15054
15055
15056
15059
15065
15065
15071
15077
15079
15080
15081
15082
15083
15085
15088
15091
15091
15093
15093
15093
15095
15096
15098
15098
15099
15100
15100
15100
15100
15100
15107
15109
15111
15115
15116
15119
15119
15120
15121
15121
15122
15123
15123
15128
15128
15129
15132
15133
15134
15134
15139
15140
15140
15140
15141
15143
15145
15146
15149
15149
15150
15151
15153
15153
15154
15158
15159
15161
15163
15166
15167
15167
15168
15169
15171
15173
15174
15175
15176
15180
15181
15182
15183
15184
15185
15187
15187
15187
15189
15194
15197
15197
15198
15199
15199
15204
15204
15205
15205
15205
15206
15206
15207
15207
15208
15209
15211
15212
15213
15218
15218
15219
15221
15221
15222
15223
15225
15226
15227
15234
15236
15237
15239
15239
15242
15244
15249
15249
15252
15252
15253
15254
15254
15257
15260
15261
15263
15264
15265
15267
15269
15270
15270
15271
15273
15277
15277
15279
15281
15282
15282
15283
15283
15284
15286
15288
15289
15290
15290
15291
15291
15294
15294
15296
15299
15299
15302
15302
15303
15305
15308
15311
15312
15315
15316
15319
15321
15328
15329
15330
15333
15334
15336
15336
15338
15338
15339
15340
15340
15340
15340
15341
15341
15343
15343
15345
15346
15348
15348
15348
15350
15351
15353
15353
15355
15361
15363
15367
15370
15373
15373
15374
15377
15379
15380
15384
15384
15385
15385
15386
15387
15390
15393
15394
15395
15396
15396
15397
15399
15399
15400
15402
15402
15402
15405
15405
15410
15411
15412
15415
15416
15416
15416
15418
15419
15420
15420
15421
15427
15427
15427
15431
15433
15434
15437
15437
15438
15438
15439
15444
15445
15447
15452
15452
15454
15456
15458
15459
15460
15461
15464
15464
15465
15465
15465
15466
15466
15468
15469
15471
15471
15475
15475
15475
15475
15476
15477
15478
15478
15479
15479
15480
15482
15484
15485
15488
15491
15491
15493
15496
15496
15499
15499
15503
15504
15506
15506
15508
15510
15510
15512
15515
15515
15515
15516
15518
15520
15521
15522
15523
15523
15523
15526
15526
15528
15529
15531
15531
15533
15536
15539
15539
15542
15544
15545
15545
15554
15555
15557
15557
15558
15558
15558
15559
15559
15561
15563
15564
15564
15565
15565
15568
15569
15571
15572
15573
15574
15574
15574
15575
15575
15577
15577
15583
15584
15585
15587
15588
15590
15591
15591
15592
15592
15593
15594
15595
15600
15601
15602
15603
15605
15606
15606
15607
15609
15612
15615
15616
15621
15626
15627
15627
15628
15629
15629
15630
15631
15635
15636
15638
15638
15639
15640
15640
15641
15642
15643
15643
15643
15646
15646
15653
15653
15653
15653
15654
15655
15656
15658
15659
15663
15663
15663
15667
15670
15670
15673
15673
15676
15681
15681
15683
15685
15685
15687
15689
15690
15690
15692
15692
15693
15694
15694
15695
15695
15697
15698
15699
15699
15701
15702
15705
15706
15706
15706
15708
15708
15709
15711
15713
15713
15714
15715
15717
15724
15725
15726
15726
15728
15730
15730
15737
15737
15738
15741
15742
15744
15744
15745
15745
15747
15747
15750
15750
15750
15751
15752
15752
15755
15757
15759
15764
15767
15768
15769
15770
15771
15776
15776
15777
15777
15778
15780
15780
15780
15786
15788
15792
15792
15792
15793
15794
15797
15797
15798
15799
15799
15801
15801
15801
15802
15802
15803
15805
15809
15811
15813
15814
15815
15816
15820
15821
15823
15824
15825
15825
15826
15826
15827
15827
15828
15833
15836
15837
15837
15838
15839
15840
15840
15841
15843
15845
15847
15848
15848
15849
15850
15850
15854
15854
15856
15858
15859
15861
15863
15865
15871
15871
15872
15872
15876
15879
15879
15879
15880
15881
15881
15881
15884
15884
15885
15886
15887
15888
15889
15890
15892
15894
15895
15896
15898
15899
15903
15905
15905
15906
15908
15908
15908
15909
15909
15910
15911
15913
15914
15915
15915
15915
15916
15917
15917
15917
15918
15921
15922
15922
15923
15923
15924
15930
15930
15932
15935
15936
15937
15939
15940
15943
15944
15945
15948
15955
15956
15956
15958
15959
15959
15960
15961
15961
15961
15961
15961
15962
15962
15963
15967
15967
15970
15970
15973
15973
15975
15975
15976
15976
15977
15977
15978
15979
15980
15981
15981
15982
15983
15983
15984
15984
15986
15986
15987
15988
15988
15990
15990
15991
15993
15993
15994
15996
15997
16003
16003
16004
16007
16008
16010
16010
16010
16011
16012
16013
16016
16016
16017
16019
16019
16020
16023
16026
16029
16031
16032
16037
16039
16041
16043
16043
16044
16046
16048
16049
16050
16051
16053
16055
16056
16057
16058
16058
16059
16059
16059
16060
16061
16063
16064
16070
16071
16072
16074
16075
16076
16077
16078
16080
16081
16083
16083
16085
16085
16087
16088
16089
16090
16090
16090
16091
16092
16092
16095
16096
16097
16101
16101
16102
16103
16104
16107
16110
16110
16112
16112
16112
16112
16113
16113
16113
16114
16115
16117
16118
16119
16119
16121
16124
16125
16125
16130
16132
16133
16133
16135
16137
16137
16138
16139
16140
16141
16142
16143
16144
16144
16147
16149
16150
16152
16153
16155
16156
16157
16158
16159
16159
16159
16160
16161
16162
16165
16166
16166
16166
16167
16168
16168
16168
16169
16169
16170
16170
16173
16176
16176
16177
16177
16181
16181
16183
16190
16192
16194
16195
16195
16196
16197
16201
16201
16201
16202
16206
16208
16209
16209
16209
16210
16213
16213
16214
16217
16217
16217
16221
16222
16223
16225
16229
16229
16231
16235
16239
16239
16241
16241
16242
16243
16245
16245
16247
16247
16248
16250
16252
16256
16257
16257
16258
16259
16260
16262
16262
16265
16265
16265
16267
16269
16269
16272
16272
16274
16274
16277
16279
16279
16281
16282
16283
16284
16285
16286
16286
16287
16287
16288
16288
16290
16290
16290
16291
16291
16295
16296
16300
16301
16301
16302
16303
16305
16305
16306
16307
16307
16307
16307
16310
16312
16313
16314
16314
16315
16315
16321
16321
16323
16323
16328
16328
16329
16329
16330
16332
16333
16341
16342
16344
16344
16344
16346
16347
16350
16351
16354
16356
16361
16362
16362
16363
16363
16364
16364
16365
16369
16369
16370
16373
16374
16377
16377
16378
16380
16381
16383
16384
16387
16388
16388
16388
16390
16391
16393
16395
16395
16396
16398
16401
16401
16404
16405
16412
16415
16418
16418
16420
16420
16422
16422
16428
16430
16431
16432
16432
16433
16434
16435
16437
16438
16438
16441
16443
16443
16445
16445
16445
16445
16445
16448
16448
16451
16452
16453
16454
16456
16456
16457
16457
16458
16458
16459
16459
16460
16461
16462
16464
16465
16465
16465
16468
16468
16471
16472
16472
16473
16473
16475
16475
16477
16477
16478
16480
16482
16483
16483
16489
16490
16491
16491
16494
16495
16495
16496
16498
16504
16504
16505
16506
16508
16508
16510
16512
16516
16517
16519
16521
16521
16523
16524
16526
16526
16527
16528
16529
16529
16529
16532
16534
16534
16539
16544
16549
16550
16550
16553
16553
16556
16558
16559
16559
16562
16562
16566
16567
16570
16570
16570
16571
16573
16574
16574
16574
16575
16575
16575
16576
16576
16576
16577
16577
16578
16581
16582
16583
16584
16586
16587
16591
16591
16592
16593
16595
16596
16597
16598
16599
16604
16604
16605
16607
16608
16609
16609
16610
16611
16613
16614
16617
16619
16619
16620
16622
16623
16623
16624
16625
16625
16627
16628
16629
16630
16632
16632
16633
16633
16634
16635
16638
16640
16641
16642
16644
16650
16651
16651
16651
16651
16652
16652
16654
16654
16656
16656
16657
16658
16660
16661
16661
16662
16662
16664
16665
16665
16666
16666
16666
16668
16671
16672
16672
16672
16673
16674
16676
16676
16677
16678
16680
16681
16681
16682
16683
16685
16685
16686
16689
16694
16698
16698
16699
16699
16700
16702
16704
16708
16710
16713
16715
16716
16717
16720
16722
16725
16733
16734
16734
16735
16736
16738
16739
16740
16740
16741
16742
16742
16742
16746
16748
16749
16756
16757
16758
16758
16758
16759
16760
16762
16763
16764
16764
16765
16766
16767
16770
16771
16771
16772
16773
16774
16778
16778
16780
16781
16782
16783
16783
16785
16785
16788
16788
16789
16790
16791
16792
16793
16794
16795
16795
16797
16798
16801
16806
16807
16809
16811
16816
16817
16817
16819
16821
16826
16829
16835
16836
16836
16838
16838
16838
16839
16840
16843
16843
16845
16847
16853
16854
16857
16858
16861
16862
16865
16867
16867
16868
16869
16869
16870
16871
16871
16874
16874
16874
16875
16876
16877
16878
16878
16878
16878
16879
16880
16881
16885
16886
16886
16886
16888
16892
16892
16892
16892
16893
16893
16901
16903
16903
16903
16908
16910
16911
16912
16912
16912
16915
16916
16917
16918
16919
16921
16921
16923
16925
16927
16927
16932
16932
16933
16935
16936
16936
16936
16936
16941
16942
16944
16944
16946
16946
16947
16947
16948
16949
16950
16951
16952
16953
16955
16955
16956
16956
16957
16960
16960
16961
16962
16963
16963
16964
16964
16965
16970
16973
16974
16974
16978
16979
16979
16982
16983
16985
16985
16985
16986
16986
16989
16992
16993
16996
16996
16997
16998
17003
17007
17009
17011
17011
17012
17015
17017
17017
17017
17017
17018
17019
17025
17026
17027
17028
17030
17030
17030
17030
17033
17033
17034
17035
17036
17041
17041
17042
17044
17046
17046
17046
17047
17047
17047
17047
17050
17052
17052
17053
17055
17055
17055
17058
17060
17061
17062
17063
17063
17063
17065
17066
17068
17068
17068
17070
17072
17073
17073
17073
17075
17077
17077
17079
17081
17082
17082
17083
17086
17089
17091
17091
17092
17092
17092
17092
17095
17096
17097
17098
17102
17103
17104
17105
17105
17107
17110
17110
17111
17111
17112
17113
17115
17116
17117
17117
17118
17119
17119
17120
17121
17121
17122
17122
17126
17128
17130
17133
17134
17135
17135
17137
17139
17140
17140
17141
17144
17145
17147
17151
17152
17153
17156
17157
17162
17164
17166
17166
17167
17168
17173
17174
17176
17176
17178
17182
17182
17184
17186
17186
17186
17189
17190
17190
17190
17191
17191
17194
17196
17197
17197
17199
17201
17201
17205
17206
17207
17207
17209
17209
17210
17216
17216
17218
17218
17222
17224
17225
17225
17225
17228
17228
17229
17234
17234
17236
17236
17236
17237
17237
17238
17239
17240
17242
17242
17243
17243
17245
17246
17248
17249
17249
17252
17253
17254
17257
17259
17261
17261
17262
17266
17267
17270
17270
17271
17272
17272
17274
17276
17278
17280
17282
17282
17283
17283
17285
17286
17287
17288
17291
17292
17292
17292
17294
17300
17304
17304
17305
17307
17307
17310
17310
17310
17312
17316
17316
17317
17318
17319
17322
17322
17323
17325
17327
17327
17328
17330
17330
17331
17332
17333
17334
17337
17338
17352
17352
17353
17356
17357
17357
17359
17362
17363
17365
17367
17370
17372
17372
17372
17375
17377
17377
17377
17378
17382
17383
17384
17385
17386
17386
17388
17391
17391
17392
17392
17395
17398
17399
17401
17403
17403
17405
17405
17407
17407
17410
17410
17411
17413
17414
17414
17414
17416
17419
17419
17422
17426
17427
17429
17430
17431
17432
17432
17434
17434
17434
17435
17440
17443
17444
17444
17444
17447
17448
17449
17452
17452
17452
17452
17453
17456
17456
17456
17457
17460
17460
17461
17462
17462
17463
17463
17464
17468
17469
17473
17474
17474
17476
17477
17477
17478
17479
17479
17480
17480
17480
17481
17482
17484
17486
17491
17492
17492
17492
17493
17493
17493
17497
17497
17498
17500
17501
17501
17504
17505
17506
17508
17513
17517
17518
17523
17524
17524
17524
17525
17526
17526
17526
17529
17530
17530
17532
17533
17537
17537
17538
17540
17542
17542
17545
17545
17545
17546
17547
17548
17549
17550
17551
17551
17553
17555
17557
17557
17560
17562
17567
17567
17567
17569
17569
17572
17573
17575
17579
17581
17587
17587
17588
17589
17589
17590
17590
17590
17592
17596
17596
17597
17601
17602
17606
17607
17608
17608
17609
17611
17612
17613
17614
17615
17618
17619
17620
17621
17621
17621
17624
17624
17627
17627
17628
17631
17632
17632
17634
17635
17636
17638
17638
17639
17641
17642
17642
17642
17648
17652
17656
17658
17659
17662
17663
17667
17668
17668
17673
17673
17676
17676
17678
17679
17681
17683
17683
17683
17683
17684
17685
17686
17687
17687
17688
17688
17689
17689
17690
17693
17693
17695
17700
17705
17708
17708
17710
17710
17711
17711
17713
17714
17715
17716
17717
17719
17719
17721
17722
17726
17726
17727
17730
17732
17734
17734
17735
17737
17739
17739
17740
17741
17742
17746
17746
17746
17748
17749
17751
17752
17754
17754
17758
17758
17759
17761
17762
17762
17766
17766
17767
17768
17768
17774
17779
17780
17781
17781
17782
17782
17784
17787
17788
17790
17794
17794
17794
17794
17795
17796
17797
17797
17798
17798
17800
17800
17801
17802
17804
17805
17807
17808
17810
17810
17811
17814
17817
17818
17819
17822
17824
17824
17825
17826
17827
17828
17829
17832
17833
17836
17840
17842
17845
17846
17847
17849
17851
17852
17852
17852
17853
17855
17855
17856
17857
17858
17863
17863
17864
17865
17865
17865
17866
17868
17869
17870
17871
17873
17874
17876
17877
17878
17878
17879
17881
17881
17882
17883
17883
17884
17887
17888
17888
17889
17890
17891
17893
17894
17895
17896
17897
17897
17898
17898
17899
17899
17900
17901
17901
17901
17904
17905
17905
17905
17907
17909
17910
17912
17913
17915
17916
17918
17918
17919
17919
17920
17922
17922
17924
17924
17924
17926
17926
17926
17929
17930
17933
17935
17937
17941
17942
17942
17946
17947
17949
17950
17952
17954
17955
17955
17956
17956
17958
17959
17959
17965
17967
17969
17970
17970
17970
17971
17972
17972
17972
17972
17974
17980
17984
17987
17989
17989
17990
17991
17991
17992
17992
17992
17992
17995
17998
17998
18000
18001
18001
18002
18004
18006
18007
18010
18013
18014
18017
18023
18023
18025
18026
18026
18027
18028
18029
18030
18030
18031
18031
18032
18032
18035
18036
18037
18037
18039
18041
18042
18044
18044
18044
18045
18045
18046
18046
18047
18049
18050
18054
18057
18060
18063
18064
18065
18065
18066
18068
18068
18070
18070
18070
18071
18072
18077
18079
18080
18083
18085
18085
18086
18087
18087
18087
18090
18092
18092
18101
18102
18104
18104
18106
18106
18109
18110
18111
18112
18115
18120
18122
18122
18123
18126
18126
18126
18129
18129
18130
18130
18131
18131
18133
18133
18134
18134
18135
18136
18137
18138
18138
18139
18139
18140
18142
18142
18147
18148
18149
18149
18151
18153
18154
18155
18157
18160
18161
18162
18165
18165
18165
18166
18169
18170
18171
18171
18173
18176
18176
18176
18177
18177
18177
18182
18184
18190
18191
18192
18194
18195
18195
18196
18197
18197
18198
18202
18203
18205
18207
18209
18210
18210
18210
18212
18213
18213
18214
18214
18218
18219
18219
18226
18229
18231
18233
18234
18235
18238
18238
18241
18242
18244
18247
18248
18249
18250
18251
18253
18253
18256
18256
18257
18261
18261
18263
18263
18265
18266
18267
18268
18269
18270
18278
18281
18283
18286
18287
18288
18289
18290
18291
18294
18294
18294
18295
18295
18296
18301
18302
18303
18304
18305
18306
18306
18306
18309
18311
18311
18312
18313
18314
18315
18317
18318
18319
18322
18323
18324
18325
18326
18326
18327
18329
18330
18330
18332
18332
18333
18335
18338
18339
18340
18342
18343
18346
18347
18347
18351
18355
18355
18357
18358
18361
18362
18362
18363
18363
18363
18369
18369
18369
18369
18371
18374
18374
18374
18375
18375
18377
18378
18381
18382
18382
18384
18385
18386
18386
18387
18388
18388
18388
18389
18390
18390
18391
18391
18392
18393
18396
18396
18401
18402
18404
18405
18407
18408
18409
18412
18413
18413
18413
18417
18417
18419
18420
18421
18423
18425
18426
18426
18429
18429
18429
18430
18433
18434
18436
18437
18437
18437
18442
18442
18442
18444
18447
18448
18449
18452
18455
18455
18459
18461
18461
18462
18462
18465
18467
18474
18476
18478
18478
18480
18480
18481
18482
18484
18486
18487
18489
18493
18494
18495
18498
18502
18505
18506
18506
18506
18508
18508
18509
18512
18515
18517
18517
18520
18523
18523
18523
18524
18525
18527
18528
18532
18533
18535
18538
18540
18540
18542
18542
18545
18546
18548
18548
18548
18549
18550
18552
18556
18557
18559
18562
18564
18565
18565
18567
18567
18568
18569
18569
18569
18569
18574
18577
18579
18580
18582
18586
18586
18587
18589
18589
18593
18596
18597
18598
18599
18599
18600
18601
18603
18604
18604
18606
18608
18608
18608
18610
18611
18612
18615
18616
18619
18619
18620
18620
18621
18622
18624
18624
18625
18626
18627
18629
18630
18633
18634
18634
18636
18639
18639
18642
18643
18645
18645
18646
18648
18649
18650
18650
18651
18651
18652
18653
18654
18654
18655
18657
18657
18658
18658
18661
18662
18662
18662
18665
18666
18668
18671
18672
18674
18675
18675
18676
18678
18680
18681
18683
18687
18688
18689
18690
18692
18692
18692
18693
18693
18695
18695
18699
18702
18705
18706
18707
18709
18715
18715
18715
18716
18719
18725
18725
18727
18729
18730
18730
18737
18738
18740
18740
18741
18743
18744
18744
18745
18745
18746
18746
18748
18749
18749
18750
18755
18757
18759
18761
18765
18766
18767
18767
18768
18769
18769
18769
18770
18772
18772
18773
18774
18774
18776
18778
18778
18780
18780
18785
18785
18786
18787
18787
18788
18790
18794
18796
18796
18798
18798
18799
18800
18800
18800
18800
18802
18806
18807
18808
18812
18819
18822
18822
18823
18824
18824
18824
18825
18826
18827
18828
18828
18829
18835
18835
18835
18835
18839
18841
18842
18844
18845
18846
18846
18848
18848
18850
18854
18854
18857
18858
18863
18864
18864
18866
18868
18870
18871
18871
18872
18876
18877
18879
18879
18879
18882
18882
18885
18885
18885
18892
18898
18899
18900
18900
18900
18903
18903
18904
18905
18909
18909
18911
18911
18912
18912
18913
18913
18914
18917
18918
18919
18920
18921
18922
18924
18928
18929
18933
18935
18937
18937
18937
18938
18938
18940
18941
18942
18943
18944
18945
18945
18946
18947
18947
18948
18951
18953
18953
18953
18957
18958
18959
18960
18960
18960
18962
18963
18964
18964
18965
18969
18970
18973
18975
18977
18978
18987
18989
18990
18991
18995
18996
18996
18998
18999
18999
19000
19002
19003
19004
19006
19006
19010
19010
19011
19013
19017
19021
19022
19028
19028
19029
19031
19032
19036
19038
19038
19039
19040
19047
19049
19050
19052
19053
19054
19055
19057
19060
19060
19065
19065
19068
19070
19070
19070
19070
19071
19071
19072
19075
19076
19077
19077
19078
19078
19079
19080
19082
19083
19085
19085
19087
19088
19088
19088
19090
19091
19091
19094
19095
19096
19098
19098
19100
19103
19105
19106
19106
19106
19106
19107
19113
19115
19117
19117
19117
19118
19118
19120
19120
19121
19121
19122
19122
19125
19125
19126
19126
19128
19129
19132
19133
19136
19137
19139
19141
19143
19154
19155
19157
19158
19159
19161
19165
19168
19168
19169
19170
19171
19173
19174
19176
19179
19182
19183
19186
19186
19187
19187
19187
19189
19190
19190
19190
19190
19191
19197
19199
19201
19201
19202
19204
19204
19204
19204
19205
19206
19206
19208
19209
19209
19210
19211
19212
19216
19218
19219
19228
19229
19230
19230
19230
19231
19231
19232
19232
19235
19237
19238
19239
19240
19240
19241
19242
19242
19244
19245
19246
19246
19247
19247
19249
19249
19250
19252
19253
19253
19254
19256
19257
19258
19260
19260
19264
19264
19266
19267
19268
19268
19270
19271
19271
19274
19274
19274
19275
19275
19279
19279
19281
19281
19282
19284
19285
19287
19289
19290
19290
19290
19290
19293
19295
19296
19301
19302
19304
19305
19306
19307
19308
19309
19311
19312
19316
19318
19320
19321
19322
19328
19330
19330
19331
19331
19335
19338
19339
19342
19342
19345
19345
19349
19349
19352
19354
19356
19356
19358
19361
19362
19364
19365
19366
19368
19372
19375
19376
19376
19378
19378
19379
19380
19380
19382
19383
19383
19385
19385
19386
19386
19386
19386
19387
19388
19391
19392
19393
19394
19395
19396
19396
19397
19397
19397
19397
19401
19402
19403
19405
19407
19407
19410
19410
19411
19413
19414
19417
19419
19419
19421
19422
19423
19423
19426
19426
19427
19428
19428
19429
19433
19434
19435
19435
19436
19437
19437
19438
19438
19439
19443
19445
19446
19447
19447
19449
19451
19453
19454
19454
19455
19460
19460
19461
19461
19462
19462
19463
19463
19465
19468
19469
19469
19470
19473
19474
19475
19477
19478
19480
19481
19482
19483
19487
19490
19490
19491
19492
19495
19496
19497
19498
19498
19499
19502
19504
19504
19504
19505
19506
19508
19509
19509
19512
19515
19517
19517
19520
19521
19522
19523
19526
19527
19528
19529
19529
19530
19531
19532
19535
19535
19536
19537
19539
19540
19540
19543
19544
19545
19545
19547
19548
19549
19550
19552
19552
19553
19554
19557
19559
19559
19561
19562
19563
19565
19565
19565
19566
19568
19568
19571
19571
19573
19576
19576
19580
19581
19581
19582
19584
19584
19589
19590
19593
19593
19593
19593
19594
19597
19598
19599
19602
19603
19604
19607
19607
19609
19611
19611
19612
19614
19614
19615
19618
19619
19620
19621
19622
19623
19623
19623
19623
19628
19629
19629
19630
19631
19631
19632
19633
19633
19634
19634
19635
19637
19637
19639
19641
19642
19643
19643
19644
19645
19645
19647
19647
19649
19651
19654
19655
19655
19657
19658
19659
19661
19661
19663
19664
19664
19668
19669
19672
19672
19672
19674
19674
19676
19677
19677
19681
19681
19682
19685
19685
19686
19688
19689
19689
19693
19696
19696
19701
19705
19705
19705
19706
19706
19707
19709
19712
19713
19714
19715
19716
19718
19719
19721
19721
19721
19722
19722
19722
19725
19725
19725
19726
19728
19729
19729
19729
19729
19732
19733
19736
19737
19738
19738
19738
19741
19746
19747
19748
19748
19751
19753
19753
19753
19755
19755
19757
19757
19759
19760
19760
19761
19762
19762
19763
19764
19765
19768
19768
19768
19769
19771
19775
19775
19781
19785
19785
19785
19785
19787
19787
19790
19790
19790
19792
19802
19802
19807
19808
19808
19811
19811
19812
19814
19816
19817
19818
19819
19819
19820
19823
19826
19826
19826
19827
19827
19829
19830
19833
19833
19834
19836
19837
19838
19839
19842
19843
19844
19845
19845
19845
19847
19849
19849
19857
19857
19858
19858
19858
19861
19862
19863
19864
19865
19865
19865
19867
19867
19868
19872
19873
19874
19874
19875
19877
19877
19878
19881
19881
19881
19882
19886
19886
19887
19888
19890
19890
19892
19893
19894
19896
19897
19898
19903
19905
19906
19908
19909
19912
19914
19915
19916
19917
19920
19924
19924
19927
19927
19931
19935
19939
19940
19940
19941
19944
19944
19944
19947
19947
19949
19950
19952
19953
19960
19961
19962
19963
19965
19968
19972
19975
19976
19977
19978
19982
19982
19984
19985
19985
19987
19987
19988
19989
19989
19991
20000
20001
20003
20004
20005
20005
20006
20006
20006
20006
20007
20009
20009
20011
20011
20013
20013
20013
20014
20015
20016
20018
20023
20027
20028
20030
20032
20037
20038
20039
20041
20043
20044
20045
20046
20046
20049
20050
20052
20054
20055
20056
20058
20058
20061
20062
20063
20063
20064
20065
20065
20068
20069
20070
20072
20073
20073
20073
20075
20078
20079
20079
20079
20080
20082
20082
20083
20084
20085
20087
20087
20088
20090
20090
20093
20094
20095
20095
20097
20097
20100
20100
20100
20102
20102
20104
20104
20105
20105
20106
20111
20114
20116
20116
20118
20120
20120
20121
20122
20127
20130
20131
20134
20135
20136
20137
20139
20140
20141
20141
20143
20145
20145
20146
20147
20148
20149
20150
20151
20153
20154
20156
20160
20161
20162
20166
20167
20170
20170
20171
20172
20174
20175
20175
20181
20182
20182
20183
20184
20185
20186
20187
20189
20189
20190
20194
20196
20198
20198
20199
20199
20202
20203
20209
20209
20209
20209
20210
20210
20210
20211
20211
20211
20212
20215
20218
20219
20223
20224
20224
20225
20226
20227
20227
20228
20229
20229
20232
20233
20236
20236
20236
20237
20238
20238
20238
20245
20245
20246
20248
20248
20252
20254
20254
20256
20261
20261
20262
20263
20264
20265
20269
20271
20273
20276
20276
20277
20280
20281
20282
20283
20284
20285
20287
20288
20291
20293
20293
20295
20295
20296
20297
20297
20297
20297
20298
20299
20300
20302
20302
20303
20304
20310
20311
20312
20312
20317
20319
20320
20321
20321
20323
20325
20326
20326
20330
20331
20333
20334
20334
20338
20340
20342
20343
20344
20345
20348
20349
20352
20353
20353
20354
20355
20357
20357
20360
20360
20361
20364
20365
20367
20370
20370
20371
20371
20372
20372
20375
20375
20377
20377
20377
20378
20379
20380
20380
20380
20381
20382
20382
20385
20387
20390
20391
20392
20393
20394
20395
20398
20399
20400
20400
20401
20402
20404
20404
20407
20408
20408
20409
20411
20412
20413
20414
20414
20414
20416
20418
20420
20421
20423
20423
20427
20427
20427
20428
20431
20432
20433
20434
20434
20435
20435
20435
20437
20438
20438
20440
20440
20441
20445
20451
20453
20457
20457
20457
20457
20459
20466
20467
20468
20471
20471
20472
20474
20475
20476
20478
20478
20480
20482
20483
20483
20484
20485
20487
20487
20488
20491
20495
20496
20497
20499
20500
20500
20500
20501
20501
20502
20508
20509
20509
20510
20512
20512
20514
20515
20516
20517
20518
20520
20522
20524
20527
20529
20532
20533
20535
20535
20536
20536
20538
20538
20539
20544
20545
20547
20547
20547
20549
20551
20552
20553
20554
20554
20555
20556
20556
20557
20558
20559
20559
20567
20571
20571
20571
20573
20574
20574
20575
20575
20577
20583
20585
20587
20590
20591
20591
20593
20596
20597
20597
20598
20604
20605
20606
20607
20607
20608
20608
20609
20610
20611
20611
20612
20614
20614
20615
20615
20616
20616
20619
20619
20620
20623
20624
20625
20627
20628
20629
20630
20630
20631
20633
20633
20634
20636
20637
20637
20637
20639
20640
20640
20643
20646
20647
20647
20649
20650
20650
20652
20653
20653
20654
20654
20654
20657
20658
20658
20658
20659
20659
20660
20662
20663
20666
20667
20667
20668
20669
20671
20673
20674
20677
20678
20679
20682
20686
20691
20691
20694
20694
20694
20695
20695
20695
20696
20697
20698
20698
20699
20702
20702
20705
20706
20709
20710
20712
20717
20718
20719
20720
20720
20723
20725
20725
20726
20729
20730
20730
20735
20736
20738
20738
20738
20748
20749
20751
20753
20753
20754
20755
20756
20758
20758
20758
20760
20761
20761
20762
20763
20763
20763
20763
20764
20767
20769
20770
20776
20776
20777
20781
20782
20785
20788
20788
20789
20790
20790
20790
20791
20792
20796
20797
20799
20803
20804
20805
20809
20809
20810
20810
20810
20810
20810
20811
20811
20812
20813
20815
20817
20818
20818
20820
20820
20825
20827
20827
20828
20829
20829
20830
20831
20831
20831
20837
20837
20837
20838
20844
20845
20846
20847
20847
20850
20853
20853
20857
20860
20861
20863
20863
20863
20865
20865
20866
20866
20866
20868
20868
20871
20871
20873
20874
20875
20875
20875
20877
20879
20879
20883
20883
20886
20887
20889
20890
20894
20896
20896
20896
20897
20897
20898
20900
20900
20903
20903
20904
20905
20905
20905
20906
20908
20911
20912
20913
20914
20916
20916
20916
20916
20917
20918
20919
20920
20922
20926
20927
20927
20928
20928
20932
20932
20933
20933
20934
20936
20937
20938
20940
20942
20943
20943
20951
20951
20951
20951
20954
20957
20958
20959
20959
20962
20963
20964
20968
20968
20968
20969
20978
20978
20978
20979
20983
20983
20984
20985
20988
20992
20992
20992
20992
20996
20998
20998
21000
21002
21008
21011
21013
21013
21023
21023
21023
21025
21025
21026
21027
21029
21030
21033
21036
21036
21037
21038
21039
21041
21042
21042
21047
21049
21052
21053
21054
21056
21056
21057
21058
21061
21061
21063
21065
21065
21067
21067
21073
21074
21074
21076
21077
21077
21078
21078
21079
21081
21082
21084
21087
21088
21088
21089
21090
21090
21090
21091
21093
21093
21093
21095
21096
21097
21097
21097
21098
21098
21099
21099
21101
21101
21102
21106
21107
21107
21107
21107
21110
21111
21113
21113
21115
21115
21115
21117
21119
21123
21124
21125
21127
21128
21129
21129
21131
21131
21134
21134
21137
21138
21138
21139
21139
21140
21142
21142
21143
21144
21145
21145
21146
21146
21147
21148
21148
21148
21148
21148
21150
21150
21153
21156
21159
21159
21161
21162
21163
21163
21163
21164
21164
21168
21170
21175
21175
21176
21176
21178
21180
21180
21180
21181
21183
21185
21185
21189
21191
21192
21192
21195
21196
21197
21198
21200
21202
21204
21204
21205
21205
21205
21207
21210
21211
21212
21214
21217
21217
21217
21218
21224
21224
21229
21230
21231
21236
21238
21238
21239
21239
21240
21241
21242
21242
21242
21245
21247
21247
21248
21248
21253
21254
21254
21257
21258
21258
21260
21260
21260
21260
21261
21262
21262
21263
21264
21264
21264
21265
21266
21266
21268
21268
21269
21270
21270
21272
21273
21273
21273
21275
21278
21278
21280
21282
21282
21284
21284
21285
21291
21293
21293
21294
21294
21294
21296
21298
21298
21301
21302
21303
21305
21305
21305
21306
21307
21309
21310
21313
21314
21315
21317
21318
21318
21323
21325
21325
21325
21327
21327
21327
21327
21327
21330
21332
21332
21332
21334
21336
21336
21338
21338
21339
21340
21343
21345
21345
21348
21348
21348
21350
21352
21352
21352
21352
21352
21357
21361
21361
21361
21363
21363
21364
21365
21365
21366
21368
21368
21369
21369
21370
21371
21372
21374
21375
21375
21375
21376
21379
21380
21381
21384
21384
21385
21387
21389
21389
21389
21391
21392
21392
21393
21393
21393
21393
21394
21397
21397
21400
21401
21401
21403
21404
21405
21405
21406
21407
21407
21407
21408
21409
21409
21412
21415
21416
21417
21418
21419
21420
21422
21423
21424
21424
21425
21427
21428
21428
21429
21430
21432
21434
21437
21438
21441
21441
21442
21443
21444
21444
21445
21445
21449
21453
21454
21456
21461
21461
21462
21467
21470
21473
21474
21475
21479
21479
21480
21481
21484
21484
21487
21491
21494
21496
21496
21496
21497
21497
21498
21499
21500
21501
21501
21503
21504
21504
21508
21509
21510
21511
21511
21511
21512
21513
21513
21517
21520
21522
21523
21524
21525
21525
21528
21530
21530
21530
21531
21533
21535
21536
21536
21536
21537
21539
21541
21543
21544
21548
21548
21548
21549
21555
21556
21556
21557
21558
21559
21560
21561
21563
21563
21564
21565
21567
21568
21568
21568
21572
21574
21574
21576
21579
21579
21581
21582
21582
21584
21584
21584
21584
21585
21586
21587
21590
21593
21594
21598
21598
21599
21599
21599
21600
21601
21601
21604
21605
21606
21607
21610
21613
21613
21615
21617
21617
21618
21618
21618
21619
21619
21619
21621
21623
21623
21624
21625
21625
21626
21626
21627
21630
21631
21632
21632
21633
21636
21637
21637
21641
21642
21644
21644
21648
21649
21651
21651
21653
21654
21656
21666
21671
21673
21674
21674
21674
21675
21678
21679
21681
21682
21682
21685
21687
21687
21688
21689
21689
21692
21693
21694
21694
21694
21694
21696
21697
21702
21708
21709
21711
21711
21712
21716
21716
21717
21719
21719
21722
21726
21726
21729
21729
21730
21732
21733
21735
21735
21736
21744
21746
21746
21747
21748
21748
21749
21750
21750
21751
21757
21757
21758
21759
21759
21761
21763
21763
21763
21764
21764
21769
21769
21771
21772
21773
21773
21774
21774
21775
21775
21776
21776
21776
21777
21778
21779
21782
21783
21786
21789
21791
21791
21794
21795
21797
21800
21806
21806
21807
21807
21807
21808
21809
21810
21811
21812
21812
21813
21814
21814
21816
21819
21821
21821
21825
21826
21827
21828
21831
21831
21836
21836
21836
21836
21843
21847
21847
21847
21849
21850
21851
21851
21852
21854
21855
21855
21856
21860
21863
21864
21865
21865
21866
21870
21877
21877
21880
21885
21887
21888
21890
21890
21890
21891
21891
21891
21898
21898
21899
21900
21904
21907
21910
21910
21910
21915
21918
21918
21919
21920
21921
21922
21922
21922
21923
21925
21926
21928
21929
21930
21931
21933
21933
21935
21937
21940
21941
21946
21946
21946
21955
21956
21958
21961
21962
21963
21964
21965
21965
21966
21966
21967
21968
21969
21970
21970
21972
21976
21976
21978
21980
21981
21984
21985
21987
21987
21990
21990
21992
21992
21993
21993
21995
21996
21998
22000
22000
22000
22004
22007
22009
22010
22012
22013
22013
22014
22016
22019
22021
22022
22023
22024
22025
22028
22030
22030
22030
22035
22036
22037
22038
22040
22041
22042
22047
22048
22049
22050
22050
22052
22053
22053
22055
22057
22058
22059
22060
22062
22064
22064
22069
22069
22071
22072
22075
22076
22076
22078
22082
22083
22089
22089
22090
22091
22091
22091
22093
22096
22099
22100
22100
22101
22102
22102
22103
22103
22104
22106
22106
22108
22115
22117
22119
22120
22120
22122
22124
22125
22125
22126
22128
22130
22133
22133
22133
22135
22140
22140
22141
22141
22144
22145
22147
22148
22150
22150
22153
22153
22154
22155
22158
22158
22159
22159
22159
22160
22161
22162
22163
22164
22166
22168
22170
22172
22173
22173
22175
22177
22178
22180
22180
22182
22184
22188
22189
22189
22190
22192
22197
22199
22201
22203
22204
22204
22205
22207
22208
22213
22214
22216
22217
22218
22219
22220
22222
22223
22224
22226
22227
22229
22230
22230
22230
22231
22231
22232
22233
22233
22233
22235
22237
22237
22239
22240
22242
22242
22242
22245
22246
22246
22248
22248
22250
22252
22253
22254
22255
22255
22255
22255
22256
22258
22262
22262
22263
22266
22267
22269
22269
22269
22270
22271
22274
22276
22277
22277
22277
22277
22278
22278
22280
22280
22280
22281
22282
22282
22284
22287
22290
22291
22291
22292
22293
22294
22294
22295
22295
22295
22296
22299
22300
22301
22301
22302
22302
22304
22308
22308
22312
22314
22315
22316
22317
22319
22323
22325
22327
22328
22330
22331
22332
22332
22332
22334
22335
22335
22335
22337
22341
22343
22344
22347
22353
22354
22355
22355
22355
22355
22356
22358
22360
22360
22360
22361
22365
22366
22368
22368
22369
22372
22373
22373
22373
22374
22374
22377
22378
22378
22379
22380
22380
22381
22382
22382
22382
22384
22385
22386
22386
22386
22387
22388
22388
22391
22392
22392
22394
22394
22394
22394
22395
22395
22397
22400
22400
22401
22402
22402
22404
22407
22407
22408
22408
22409
22409
22410
22413
22414
22418
22418
22419
22420
22421
22422
22422
22422
22424
22427
22428
22431
22434
22434
22434
22435
22435
22436
22438
22440
22441
22442
22443
22443
22443
22445
22446
22446
22450
22453
22458
22460
22460
22461
22463
22464
22467
22468
22469
22472
22475
22476
22478
22478
22478
22481
22481
22481
22482
22485
22486
22486
22489
22490
22490
22490
22492
22495
22497
22498
22498
22498
22498
22499
22500
22500
22501
22502
22502
22503
22504
22505
22505
22505
22506
22508
22510
22512
22512
22513
22513
22514
22517
22521
22523
22524
22525
22527
22529
22529
22529
22530
22531
22532
22532
22534
22534
22536
22538
22539
22540
22541
22541
22541
22542
22543
22543
22545
22546
22547
22547
22548
22549
22549
22550
22550
22554
22555
22558
22558
22559
22560
22561
22562
22564
22564
22565
22566
22566
22566
22568
22568
22568
22570
22571
22573
22573
22576
22576
22577
22581
22582
22582
22583
22584
22585
22587
22590
22591
22592
22593
22594
22595
22599
22602
22603
22604
22604
22604
22605
22609
22610
22610
22611
22612
22618
22620
22621
22624
22626
22628
22628
22630
22631
22632
22632
22633
22635
22635
22638
22640
22641
22642
22644
22644
22646
22647
22647
22649
22650
22650
22651
22652
22652
22653
22653
22653
22655
22656
22656
22657
22658
22660
22663
22663
22663
22665
22665
22667
22668
22670
22671
22672
22672
22674
22676
22676
22678
22678
22679
22679
22681
22683
22683
22683
22686
22686
22687
22688
22688
22688
22689
22689
22690
22690
22691
22692
22695
22697
22697
22697
22698
22698
22700
22701
22704
22707
22708
22708
22714
22717
22719
22719
22722
22722
22722
22725
22725
22726
22727
22729
22733
22733
22733
22736
22739
22740
22741
22743
22744
22751
22753
22760
22762
22762
22764
22764
22764
22764
22767
22769
22775
22775
22776
22776
22776
22779
22780
22786
22788
22791
22792
22792
22794
22794
22794
22795
22798
22799
22799
22799
22799
22800
22802
22802
22802
22803
22804
22804
22805
22805
22807
22809
22813
22814
22814
22815
22815
22815
22815
22819
22819
22820
22820
22822
22822
22822
22824
22829
22831
22832
22833
22833
22833
22835
22836
22838
22838
22838
22838
22838
22840
22840
22842
22845
22846
22848
22849
22849
22850
22853
22853
22856
22858
22859
22860
22862
22862
22863
22863
22864
22864
22867
22872
22872
22872
22876
22876
22877
22878
22879
22881
22881
22881
22882
22885
22891
22894
22894
22895
22898
22900
22900
22903
22904
22904
22905
22906
22906
22908
22908
22909
22912
22912
22914
22915
22916
22918
22918
22918
22919
22920
22923
22923
22924
22929
22931
22931
22932
22933
22935
22936
22937
22940
22941
22942
22942
22943
22944
22949
22950
22951
22952
22953
22955
22961
22962
22963
22963
22963
22965
22965
22967
22967
22967
22971
22971
22974
22974
22977
22979
22980
22986
22989
22989
22991
22991
22992
22993
22993
22995
22998
22999
23000
23001
23003
23005
23005
23009
23009
23010
23011
23012
23013
23013
23014
23016
23017
23019
23020
23020
23024
23025
23025
23026
23028
23030
23030
23030
23033
23035
23035
23037
23037
23038
23041
23043
23046
23046
23046
23047
23047
23049
23050
23051
23051
23053
23053
23053
23055
23056
23056
23059
23062
23064
23066
23067
23068
23069
23072
23077
23078
23078
23079
23080
23082
23083
23084
23084
23085
23087
23090
23092
23093
23094
23094
23096
23096
23097
23098
23099
23103
23104
23104
23105
23108
23108
23109
23110
23111
23112
23114
23115
23118
23119
23121
23123
23123
23123
23124
23125
23126
23127
23129
23129
23130
23134
23135
23136
23136
23141
23141
23143
23144
23144
23148
23149
23149
23150
23152
23155
23156
23157
23157
23157
23160
23161
23162
23162
23164
23165
23166
23166
23166
23171
23176
23178
23179
23181
23183
23186
23189
23189
23192
23198
23198
23200
23201
23201
23204
23209
23209
23210
23211
23213
23214
23215
23215
23216
23218
23219
23221
23221
23222
23223
23224
23224
23224
23226
23229
23231
23231
23231
23232
23236
23237
23238
23239
23241
23243
23244
23246
23247
23247
23248
23248
23251
23251
23251
23252
23253
23255
23256
23256
23260
23266
23269
23270
23273
23273
23274
23274
23274
23275
23277
23278
23279
23280
23282
23283
23285
23285
23285
23286
23286
23289
23290
23290
23292
23295
23297
23299
23299
23300
23301
23301
23302
23304
23305
23307
23308
23309
23311
23311
23312
23312
23313
23317
23320
23322
23324
23325
23326
23327
23328
23329
23330
23330
23331
23333
23333
23334
23334
23337
23337
23337
23338
23339
23340
23343
23343
23344
23344
23347
23348
23349
23351
23351
23351
23353
23356
23360
23362
23363
23365
23365
23366
23373
23375
23376
23376
23376
23380
23381
23382
23383
23383
23383
23383
23386
23388
23389
23392
23393
23394
23398
23398
23398
23400
23400
23401
23401
23405
23406
23407
23409
23410
23411
23412
23413
23415
23415
23416
23416
23417
23417
23419
23422
23422
23425
23426
23429
23430
23430
23431
23431
23432
23433
23433
23434
23434
23437
23438
23440
23440
23441
23442
23442
23443
23445
23445
23446
23447
23450
23452
23453
23455
23456
23458
23459
23461
23463
23467
23470
23471
23472
23474
23476
23476
23477
23483
23485
23488
23488
23489
23491
23491
23493
23493
23497
23499
23501
23501
23504
23504
23504
23506
23509
23510
23510
23516
23516
23517
23517
23518
23519
23520
23521
23521
23521
23523
23524
23525
23526
23527
23528
23528
23530
23534
23536
23539
23540
23541
23543
23544
23546
23547
23547
23551
23551
23556
23557
23559
23561
23563
23563
23568
23570
23571
23572
23573
23574
23575
23576
23579
23580
23583
23584
23587
23588
23589
23589
23589
23590
23592
23594
23594
23594
23594
23596
23597
23597
23597
23597
23599
23599
23601
23604
23607
23607
23608
23609
23609
23609
23611
23612
23612
23614
23617
23620
23621
23621
23622
23625
23625
23626
23626
23629
23632
23634
23635
23635
23636
23636
23638
23641
23642
23645
23645
23648
23649
23650
23650
23650
23658
23660
23660
23661
23663
23664
23664
23668
23670
23671
23672
23672
23673
23674
23675
23677
23678
23679
23679
23680
23682
23687
23689
23691
23693
23693
23694
23696
23701
23704
23704
23705
23705
23706
23710
23712
23713
23714
23714
23715
23715
23716
23717
23719
23719
23719
23720
23724
23725
23725
23726
23727
23730
23731
23731
23731
23732
23732
23733
23733
23733
23736
23736
23737
23737
23738
23740
23742
23745
23745
23747
23751
23751
23753
23757
23759
23759
23761
23761
23762
23762
23763
23765
23765
23765
23767
23768
23769
23769
23770
23770
23771
23773
23774
23775
23776
23776
23777
23779
23779
23780
23781
23781
23782
23784
23786
23788
23793
23793
23795
23796
23796
23797
23801
23801
23802
23804
23804
23808
23808
23809
23811
23814
23815
23815
23817
23820
23820
23823
23824
23825
23827
23828
23829
23832
23833
23833
23838
23838
23839
23839
23840
23840
23841
23841
23842
23842
23842
23844
23844
23845
23845
23846
23846
23854
23856
23857
23859
23859
23860
23860
23863
23864
23864
23864
23867
23868
23868
23872
23874
23874
23880
23880
23881
23881
23883
23883
23884
23885
23885
23886
23887
23890
23890
23892
23894
23894
23895
23897
23898
23898
23899
23899
23900
23902
23906
23906
23906
23907
23908
23909
23909
23910
23911
23912
23912
23915
23916
23922
23923
23925
23925
23926
23928
23931
23932
23934
23936
23938
23940
23940
23940
23940
23949
23950
23950
23953
23954
23954
23956
23956
23958
23961
23962
23963
23965
23965
23966
23967
23968
23968
23970
23970
23970
23971
23972
23973
23974
23975
23976
23978
23978
23979
23980
23985
23987
23990
23990
23991
23993
23994
23995
23997
23998
23999
24001
24002
24004
24004
24005
24006
24006
24008
24008
24009
24012
24016
24017
24018
24019
24023
24025
24026
24027
24027
24027
24028
24029
24032
24033
24033
24034
24037
24041
24041
24043
24044
24045
24048
24051
24052
24053
24057
24059
24060
24063
24064
24065
24065
24066
24068
24071
24072
24075
24075
24078
24080
24080
24081
24081
24083
24083
24083
24084
24085
24090
24092
24092
24093
24094
24094
24094
24096
24099
24100
24101
24102
24103
24105
24105
24109
24113
24115
24116
24116
24119
24122
24123
24125
24125
24125
24126
24126
24127
24133
24137
24138
24139
24142
24142
24143
24144
24145
24145
24146
24147
24148
24149
24150
24151
24158
24158
24159
24161
24162
24163
24163
24167
24169
24170
24171
24171
24173
24175
24176
24179
24179
24180
24182
24184
24185
24187
24189
24190
24190
24193
24193
24196
24197
24198
24203
24204
24204
24204
24205
24207
24207
24208
24210
24210
24210
24216
24218
24219
24219
24221
24223
24225
24225
24226
24228
24230
24230
24231
24231
24232
24232
24233
24235
24238
24238
24239
24243
24243
24245
24248
24252
24253
24255
24256
24257
24258
24258
24258
24258
24259
24260
24262
24263
24265
24265
24266
24267
24270
24273
24277
24278
24279
24279
24280
24281
24283
24285
24287
24288
24288
24289
24290
24291
24291
24293
24294
24296
24297
24297
24298
24299
24302
24302
24302
24303
24305
24306
24307
24309
24309
24310
24310
24310
24312
24313
24314
24315
24317
24317
24317
24323
24328
24328
24328
24329
24331
24333
24335
24336
24338
24339
24339
24341
24343
24344
24345
24346
24348
24350
24351
24356
24356
24359
24363
24365
24365
24366
24367
24370
24371
24372
24372
24374
24374
24374
24375
24375
24375
24381
24382
24383
24383
24383
24385
24388
24388
24388
24391
24394
24396
24396
24402
24402
24404
24404
24408
24410
24414
24414
24415
24415
24416
24417
24417
24420
24424
24426
24430
24435
24436
24437
24439
24440
24442
24443
24443
24443
24445
24446
24446
24446
24448
24449
24453
24453
24454
24456
24457
24461
24462
24463
24467
24469
24470
24474
24474
24475
24475
24476
24477
24479
24481
24481
24481
24482
24483
24485
24486
24486
24488
24489
24490
24492
24493
24494
24495
24498
24501
24504
24506
24509
24510
24512
24513
24513
24514
24514
24518
24521
24521
24525
24527
24529
24530
24530
24530
24532
24532
24535
24536
24536
24537
24539
24542
24543
24544
24546
24547
24549
24549
24550
24551
24552
24555
24555
24555
24556
24559
24559
24562
24563
24563
24564
24566
24566
24569
24569
24569
24571
24571
24573
24574
24575
24576
24576
24577
24577
24577
24577
24578
24578
24579
24583
24588
24589
24590
24592
24593
24593
24594
24595
24596
24599
24599
24600
24601
24603
24605
24606
24607
24609
24611
24611
24613
24613
24614
24615
24617
24618
24621
24624
24624
24625
24626
24626
24627
24627
24627
24628
24629
24630
24631
24632
24633
24633
24633
24634
24636
24636
24636
24636
24638
24641
24641
24643
24644
24645
24648
24650
24652
24655
24655
24657
24657
24660
24661
24661
24663
24664
24664
24665
24665
24666
24670
24670
24671
24671
24672
24673
24674
24675
24678
24678
24682
24682
24684
24684
24684
24685
24687
24687
24693
24696
24696
24697
24697
24698
24698
24699
24699
24700
24702
24702
24705
24706
24708
24708
24709
24712
24713
24713
24717
24717
24719
24719
24720
24721
24722
24722
24723
24723
24723
24728
24730
24730
24732
24732
24733
24733
24734
24735
24739
24739
24739
24741
24742
24744
24746
24747
24747
24750
24751
24752
24754
24755
24755
24755
24756
24758
24760
24760
24763
24763
24764
24767
24768
24769
24770
24771
24771
24771
24771
24775
24779
24779
24782
24785
24786
24787
24788
24789
24789
24790
24792
24792
24793
24793
24795
24797
24799
24800
24801
24801
24801
24803
24803
24803
24806
24808
24808
24808
24809
24811
24812
24813
24814
24814
24815
24816
24817
24817
24818
24819
24821
24821
24823
24824
24826
24826
24827
24829
24830
24830
24833
24835
24836
24840
24840
24846
24847
24848
24848
24848
24849
24850
24851
24851
24854
24854
24855
24855
24855
24855
24857
24859
24859
24860
24860
24861
24862
24863
24864
24864
24865
24867
24867
24869
24870
24870
24871
24874
24876
24877
24879
24879
24879
24884
24886
24887
24890
24891
24894
24895
24896
24896
24896
24900
24903
24905
24906
24907
24909
24909
24909
24911
24911
24912
24913
24914
24917
24921
24921
24924
24924
24925
24926
24926
24926
24928
24929
24929
24930
24931
24931
24934
24936
24942
24944
24944
24945
24946
24946
24947
24948
24949
24951
24953
24953
24954
24954
24954
24955
24957
24957
24957
24957
24959
24959
24960
24960
24961
24964
24968
24968
24970
24972
24972
24975
24975
24975
24975
24976
24976
24978
24983
24983
24987
24988
24989
24992
24992
24995
24996
24997
24997
24997
24998
24998
24999
24999
24999
25000
25005
25006
25007
25007
25007
25009
25009
25010
25013
25014
25016
25017
25018
25020
25021
25021
25023
25023
25025
25026
25027
25027
25028
25029
25029
25031
25033
25034
25034
25035
25035
25037
25038
25038
25043
25044
25044
25045
25046
25047
25048
25049
25049
25050
25050
25052
25052
25052
25053
25054
25054
25055
25057
25058
25059
25060
25061
25064
25068
25068
25071
25074
25075
25077
25077
25081
25081
25083
25085
25085
25088
25089
25089
25091
25091
25093
25094
25094
25094
25094
25094
25096
25097
25098
25099
25100
25102
25102
25103
25106
25112
25112
25112
25113
25114
25115
25115
25116
25117
25119
25119
25124
25126
25128
25130
25131
25136
25136
25138
25140
25142
25144
25145
25145
25147
25148
25148
25149
25150
25151
25151
25152
25153
25154
25156
25157
25160
25161
25162
25162
25163
25164
25166
25166
25170
25170
25171
25172
25175
25176
25176
25176
25177
25177
25179
25180
25180
25183
25183
25186
25186
25186
25188
25189
25189
25190
25190
25190
25190
25191
25192
25194
25195
25196
25197
25198
25198
25199
25200
25201
25203
25204
25208
25212
25213
25214
25214
25215
25216
25217
25219
25220
25220
25221
25222
25226
25228
25229
25231
25232
25233
25238
25240
25241
25243
25244
25244
25245
25245
25249
25251
25252
25253
25253
25254
25255
25255
25258
25260
25262
25264
25265
25267
25267
25270
25271
25277
25281
25282
25284
25284
25289
25295
25296
25297
25300
25301
25302
25303
25304
25306
25307
25309
25311
25312
25312
25313
25313
25314
25314
25315
25317
25317
25319
25319
25321
25321
25322
25323
25324
25324
25326
25327
25327
25333
25335
25336
25337
25345
25347
25347
25350
25352
25352
25354
25357
25359
25361
25361
25362
25363
25363
25364
25364
25365
25365
25366
25367
25367
25367
25367
25368
25374
25377
25378
25378
25379
25380
25381
25382
25382
25384
25384
25384
25388
25389
25391
25392
25392
25392
25393
25393
25394
25397
25397
25398
25400
25400
25401
25402
25402
25403
25408
25408
25411
25411
25412
25413
25414
25415
25415
25415
25416
25417
25420
25421
25421
25421
25422
25422
25422
25423
25425
25426
25426
25427
25427
25427
25428
25429
25430
25430
25430
25432
25433
25433
25434
25435
25436
25440
25444
25444
25446
25447
25449
25451
25452
25453
25453
25454
25455
25458
25461
25462
25462
25467
25470
25476
25477
25478
25480
25483
25484
25486
25489
25492
25492
25493
25494
25496
25497
25499
25499
25503
25504
25505
25506
25507
25507
25508
25509
25511
25512
25515
25516
25520
25521
25521
25522
25523
25523
25525
25525
25527
25528
25529
25529
25531
25533
25533
25534
25536
25538
25538
25543
25545
25545
25546
25547
25548
25549
25549
25550
25550
25552
25555
25557
25559
25559
25560
25562
25562
25563
25564
25565
25566
25566
25567
25568
25570
25571
25572
25575
25576
25576
25576
25581
25583
25583
25583
25583
25583
25585
25586
25586
25588
25590
25590
25591
25591
25592
25592
25592
25593
25593
25593
25598
25598
25602
25602
25603
25604
25607
25607
25607
25612
25612
25613
25613
25614
25615
25616
25618
25619
25621
25622
25623
25625
25625
25633
25633
25636
25636
25638
25639
25639
25639
25640
25644
25646
25647
25647
25648
25653
25654
25656
25656
25656
25657
25657
25659
25660
25668
25668
25668
25670
25671
25674
25675
25676
25678
25679
25680
25680
25683
25684
25685
25688
25691
25693
25696
25698
25701
25702
25703
25704
25706
25707
25708
25710
25712
25713
25715
25716
25718
25719
25720
25722
25724
25729
25733
25733
25736
25736
25737
25737
25739
25740
25743
25744
25745
25746
25747
25748
25749
25751
25751
25752
25754
25761
25763
25763
25763
25767
25769
25770
25771
25772
25772
25772
25773
25775
25776
25776
25778
25778
25781
25781
25782
25782
25782
25785
25787
25788
25788
25790
25791
25792
25792
25793
25795
25796
25797
25798
25799
25800
25800
25801
25801
25802
25804
25805
25805
25806
25809
25809
25812
25812
25813
25814
25818
25819
25819
25819
25821
25822
25824
25826
25827
25828
25828
25830
25831
25831
25831
25835
25836
25839
25842
25842
25842
25843
25844
25845
25845
25846
25846
25847
25849
25851
25851
25851
25852
25857
25858
25860
25862
25863
25865
25866
25866
25867
25869
25871
25872
25873
25874
25876
25878
25880
25884
25888
25888
25888
25889
25889
25891
25894
25895
25895
25896
25896
25898
25901
25901
25902
25902
25905
25910
25911
25913
25918
25919
25919
25921
25923
25926
25926
25927
25927
25928
25929
25930
25930
25932
25932
25935
25938
25941
25942
25943
25944
25949
25952
25953
25954
25954
25955
25956
25957
25957
25958
25959
25960
25960
25963
25967
25969
25970
25971
25971
25973
25973
25976
25976
25980
25980
25980
25981
25981
25982
25983
25985
25989
25992
25993
25993
25994
25995
25996
25997
25998
26001
26001
26002
26002
26004
26005
26005
26005
26005
26006
26006
26007
26009
26010
26010
26010
26013
26014
26014
26015
26017
26017
26019
26019
26021
26021
26022
26022
26023
26023
26024
26027
26028
26029
26030
26030
26033
26033
26038
26043
26043
26043
26044
26045
26047
26047
26049
26050
26050
26051
26051
26051
26052
26052
26053
26056
26057
26059
26060
26065
26069
26070
26073
26074
26075
26078
26078
26078
26080
26081
26081
26084
26086
26086
26089
26091
26093
26100
26101
26103
26104
26105
26107
26108
26108
26109
26110
26113
26113
26117
26117
26127
26129
26132
26132
26134
26134
26136
26136
26138
26139
26140
26140
26141
26142
26143
26143
26144
26146
26146
26147
26148
26148
26148
26152
26152
26153
26154
26154
26155
26155
26158
26160
26163
26164
26165
26165
26166
26167
26168
26168
26172
26172
26172
26173
26175
26177
26178
26179
26185
26186
26188
26188
26189
26190
26190
26191
26191
26191
26192
26196
26200
26201
26204
26204
26204
26205
26207
26208
26213
26214
26214
26214
26214
26214
26215
26216
26219
26220
26223
26225
26225
26226
26227
26230
26230
26230
26233
26233
26233
26235
26238
26239
26241
26242
26243
26244
26247
26249
26250
26250
26250
26252
26254
26255
26255
26256
26256
26261
26263
26269
26270
26270
26271
26271
26273
26275
26278
26278
26281
26282
26285
26286
26287
26290
26291
26292
26292
26293
26295
26295
26297
26297
26299
26299
26302
26304
26306
26306
26307
26307
26308
26313
26313
26315
26315
26316
26316
26319
26319
26320
26320
26324
26326
26336
26336
26338
26341
26342
26342
26342
26347
26347
26348
26350
26351
26351
26354
26355
26355
26356
26357
26357
26364
26367
26369
26369
26372
26372
26372
26374
26375
26375
26377
26377
26379
26379
26380
26381
26381
26383
26383
26384
26385
26389
26390
26392
26396
26398
26402
26403
26403
26404
26404
26405
26407
26408
26408
26408
26413
26414
26416
26417
26417
26417
26417
26421
26423
26424
26426
26427
26429
26429
26430
26430
26431
26431
26432
26435
26435
26440
26440
26440
26440
26441
26442
26442
26443
26448
26449
26451
26451
26451
26453
26454
26455
26456
26459
26459
26460
26461
26461
26461
26462
26463
26465
26467
26467
26468
26469
26469
26471
26473
26475
26475
26478
26479
26481
26481
26482
26483
26483
26483
26492
26493
26493
26493
26493
26498
26499
26500
26500
26501
26501
26502
26503
26505
26505
26508
26509
26509
26510
26511
26512
26514
26516
26518
26519
26522
26524
26527
26527
26529
26530
26532
26532
26533
26533
26534
26536
26538
26539
26539
26544
26544
26545
26545
26545
26546
26547
26547
26552
26554
26556
26557
26559
26560
26561
26561
26565
26567
26568
26572
26574
26575
26578
26580
26580
26580
26582
26583
26584
26584
26589
26590
26592
26592
26593
26594
26596
26598
26598
26599
26609
26610
26610
26611
26613
26617
26617
26617
26621
26621
26623
26623
26624
26626
26627
26629
26630
26633
26633
26633
26635
26636
26637
26637
26639
26642
26643
26643
26649
26649
26649
26655
26655
26655
26656
26657
26657
26658
26659
26661
26663
26663
26667
26667
26673
26674
26676
26679
26684
26684
26684
26684
26687
26688
26689
26690
26690
26691
26691
26693
26693
26694
26696
26699
26700
26700
26703
26704
26707
26708
26708
26709
26713
26714
26715
26716
26717
26719
26722
26731
26734
26738
26739
26742
26743
26743
26744
26747
26747
26748
26748
26749
26752
26755
26759
26760
26760
26760
26761
26762
26762
26762
26767
26767
26767
26768
26769
26769
26771
26772
26773
26773
26775
26779
26783
26783
26784
26784
26784
26785
26785
26787
26790
26792
26792
26792
26793
26794
26798
26804
26806
26806
26809
26810
26811
26812
26813
26814
26815
26816
26818
26820
26821
26821
26821
26824
26826
26828
26831
26831
26833
26833
26835
26836
26836
26837
26839
26842
26842
26843
26843
26845
26845
26845
26845
26847
26848
26851
26851
26852
26853
26854
26856
26860
26865
26866
26869
26869
26869
26875
26876
26878
26878
26878
26878
26880
26880
26881
26882
26884
26884
26886
26889
26890
26890
26891
26893
26893
26893
26894
26896
26898
26899
26900
26905
26905
26907
26908
26908
26908
26908
26908
26909
26912
26913
26920
26921
26921
26924
26924
26924
26924
26926
26926
26927
26931
26931
26931
26937
26938
26939
26940
26942
26943
26945
26948
26949
26950
26950
26951
26952
26953
26957
26957
26959
26959
26960
26960
26961
26964
26965
26966
26967
26967
26969
26970
26972
26973
26977
26978
26981
26981
26984
26984
26985
26987
26987
26987
26988
26988
26988
26989
26990
26991
26992
26996
26997
26997
26997
26999
27001
27002
27004
27004
27011
27012
27014
27014
27015
27018
27019
27022
27023
27026
27027
27027
27028
27029
27032
27032
27034
27034
27038
27038
27039
27040
27041
27041
27041
27042
27045
27046
27047
27048
27048
27048
27049
27050
27051
27052
27052
27054
27055
27056
27056
27059
27060
27061
27062
27063
27063
27065
27066
27067
27067
27068
27069
27070
27072
27072
27072
27074
27075
27076
27077
27077
27078
27078
27080
27081
27082
27083
27083
27086
27088
27090
27091
27093
27097
27097
27099
27100
27103
27104
27105
27109
27111
27113
27114
27116
27118
27119
27120
27120
27121
27121
27121
27122
27122
27123
27124
27127
27127
27127
27133
27133
27134
27135
27140
27140
27142
27143
27146
27147
27148
27149
27149
27150
27150
27151
27151
27152
27153
27154
27158
27164
27164
27167
27167
27171
27174
27178
27179
27182
27184
27185
27186
27186
27187
27187
27188
27189
27189
27197
27197
27198
27199
27201
27201
27204
27204
27205
27205
27206
27207
27211
27212
27212
27212
27212
27214
27214
27215
27216
27217
27221
27223
27225
27225
27225
27227
27228
27230
27230
27232
27235
27237
27238
27238
27239
27239
27240
27242
27243
27243
27243
27243
27244
27245
27247
27249
27249
27253
27258
27258
27258
27260
27263
27265
27266
27266
27266
27267
27270
27271
27271
27272
27272
27276
27276
27277
27278
27281
27281
27282
27282
27285
27285
27285
27286
27291
27293
27295
27296
27296
27297
27298
27300
27300
27300
27300
27301
27304
27304
27307
27309
27309
27310
27310
27311
27312
27312
27315
27315
27319
27320
27320
27323
27324
27325
27325
27327
27329
27330
27332
27335
27335
27336
27338
27343
27343
27344
27345
27345
27346
27346
27349
27351
27353
27354
27357
27358
27360
27361
27363
27364
27367
27368
27368
27371
27372
27373
27375
27375
27381
27381
27381
27383
27383
27384
27384
27385
27387
27387
27388
27393
27393
27397
27398
27399
27399
27400
27400
27402
27404
27405
27405
27410
27410
27412
27412
27412
27412
27412
27413
27414
27414
27416
27417
27418
27418
27419
27420
27423
27427
27429
27430
27430
27431
27431
27432
27436
27437
27439
27439
27443
27443
27445
27446
27447
27448
27448
27449
27450
27450
27451
27452
27452
27452
27453
27454
27455
27456
27457
27457
27457
27460
27461
27463
27465
27465
27466
27469
27469
27470
27472
27477
27478
27479
27480
27480
27481
27483
27485
27488
27491
27491
27492
27492
27493
27495
27495
27495
27495
27497
27497
27498
27498
27498
27498
27499
27499
27499
27501
27503
27503
27504
27512
27513
27513
27514
27515
27517
27519
27520
27520
27521
27521
27522
27523
27524
27527
27528
27529
27529
27529
27532
27533
27533
27535
27539
27540
27540
27541
27544
27545
27546
27547
27547
27552
27554
27554
27558
27558
27560
27560
27562
27564
27569
27570
27570
27577
27578
27578
27580
27581
27581
27584
27584
27585
27585
27586
27587
27588
27590
27591
27594
27594
27595
27595
27598
27598
27601
27602
27603
27606
27608
27608
27608
27609
27612
27613
27614
27614
27615
27616
27617
27617
27617
27618
27619
27622
27624
27624
27625
27626
27627
27627
27628
27628
27629
27630
27630
27631
27631
27632
27634
27634
27636
27638
27639
27643
27643
27644
27645
27646
27646
27652
27652
27654
27655
27657
27658
27658
27660
27660
27663
27665
27665
27668
27668
27668
27670
27670
27670
27671
27671
27672
27678
27678
27680
27680
27680
27680
27684
27685
27685
27686
27687
27690
27691
27692
27693
27693
27693
27697
27698
27699
27701
27703
27706
27706
27707
27709
27709
27712
27712
27712
27713
27713
27715
27717
27720
27721
27724
27724
27727
27729
27729
27731
27731
27733
27734
27738
27738
27739
27740
27745
27748
27748
27749
27750
27750
27753
27760
27760
27760
27760
27761
27762
27764
27765
27768
27769
27769
27769
27771
27772
27772
27772
27778
27781
27782
27782
27783
27783
27785
27788
27789
27790
27792
27792
27793
27793
27793
27795
27796
27797
27800
27804
27805
27805
27806
27806
27809
27809
27809
27810
27813
27815
27816
27817
27817
27819
27819
27819
27822
27822
27822
27824
27824
27825
27826
27828
27828
27834
27834
27834
27834
27835
27835
27838
27839
27840
27841
27842
27844
27844
27844
27845
27846
27847
27851
27852
27854
27857
27857
27857
27858
27858
27859
27859
27860
27864
27865
27867
27867
27869
27869
27870
27870
27871
27871
27874
27876
27877
27880
27882
27883
27883
27884
27885
27886
27886
27887
27888
27889
27891
27892
27892
27894
27895
27896
27897
27900
27904
27906
27908
27914
27914
27915
27915
27915
27918
27919
27921
27921
27922
27923
27923
27926
27926
27927
27928
27931
27932
27935
27935
27936
27936
27936
27937
27937
27938
27939
27942
27943
27943
27945
27945
27946
27946
27947
27947
27948
27948
27951
27957
27960
27963
27965
27966
27967
27968
27968
27969
27970
27973
27974
27974
27974
27975
27978
27978
27979
27980
27981
27982
27982
27983
27983
27986
27986
27986
27988
27990
27993
27994
27995
27996
27997
27997
27997
27999
28000
28000
28001
28003
28006
28007
28007
28008
28008
28009
28013
28014
28015
28017
28017
28020
28026
28026
28028
28028
28029
28030
28030
28032
28035
28036
28040
28041
28043
28043
28047
28048
28049
28049
28049
28051
28052
28053
28054
28055
28055
28056
28056
28058
28059
28060
28061
28066
28075
28079
28079
28080
28080
28081
28082
28083
28083
28083
28083
28084
28084
28085
28087
28087
28088
28088
28090
28091
28096
28097
28098
28102
28106
28108
28108
28110
28110
28110
28111
28112
28113
28119
28119
28119
28120
28123
28125
28125
28125
28126
28126
28132
28133
28134
28138
28138
28139
28139
28142
28143
28143
28144
28144
28145
28147
28148
28149
28150
28151
28157
28158
28160
28162
28168
28168
28168
28169
28171
28172
28174
28174
28175
28175
28176
28176
28178
28179
28179
28183
28184
28186
28187
28188
28190
28190
28190
28192
28192
28192
28194
28198
28198
28198
28199
28202
28203
28204
28206
28206
28209
28209
28210
28210
28215
28215
28216
28216
28217
28218
28222
28222
28223
28223
28223
28224
28226
28227
28228
28229
28229
28230
28231
28233
28238
28238
28239
28241
28241
28241
28244
28245
28247
28248
28248
28251
28253
28254
28254
28256
28258
28258
28259
28260
28261
28261
28263
28263
28264
28265
28267
28268
28268
28270
28271
28273
28273
28273
28276
28280
28281
28282
28283
28284
28284
28285
28291
28291
28292
28293
28294
28295
28296
28296
28300
28300
28300
28301
28301
28301
28303
28304
28305
28305
28306
28306
28307
28307
28309
28309
28310
28310
28311
28315
28315
28317
28318
28319
28319
28320
28322
28325
28327
28327
28328
28330
28330
28331
28331
28334
28335
28336
28337
28337
28339
28339
28340
28341
28342
28342
28342
28343
28343
28344
28345
28346
28350
28353
28354
28355
28355
28355
28356
28357
28363
28364
28365
28366
28367
28367
28369
28370
28370
28373
28375
28375
28378
28380
28380
28382
28383
28384
28384
28385
28386
28388
28388
28388
28390
28391
28392
28394
28396
28397
28397
28398
28401
28402
28402
28403
28404
28405
28407
28408
28409
28409
28410
28411
28411
28414
28417
28417
28417
28426
28429
28431
28433
28435
28435
28436
28437
28438
28439
28441
28441
28441
28442
28442
28443
28443
28443
28444
28444
28445
28446
28446
28446
28446
28447
28447
28450
28451
28451
28452
28453
28455
28457
28460
28461
28462
28466
28467
28469
28471
28474
28474
28475
28475
28476
28476
28481
28481
28481
28481
28482
28482
28484
28484
28487
28487
28487
28489
28491
28492
28492
28493
28494
28495
28496
28496
28501
28502
28503
28503
28503
28505
28505
28506
28506
28507
28508
28509
28509
28511
28511
28511
28512
28512
28513
28513
28514
28515
28515
28517
28517
28518
28524
28525
28526
28527
28528
28528
28528
28529
28529
28533
28533
28536
28537
28539
28539
28539
28540
28540
28541
28541
28543
28543
28545
28546
28547
28548
28549
28552
28560
28563
28564
28564
28565
28568
28572
28577
28580
28582
28583
28584
28584
28586
28587
28588
28589
28591
28594
28595
28600
28600
28601
28604
28607
28609
28609
28609
28611
28612
28612
28614
28614
28615
28615
28617
28617
28617
28621
28624
28624
28625
28626
28628
28630
28633
28636
28636
28638
28638
28638
28639
28641
28641
28641
28642
28643
28644
28646
28647
28648
28649
28650
28654
28655
28656
28656
28656
28661
28661
28662
28662
28663
28664
28668
28668
28669
28671
28672
28673
28680
28681
28692
28694
28694
28697
28698
28698
28698
28699
28702
28704
28704
28706
28707
28708
28710
28711
28714
28715
28716
28721
28722
28724
28726
28727
28728
28732
28732
28734
28735
28736
28738
28738
28739
28739
28740
28740
28742
28744
28746
28749
28750
28751
28752
28753
28754
28756
28756
28757
28758
28758
28761
28761
28763
28765
28768
28770
28771
28772
28774
28774
28776
28776
28779
28780
28781
28786
28787
28787
28788
28789
28789
28789
28791
28792
28793
28795
28800
28800
28801
28803
28804
28804
28804
28807
28807
28807
28808
28816
28816
28817
28818
28818
28821
28821
28822
28825
28825
28828
28829
28829
28830
28831
28832
28836
28837
28838
28838
28838
28843
28843
28843
28850
28851
28853
28857
28857
28858
28859
28860
28861
28861
28863
28863
28867
28868
28869
28870
28871
28872
28872
28872
28872
28873
28873
28875
28876
28882
28882
28882
28882
28884
28885
28887
28888
28889
28891
28891
28892
28892
28892
28892
28892
28893
28894
28896
28896
28898
28899
28900
28901
28901
28903
28904
28905
28905
28906
28906
28907
28913
28913
28914
28914
28915
28915
28916
28916
28916
28918
28918
28919
28919
28919
28920
28921
28921
28923
28924
28926
28927
28927
28927
28931
28932
28933
28935
28936
28940
28941
28942
28943
28944
28945
28946
28947
28948
28949
28951
28954
28955
28957
28957
28957
28958
28959
28959
28961
28962
28964
28964
28964
28967
28969
28969
28972
28978
28979
28979
28980
28980
28980
28981
28985
28985
28990
28990
28991
28992
28995
28997
28999
28999
29000
29001
29001
29002
29003
29006
29007
29008
29012
29012
29012
29017
29017
29019
29019
29019
29019
29021
29022
29023
29024
29025
29026
29028
29028
29030
29032
29034
29034
29035
29037
29038
29040
29040
29040
29042
29046
29047
29047
29047
29048
29049
29049
29051
29052
29053
29056
29056
29057
29058
29059
29059
29063
29063
29063
29064
29067
29068
29069
29072
29074
29076
29076
29078
29078
29079
29080
29081
29081
29084
29084
29085
29085
29087
29089
29090
29092
29093
29095
29098
29098
29101
29103
29106
29106
29109
29110
29111
29111
29112
29113
29113
29118
29123
29126
29126
29127
29128
29130
29130
29130
29132
29132
29133
29134
29135
29136
29140
29142
29143
29144
29146
29146
29147
29147
29147
29148
29149
29150
29152
29153
29154
29155
29155
29155
29156
29158
29161
29161
29161
29161
29163
29164
29164
29165
29166
29166
29167
29168
29169
29169
29171
29171
29174
29175
29176
29180
29180
29181
29182
29184
29184
29184
29187
29188
29188
29188
29189
29189
29190
29192
29193
29195
29196
29197
29198
29199
29199
29200
29201
29202
29202
29202
29208
29209
29210
29211
29211
29211
29213
29215
29215
29218
29220
29221
29222
29222
29222
29224
29226
29226
29229
29230
29230
29232
29233
29234
29236
29236
29237
29239
29240
29241
29242
29242
29243
29244
29244
29247
29251
29252
29255
29256
29256
29257
29259
29262
29264
29266
29271
29274
29276
29277
29282
29285
29286
29288
29288
29289
29290
29292
29293
29293
29294
29294
29294
29295
29295
29296
29302
29304
29304
29306
29306
29307
29312
29313
29313
29317
29319
29320
29321
29323
29324
29324
29325
29325
29326
29326
29327
29327
29331
29333
29333
29333
29333
29333
29335
29336
29341
29341
29342
29343
29344
29344
29345
29347
29347
29347
29348
29349
29351
29352
29352
29353
29354
29357
29357
29358
29359
29362
29362
29363
29365
29366
29366
29367
29368
29368
29369
29371
29371
29375
29375
29377
29377
29378
29379
29382
29384
29384
29384
29385
29386
29387
29388
29390
29391
29394
29395
29395
29396
29396
29396
29398
29399
29401
29402
29403
29403
29410
29410
29411
29412
29415
29415
29416
29418
29418
29418
29421
29425
29425
29427
29427
29428
29432
29432
29432
29434
29435
29435
29436
29437
29437
29438
29439
29440
29440
29441
29444
29445
29446
29446
29446
29449
29449
29456
29456
29456
29458
29459
29459
29460
29460
29460
29461
29461
29461
29463
29463
29464
29465
29468
29468
29468
29470
29470
29470
29471
29475
29479
29479
29481
29483
29483
29484
29491
29492
29495
29496
29496
29497
29498
29498
29499
29500
29501
29502
29503
29503
29503
29503
29504
29514
29517
29518
29519
29520
29523
29524
29526
29527
29527
29528
29529
29529
29530
29531
29532
29534
29537
29537
29538
29538
29538
29538
29539
29539
29539
29545
29545
29547
29547
29550
29550
29553
29555
29555
29556
29558
29558
29559
29559
29561
29563
29563
29563
29563
29565
29565
29565
29568
29570
29570
29570
29573
29575
29579
29581
29582
29582
29583
29583
29583
29583
29584
29589
29590
29591
29591
29592
29592
29592
29594
29595
29597
29599
29599
29600
29602
29602
29602
29602
29603
29604
29604
29605
29606
29606
29608
29611
29613
29614
29614
29615
29617
29617
29619
29628
29628
29629
29629
29629
29634
29639
29640
29641
29642
29642
29643
29644
29645
29646
29652
29654
29657
29657
29658
29658
29658
29661
29662
29662
29662
29662
29664
29665
29667
29668
29672
29673
29674
29674
29676
29677
29678
29678
29679
29679
29681
29682
29682
29684
29684
29685
29686
29686
29689
29689
29690
29690
29690
29692
29694
29694
29694
29696
29699
29699
29699
29701
29702
29703
29705
29706
29709
29710
29714
29715
29716
29719
29720
29721
29721
29723
29725
29728
29730
29730
29734
29735
29736
29739
29739
29741
29741
29746
29746
29747
29748
29750
29751
29752
29753
29754
29755
29755
29757
29757
29757
29758
29760
29762
29765
29766
29767
29769
29771
29771
29773
29774
29776
29777
29778
29778
29779
29780
29781
29783
29785
29785
29787
29787
29788
29788
29789
29789
29790
29791
29792
29797
29797
29798
29800
29804
29806
29811
29811
29812
29813
29815
29817
29817
29818
29819
29820
29821
29821
29821
29822
29823
29824
29826
29827
29827
29827
29827
29830
29830
29831
29832
29832
29833
29836
29837
29837
29838
29842
29842
29849
29849
29852
29858
29861
29862
29862
29863
29864
29864
29865
29865
29865
29867
29868
29868
29869
29870
29872
29873
29874
29874
29876
29877
29877
29877
29882
29882
29887
29887
29889
29891
29892
29897
29899
29900
29900
29903
29906
29909
29910
29910
29915
29918
29919
29920
29921
29921
29921
29921
29921
29923
29923
29924
29924
29925
29926
29926
29927
29927
29927
29929
29929
29930
29930
29932
29934
29934
29935
29941
29943
29943
29944
29944
29946
29948
29949
29950
29950
29952
29956
29959
29961
29962
29965
29967
29967
29967
29968
29968
29973
29976
29976
29977
29978
29978
29978
29981
29985
29985
29990
29991
29992
29997
29998
30000
30000
30000
30000
30001
30003
30003
30005
30008
30010
30011
30012
30013
30014
30015
30015
30017
30018
30018
30018
30020
30023
30024
30024
30030
30031
30032
30032
30032
30032
30033
30034
30034
30037
30038
30038
30039
30039
30039
30040
30040
30043
30044
30045
30047
30048
30048
30051
30052
30052
30053
30053
30057
30059
30060
30061
30061
30063
30065
30067
30067
30074
30074
30075
30075
30075
30077
30077
30079
30083
30083
30083
30084
30084
30087
30088
30089
30090
30091
30093
30094
30095
30096
30098
30099
30100
30100
30101
30102
30105
30107
30108
30108
30109
30110
30110
30115
30116
30118
30120
30121
30121
30126
30127
30127
30128
30128
30129
30131
30132
30133
30133
30134
30134
30137
30137
30138
30140
30142
30142
30142
30143
30145
30146
30147
30147
30147
30149
30151
30151
30152
30152
30153
30154
30155
30156
30157
30158
30158
30160
30161
30161
30161
30163
30164
30165
30166
30168
30170
30172
30173
30176
30178
30180
30181
30183
30188
30188
30189
30193
30194
30195
30197
30199
30200
30200
30201
30202
30204
30208
30209
30210
30210
30210
30214
30216
30216
30217
30220
30221
30221
30222
30223
30224
30224
30225
30225
30227
30227
30227
30228
30228
30230
30231
30232
30232
30233
30234
30239
30242
30242
30243
30245
30246
30248
30249
30249
30249
30249
30250
30251
30251
30252
30252
30253
30254
30254
30255
30258
30258
30260
30263
30264
30265
30266
30267
30268
30269
30270
30271
30275
30276
30277
30280
30281
30282
30285
30289
30291
30291
30294
30294
30295
30296
30297
30300
30302
30303
30303
30307
30310
30311
30314
30315
30316
30318
30321
30321
30322
30322
30322
30323
30325
30327
30327
30331
30331
30334
30337
30337
30338
30342
30342
30342
30344
30344
30346
30348
30350
30350
30351
30352
30354
30355
30355
30356
30363
30363
30365
30365
30365
30366
30366
30367
30368
30368
30371
30371
30372
30373
30377
30378
30379
30380
30380
30380
30384
30385
30388
30388
30390
30391
30392
30393
30396
30397
30400
30400
30401
30401
30402
30403
30407
30407
30408
30411
30414
30415
30415
30415
30419
30419
30419
30420
30421
30423
30424
30426
30431
30432
30436
30439
30439
30439
30440
30440
30440
30446
30447
30448
30448
30449
30449
30450
30451
30453
30454
30455
30456
30457
30459
30459
30459
30460
30461
30462
30462
30464
30464
30466
30466
30466
30470
30471
30471
30474
30475
30477
30477
30480
30483
30483
30483
30483
30489
30490
30491
30492
30493
30496
30496
30498
30499
30500
30500
30500
30500
30501
30501
30502
30502
30502
30505
30506
30506
30509
30511
30514
30518
30519
30520
30523
30523
30524
30525
30525
30525
30528
30529
30532
30536
30538
30539
30539
30539
30539
30540
30541
30542
30544
30544
30548
30549
30550
30551
30553
30553
30556
30557
30558
30559
30560
30560
30561
30563
30563
30569
30569
30569
30572
30574
30574
30575
30576
30577
30579
30581
30582
30584
30585
30586
30587
30587
30589
30589
30591
30593
30595
30595
30596
30600
30600
30600
30601
30601
30602
30602
30602
30604
30606
30607
30607
30609
30610
30611
30614
30614
30618
30618
30619
30619
30620
30623
30624
30625
30625
30627
30629
30632
30633
30637
30637
30638
30638
30640
30640
30641
30644
30645
30647
30648
30649
30650
30651
30652
30653
30653
30655
30657
30658
30658
30658
30659
30660
30661
30663
30663
30663
30664
30664
30666
30668
30669
30670
30671
30673
30673
30673
30674
30674
30676
30676
30677
30679
30680
30683
30685
30685
30685
30687
30689
30689
30689
30692
30693
30695
30697
30698
30700
30703
30705
30708
30708
30708
30710
30712
30714
30716
30718
30720
30721
30721
30722
30722
30723
30724
30726
30726
30728
30729
30729
30730
30730
30731
30732
30733
30733
30734
30736
30736
30738
30738
30739
30741
30743
30744
30744
30745
30748
30749
30749
30751
30753
30754
30755
30758
30758
30761
30762
30762
30764
30765
30766
30766
30767
30767
30770
30772
30772
30777
30777
30779
30779
30781
30781
30783
30784
30784
30791
30791
30791
30791
30792
30792
30794
30796
30796
30798
30799
30799
30801
30802
30806
30806
30806
30808
30808
30809
30810
30811
30811
30811
30811
30811
30813
30814
30814
30815
30816
30817
30818
30819
30820
30822
30823
30825
30829
30830
30831
30833
30836
30837
30837
30837
30838
30838
30839
30839
30841
30843
30843
30845
30847
30849
30851
30852
30853
30854
30855
30855
30855
30860
30860
30860
30861
30862
30863
30864
30865
30866
30868
30869
30870
30874
30875
30876
30877
30878
30879
30879
30881
30883
30885
30886
30887
30887
30888
30889
30889
30890
30890
30891
30893
30893
30894
30894
30899
30900
30900
30901
30902
30902
30903
30904
30905
30905
30905
30907
30909
30910
30910
30912
30912
30915
30916
30917
30919
30919
30922
30925
30925
30926
30927
30927
30927
30928
30932
30932
30932
30933
30934
30936
30936
30937
30937
30938
30939
30941
30941
30942
30943
30945
30946
30949
30949
30952
30953
30953
30956
30956
30959
30960
30962
30963
30965
30967
30968
30969
30970
30972
30972
30974
30976
30979
30979
30980
30980
30981
30981
30983
30983
30984
30984
30985
30986
30986
30987
30987
30987
30988
30989
30990
30993
30993
30999
30999
31002
31005
31006
31006
31006
31008
31010
31010
31011
31011
31014
31014
31018
31018
31019
31019
31020
31021
31021
31021
31022
31022
31025
31027
31027
31031
31032
31032
31033
31035
31037
31037
31038
31038
31038
31039
31039
31040
31041
31041
31041
31043
31044
31046
31046
31046
31047
31047
31051
31051
31054
31058
31060
31061
31063
31064
31065
31066
31066
31066
31067
31068
31068
31069
31072
31074
31075
31076
31077
31080
31083
31084
31087
31087
31088
31088
31090
31091
31092
31093
31098
31100
31102
31102
31103
31103
31105
31107
31108
31109
31110
31112
31112
31113
31114
31115
31117
31117
31120
31121
31121
31123
31126
31127
31128
31129
31132
31135
31136
31136
31138
31139
31140
31142
31143
31145
31145
31146
31149
31149
31150
31152
31153
31154
31157
31159
31160
31160
31162
31164
31164
31165
31172
31174
31176
31179
31181
31182
31183
31184
31185
31186
31188
31190
31192
31193
31194
31195
31196
31197
31197
31201
31202
31202
31203
31204
31204
31204
31205
31205
31206
31206
31208
31209
31209
31210
31211
31212
31217
31218
31219
31221
31222
31223
31223
31223
31225
31227
31227
31227
31230
31232
31232
31234
31234
31235
31236
31244
31245
31246
31246
31249
31256
31256
31257
31261
31262
31262
31266
31268
31269
31272
31273
31274
31274
31277
31277
31277
31278
31279
31281
31285
31287
31289
31290
31290
31292
31293
31295
31295
31296
31299
31300
31301
31303
31303
31306
31307
31308
31308
31308
31311
31311
31311
31312
31313
31313
31314
31316
31318
31318
31320
31321
31325
31325
31327
31327
31328
31329
31330
31331
31331
31333
31334
31335
31335
31339
31340
31349
31349
31353
31354
31356
31356
31356
31358
31359
31360
31360
31362
31363
31364
31364
31364
31369
31370
31372
31375
31375
31376
31377
31380
31383
31385
31387
31387
31388
31388
31392
31393
31393
31393
31394
31399
31400
31406
31409
31411
31411
31412
31415
31415
31417
31421
31423
31425
31426
31427
31427
31428
31429
31432
31434
31435
31435
31435
31436
31441
31447
31447
31449
31449
31450
31451
31453
31453
31454
31456
31457
31458
31459
31461
31463
31463
31463
31464
31467
31471
31472
31476
31477
31478
31480
31481
31481
31482
31482
31483
31483
31483
31484
31485
31486
31487
31492
31493
31494
31495
31496
31496
31497
31497
31502
31502
31502
31503
31505
31505
31506
31507
31508
31508
31508
31509
31509
31510
31513
31516
31516
31518
31518
31521
31522
31525
31525
31526
31526
31528
31529
31530
31530
31532
31535
31537
31537
31538
31541
31545
31546
31546
31546
31550
31551
31557
31557
31560
31564
31564
31565
31568
31571
31572
31572
31572
31574
31576
31576
31577
31578
31579
31581
31584
31587
31588
31589
31594
31597
31601
31605
31605
31611
31611
31612
31613
31617
31618
31626
31627
31628
31628
31633
31637
31640
31641
31642
31642
31643
31644
31644
31645
31649
31650
31650
31653
31654
31657
31659
31659
31662
31662
31664
31665
31665
31666
31667
31669
31671
31674
31674
31679
31680
31682
31684
31684
31684
31685
31686
31686
31687
31688
31688
31689
31689
31691
31692
31692
31693
31693
31694
31694
31697
31698
31698
31700
31702
31703
31704
31705
31705
31707
31708
31708
31710
31710
31710
31712
31714
31714
31714
31721
31721
31722
31722
31724
31725
31726
31727
31729
31729
31731
31732
31732
31734
31734
31736
31740
31742
31742
31742
31743
31743
31743
31744
31745
31746
31746
31746
31749
31749
31751
31752
31754
31758
31758
31759
31759
31759
31759
31763
31763
31763
31764
31766
31766
31767
31768
31769
31769
31769
31771
31773
31774
31774
31775
31776
31777
31779
31780
31780
31783
31783
31784
31785
31785
31787
31787
31787
31788
31788
31788
31788
31788
31792
31792
31793
31797
31797
31798
31799
31802
31806
31807
31809
31811
31812
31812
31813
31813
31813
31818
31818
31819
31820
31821
31823
31824
31825
31825
31826
31826
31826
31827
31828
31829
31832
31834
31834
31835
31836
31836
31837
31837
31838
31840
31841
31843
31843
31843
31843
31845
31846
31851
31851
31852
31853
31854
31854
31855
31856
31856
31858
31858
31859
31860
31862
31864
31864
31866
31871
31871
31871
31872
31873
31873
31874
31877
31879
31880
31882
31882
31883
31889
31890
31890
31892
31892
31894
31895
31896
31898
31902
31902
31902
31902
31903
31906
31907
31908
31908
31910
31911
31911
31913
31916
31918
31919
31919
31919
31921
31922
31923
31923
31923
31926
31926
31927
31928
31928
31932
31932
31932
31933
31934
31934
31937
31939
31940
31941
31941
31941
31942
31945
31946
31946
31947
31949
31949
31950
31950
31952
31952
31952
31952
31954
31957
31958
31958
31961
31966
31967
31968
31969
31970
31970
31971
31975
31975
31977
31981
31981
31982
31983
31984
31985
31987
31988
31989
31990
31991
31992
31993
31994
31995
31996
31996
31996
31997
31998
31999
32000
32007
32007
32008
32009
32010
32011
32015
32016
32018
32018
32020
32021
32022
32022
32022
32022
32023
32025
32027
32027
32031
32031
32031
32031
32032
32034
32035
32037
32038
32040
32040
32041
32043
32045
32045
32048
32052
32054
32055
32055
32057
32058
32062
32063
32063
32064
32065
32065
32066
32066
32066
32067
32067
32068
32069
32073
32073
32079
32079
32080
32081
32081
32082
32082
32083
32086
32088
32089
32092
32096
32096
32097
32098
32099
32100
32102
32103
32105
32105
32107
32107
32107
32107
32108
32109
32109
32109
32110
32112
32113
32114
32115
32115
32116
32116
32116
32116
32116
32117
32119
32123
32126
32126
32127
32128
32130
32131
32132
32132
32133
32134
32138
32140
32141
32142
32143
32146
32148
32151
32152
32152
32152
32156
32161
32163
32164
32165
32166
32169
32171
32171
32173
32174
32177
32180
32180
32181
32181
32182
32183
32186
32188
32190
32193
32194
32195
32196
32196
32196
32196
32202
32202
32202
32203
32204
32206
32207
32207
32209
32213
32215
32216
32217
32220
32221
32222
32223
32224
32224
32225
32225
32226
32226
32228
32230
32235
32235
32237
32238
32239
32240
32240
32246
32248
32249
32251
32255
32255
32257
32258
32259
32264
32265
32266
32269
32270
32270
32270
32271
32271
32271
32275
32275
32277
32279
32279
32279
32282
32283
32283
32286
32287
32289
32290
32290
32292
32294
32295
32296
32299
32299
32300
32301
32301
32301
32302
32306
32306
32309
32310
32311
32311
32312
32313
32314
32314
32315
32315
32316
32316
32318
32318
32318
32319
32321
32322
32324
32327
32327
32328
32332
32333
32333
32336
32339
32340
32340
32343
32345
32347
32347
32348
32350
32352
32352
32352
32354
32356
32356
32357
32357
32361
32363
32363
32366
32367
32367
32367
32369
32369
32369
32371
32372
32374
32374
32376
32378
32378
32379
32380
32382
32383
32384
32388
32389
32394
32399
32400
32400
32400
32400
32401
32402
32406
32407
32407
32408
32409
32410
32410
32410
32411
32413
32414
32415
32415
32416
32417
32418
32424
32424
32426
32426
32427
32427
32428
32432
32433
32435
32436
32436
32438
32439
32440
32442
32442
32444
32444
32447
32447
32451
32453
32454
32455
32455
32457
32457
32458
32459
32460
32460
32461
32462
32463
32463
32464
32466
32468
32469
32470
32473
32473
32474
32474
32474
32476
32477
32477
32477
32478
32478
32479
32481
32485
32487
32488
32488
32489
32491
32493
32497
32499
32499
32501
32509
32511
32513
32515
32516
32516
32519
32520
32521
32523
32524
32526
32526
32533
32537
32537
32540
32542
32544
32546
32547
32548
32549
32550
32554
32556
32558
32559
32559
32561
32562
32564
32565
32566
32573
32575
32575
32579
32579
32586
32588
32590
32590
32592
32593
32593
32593
32594
32594
32594
32594
32595
32596
32597
32598
32599
32601
32601
32602
32602
32602
32602
32603
32604
32605
32606
32606
32607
32608
32609
32612
32613
32615
32615
32616
32616
32616
32617
32621
32622
32622
32624
32624
32625
32625
32626
32627
32628
32629
32630
32634
32637
32637
32639
32640
32641
32644
32644
32644
32647
32648
32649
32650
32650
32657
32661
32662
32663
32663
32663
32664
32665
32665
32666
32670
32671
32674
32674
32675
32678
32678
32679
32680
32681
32681
32681
32683
32684
32685
32686
32687
32688
32688
32689
32690
32692
32692
32694
32701
32701
32704
32705
32705
32708
32708
32709
32713
32716
32717
32717
32718
32718
32721
32721
32721
32722
32723
32723
32729
32730
32732
32732
32732
32733
32734
32735
32738
32739
32741
32743
32745
32747
32751
32752
32752
32754
32756
32758
32759
32760
32761
32766
32766
32766
32767
32767
32767
32768
32768
32769
32770
32770
32772
32773
32779
32779
32779
32781
32782
32783
32784
32785
32787
32789
32790
32791
32793
32795
32796
32796
32797
32798
32799
32803
32808
32808
32809
32813
32814
32815
32815
32816
32816
32818
32820
32820
32820
32822
32823
32825
32826
32828
32832
32833
32838
32838
32838
32838
32842
32843
32843
32844
32845
32845
32846
32847
32849
32850
32852
32852
32853
32854
32854
32854
32855
32857
32858
32859
32860
32860
32861
32863
32864
32865
32865
32869
32873
32875
32876
32876
32879
32879
32880
32881
32881
32883
32884
32887
32888
32894
32902
32902
32902
32904
32908
32908
32909
32910
32910
32910
32914
32914
32914
32917
32918
32921
32923
32925
32927
32927
32930
32932
32933
32934
32935
32936
32936
32936
32936
32938
32939
32939
32940
32942
32942
32942
32944
32945
32945
32948
32950
32953
32955
32955
32955
32958
32958
32958
32959
32959
32960
32960
32961
32962
32964
32965
32967
32968
32969
32970
32970
32971
32972
32972
32972
32975
32975
32977
32977
32978
32978
32981
32985
32987
32989
32990
32990
32992
32994
32996
32998
32999
33000
33000
33004
33005
33007
33009
33009
33010
33010
33011
33012
33013
33013
33015
33017
33017
33018
33019
33020
33021
33024
33026
33028
33028
33030
33030
33031
33031
33032
33032
33035
33037
33038
33038
33039
33039
33039
33040
33041
33041
33043
33046
33047
33048
33048
33050
33052
33055
33055
33059
33060
33061
33063
33064
33064
33064
33065
33068
33074
33076
33078
33078
33080
33080
33081
33082
33088
33090
33090
33090
33091
33091
33091
33094
33096
33097
33098
33099
33101
33102
33103
33107
33108
33108
33108
33110
33110
33111
33112
33113
33117
33118
33120
33122
33122
33124
33130
33130
33130
33133
33133
33134
33134
33134
33138
33138
33138
33140
33142
33143
33145
33146
33148
33149
33149
33149
33152
33156
33156
33158
33159
33160
33160
33162
33162
33165
33168
33169
33172
33173
33174
33174
33178
33181
33184
33184
33185
33187
33195
33195
33195
33198
33200
33201
33202
33203
33206
33209
33209
33210
33215
33216
33217
33219
33219
33222
33222
33224
33224
33225
33228
33229
33229
33230
33230
33231
33232
33232
33233
33236
33237
33238
33239
33239
33239
33240
33243
33246
33246
33247
33248
33250
33250
33251
33252
33254
33256
33258
33258
33259
33260
33260
33261
33261
33264
33264
33266
33269
33270
33272
33274
33274
33277
33277
33278
33278
33279
33279
33282
33284
33286
33288
33288
33289
33290
33292
33293
33293
33294
33296
33297
33297
33299
33299
33299
33303
33305
33306
33307
33308
33309
33311
33312
33312
33314
33314
33315
33315
33316
33317
33317
33320
33320
33322
33323
33323
33325
33326
33327
33331
33333
33336
33339
33339
33339
33339
33341
33343
33344
33347
33348
33349
33349
33349
33350
33353
33355
33359
33360
33361
33361
33363
33364
33364
33364
33365
33365
33366
33366
33367
33369
33374
33375
33375
33379
33379
33379
33380
33381
33382
33386
33387
33388
33391
33393
33398
33399
33400
33402
33402
33402
33404
33404
33408
33410
33413
33413
33414
33414
33415
33421
33423
33425
33430
33433
33433
33434
33434
33436
33436
33436
33443
33444
33445
33450
33456
33458
33458
33459
33461
33463
33464
33465
33466
33469
33470
33470
33471
33475
33476
33477
33479
33480
33481
33482
33483
33484
33485
33485
33486
33487
33487
33489
33492
33492
33492
33493
33493
33497
33497
33498
33499
33499
33501
33504
33505
33507
33513
33514
33515
33516
33516
33518
33518
33519
33519
33522
33522
33525
33526
33528
33530
33530
33530
33532
33533
33533
33533
33536
33538
33540
33541
33544
33544
33545
33545
33546
33546
33547
33549
33550
33555
33556
33557
33559
33561
33563
33563
33564
33566
33567
33568
33570
33570
33571
33576
33581
33582
33583
33586
33587
33589
33590
33592
33594
33594
33595
33598
33599
33601
33601
33601
33601
33602
33604
33604
33606
33606
33607
33611
33611
33611
33612
33613
33613
33614
33614
33615
33616
33616
33616
33617
33619
33619
33621
33621
33623
33624
33626
33627
33627
33627
33630
33631
33634
33634
33636
33637
33638
33639
33639
33639
33643
33646
33649
33649
33653
33654
33655
33656
33656
33658
33660
33660
33661
33665
33665
33669
33670
33670
33671
33673
33675
33676
33679
33679
33679
33679
33681
33684
33684
33686
33687
33688
33688
33688
33691
33691
33692
33694
33694
33696
33697
33698
33698
33699
33699
33700
33700
33701
33701
33701
33703
33703
33705
33708
33709
33709
33711
33711
33712
33712
33715
33715
33720
33721
33723
33723
33723
33723
33724
33726
33727
33731
33732
33732
33733
33736
33736
33737
33737
33738
33738
33739
33742
33745
33747
33748
33751
33752
33753
33753
33755
33755
33755
33755
33756
33756
33757
33757
33758
33759
33759
33760
33763
33764
33766
33766
33767
33769
33771
33771
33772
33772
33773
33773
33775
33775
33776
33776
33779
33779
33783
33783
33784
33784
33785
33786
33788
33789
33792
33793
33795
33795
33795
33797
33799
33800
33802
33802
33803
33803
33803
33804
33804
33805
33806
33806
33808
33811
33811
33811
33812
33813
33814
33816
33816
33817
33818
33820
33821
33822
33823
33824
33824
33826
33826
33829
33830
33831
33832
33834
33836
33837
33840
33842
33842
33843
33843
33843
33843
33844
33844
33845
33845
33846
33846
33846
33846
33849
33849
33849
33850
33851
33851
33854
33854
33855
33856
33856
33857
33858
33859
33859
33860
33861
33862
33862
33863
33863
33863
33863
33863
33864
33866
33866
33867
33867
33867
33869
33873
33875
33878
33880
33880
33881
33882
33885
33885
33887
33888
33889
33890
33892
33897
33897
33897
33898
33899
33899
33900
33901
33901
33902
33902
33904
33909
33910
33911
33911
33914
33915
33915
33915
33916
33917
33917
33918
33920
33925
33926
33931
33931
33933
33936
33938
33940
33940
33942
33943
33943
33943
33946
33949
33949
33949
33950
33953
33953
33955
33956
33957
33957
33957
33958
33960
33960
33962
33967
33967
33969
33971
33972
33972
33973
33974
33975
33975
33978
33978
33978
33981
33982
33983
33983
33985
33986
33986
33987
33989
33993
33994
33996
33997
33998
33999
34000
34000
34003
34005
34005
34006
34009
34009
34010
34014
34018
34018
34019
34020
34020
34021
34023
34025
34025
34025
34027
34029
34029
34030
34031
34033
34033
34034
34036
34036
34039
34040
34042
34043
34043
34048
34053
34054
34055
34057
34059
34060
34060
34060
34060
34063
34065
34065
34067
34068
34068
34070
34070
34070
34075
34077
34078
34080
34083
34084
34085
34086
34087
34089
34089
34090
34090
34092
34095
34095
34095
34096
34096
34098
34098
34099
34100
34101
34102
34103
34104
34109
34111
34113
34114
34118
34120
34121
34122
34123
34123
34125
34125
34125
34128
34131
34132
34132
34134
34135
34136
34137
34138
34139
34139
34140
34140
34141
34141
34145
34146
34146
34148
34148
34149
34154
34154
34155
34157
34159
34160
34165
34167
34167
34168
34169
34169
34172
34173
34174
34181
34182
34182
34186
34186
34187
34191
34191
34191
34192
34193
34194
34194
34198
34199
34199
34203
34203
34203
34204
34205
34205
34206
34208
34210
34210
34210
34211
34211
34213
34214
34215
34215
34217
34217
34218
34218
34220
34220
34222
34223
34229
34229
34229
34232
34232
34234
34235
34237
34238
34246
34246
34247
34247
34248
34249
34250
34251
34252
34252
34253
34254
34255
34255
34256
34258
34260
34260
34262
34264
34265
34265
34266
34266
34270
34274
34274
34275
34276
34276
34277
34278
34279
34281
34282
34282
34282
34286
34287
34294
34295
34298
34303
34304
34304
34305
34305
34306
34308
34312
34312
34314
34315
34315
34315
34316
34321
34321
34321
34322
34324
34325
34326
34327
34328
34329
34331
34331
34332
34333
34336
34337
34337
34338
34339
34339
34343
34343
34344
34345
34345
34346
34351
34354
34354
34355
34356
34356
34358
34362
34362
34362
34363
34364
34365
34366
34369
34369
34373
34375
34375
34375
34376
34377
34378
34382
34382
34383
34383
34384
34387
34388
34389
34389
34390
34391
34394
34396
34396
34397
34397
34398
34398
34400
34400
34400
34400
34401
34402
34402
34402
34402
34404
34409
34409
34411
34412
34412
34414
34414
34415
34416
34418
34420
34421
34421
34422
34422
34424
34425
34428
34429
34431
34431
34432
34433
34436
34437
34438
34440
34441
34442
34443
34453
34453
34458
34460
34460
34461
34462
34463
34463
34464
34465
34466
34467
34468
34468
34470
34471
34472
34475
34476
34476
34478
34478
34481
34482
34484
34486
34487
34487
34491
34491
34491
34492
34493
34493
34494
34494
34495
34496
34497
34498
34499
34501
34502
34502
34502
34503
34507
34510
34510
34510
34512
34513
34514
34514
34516
34516
34516
34519
34519
34522
34522
34523
34524
34524
34526
34528
34528
34532
34532
34533
34535
34536
34536
34536
34537
34538
34541
34541
34542
34545
34545
34546
34547
34548
34548
34548
34553
34554
34555
34556
34556
34556
34557
34558
34559
34559
34560
34561
34562
34562
34562
34571
34572
34573
34574
34575
34575
34579
34584
34585
34589
34590
34592
34592
34594
34596
34597
34598
34599
34599
34599
34602
34604
34605
34606
34609
34611
34611
34612
34614
34616
34618
34619
34619
34622
34627
34627
34628
34633
34634
34634
34635
34636
34638
34639
34643
34643
34645
34645
34646
34647
34647
34650
34652
34653
34653
34655
34656
34656
34659
34660
34663
34664
34664
34668
34669
34669
34670
34672
34674
34677
34677
34679
34683
34685
34687
34693
34695
34697
34698
34700
34701
34702
34703
34705
34705
34705
34706
34706
34707
34709
34712
34714
34714
34715
34716
34716
34717
34718
34719
34720
34722
34722
34723
34724
34724
34724
34725
34728
34728
34729
34734
34735
34737
34737
34738
34741
34743
34743
34744
34745
34746
34747
34748
34749
34749
34750
34751
34754
34754
34756
34756
34757
34757
34758
34759
34759
34760
34761
34764
34765
34765
34766
34768
34773
34774
34775
34776
34777
34778
34779
34779
34782
34784
34785
34786
34789
34790
34790
34790
34792
34794
34794
34794
34795
34797
34798
34799
34799
34800
34800
34801
34805
34805
34805
34812
34812
34812
34815
34817
34817
34817
34818
34821
34821
34821
34822
34824
34825
34826
34827
34828
34829
34834
34835
34836
34842
34842
34844
34844
34847
34848
34850
34850
34851
34854
34855
34858
34862
34864
34866
34870
34871
34876
34876
34878
34879
34880
34880
34882
34882
34883
34883
34884
34885
34886
34887
34887
34888
34891
34891
34891
34891
34892
34894
34895
34895
34896
34896
34898
34900
34901
34901
34902
34906
34911
34911
34912
34915
34916
34916
34916
34919
34919
34920
34924
34925
34926
34928
34930
34931
34931
34932
34933
34934
34935
34939
34940
34942
34942
34943
34943
34946
34946
34948
34950
34951
34951
34954
34954
34954
34958
34958
34960
34961
34963
34964
34969
34975
34978
34978
34981
34984
34988
34991
34991
34993
34996
34997
34997
34999
34999
35000
35000
35002
35002
35004
35005
35005
35006
35006
35006
35008
35009
35009
35010
35010
35012
35014
35015
35019
35019
35019
35020
35025
35026
35027
35031
35031
35031
35032
35034
35034
35035
35035
35041
35041
35041
35041
35043
35044
35044
35044
35046
35047
35047
35049
35053
35054
35058
35060
35062
35062
35063
35063
35064
35067
35067
35068
35071
35074
35076
35076
35078
35079
35081
35087
35087
35088
35090
35091
35092
35094
35095
35095
35097
35099
35100
35102
35107
35107
35108
35109
35113
35115
35117
35117
35120
35120
35122
35123
35123
35127
35127
35128
35129
35130
35132
35133
35137
35140
35140
35142
35142
35143
35146
35148
35150
35150
35150
35152
35155
35158
35158
35160
35160
35161
35163
35163
35163
35164
35165
35166
35174
35174
35176
35177
35177
35178
35179
35180
35181
35182
35183
35183
35185
35186
35186
35189
35191
35192
35201
35201
35203
35205
35206
35207
35208
35209
35211
35211
35213
35215
35216
35216
35216
35218
35222
35223
35223
35223
35224
35225
35225
35226
35226
35229
35231
35232
35232
35235
35235
35236
35237
35238
35238
35239
35240
35241
35242
35244
35246
35250
35251
35253
35253
35253
35253
35254
35256
35257
35259
35260
35260
35261
35262
35263
35265
35265
35267
35271
35274
35275
35275
35276
35276
35277
35278
35279
35279
35280
35281
35282
35282
35283
35283
35285
35286
35288
35288
35290
35291
35291
35294
35294
35295
35296
35297
35298
35298
35299
35303
35305
35307
35310
35313
35313
35313
35315
35317
35317
35319
35319
35324
35326
35326
35329
35330
35330
35334
35335
35335
35336
35338
35338
35340
35342
35346
35348
35350
35351
35351
35352
35356
35356
35360
35361
35361
35362
35363
35364
35364
35366
35367
35367
35368
35369
35369
35369
35370
35370
35372
35373
35374
35375
35378
35379
35380
35380
35382
35383
35386
35388
35389
35390
35390
35390
35391
35392
35394
35398
35401
35401
35406
35407
35409
35410
35411
35412
35413
35414
35415
35417
35424
35424
35427
35428
35429
35430
35431
35433
35434
35436
35436
35437
35437
35438
35441
35442
35443
35444
35445
35448
35449
35451
35452
35454
35459
35461
35461
35463
35464
35466
35468
35470
35470
35472
35477
35477
35479
35479
35479
35481
35482
35483
35483
35483
35483
35484
35484
35485
35485
35485
35486
35486
35487
35488
35488
35490
35490
35494
35495
35495
35496
35497
35497
35498
35499
35500
35502
35504
35504
35505
35505
35506
35507
35507
35510
35512
35513
35514
35514
35514
35515
35515
35517
35520
35521
35522
35524
35524
35525
35527
35527
35527
35528
35529
35530
35531
35531
35533
35535
35536
35537
35539
35540
35543
35543
35543
35544
35545
35546
35548
35549
35551
35553
35554
35555
35557
35558
35558
35559
35560
35561
35565
35565
35565
35566
35568
35568
35571
35571
35571
35572
35574
35576
35578
35578
35578
35581
35581
35581
35582
35582
35582
35584
35586
35586
35592
35592
35593
35596
35597
35600
35606
35608
35609
35609
35610
35611
35611
35612
35612
35614
35614
35615
35617
35618
35619
35620
35622
35622
35625
35627
35628
35629
35630
35632
35635
35635
35636
35636
35639
35639
35639
35639
35639
35645
35646
35646
35647
35647
35648
35649
35653
35654
35654
35654
35656
35657
35660
35660
35661
35663
35665
35666
35668
35668
35670
35670
35671
35673
35673
35674
35675
35677
35678
35680
35681
35684
35687
35687
35689
35691
35692
35692
35693
35693
35695
35695
35696
35697
35698
35699
35700
35701
35703
35706
35707
35710
35710
35710
35711
35711
35712
35713
35713
35715
35716
35721
35723
35726
35726
35728
35729
35730
35731
35731
35734
35734
35735
35735
35736
35736
35737
35739
35741
35742
35743
35745
35749
35750
35751
35752
35752
35752
35752
35753
35753
35756
35757
35760
35761
35762
35762
35763
35763
35766
35766
35768
35771
35772
35774
35775
35780
35782
35782
35782
35782
35783
35783
35785
35786
35787
35788
35789
35790
35792
35794
35795
35796
35796
35798
35801
35801
35802
35803
35805
35805
35805
35805
35806
35809
35810
35811
35812
35813
35813
35813
35814
35814
35814
35818
35819
35820
35820
35822
35824
35824
35825
35825
35826
35828
35828
35829
35832
35836
35836
35836
35837
35842
35844
35847
35852
35852
35855
35857
35857
35860
35863
35864
35864
35867
35868
35868
35870
35871
35874
35876
35877
35877
35878
35878
35879
35880
35882
35887
35887
35889
35890
35891
35892
35892
35892
35892
35893
35894
35895
35898
35902
35904
35905
35907
35908
35908
35910
35910
35911
35911
35913
35914
35914
35916
35916
35917
35920
35921
35923
35924
35925
35925
35925
35925
35927
35928
35929
35930
35934
35935
35935
35935
35939
35941
35944
35945
35945
35948
35951
35951
35955
35956
35958
35961
35962
35964
35965
35967
35968
35969
35969
35969
35970
35970
35971
35971
35972
35974
35974
35977
35980
35982
35982
35982
35983
35984
35984
35985
35985
35987
35987
35989
35991
35992
35993
35994
35997
35999
36001
36002
36003
36003
36004
36005
36006
36009
36012
36012
36013
36014
36015
36016
36019
36019
36019
36020
36021
36022
36022
36023
36024
36026
36027
36030
36032
36032
36037
36038
36041
36043
36044
36044
36045
36046
36046
36047
36048
36048
36049
36050
36052
36053
36054
36055
36058
36058
36059
36060
36061
36063
36063
36063
36063
36064
36064
36065
36065
36068
36069
36069
36070
36075
36076
36077
36083
36084
36084
36085
36085
36086
36086
36088
36088
36091
36092
36093
36098
36098
36098
36105
36108
36113
36113
36116
36116
36117
36118
36120
36122
36124
36126
36126
36135
36135
36135
36137
36137
36139
36139
36140
36140
36141
36142
36142
36142
36142
36143
36143
36143
36146
36149
36150
36152
36155
36161
36161
36162
36163
36167
36168
36168
36170
36174
36174
36175
36176
36177
36178
36182
36185
36187
36189
36190
36191
36193
36195
36198
36199
36199
36202
36203
36205
36206
36207
36208
36209
36210
36210
36210
36211
36214
36214
36216
36217
36219
36219
36221
36221
36222
36224
36225
36227
36227
36230
36230
36231
36234
36235
36236
36236
36236
36237
36237
36238
36238
36240
36241
36242
36244
36245
36247
36252
36255
36255
36256
36258
36260
36262
36262
36263
36263
36263
36264
36267
36267
36268
36270
36270
36271
36277
36278
36278
36279
36281
36282
36283
36284
36284
36286
36286
36287
36287
36288
36288
36289
36291
36293
36294
36295
36300
36303
36304
36306
36308
36308
36309
36310
36313
36314
36316
36319
36319
36320
36320
36321
36322
36322
36325
36326
36327
36329
36329
36337
36339
36339
36342
36343
36344
36346
36346
36347
36347
36349
36350
36353
36355
36356
36359
36359
36360
36361
36364
36364
36367
36368
36369
36370
36374
36376
36377
36378
36379
36381
36386
36387
36391
36391
36391
36393
36395
36395
36395
36395
36396
36397
36398
36401
36401
36402
36403
36406
36407
36408
36408
36408
36410
36410
36410
36412
36412
36412
36413
36415
36415
36415
36416
36416
36420
36420
36426
36430
36430
36430
36432
36433
36433
36434
36436
36438
36439
36439
36440
36440
36442
36442
36445
36445
36448
36451
36452
36457
36460
36460
36462
36463
36467
36467
36471
36471
36481
36481
36486
36487
36490
36491
36492
36495
36495
36495
36498
36502
36503
36503
36503
36506
36506
36506
36508
36508
36508
36509
36510
36512
36516
36517
36518
36519
36519
36519
36519
36520
36521
36522
36523
36526
36529
36529
36531
36532
36538
36541
36543
36546
36550
36550
36551
36551
36554
36559
36561
36561
36563
36564
36566
36568
36568
36569
36569
36570
36572
36576
36576
36576
36578
36580
36580
36580
36581
36582
36582
36582
36584
36585
36586
36586
36586
36586
36588
36589
36589
36589
36592
36593
36595
36596
36596
36597
36597
36598
36600
36602
36602
36603
36603
36605
36607
36609
36612
36613
36614
36614
36620
36620
36622
36623
36623
36623
36623
36624
36627
36628
36630
36630
36632
36633
36636
36637
36637
36638
36643
36643
36644
36644
36645
36648
36651
36652
36656
36659
36661
36665
36666
36668
36672
36673
36674
36676
36677
36678
36678
36679
36679
36679
36682
36683
36685
36685
36687
36688
36690
36694
36695
36696
36700
36707
36707
36709
36711
36711
36712
36717
36718
36719
36720
36722
36723
36724
36725
36725
36727
36727
36729
36730
36732
36734
36734
36737
36738
36739
36742
36743
36743
36745
36746
36747
36749
36749
36750
36750
36751
36751
36751
36754
36756
36757
36760
36760
36762
36763
36763
36763
36764
36764
36765
36765
36766
36767
36767
36771
36773
36776
36778
36780
36783
36788
36788
36789
36789
36790
36790
36791
36791
36793
36795
36796
36796
36799
36801
36802
36802
36804
36805
36807
36808
36809
36811
36811
36812
36812
36813
36813
36815
36816
36817
36817
36818
36818
36818
36820
36823
36829
36830
36831
36834
36835
36836
36836
36837
36838
36839
36840
36841
36841
36842
36843
36844
36846
36846
36846
36847
36847
36848
36849
36855
36855
36857
36858
36858
36859
36859
36860
36860
36865
36866
36869
36869
36871
36872
36874
36875
36875
36877
36878
36879
36880
36882
36882
36883
36883
36883
36884
36886
36886
36888
36890
36891
36893
36895
36896
36896
36897
36897
36897
36899
36900
36900
36900
36900
36901
36901
36908
36910
36910
36911
36911
36911
36912
36913
36913
36919
36921
36923
36924
36924
36925
36925
36925
36925
36926
36928
36933
36934
36935
36935
36936
36938
36941
36942
36942
36943
36943
36946
36946
36947
36947
36948
36948
36948
36949
36949
36949
36950
36951
36951
36952
36954
36954
36954
36955
36955
36957
36958
36961
36967
36968
36969
36972
36975
36976
36976
36977
36977
36979
36980
36983
36985
36993
36993
36995
36996
36997
36998
36999
36999
36999
37001
37001
37003
37003
37004
37005
37005
37005
37006
37007
37008
37009
37011
37012
37013
37017
37017
37018
37018
37021
37021
37022
37022
37024
37025
37025
37030
37034
37037
37040
37041
37043
37044
37045
37045
37047
37050
37051
37052
37052
37053
37060
37060
37060
37061
37061
37062
37063
37065
37066
37068
37069
37069
37069
37072
37076
37076
37077
37077
37079
37080
37082
37082
37084
37087
37088
37088
37089
37093
37097
37097
37097
37098
37103
37105
37107
37107
37107
37109
37111
37111
37113
37114
37116
37120
37122
37123
37125
37126
37127
37127
37129
37129
37129
37129
37135
37136
37139
37139
37140
37141
37142
37145
37145
37146
37147
37147
37147
37148
37149
37152
37154
37154
37156
37157
37158
37159
37160
37160
37161
37163
37165
37167
37167
37168
37169
37170
37173
37175
37180
37182
37182
37184
37187
37187
37187
37188
37189
37190
37190
37190
37190
37193
37196
37197
37197
37198
37198
37199
37199
37200
37202
37202
37205
37206
37207
37207
37208
37209
37209
37210
37211
37212
37214
37214
37216
37217
37218
37218
37219
37221
37223
37223
37224
37224
37227
37229
37229
37229
37230
37230
37231
37232
37232
37233
37234
37234
37234
37235
37235
37235
37238
37242
37242
37243
37243
37247
37247
37248
37248
37249
37251
37252
37256
37256
37256
37256
37257
37261
37262
37263
37265
37270
37270
37270
37271
37272
37273
37273
37274
37277
37283
37284
37285
37286
37288
37288
37290
37291
37291
37291
37293
37293
37297
37298
37298
37300
37301
37303
37304
37306
37307
37307
37309
37309
37309
37311
37312
37312
37313
37313
37316
37316
37316
37318
37318
37319
37319
37320
37321
37321
37325
37325
37326
37329
37331
37332
37332
37333
37336
37336
37337
37338
37339
37339
37344
37346
37347
37348
37348
37349
37349
37351
37353
37357
37357
37357
37358
37363
37365
37369
37369
37372
37373
37375
37377
37378
37382
37384
37385
37385
37386
37387
37388
37389
37390
37390
37391
37395
37400
37401
37403
37404
37404
37405
37405
37407
37408
37409
37412
37412
37413
37414
37415
37416
37417
37417
37417
37419
37420
37424
37424
37425
37425
37426
37427
37428
37429
37430
37431
37433
37434
37434
37434
37435
37437
37437
37438
37439
37440
37444
37448
37449
37453
37457
37457
37459
37459
37461
37462
37464
37465
37466
37469
37470
37470
37470
37474
37475
37477
37480
37480
37481
37481
37481
37482
37482
37485
37486
37486
37486
37489
37492
37497
37497
37500
37501
37502
37503
37503
37505
37510
37511
37513
37515
37517
37517
37518
37519
37519
37521
37531
37531
37531
37531
37532
37533
37534
37534
37534
37536
37537
37538
37539
37539
37541
37542
37542
37543
37543
37545
37547
37549
37549
37553
37557
37558
37559
37560
37562
37562
37564
37565
37567
37568
37569
37569
37573
37574
37575
37577
37577
37577
37578
37579
37581
37584
37585
37588
37588
37589
37590
37590
37593
37594
37595
37598
37599
37599
37599
37602
37603
37605
37607
37608
37608
37608
37609
37611
37616
37616
37616
37617
37617
37618
37619
37620
37622
37622
37623
37624
37625
37625
37626
37626
37627
37630
37632
37634
37636
37636
37637
37637
37638
37639
37640
37640
37640
37640
37640
37641
37641
37647
37648
37649
37650
37652
37654
37654
37655
37655
37657
37658
37660
37661
37665
37665
37667
37675
37677
37677
37679
37679
37679
37684
37687
37687
37688
37688
37689
37690
37692
37694
37695
37696
37696
37699
37701
37701
37703
37709
37710
37712
37713
37714
37718
37718
37719
37720
37720
37721
37721
37723
37725
37728
37728
37729
37730
37730
37734
37734
37737
37738
37738
37739
37739
37741
37741
37743
37745
37747
37747
37750
37752
37752
37753
37753
37754
37756
37761
37764
37767
37768
37769
37770
37770
37772
37773
37775
37778
37780
37781
37782
37783
37783
37785
37787
37788
37788
37790
37792
37796
37797
37802
37802
37803
37803
37803
37804
37805
37807
37808
37809
37811
37811
37812
37812
37813
37814
37814
37814
37815
37815
37816
37818
37818
37819
37820
37824
37825
37825
37826
37827
37831
37837
37837
37838
37839
37841
37841
37843
37848
37848
37848
37851
37857
37858
37861
37864
37868
37870
37871
37871
37872
37875
37875
37875
37879
37879
37882
37885
37886
37886
37888
37889
37891
37892
37893
37894
37896
37896
37898
37899
37899
37900
37901
37901
37902
37903
37904
37905
37906
37906
37907
37909
37909
37909
37910
37912
37912
37913
37913
37913
37913
37915
37916
37917
37918
37921
37923
37924
37925
37930
37932
37932
37933
37934
37934
37934
37935
37938
37939
37941
37941
37941
37942
37944
37944
37946
37950
37951
37951
37954
37956
37960
37963
37964
37964
37964
37965
37966
37966
37967
37969
37969
37969
37972
37973
37975
37976
37976
37977
37977
37978
37981
37981
37981
37985
37985
37986
37988
37994
37995
37996
37996
37997
37997
37999
38001
38003
38007
38007
38007
38013
38013
38014
38016
38017
38018
38020
38020
38021
38022
38023
38025
38027
38028
38028
38028
38030
38031
38032
38037
38038
38038
38040
38042
38043
38044
38044
38045
38045
38046
38048
38050
38050
38051
38051
38053
38053
38054
38058
38059
38059
38060
38060
38061
38063
38066
38068
38068
38069
38070
38071
38073
38074
38075
38075
38080
38083
38083
38084
38085
38088
38089
38091
38095
38096
38097
38099
38100
38100
38100
38102
38104
38105
38107
38108
38113
38122
38122
38123
38125
38125
38126
38126
38126
38132
38135
38136
38136
38136
38137
38137
38138
38140
38141
38143
38143
38145
38146
38146
38146
38147
38147
38148
38150
38152
38152
38153
38154
38155
38160
38161
38164
38167
38169
38172
38176
38176
38176
38177
38177
38178
38181
38181
38182
38186
38186
38189
38189
38189
38189
38192
38194
38195
38201
38201
38204
38208
38208
38211
38213
38219
38220
38220
38221
38224
38224
38224
38225
38226
38226
38229
38230
38230
38230
38231
38232
38232
38234
38236
38237
38238
38239
38241
38244
38247
38247
38251
38251
38252
38252
38254
38257
38258
38261
38262
38262
38264
38265
38266
38266
38267
38270
38271
38271
38272
38273
38279
38279
38280
38281
38282
38286
38287
38287
38287
38288
38292
38294
38295
38295
38297
38299
38301
38303
38304
38304
38304
38307
38307
38310
38311
38312
38313
38314
38314
38315
38316
38319
38321
38323
38324
38326
38329
38329
38330
38330
38331
38332
38333
38334
38335
38338
38339
38339
38340
38340
38344
38345
38345
38345
38348
38348
38350
38352
38354
38356
38358
38359
38360
38362
38362
38362
38364
38366
38369
38371
38371
38371
38372
38373
38376
38377
38380
38382
38382
38383
38384
38386
38387
38388
38391
38394
38394
38395
38395
38399
38401
38402
38402
38404
38409
38410
38410
38411
38412
38414
38417
38419
38419
38424
38424
38425
38426
38428
38429
38433
38434
38434
38439
38441
38442
38443
38444
38446
38447
38449
38450
38454
38455
38455
38457
38458
38458
38461
38461
38461
38463
38465
38466
38467
38468
38469
38470
38473
38474
38474
38479
38479
38480
38481
38485
38485
38486
38486
38487
38487
38488
38489
38490
38491
38492
38492
38492
38492
38494
38495
38495
38495
38501
38502
38502
38503
38505
38506
38507
38507
38510
38511
38512
38512
38513
38513
38514
38515
38515
38516
38516
38516
38516
38519
38519
38521
38523
38523
38523
38525
38526
38527
38527
38527
38529
38530
38532
38538
38538
38539
38539
38542
38543
38545
38545
38551
38552
38552
38556
38558
38559
38559
38559
38560
38560
38562
38567
38569
38570
38574
38575
38577
38577
38578
38578
38579
38580
38582
38585
38585
38589
38590
38590
38590
38591
38591
38593
38595
38596
38599
38600
38601
38602
38602
38603
38603
38604
38604
38604
38604
38605
38605
38606
38608
38610
38610
38610
38611
38611
38614
38614
38618
38619
38619
38621
38621
38624
38625
38626
38626
38628
38629
38630
38631
38634
38638
38642
38642
38642
38644
38644
38646
38646
38648
38650
38651
38652
38655
38656
38656
38659
38660
38660
38661
38661
38662
38664
38664
38667
38668
38670
38670
38671
38672
38672
38673
38676
38676
38677
38677
38679
38679
38680
38684
38691
38691
38693
38694
38695
38697
38697
38697
38699
38700
38701
38701
38706
38708
38709
38710
38711
38711
38712
38715
38715
38716
38717
38718
38718
38719
38719
38721
38722
38722
38723
38726
38726
38727
38728
38730
38730
38730
38730
38730
38733
38734
38734
38736
38736
38738
38738
38740
38740
38742
38743
38743
38744
38745
38745
38746
38747
38748
38748
38749
38750
38753
38753
38754
38757
38758
38765
38767
38767
38771
38771
38772
38773
38773
38774
38776
38780
38781
38785
38791
38793
38793
38793
38795
38796
38799
38800
38804
38805
38806
38806
38808
38808
38810
38811
38811
38813
38816
38816
38818
38818
38819
38819
38819
38821
38821
38821
38823
38823
38823
38824
38825
38829
38829
38831
38831
38832
38834
38835
38836
38836
38836
38838
38840
38840
38843
38843
38846
38847
38849
38853
38855
38859
38859
38861
38862
38864
38866
38867
38869
38871
38871
38871
38875
38876
38877
38878
38879
38881
38881
38884
38884
38885
38887
38888
38892
38896
38897
38898
38900
38901
38901
38907
38910
38910
38911
38916
38918
38919
38919
38922
38923
38923
38925
38927
38928
38928
38935
38935
38938
38938
38940
38941
38942
38943
38947
38948
38952
38953
38953
38954
38955
38957
38958
38958
38959
38959
38960
38961
38962
38964
38966
38967
38968
38969
38969
38972
38975
38975
38976
38976
38981
38983
38986
38986
38986
38989
38990
38991
38992
38992
38993
38993
38994
38994
38995
38996
38997
38997
38997
38998
39003
39003
39007
39008
39009
39010
39011
39012
39014
39020
39022
39023
39023
39024
39025
39032
39033
39035
39036
39037
39038
39038
39040
39042
39042
39043
39046
39047
39049
39052
39056
39056
39058
39060
39060
39061
39065
39066
39066
39067
39068
39073
39073
39075
39075
39076
39078
39079
39079
39080
39081
39081
39081
39083
39083
39084
39084
39085
39087
39088
39088
39088
39088
39088
39088
39092
39093
39094
39094
39095
39096
39096
39098
39101
39101
39102
39103
39103
39106
39107
39108
39109
39109
39110
39110
39114
39118
39118
39120
39121
39124
39125
39126
39128
39128
39130
39132
39134
39134
39135
39136
39139
39140
39141
39143
39145
39146
39146
39146
39151
39155
39156
39157
39157
39158
39160
39163
39163
39164
39173
39175
39177
39178
39178
39178
39182
39182
39183
39183
39187
39188
39189
39192
39194
39195
39197
39200
39202
39204
39205
39207
39208
39209
39214
39216
39217
39217
39220
39224
39225
39226
39228
39231
39234
39235
39237
39238
39241
39244
39245
39249
39251
39256
39256
39256
39257
39258
39258
39258
39261
39261
39263
39263
39263
39264
39265
39266
39270
39271
39273
39274
39275
39276
39277
39278
39278
39278
39279
39282
39283
39286
39288
39289
39289
39295
39297
39300
39302
39302
39303
39303
39303
39304
39304
39304
39305
39306
39307
39308
39308
39308
39309
39311
39313
39315
39315
39318
39319
39321
39322
39323
39325
39327
39330
39330
39330
39331
39331
39334
39340
39342
39342
39344
39347
39347
39349
39354
39355
39358
39358
39359
39361
39362
39364
39364
39367
39367
39367
39367
39371
39372
39375
39376
39378
39378
39381
39383
39384
39385
39387
39389
39390
39390
39393
39393
39394
39395
39398
39399
39399
39399
39399
39400
39401
39401
39404
39404
39405
39406
39406
39406
39406
39407
39408
39408
39411
39413
39414
39415
39416
39418
39418
39422
39426
39426
39426
39426
39427
39427
39428
39429
39432
39432
39432
39433
39436
39438
39439
39442
39445
39445
39445
39446
39446
39448
39450
39451
39454
39456
39457
39459
39459
39461
39462
39462
39462
39463
39464
39465
39465
39467
39467
39467
39469
39473
39474
39476
39482
39486
39489
39489
39489
39490
39490
39490
39492
39493
39493
39493
39496
39498
39499
39502
39503
39503
39503
39505
39506
39507
39509
39510
39510
39512
39514
39517
39517
39519
39520
39520
39521
39521
39523
39527
39528
39528
39528
39530
39531
39531
39532
39532
39534
39534
39536
39536
39536
39537
39539
39539
39540
39543
39543
39544
39544
39546
39546
39549
39550
39552
39552
39553
39553
39557
39558
39560
39561
39561
39564
39567
39567
39569
39570
39572
39572
39574
39576
39576
39577
39581
39583
39585
39585
39586
39587
39588
39591
39592
39593
39593
39593
39593
39596
39598
39599
39599
39600
39602
39604
39605
39605
39606
39606
39606
39609
39612
39614
39618
39618
39619
39620
39621
39622
39625
39625
39626
39628
39629
39630
39633
39634
39635
39636
39638
39638
39639
39643
39644
39646
39646
39648
39652
39652
39652
39653
39653
39655
39656
39658
39659
39661
39664
39665
39666
39668
39668
39670
39671
39673
39673
39675
39676
39676
39677
39679
39680
39684
39688
39688
39691
39692
39693
39693
39695
39696
39696
39699
39701
39703
39704
39709
39709
39710
39713
39715
39716
39717
39718
39719
39721
39721
39721
39721
39721
39724
39726
39728
39728
39728
39729
39733
39734
39738
39739
39740
39741
39742
39748
39748
39752
39752
39752
39754
39755
39756
39757
39757
39758
39758
39758
39758
39758
39758
39758
39760
39762
39762
39763
39764
39767
39771
39771
39772
39773
39774
39776
39777
39778
39778
39780
39781
39782
39782
39783
39784
39786
39792
39792
39795
39797
39797
39798
39800
39803
39804
39806
39807
39812
39813
39813
39814
39816
39819
39822
39823
39824
39827
39827
39829
39831
39833
39834
39836
39838
39838
39838
39840
39843
39843
39844
39845
39845
39846
39847
39847
39849
39850
39851
39852
39854
39855
39856
39858
39858
39860
39860
39860
39862
39863
39863
39863
39864
39865
39866
39866
39867
39868
39868
39869
39870
39870
39871
39872
39875
39875
39878
39882
39882
39883
39883
39885
39886
39887
39888
39889
39892
39894
39895
39897
39897
39899
39901
39902
39903
39904
39905
39906
39907
39912
39915
39915
39919
39920
39923
39925
39926
39927
39927
39927
39928
39930
39932
39934
39934
39935
39936
39938
39939
39941
39944
39944
39945
39946
39946
39952
39952
39953
39953
39955
39956
39957
39958
39959
39959
39959
39959
39959
39962
39964
39964
39966
39966
39967
39968
39968
39970
39971
39971
39972
39972
39974
39974
39975
39976
39976
39976
39978
39979
39983
39984
39984
39989
39989
39991
39991
39993
39993
39993
39994
39994
39994
39996
39997
39998
40000
40000
40002
40003
40004
40005
40006
40007
40010
40012
40013
40013
40014
40016
40016
40017
40017
40019
40019
40020
40021
40024
40025
40027
40033
40033
40033
40034
40035
40035
40036
40037
40037
40039
40040
40043
40043
40045
40045
40046
40048
40049
40050
40053
40053
40053
40057
40060
40062
40062
40063
40063
40064
40064
40065
40065
40066
40067
40071
40072
40073
40073
40076
40077
40082
40082
40082
40084
40086
40087
40090
40095
40097
40099
40101
40101
40101
40102
40103
40108
40108
40109
40110
40111
40112
40114
40115
40117
40117
40117
40119
40120
40121
40122
40125
40126
40127
40129
40132
40132
40134
40135
40136
40140
40144
40146
40148
40148
40149
40149
40150
40151
40151
40152
40160
40161
40161
40165
40165
40166
40166
40168
40168
40169
40174
40175
40176
40178
40178
40180
40182
40183
40183
40185
40186
40186
40189
40191
40193
40194
40195
40195
40196
40196
40196
40199
40201
40201
40204
40204
40205
40207
40207
40208
40210
40211
40211
40211
40214
40214
40215
40216
40219
40219
40220
40220
40221
40221
40224
40224
40225
40225
40226
40227
40227
40232
40235
40238
40240
40243
40244
40245
40248
40248
40249
40249
40249
40250
40250
40252
40253
40254
40255
40256
40258
40264
40265
40270
40270
40271
40272
40274
40275
40275
40277
40277
40278
40278
40279
40279
40279
40279
40281
40281
40281
40282
40282
40283
40283
40284
40287
40287
40288
40290
40292
40293
40294
40295
40297
40297
40298
40299
40300
40303
40303
40306
40306
40310
40310
40311
40312
40315
40315
40316
40319
40320
40322
40323
40325
40326
40326
40328
40332
40336
40336
40337
40338
40339
40342
40343
40344
40351
40351
40352
40353
40356
40358
40359
40360
40360
40361
40361
40362
40363
40363
40368
40368
40371
40374
40376
40377
40381
40382
40383
40385
40386
40387
40390
40391
40391
40392
40393
40395
40397
40399
40399
40400
40400
40401
40402
40403
40403
40403
40403
40405
40410
40413
40414
40416
40419
40422
40424
40425
40425
40426
40428
40428
40430
40430
40432
40433
40437
40439
40439
40439
40440
40441
40442
40442
40443
40444
40447
40448
40448
40451
40453
40457
40458
40459
40460
40460
40461
40461
40462
40463
40465
40466
40469
40470
40470
40471
40471
40471
40472
40475
40476
40477
40478
40480
40481
40481
40484
40487
40489
40489
40492
40492
40493
40493
40498
40498
40498
40499
40500
40500
40501
40503
40503
40507
40507
40507
40507
40508
40509
40510
40511
40511
40512
40514
40515
40515
40517
40517
40517
40518
40519
40519
40521
40521
40522
40523
40529
40529
40530
40531
40532
40532
40532
40533
40533
40536
40536
40537
40539
40541
40541
40542
40543
40545
40546
40546
40549
40553
40558
40560
40560
40561
40561
40562
40564
40564
40566
40567
40567
40570
40570
40571
40574
40577
40578
40580
40583
40586
40587
40587
40588
40588
40588
40588
40590
40591
40591
40592
40592
40595
40595
40596
40597
40597
40599
40599
40600
40602
40603
40604
40604
40608
40609
40610
40613
40614
40615
40615
40616
40625
40625
40627
40627
40627
40628
40628
40629
40630
40631
40640
40640
40641
40642
40642
40643
40646
40646
40648
40648
40650
40650
40651
40651
40652
40652
40652
40653
40654
40654
40654
40655
40655
40656
40657
40658
40660
40662
40662
40664
40665
40666
40667
40667
40667
40671
40674
40674
40675
40675
40676
40677
40678
40679
40682
40682
40684
40684
40684
40688
40688
40688
40689
40691
40691
40692
40693
40694
40695
40697
40697
40698
40698
40698
40703
40705
40707
40707
40707
40708
40709
40709
40710
40712
40713
40714
40718
40720
40720
40725
40730
40735
40738
40738
40739
40741
40742
40742
40742
40744
40744
40745
40745
40746
40748
40748
40748
40748
40749
40750
40751
40752
40752
40752
40752
40755
40756
40758
40758
40760
40761
40762
40763
40764
40765
40767
40769
40770
40771
40772
40775
40777
40780
40780
40780
40782
40782
40783
40785
40786
40788
40790
40791
40791
40791
40792
40793
40793
40794
40796
40796
40797
40797
40797
40800
40801
40807
40809
40811
40815
40815
40815
40816
40817
40818
40818
40818
40821
40821
40823
40825
40826
40826
40826
40826
40831
40832
40833
40837
40839
40839
40840
40842
40842
40843
40845
40847
40849
40849
40849
40849
40850
40850
40853
40855
40855
40855
40855
40858
40859
40859
40862
40862
40862
40863
40864
40865
40865
40865
40868
40869
40870
40871
40872
40874
40875
40875
40877
40878
40878
40879
40879
40881
40882
40883
40884
40884
40886
40886
40888
40888
40892
40894
40895
40898
40899
40902
40905
40905
40905
40906
40906
40908
40908
40911
40912
40914
40917
40918
40919
40920
40921
40921
40922
40923
40926
40928
40929
40929
40930
40930
40932
40934
40936
40937
40940
40943
40945
40947
40948
40951
40951
40953
40956
40959
40965
40966
40968
40968
40971
40971
40971
40972
40972
40974
40977
40978
40980
40982
40982
40983
40984
40984
40986
40988
40989
40989
40990
40990
40993
40993
40993
40994
40994
40997
40999
41000
41006
41006
41008
41009
41012
41013
41015
41017
41017
41020
41020
41022
41023
41023
41025
41025
41025
41026
41028
41029
41030
41032
41033
41033
41036
41037
41038
41039
41041
41042
41043
41047
41048
41051
41054
41055
41055
41055
41056
41056
41057
41057
41057
41058
41058
41059
41061
41063
41065
41065
41066
41066
41068
41068
41070
41073
41073
41074
41074
41074
41075
41075
41077
41078
41079
41083
41084
41087
41089
41090
41090
41094
41094
41095
41096
41097
41098
41098
41099
41099
41100
41100
41107
41107
41109
41113
41115
41119
41122
41123
41123
41124
41128
41131
41135
41136
41139
41139
41139
41144
41145
41146
41147
41149
41149
41152
41155
41158
41159
41161
41162
41162
41163
41164
41166
41167
41168
41169
41170
41170
41171
41174
41174
41176
41177
41178
41180
41181
41183
41188
41188
41190
41192
41193
41195
41196
41196
41197
41202
41202
41203
41205
41208
41214
41215
41216
41216
41221
41222
41222
41222
41226
41228
41229
41230
41231
41231
41232
41233
41233
41234
41237
41239
41239
41239
41241
41241
41241
41242
41245
41245
41246
41246
41247
41250
41250
41251
41252
41253
41254
41254
41255
41255
41255
41258
41263
41266
41266
41269
41270
41270
41270
41271
41272
41273
41273
41282
41282
41283
41286
41287
41290
41290
41290
41290
41290
41291
41291
41294
41299
41300
41303
41304
41304
41308
41313
41314
41315
41315
41317
41318
41322
41322
41324
41324
41332
41333
41338
41341
41342
41344
41350
41350
41353
41356
41358
41358
41358
41364
41366
41366
41372
41373
41373
41375
41376
41376
41376
41379
41381
41384
41384
41389
41389
41392
41399
41399
41400
41400
41401
41404
41408
41409
41416
41420
41422
41422
41423
41424
41427
41430
41433
41433
41437
41437
41438
41438
41439
41440
41440
41441
41441
41442
41447
41450
41450
41453
41453
41456
41458
41460
41460
41460
41463
41464
41466
41467
41468
41469
41471
41471
41473
41474
41474
41474
41475
41477
41478
41482
41484
41485
41487
41489
41489
41491
41491
41492
41492
41494
41494
41494
41498
41499
41500
41502
41502
41502
41503
41504
41505
41505
41505
41510
41512
41513
41514
41514
41515
41515
41517
41520
41521
41521
41523
41525
41526
41527
41527
41528
41529
41530
41531
41532
41534
41535
41536
41537
41538
41541
41546
41547
41547
41548
41550
41550
41552
41552
41555
41555
41555
41556
41557
41558
41565
41566
41569
41570
41570
41571
41573
41573
41573
41575
41576
41579
41579
41581
41582
41583
41583
41587
41592
41595
41597
41598
41598
41598
41600
41601
41603
41603
41603
41603
41604
41605
41608
41609
41609
41614
41619
41619
41619
41620
41621
41621
41622
41624
41627
41627
41628
41629
41629
41632
41632
41632
41636
41636
41638
41638
41639
41639
41639
41642
41645
41646
41647
41650
41650
41650
41655
41657
41659
41660
41661
41663
41664
41664
41665
41668
41668
41669
41670
41670
41671
41672
41673
41674
41675
41677
41678
41679
41679
41681
41682
41684
41686
41687
41688
41691
41694
41695
41695
41696
41697
41700
41702
41705
41706
41707
41707
41714
41714
41714
41714
41715
41716
41716
41716
41719
41720
41720
41721
41727
41728
41728
41730
41730
41730
41731
41734
41736
41736
41736
41739
41740
41740
41742
41744
41744
41746
41749
41751
41751
41752
41752
41753
41755
41756
41757
41758
41759
41760
41760
41761
41761
41762
41763
41763
41764
41765
41768
41769
41775
41776
41779
41783
41784
41786
41787
41788
41789
41789
41789
41790
41792
41792
41795
41795
41796
41796
41798
41799
41800
41800
41801
41801
41802
41803
41803
41804
41804
41808
41810
41813
41820
41822
41825
41826
41826
41827
41832
41832
41834
41836
41838
41839
41839
41839
41841
41847
41849
41849
41850
41850
41850
41854
41855
41858
41859
41860
41862
41863
41865
41869
41872
41873
41874
41875
41875
41877
41878
41878
41880
41880
41883
41886
41887
41887
41889
41892
41895
41895
41895
41897
41900
41901
41903
41905
41906
41912
41913
41913
41916
41917
41917
41921
41922
41934
41934
41935
41938
41940
41940
41941
41941
41942
41943
41944
41950
41950
41951
41952
41954
41954
41954
41955
41956
41957
41960
41960
41962
41963
41963
41964
41965
41966
41970
41971
41972
41972
41974
41976
41977
41980
41981
41982
41982
41983
41983
41983
41983
41984
41985
41985
41988
41992
41993
41994
41995
41997
41999
41999
41999
41999
42001
42002
42003
42003
42003
42003
42003
42004
42004
42005
42007
42007
42008
42011
42011
42013
42014
42018
42023
42025
42028
42029
42029
42031
42034
42036
42037
42039
42042
42044
42044
42044
42046
42047
42048
42052
42058
42059
42059
42062
42065
42065
42066
42066
42067
42067
42068
42074
42075
42076
42078
42081
42082
42083
42087
42088
42091
42091
42091
42092
42092
42093
42093
42094
42097
42097
42098
42098
42100
42103
42104
42105
42106
42107
42108
42111
42112
42115
42116
42117
42117
42119
42119
42120
42120
42123
42124
42124
42126
42127
42127
42129
42130
42132
42133
42136
42137
42140
42140
42141
42143
42144
42146
42148
42149
42149
42150
42152
42152
42155
42163
42166
42168
42168
42170
42171
42173
42173
42173
42173
42174
42174
42175
42176
42176
42177
42179
42179
42179
42181
42181
42182
42182
42183
42188
42188
42190
42192
42193
42198
42202
42202
42202
42203
42204
42204
42205
42210
42210
42212
42213
42214
42214
42216
42216
42218
42220
42221
42222
42225
42226
42226
42228
42228
42230
42230
42231
42231
42232
42235
42238
42240
42243
42244
42245
42246
42249
42252
42255
42256
42258
42258
42262
42263
42265
42266
42268
42269
42270
42272
42273
42273
42274
42274
42274
42275
42277
42277
42278
42279
42280
42280
42281
42281
42282
42283
42283
42285
42287
42287
42289
42289
42291
42294
42298
42298
42299
42299
42303
42304
42306
42308
42309
42311
42312
42313
42313
42313
42314
42316
42320
42321
42325
42326
42331
42336
42337
42337
42338
42341
42346
42348
42348
42349
42351
42351
42352
42354
42356
42359
42362
42363
42366
42367
42368
42369
42372
42372
42373
42375
42375
42377
42378
42380
42383
42388
42388
42389
42390
42391
42392
42392
42394
42396
42396
42396
42398
42398
42401
42401
42402
42403
42403
42403
42406
42408
42408
42409
42410
42413
42414
42415
42415
42416
42416
42416
42417
42418
42418
42420
42421
42421
42421
42423
42424
42427
42428
42430
42431
42434
42436
42437
42439
42440
42442
42442
42443
42447
42447
42448
42450
42451
42452
42453
42454
42454
42454
42456
42456
42457
42458
42459
42460
42461
42462
42464
42465
42465
42467
42467
42468
42468
42470
42471
42472
42473
42474
42478
42479
42479
42481
42481
42482
42484
42484
42486
42486
42486
42488
42488
42488
42488
42490
42491
42492
42492
42492
42492
42492
42494
42495
42495
42495
42496
42499
42499
42501
42502
42502
42503
42503
42503
42504
42504
42504
42505
42505
42505
42506
42507
42507
42510
42515
42518
42521
42522
42523
42524
42525
42527
42531
42533
42533
42534
42534
42535
42535
42536
42536
42536
42540
42541
42542
42542
42543
42543
42545
42546
42548
42548
42548
42548
42549
42549
42553
42556
42557
42557
42557
42559
42559
42561
42562
42565
42565
42565
42566
42567
42567
42570
42577
42578
42578
42583
42583
42584
42585
42587
42587
42588
42589
42589
42590
42591
42592
42593
42595
42598
42601
42604
42605
42606
42608
42609
42611
42616
42617
42619
42619
42619
42620
42621
42621
42621
42622
42623
42627
42630
42631
42631
42635
42635
42636
42637
42640
42643
42643
42644
42647
42647
42647
42647
42647
42648
42650
42652
42655
42655
42655
42659
42659
42660
42660
42662
42663
42664
42667
42668
42672
42673
42676
42680
42681
42682
42683
42683
42684
42687
42688
42688
42688
42688
42689
42690
42690
42691
42692
42692
42696
42698
42699
42699
42699
42701
42705
42705
42707
42710
42712
42716
42716
42717
42718
42719
42720
42720
42721
42721
42721
42722
42723
42724
42724
42725
42726
42727
42730
42733
42733
42734
42734
42736
42736
42737
42741
42743
42743
42744
42744
42744
42744
42746
42747
42751
42752
42754
42757
42760
42760
42761
42763
42764
42765
42765
42771
42772
42773
42774
42774
42775
42777
42778
42778
42780
42782
42783
42784
42785
42786
42786
42787
42790
42791
42794
42795
42795
42796
42797
42799
42805
42806
42806
42807
42808
42809
42810
42813
42814
42817
42818
42818
42819
42820
42821
42821
42824
42824
42831
42832
42832
42835
42837
42837
42838
42838
42840
42841
42842
42843
42844
42846
42846
42847
42851
42853
42854
42854
42857
42857
42859
42859
42860
42864
42866
42866
42867
42869
42869
42872
42873
42874
42875
42878
42878
42879
42879
42879
42879
42879
42880
42881
42881
42881
42882
42884
42884
42887
42888
42889
42889
42889
42892
42892
42892
42893
42893
42893
42894
42894
42900
42902
42903
42903
42905
42907
42910
42911
42916
42916
42918
42919
42921
42923
42927
42929
42934
42934
42936
42937
42939
42940
42941
42942
42943
42945
42948
42948
42949
42949
42951
42956
42957
42958
42959
42959
42960
42966
42966
42969
42971
42971
42971
42972
42972
42972
42974
42976
42979
42980
42980
42983
42984
42985
42988
42988
42988
42988
42989
42990
42990
42992
42992
42993
42995
42995
42997
42998
42999
43000
43003
43007
43009
43013
43013
43014
43015
43016
43019
43019
43019
43020
43020
43020
43023
43025
43029
43029
43030
43031
43033
43034
43041
43042
43043
43044
43044
43045
43045
43048
43049
43049
43050
43050
43050
43052
43058
43060
43062
43063
43063
43066
43070
43072
43073
43075
43077
43077
43077
43077
43080
43081
43083
43084
43088
43090
43090
43090
43092
43093
43093
43094
43095
43096
43099
43101
43106
43106
43106
43106
43109
43109
43109
43113
43113
43114
43115
43115
43116
43119
43119
43124
43124
43129
43129
43130
43133
43133
43134
43134
43136
43138
43141
43143
43143
43144
43147
43151
43152
43155
43156
43156
43158
43161
43161
43163
43165
43166
43167
43168
43168
43170
43174
43174
43177
43177
43178
43183
43184
43185
43186
43187
43187
43188
43189
43190
43191
43191
43192
43192
43194
43195
43196
43196
43199
43200
43201
43203
43208
43208
43210
43211
43211
43215
43216
43216
43217
43218
43219
43223
43224
43224
43225
43227
43233
43233
43234
43237
43240
43240
43240
43244
43246
43247
43247
43249
43251
43253
43253
43256
43257
43257
43257
43257
43261
43263
43266
43266
43267
43267
43268
43268
43269
43271
43275
43275
43275
43276
43277
43278
43278
43280
43281
43281
43281
43282
43283
43285
43285
43286
43287
43287
43288
43289
43290
43291
43292
43294
43295
43295
43295
43297
43299
43302
43302
43304
43307
43307
43309
43309
43309
43310
43312
43313
43313
43313
43314
43314
43316
43318
43319
43320
43322
43322
43322
43323
43324
43325
43326
43327
43332
43332
43333
43333
43335
43336
43337
43341
43341
43342
43342
43343
43344
43344
43345
43345
43347
43348
43348
43349
43349
43349
43351
43354
43354
43354
43356
43358
43358
43359
43360
43360
43361
43362
43363
43365
43366
43366
43368
43372
43373
43376
43377
43378
43378
43380
43381
43387
43388
43389
43389
43392
43392
43392
43394
43395
43396
43396
43398
43398
43398
43400
43400
43404
43404
43406
43406
43406
43406
43406
43407
43408
43409
43409
43410
43410
43411
43412
43414
43415
43416
43417
43417
43418
43419
43419
43423
43423
43424
43429
43431
43433
43434
43436
43438
43438
43438
43440
43444
43445
43446
43447
43449
43449
43449
43450
43451
43453
43455
43458
43459
43459
43462
43462
43462
43464
43464
43464
43465
43465
43466
43466
43468
43469
43470
43473
43475
43478
43478
43480
43480
43480
43482
43487
43488
43491
43497
43497
43497
43500
43506
43511
43513
43514
43514
43515
43516
43519
43520
43521
43523
43527
43528
43528
43529
43530
43530
43530
43531
43536
43537
43538
43539
43541
43541
43544
43544
43548
43548
43548
43549
43550
43551
43552
43554
43555
43555
43556
43556
43556
43557
43558
43560
43562
43565
43565
43566
43575
43578
43581
43584
43584
43589
43590
43592
43592
43593
43594
43596
43597
43598
43602
43603
43603
43605
43607
43608
43610
43611
43611
43612
43617
43617
43617
43617
43620
43621
43621
43622
43623
43625
43625
43625
43626
43627
43627
43627
43629
43629
43629
43631
43632
43634
43635
43635
43638
43639
43640
43641
43642
43642
43644
43648
43649
43649
43652
43654
43658
43661
43664
43664
43665
43665
43665
43665
43666
43667
43668
43673
43675
43676
43677
43678
43679
43679
43681
43681
43683
43685
43688
43690
43690
43691
43692
43692
43693
43694
43695
43696
43697
43701
43702
43702
43702
43703
43706
43708
43708
43708
43710
43714
43715
43716
43717
43720
43725
43726
43726
43727
43730
43733
43734
43734
43734
43734
43735
43737
43737
43738
43739
43740
43741
43741
43741
43743
43745
43749
43749
43751
43751
43751
43753
43757
43759
43759
43759
43760
43763
43763
43763
43764
43765
43766
43767
43768
43770
43772
43775
43776
43776
43776
43777
43778
43778
43780
43780
43780
43782
43783
43783
43784
43785
43787
43790
43793
43794
43797
43799
43799
43800
43800
43801
43803
43804
43805
43805
43806
43810
43810
43812
43813
43813
43815
43816
43820
43820
43823
43824
43824
43824
43825
43826
43831
43831
43833
43833
43836
43838
43839
43840
43841
43841
43843
43844
43845
43845
43848
43848
43850
43851
43855
43856
43856
43857
43859
43859
43860
43860
43861
43863
43864
43864
43865
43866
43868
43869
43870
43870
43870
43871
43872
43875
43875
43878
43879
43879
43880
43885
43885
43886
43892
43893
43895
43897
43897
43899
43904
43907
43913
43915
43915
43915
43917
43917
43918
43918
43918
43919
43919
43921
43921
43923
43925
43927
43928
43929
43930
43934
43935
43936
43936
43938
43939
43940
43942
43945
43949
43951
43951
43951
43952
43952
43953
43958
43959
43959
43961
43962
43965
43966
43967
43967
43967
43968
43969
43970
43970
43972
43973
43976
43983
43983
43983
43984
43986
43986
43987
43990
43990
43990
43991
43992
43993
43993
43994
43994
43998
43999
44000
44000
44003
44003
44003
44004
44006
44007
44010
44010
44013
44013
44014
44016
44018
44019
44020
44020
44023
44023
44024
44025
44025
44028
44031
44032
44033
44033
44033
44034
44034
44035
44036
44037
44040
44040
44041
44041
44041
44041
44042
44042
44042
44043
44043
44047
44048
44049
44052
44054
44057
44058
44058
44060
44062
44064
44066
44067
44068
44069
44071
44073
44075
44076
44077
44079
44079
44080
44080
44082
44087
44088
44091
44096
44096
44096
44096
44097
44098
44099
44103
44110
44111
44111
44114
44115
44115
44117
44118
44118
44118
44124
44124
44125
44125
44126
44126
44126
44128
44128
44129
44130
44131
44132
44132
44133
44135
44136
44137
44139
44140
44143
44144
44147
44147
44152
44152
44153
44154
44154
44155
44155
44156
44157
44158
44163
44164
44164
44164
44165
44166
44167
44167
44169
44170
44171
44174
44175
44175
44176
44178
44179
44181
44181
44182
44182
44182
44183
44188
44191
44191
44193
44193
44194
44196
44197
44198
44199
44199
44199
44199
44200
44203
44204
44206
44207
44210
44212
44213
44214
44218
44219
44220
44222
44222
44223
44226
44228
44228
44228
44231
44232
44232
44233
44236
44238
44239
44245
44246
44248
44250
44251
44251
44251
44251
44252
44253
44254
44257
44257
44258
44259
44259
44261
44261
44261
44262
44263
44265
44268
44269
44269
44273
44274
44274
44274
44274
44276
44277
44277
44278
44278
44279
44280
44281
44283
44283
44284
44285
44285
44286
44287
44288
44290
44291
44294
44297
44297
44297
44299
44300
44302
44304
44306
44307
44308
44308
44309
44309
44312
44312
44314
44315
44322
44322
44323
44324
44325
44327
44328
44328
44329
44329
44329
44330
44330
44330
44331
44331
44332
44332
44336
44338
44338
44338
44339
44341
44343
44344
44344
44345
44346
44346
44346
44346
44347
44348
44350
44351
44352
44355
44355
44357
44357
44358
44361
44361
44363
44365
44366
44366
44368
44369
44371
44372
44374
44374
44375
44375
44375
44377
44379
44386
44391
44392
44394
44400
44401
44403
44403
44405
44407
44408
44411
44413
44414
44414
44415
44417
44417
44417
44417
44417
44419
44421
44421
44422
44422
44425
44428
44430
44431
44431
44435
44435
44437
44439
44440
44444
44447
44450
44450
44450
44451
44453
44455
44456
44458
44459
44461
44461
44465
44468
44470
44471
44472
44473
44473
44474
44477
44478
44480
44481
44481
44483
44490
44493
44494
44496
44497
44499
44500
44501
44501
44504
44505
44505
44510
44510
44511
44513
44516
44517
44518
44519
44520
44520
44521
44526
44527
44528
44529
44529
44529
44529
44532
44532
44533
44539
44540
44540
44548
44550
44550
44555
44556
44557
44559
44560
44560
44560
44560
44561
44561
44562
44563
44564
44564
44565
44567
44568
44570
44572
44574
44575
44576
44579
44579
44579
44580
44580
44584
44586
44586
44588
44589
44590
44590
44591
44591
44593
44595
44596
44597
44599
44599
44599
44602
44603
44606
44607
44609
44610
44611
44611
44612
44614
44617
44618
44618
44619
44620
44626
44628
44630
44635
44637
44637
44639
44639
44642
44643
44644
44647
44647
44648
44649
44649
44650
44650
44651
44652
44652
44656
44656
44657
44659
44665
44666
44669
44670
44670
44671
44672
44674
44675
44676
44678
44678
44678
44682
44682
44682
44683
44683
44687
44687
44687
44688
44688
44690
44691
44695
44696
44696
44698
44699
44700
44704
44706
44708
44708
44711
44711
44713
44713
44714
44714
44715
44717
44717
44718
44718
44720
44722
44725
44728
44728
44731
44731
44734
44734
44734
44734
44736
44736
44736
44736
44736
44736
44737
44740
44740
44742
44742
44742
44743
44744
44745
44748
44751
44753
44753
44756
44756
44757
44757
44758
44758
44758
44763
44764
44764
44767
44767
44768
44771
44771
44772
44775
44776
44777
44778
44783
44783
44783
44784
44787
44789
44793
44795
44795
44795
44797
44797
44801
44803
44805
44809
44809
44810
44811
44812
44815
44816
44817
44817
44822
44824
44824
44826
44826
44829
44834
44835
44837
44837
44837
44837
44838
44838
44839
44842
44843
44843
44844
44846
44847
44847
44849
44850
44851
44851
44852
44852
44853
44854
44856
44858
44862
44864
44867
44868
44868
44872
44872
44873
44874
44875
44877
44877
44879
44881
44883
44884
44884
44885
44886
44887
44889
44899
44899
44901
44902
44902
44905
44906
44908
44910
44910
44911
44911
44912
44912
44912
44913
44915
44916
44918
44919
44919
44922
44922
44922
44924
44925
44928
44928
44929
44931
44932
44933
44933
44934
44936
44937
44938
44938
44939
44940
44940
44941
44941
44942
44943
44944
44944
44945
44945
44945
44946
44946
44946
44953
44954
44954
44956
44956
44958
44960
44962
44963
44964
44968
44969
44970
44970
44972
44972
44972
44974
44974
44974
44974
44975
44975
44976
44977
44978
44978
44979
44979
44980
44981
44981
44983
44983
44985
44986
44986
44987
44988
44991
44993
44993
44994
44994
44995
44995
44996
44996
44999
45000
45001
45001
45003
45004
45008
45009
45009
45009
45013
45014
45017
45017
45018
45018
45019
45020
45021
45021
45024
45030
45030
45032
45033
45036
45038
45038
45039
45040
45043
45044
45045
45045
45046
45047
45048
45048
45048
45049
45050
45054
45054
45055
45060
45060
45061
45061
45061
45067
45067
45070
45070
45071
45072
45073
45073
45075
45075
45075
45075
45076
45077
45077
45078
45078
45081
45081
45083
45088
45089
45093
45095
45097
45100
45101
45101
45101
45102
45104
45106
45107
45108
45109
45110
45113
45113
45113
45114
45114
45115
45116
45117
45117
45118
45118
45119
45121
45121
45122
45122
45122
45122
45123
45124
45125
45126
45129
45129
45129
45129
45132
45133
45136
45137
45138
45138
45139
45142
45143
45143
45144
45147
45147
45148
45149
45151
45151
45153
45153
45155
45156
45156
45157
45157
45158
45158
45159
45160
45160
45161
45162
45162
45163
45163
45165
45169
45170
45171
45171
45171
45173
45174
45175
45175
45176
45177
45178
45178
45179
45179
45180
45180
45187
45188
45190
45190
45191
45194
45197
45197
45197
45198
45199
45199
45201
45201
45201
45201
45204
45204
45204
45205
45205
45206
45206
45206
45206
45209
45209
45211
45212
45212
45212
45213
45214
45216
45219
45220
45221
45221
45227
45228
45229
45231
45234
45234
45234
45235
45236
45237
45238
45238
45238
45241
45242
45242
45244
45245
45246
45246
45248
45249
45249
45252
45253
45254
45255
45256
45258
45261
45263
45265
45266
45268
45269
45271
45272
45280
45280
45281
45283
45284
45284
45285
45286
45286
45286
45287
45290
45290
45291
45291
45291
45292
45292
45292
45295
45295
45295
45296
45298
45298
45299
45303
45306
45307
45310
45312
45312
45314
45314
45315
45316
45316
45316
45317
45319
45320
45320
45322
45322
45322
45324
45325
45327
45327
45332
45332
45333
45335
45340
45342
45342
45343
45349
45349
45350
45352
45352
45361
45362
45364
45366
45370
45371
45371
45375
45376
45379
45379
45380
45380
45380
45380
45383
45384
45385
45385
45385
45387
45388
45388
45389
45392
45393
45395
45396
45397
45398
45399
45401
45403
45404
45407
45408
45410
45415
45417
45419
45419
45420
45420
45421
45427
45428
45428
45429
45430
45431
45431
45433
45433
45434
45435
45436
45436
45436
45437
45438
45440
45440
45442
45444
45446
45449
45450
45452
45452
45454
45457
45458
45463
45465
45465
45466
45468
45469
45470
45470
45472
45474
45476
45480
45481
45483
45484
45486
45487
45487
45488
45490
45492
45492
45493
45495
45496
45497
45497
45498
45500
45501
45504
45504
45505
45506
45506
45506
45508
45509
45509
45511
45511
45512
45516
45517
45517
45518
45518
45519
45519
45521
45525
45530
45531
45532
45533
45533
45536
45537
45538
45539
45543
45544
45545
45546
45547
45547
45548
45549
45550
45550
45553
45553
45556
45557
45558
45559
45560
45563
45565
45565
45568
45568
45568
45571
45571
45572
45574
45575
45575
45578
45578
45583
45584
45589
45590
45591
45593
45594
45594
45596
45597
45597
45597
45598
45599
45600
45601
45601
45602
45603
45604
45605
45606
45609
45610
45611
45612
45612
45614
45615
45617
45621
45622
45623
45623
45624
45625
45627
45629
45629
45632
45633
45634
45637
45637
45638
45639
45641
45642
45642
45644
45645
45645
45649
45649
45652
45652
45653
45654
45655
45657
45658
45658
45659
45659
45660
45661
45664
45664
45673
45673
45677
45679
45680
45682
45683
45686
45690
45693
45698
45699
45699
45700
45700
45701
45701
45703
45703
45704
45704
45704
45705
45705
45707
45712
45713
45713
45715
45716
45716
45716
45716
45717
45717
45723
45724
45727
45729
45730
45733
45733
45734
45736
45738
45738
45739
45740
45743
45744
45744
45745
45746
45751
45751
45753
45754
45755
45755
45756
45757
45757
45757
45759
45760
45761
45762
45765
45770
45771
45773
45775
45775
45777
45777
45784
45786
45787
45788
45788
45789
45789
45790
45790
45792
45793
45793
45794
45794
45794
45797
45798
45800
45803
45804
45808
45811
45811
45812
45813
45816
45816
45817
45818
45818
45819
45822
45823
45824
45826
45826
45826
45831
45831
45832
45839
45843
45844
45845
45848
45850
45853
45854
45855
45857
45858
45860
45861
45864
45865
45866
45866
45867
45869
45869
45871
45873
45877
45877
45877
45877
45878
45879
45879
45879
45881
45881
45883
45884
45884
45884
45885
45885
45888
45889
45889
45893
45893
45893
45895
45897
45897
45898
45899
45899
45900
45901
45903
45904
45905
45905
45906
45906
45907
45908
45910
45910
45911
45912
45914
45914
45915
45920
45920
45921
45922
45924
45927
45928
45930
45935
45935
45936
45936
45941
45942
45943
45944
45944
45944
45948
45948
45948
45950
45951
45951
45953
45955
45956
45957
45957
45961
45961
45962
45963
45963
45963
45964
45967
45968
45969
45969
45972
45973
45973
45975
45975
45977
45979
45980
45980
45981
45981
45982
45982
45983
45983
45985
45985
45985
45993
45994
45995
45997
45998
45999
46000
46003
46007
46009
46009
46011
46013
46014
46017
46017
46017
46020
46027
46028
46029
46030
46031
46031
46032
46034
46034
46036
46036
46039
46039
46041
46041
46042
46043
46043
46043
46045
46045
46045
46046
46047
46047
46048
46049
46050
46051
46051
46052
46052
46053
46054
46055
46057
46058
46058
46059
46062
46063
46063
46069
46070
46070
46075
46075
46078
46078
46078
46081
46083
46083
46084
46084
46085
46087
46087
46088
46088
46089
46091
46091
46091
46092
46092
46092
46092
46093
46094
46096
46099
46101
46103
46104
46108
46108
46111
46111
46111
46111
46111
46112
46112
46112
46113
46114
46115
46117
46120
46120
46122
46122
46123
46124
46125
46126
46126
46126
46126
46126
46128
46129
46136
46136
46137
46140
46140
46140
46141
46143
46144
46145
46145
46146
46147
46150
46152
46154
46159
46160
46161
46161
46163
46164
46165
46167
46167
46171
46174
46175
46175
46175
46177
46178
46179
46179
46180
46180
46183
46184
46186
46187
46187
46192
46196
46199
46200
46200
46202
46203
46204
46208
46210
46210
46210
46212
46217
46217
46218
46218
46219
46221
46221
46221
46221
46222
46225
46226
46228
46233
46235
46236
46237
46237
46238
46239
46240
46241
46242
46243
46245
46246
46246
46248
46249
46249
46251
46252
46255
46256
46257
46258
46259
46259
46260
46261
46261
46261
46262
46262
46263
46264
46265
46269
46270
46270
46271
46271
46271
46271
46275
46276
46276
46277
46281
46282
46283
46284
46287
46288
46289
46293
46293
46295
46298
46301
46301
46302
46302
46303
46304
46308
46309
46310
46311
46312
46314
46314
46315
46317
46318
46318
46319
46321
46321
46322
46324
46325
46326
46328
46328
46328
46328
46328
46331
46333
46333
46333
46333
46333
46334
46334
46335
46335
46340
46341
46341
46341
46342
46344
46345
46346
46346
46346
46348
46350
46356
46357
46357
46359
46361
46361
46363
46364
46365
46366
46367
46368
46369
46370
46371
46373
46375
46376
46378
46379
46381
46382
46382
46382
46383
46383
46384
46384
46385
46386
46386
46389
46392
46393
46396
46396
46400
46402
46402
46402
46405
46407
46408
46408
46409
46411
46411
46412
46415
46416
46416
46416
46419
46419
46421
46422
46422
46423
46423
46424
46425
46425
46425
46425
46425
46428
46430
46431
46432
46432
46432
46434
46438
46438
46440
46441
46441
46443
46443
46443
46444
46449
46450
46450
46454
46457
46457
46459
46461
46467
46468
46469
46471
46475
46475
46475
46476
46476
46476
46478
46478
46478
46478
46479
46482
46483
46483
46484
46486
46486
46493
46494
46495
46495
46495
46498
46498
46499
46500
46500
46505
46506
46508
46509
46509
46511
46513
46515
46515
46516
46517
46517
46519
46521
46522
46526
46527
46528
46528
46528
46529
46531
46532
46533
46534
46534
46534
46534
46535
46538
46539
46540
46541
46543
46545
46548
46551
46552
46555
46555
46555
46555
46559
46561
46561
46562
46562
46562
46563
46565
46571
46572
46573
46573
46573
46574
46575
46576
46577
46577
46579
46581
46584
46584
46585
46588
46590
46591
46594
46595
46596
46597
46597
46600
46601
46603
46603
46604
46605
46605
46607
46607
46611
46613
46614
46614
46617
46617
46621
46626
46626
46632
46632
46633
46633
46635
46636
46638
46638
46646
46647
46647
46647
46652
46653
46655
46658
46658
46659
46659
46661
46662
46664
46668
46674
46674
46675
46676
46678
46678
46679
46684
46685
46686
46687
46695
46695
46697
46698
46699
46700
46705
46707
46707
46707
46710
46711
46712
46712
46713
46713
46714
46715
46717
46717
46719
46721
46725
46726
46727
46729
46730
46730
46731
46731
46733
46733
46733
46735
46736
46737
46737
46737
46739
46739
46740
46741
46741
46742
46743
46746
46748
46749
46752
46753
46757
46757
46758
46760
46761
46762
46764
46765
46771
46772
46773
46776
46776
46776
46778
46779
46781
46785
46787
46787
46788
46791
46792
46792
46793
46794
46795
46796
46796
46797
46797
46797
46798
46799
46799
46799
46800
46801
46805
46805
46806
46806
46808
46811
46811
46813
46817
46817
46817
46818
46818
46820
46822
46822
46823
46824
46824
46824
46825
46826
46828
46828
46829
46830
46831
46835
46838
46839
46840
46842
46843
46844
46844
46846
46846
46848
46848
46849
46850
46851
46851
46852
46852
46853
46853
46859
46859
46860
46860
46861
46862
46863
46865
46866
46868
46869
46869
46870
46870
46873
46875
46876
46878
46878
46882
46884
46884
46885
46887
46888
46888
46889
46889
46890
46894
46897
46897
46897
46897
46898
46899
46899
46901
46901
46901
46902
46904
46908
46908
46916
46916
46917
46917
46918
46925
46925
46927
46931
46932
46934
46934
46935
46936
46936
46937
46938
46942
46942
46943
46946
46947
46954
46954
46955
46958
46959
46959
46960
46961
46961
46963
46964
46965
46966
46966
46967
46968
46968
46969
46970
46970
46970
46971
46973
46973
46973
46974
46975
46976
46979
46985
46985
46985
46986
46989
46995
46995
46997
46998
46999
47000
47001
47004
47005
47005
47006
47008
47008
47009
47011
47011
47014
47020
47022
47023
47023
47027
47027
47028
47029
47029
47029
47031
47032
47035
47035
47037
47041
47042
47042
47044
47045
47045
47047
47049
47049
47049
47050
47050
47050
47051
47052
47055
47055
47055
47058
47059
47059
47064
47064
47065
47067
47068
47069
47069
47071
47073
47076
47082
47083
47085
47088
47088
47090
47092
47096
47097
47098
47102
47103
47104
47105
47106
47107
47108
47108
47109
47110
47111
47113
47115
47115
47118
47120
47121
47122
47123
47123
47126
47130
47131
47131
47132
47132
47133
47134
47140
47140
47141
47142
47142
47143
47144
47145
47145
47146
47148
47150
47150
47151
47152
47154
47155
47157
47157
47157
47157
47158
47162
47162
47164
47165
47165
47165
47167
47168
47168
47170
47171
47175
47177
47181
47183
47184
47184
47186
47190
47190
47190
47192
47193
47193
47193
47197
47200
47201
47204
47207
47208
47209
47210
47210
47210
47211
47212
47213
47213
47215
47216
47220
47220
47223
47224
47225
47226
47226
47230
47231
47231
47234
47240
47241
47244
47246
47246
47247
47248
47248
47249
47250
47250
47250
47251
47251
47252
47252
47253
47254
47254
47255
47256
47258
47259
47260
47260
47265
47268
47269
47270
47271
47272
47274
47275
47276
47277
47278
47278
47280
47282
47282
47285
47288
47291
47297
47297
47298
47298
47299
47302
47302
47302
47305
47305
47305
47305
47308
47308
47308
47309
47310
47313
47317
47319
47319
47319
47320
47323
47323
47324
47325
47326
47331
47332
47334
47335
47335
47336
47338
47345
47346
47349
47350
47350
47351
47353
47353
47354
47355
47355
47359
47360
47360
47362
47363
47364
47367
47370
47373
47377
47377
47382
47383
47383
47384
47384
47384
47384
47385
47388
47388
47389
47389
47389
47392
47395
47395
47396
47397
47397
47398
47401
47401
47402
47403
47406
47407
47408
47409
47409
47411
47413
47416
47417
47426
47426
47430
47430
47432
47433
47433
47433
47433
47433
47434
47436
47443
47445
47445
47445
47447
47450
47452
47453
47455
47456
47457
47458
47458
47461
47462
47466
47466
47466
47467
47468
47468
47469
47469
47471
47473
47473
47474
47475
47476
47476
47477
47477
47478
47482
47482
47482
47482
47483
47487
47489
47490
47491
47495
47499
47500
47500
47501
47501
47502
47502
47502
47504
47504
47504
47507
47507
47508
47510
47511
47511
47513
47514
47515
47520
47520
47521
47521
47521
47521
47523
47526
47526
47526
47527
47529
47530
47531
47532
47535
47536
47536
47538
47539
47539
47540
47542
47543
47544
47544
47546
47548
47549
47550
47552
47553
47554
47555
47556
47556
47556
47558
47559
47564
47565
47565
47566
47567
47567
47568
47569
47570
47570
47572
47572
47574
47577
47577
47578
47581
47581
47582
47582
47583
47585
47587
47588
47589
47589
47590
47592
47593
47594
47595
47598
47603
47605
47605
47605
47606
47606
47606
47606
47607
47608
47608
47609
47611
47611
47611
47612
47613
47615
47616
47617
47619
47622
47622
47623
47624
47625
47627
47627
47627
47629
47632
47633
47636
47637
47638
47639
47639
47639
47640
47641
47641
47642
47644
47645
47645
47646
47646
47646
47648
47649
47650
47650
47650
47650
47650
47651
47651
47651
47653
47653
47654
47655
47656
47657
47659
47663
47664
47664
47667
47668
47669
47674
47675
47678
47680
47681
47682
47682
47682
47683
47687
47689
47692
47693
47693
47693
47696
47697
47699
47699
47700
47700
47702
47707
47707
47710
47711
47711
47714
47714
47714
47715
47715
47717
47717
47718
47719
47719
47721
47723
47723
47726
47727
47727
47728
47730
47730
47731
47731
47732
47734
47734
47735
47737
47738
47739
47740
47740
47741
47741
47742
47744
47747
47747
47747
47750
47751
47751
47754
47755
47755
47756
47756
47759
47760
47761
47761
47762
47765
47770
47770
47772
47772
47775
47776
47778
47779
47780
47780
47784
47786
47789
47789
47795
47795
47797
47797
47798
47799
47801
47802
47803
47808
47808
47811
47811
47812
47814
47815
47818
47819
47819
47819
47823
47823
47824
47825
47825
47826
47828
47830
47830
47833
47836
47836
47844
47845
47845
47845
47846
47846
47846
47847
47851
47852
47853
47857
47857
47858
47861
47862
47863
47863
47864
47868
47868
47868
47870
47871
47873
47874
47874
47874
47875
47875
47876
47877
47878
47878
47878
47879
47879
47881
47883
47884
47886
47888
47888
47888
47889
47889
47890
47891
47894
47896
47896
47897
47905
47908
47908
47909
47910
47911
47912
47912
47915
47916
47917
47917
47917
47922
47925
47925
47927
47927
47929
47934
47939
47939
47940
47940
47943
47943
47944
47944
47948
47949
47949
47950
47955
47956
47960
47963
47965
47966
47968
47969
47969
47972
47975
47977
47980
47980
47985
47985
47985
47990
47991
47991
47992
47993
47994
47995
47997
47997
48000
48003
48004
48005
48005
48009
48011
48011
48013
48015
48015
48016
48017
48018
48021
48021
48021
48022
48024
48025
48025
48026
48026
48027
48027
48029
48029
48029
48033
48035
48035
48036
48040
48042
48042
48043
48044
48046
48048
48049
48051
48052
48053
48054
48056
48057
48060
48063
48067
48067
48068
48068
48070
48071
48072
48073
48076
48076
48078
48080
48082
48082
48085
48087
48089
48089
48090
48094
48094
48095
48095
48097
48100
48101
48102
48103
48103
48109
48109
48109
48111
48111
48114
48116
48119
48119
48123
48125
48126
48128
48129
48129
48129
48129
48130
48132
48134
48136
48139
48140
48143
48143
48144
48144
48145
48146
48146
48149
48151
48152
48152
48152
48153
48156
48156
48157
48159
48160
48161
48161
48162
48164
48165
48165
48168
48172
48172
48173
48175
48175
48181
48183
48183
48184
48185
48190
48192
48193
48194
48196
48196
48198
48199
48200
48200
48200
48202
48203
48203
48204
48204
48204
48206
48208
48209
48210
48210
48210
48210
48215
48218
48218
48219
48221
48221
48222
48222
48224
48225
48226
48229
48232
48233
48233
48234
48235
48236
48236
48240
48242
48242
48244
48246
48247
48247
48248
48249
48251
48251
48252
48252
48254
48255
48259
48260
48261
48261
48264
48265
48266
48268
48271
48276
48276
48277
48278
48278
48280
48283
48285
48287
48288
48288
48289
48290
48291
48298
48299
48300
48301
48302
48304
48307
48312
48314
48314
48315
48315
48317
48320
48321
48321
48323
48324
48324
48325
48330
48331
48332
48332
48338
48340
48342
48343
48347
48349
48349
48350
48351
48352
48353
48354
48354
48356
48357
48360
48362
48362
48367
48368
48368
48369
48374
48376
48377
48377
48378
48381
48382
48383
48383
48383
48390
48393
48395
48395
48397
48398
48400
48400
48402
48402
48402
48406
48407
48417
48419
48419
48421
48424
48426
48428
48428
48430
48433
48434
48434
48435
48435
48438
48438
48439
48440
48440
48441
48443
48446
48447
48448
48449
48450
48450
48452
48453
48457
48457
48457
48459
48460
48461
48463
48467
48467
48469
48472
48472
48473
48473
48473
48476
48477
48478
48481
48483
48485
48485
48485
48487
48488
48490
48491
48494
48496
48496
48497
48499
48500
48500
48500
48500
48503
48503
48504
48505
48506
48507
48508
48508
48508
48510
48511
48511
48513
48514
48516
48518
48520
48521
48521
48521
48522
48523
48525
48526
48527
48528
48529
48530
48532
48533
48535
48536
48537
48539
48539
48542
48542
48545
48545
48545
48549
48549
48553
48553
48556
48558
48561
48561
48562
48564
48564
48564
48564
48564
48566
48566
48566
48567
48567
48569
48570
48570
48574
48576
48577
48578
48583
48588
48590
48591
48592
48596
48596
48596
48598
48600
48601
48603
48605
48606
48608
48610
48610
48615
48616
48616
48618
48620
48622
48623
48625
48625
48626
48626
48628
48629
48629
48630
48632
48633
48633
48633
48635
48637
48638
48641
48642
48642
48646
48647
48649
48649
48651
48651
48653
48653
48653
48654
48654
48656
48657
48657
48659
48659
48660
48662
48663
48664
48666
48666
48666
48667
48668
48671
48673
48673
48673
48675
48675
48677
48679
48681
48682
48683
48686
48686
48687
48687
48689
48690
48691
48693
48696
48697
48697
48697
48698
48698
48698
48699
48699
48700
48700
48701
48703
48704
48704
48708
48710
48711
48713
48716
48716
48716
48721
48723
48724
48725
48728
48728
48728
48729
48733
48735
48735
48736
48737
48737
48739
48740
48744
48745
48746
48749
48751
48752
48753
48753
48753
48757
48757
48758
48759
48760
48760
48761
48764
48766
48767
48768
48768
48770
48771
48773
48773
48774
48775
48775
48775
48776
48778
48783
48786
48789
48789
48792
48793
48795
48796
48799
48802
48803
48804
48805
48806
48808
48808
48808
48810
48811
48812
48812
48814
48815
48817
48819
48821
48822
48824
48825
48825
48826
48827
48827
48827
48837
48847
48848
48849
48854
48854
48855
48855
48855
48857
48858
48861
48865
48866
48867
48867
48867
48872
48877
48877
48878
48881
48881
48881
48882
48884
48884
48886
48888
48888
48889
48889
48893
48893
48898
48900
48900
48905
48907
48909
48910
48912
48912
48913
48917
48917
48918
48919
48920
48923
48924
48926
48926
48927
48927
48929
48929
48932
48934
48934
48935
48937
48939
48939
48940
48947
48948
48952
48953
48954
48956
48957
48958
48959
48961
48962
48964
48964
48965
48966
48968
48972
48973
48974
48974
48975
48975
48975
48976
48977
48978
48981
48986
48986
48989
48989
48990
48990
48994
48994
48995
48997
48997
48997
49001
49002
49002
49003
49004
49008
49009
49011
49015
49016
49017
49017
49018
49019
49020
49021
49021
49025
49026
49029
49030
49031
49036
49036
49037
49037
49039
49039
49040
49040
49042
49046
49046
49048
49050
49051
49052
49056
49056
49058
49058
49059
49060
49061
49061
49061
49063
49065
49065
49066
49068
49070
49070
49076
49077
49077
49080
49080
49081
49082
49083
49084
49085
49086
49089
49092
49093
49094
49094
49094
49097
49098
49099
49099
49101
49102
49104
49104
49106
49107
49110
49111
49112
49113
49113
49114
49120
49121
49124
49125
49126
49126
49130
49131
49131
49131
49134
49138
49139
49142
49142
49144
49144
49149
49151
49154
49157
49157
49158
49159
49161
49162
49163
49165
49166
49166
49170
49170
49170
49172
49173
49174
49175
49177
49178
49179
49181
49183
49184
49186
49186
49187
49188
49189
49190
49190
49191
49191
49191
49194
49194
49195
49197
49197
49200
49200
49201
49203
49204
49205
49206
49207
49209
49210
49214
49216
49216
49217
49222
49223
49224
49224
49225
49226
49226
49226
49226
49229
49230
49230
49232
49236
49237
49237
49237
49241
49242
49243
49244
49244
49245
49248
49249
49249
49251
49253
49254
49254
49254
49257
49258
49259
49259
49259
49260
49261
49261
49262
49263
49264
49264
49265
49268
49268
49271
49273
49273
49273
49273
49275
49277
49277
49279
49279
49280
49280
49280
49281
49282
49284
49285
49286
49288
49288
49296
49297
49297
49299
49301
49302
49303
49303
49306
49307
49307
49309
49310
49311
49312
49312
49314
49314
49314
49314
49316
49317
49317
49317
49317
49319
49320
49323
49324
49324
49324
49325
49327
49327
49335
49335
49336
49339
49341
49341
49342
49342
49342
49343
49343
49344
49345
49345
49347
49350
49350
49351
49351
49353
49355
49356
49359
49363
49366
49368
49368
49372
49373
49373
49373
49376
49377
49379
49379
49379
49379
49381
49383
49385
49386
49390
49391
49393
49395
49395
49395
49397
49400
49401
49401
49402
49406
49408
49408
49409
49412
49414
49415
49417
49417
49418
49418
49419
49420
49422
49422
49422
49422
49424
49424
49424
49426
49427
49427
49429
49430
49432
49432
49433
49436
49438
49439
49439
49440
49441
49441
49446
49447
49448
49449
49450
49450
49451
49451
49456
49459
49461
49463
49466
49467
49467
49470
49473
49476
49478
49479
49479
49479
49480
49480
49480
49482
49482
49483
49483
49483
49485
49486
49487
49487
49487
49488
49490
49490
49493
49493
49494
49496
49496
49497
49499
49500
49504
49505
49509
49510
49511
49514
49515
49516
49519
49520
49523
49523
49529
49530
49531
49531
49534
49535
49537
49537
49538
49538
49539
49540
49541
49542
49545
49545
49546
49546
49547
49548
49551
49553
49555
49561
49563
49566
49569
49570
49570
49574
49574
49574
49576
49576
49578
49580
49583
49587
49588
49593
49595
49595
49596
49596
49596
49597
49599
49600
49601
49601
49603
49603
49604
49604
49606
49610
49610
49613
49613
49616
49617
49618
49619
49620
49622
49623
49626
49627
49627
49628
49629
49630
49633
49633
49635
49636
49638
49639
49643
49643
49645
49647
49648
49648
49649
49650
49650
49651
49652
49653
49656
49657
49659
49660
49661
49661
49665
49667
49668
49668
49669
49669
49670
49673
49674
49675
49675
49676
49681
49682
49682
49683
49684
49687
49689
49690
49693
49695
49695
49696
49697
49697
49697
49698
49700
49700
49701
49704
49705
49705
49706
49707
49708
49708
49709
49711
49712
49712
49714
49714
49715
49717
49719
49721
49722
49722
49724
49724
49724
49725
49727
49728
49729
49730
49732
49734
49734
49736
49738
49740
49741
49742
49744
49745
49746
49746
49747
49748
49749
49750
49750
49751
49751
49752
49753
49753
49754
49754
49756
49756
49757
49758
49759
49760
49761
49761
49761
49761
49765
49768
49770
49770
49771
49772
49772
49772
49773
49774
49774
49775
49776
49778
49779
49781
49781
49784
49786
49786
49786
49786
49787
49787
49790
49791
49792
49793
49793
49794
49796
49796
49796
49799
49800
49802
49802
49803
49804
49805
49805
49806
49806
49809
49809
49816
49816
49817
49821
49823
49824
49825
49828
49828
49828
49830
49836
49838
49840
49843
49844
49845
49846
49847
49848
49848
49850
49852
49854
49854
49856
49856
49863
49865
49867
49869
49871
49872
49872
49873
49874
49874
49875
49876
49878
49878
49878
49881
49882
49882
49883
49884
49886
49886
49887
49889
49890
49891
49894
49894
49896
49896
49896
49896
49897
49898
49898
49898
49899
49900
49900
49901
49902
49903
49904
49904
49906
49906
49908
49908
49908
49908
49910
49910
49911
49911
49912
49913
49914
49915
49916
49917
49917
49920
49920
49921
49924
49925
49926
49926
49927
49927
49927
49928
49928
49930
49931
49931
49932
49936
49937
49937
49939
49941
49942
49944
49951
49957
49958
49960
49960
49960
49961
49961
49963
49965
49965
49966
49970
49970
49972
49973
49973
49974
49975
49975
49976
49977
49978
49978
49980
49980
49982
49983
49984
49987
49988
49990
49990
49993
49994
49994
49994
49994
49996
49998
49998
49999
50000
50001
50002
50004
50004
50005
50006
50010
50010
50011
50012
50014
50014
50015
50015
50016
50018
50019
50022
50023
50026
50027
50029
50030
50032
50036
50036
50038
50038
50039
50039
50045
50045
50045
50045
50047
50049
50050
50052
50053
50055
50056
50059
50061
50061
50062
50065
50065
50066
50066
50067
50068
50069
50069
50070
50070
50072
50072
50076
50076
50076
50077
50077
50078
50078
50082
50083
50083
50084
50085
50086
50087
50088
50091
50091
50091
50092
50092
50094
50101
50102
50107
50108
50109
50109
50111
50111
50112
50113
50117
50119
50121
50121
50122
50122
50124
50125
50127
50128
50129
50131
50131
50132
50132
50136
50136
50136
50145
50145
50146
50147
50147
50148
50149
50152
50157
50158
50164
50166
50167
50168
50169
50169
50172
50173
50173
50176
50177
50179
50181
50182
50186
50186
50187
50189
50191
50191
50193
50193
50196
50197
50197
50200
50201
50202
50204
50205
50211
50214
50214
50215
50216
50218
50219
50219
50219
50219
50220
50220
50221
50221
50223
50224
50224
50226
50228
50230
50231
50232
50232
50234
50238
50241
50242
50247
50250
50252
50254
50256
50256
50257
50258
50259
50260
50263
50264
50265
50265
50267
50271
50271
50276
50277
50277
50278
50279
50280
50282
50284
50284
50285
50286
50286
50286
50288
50288
50289
50289
50291
50294
50296
50300
50302
50303
50303
50304
50304
50305
50305
50307
50307
50309
50310
50310
50311
50315
50315
50316
50316
50317
50317
50319
50322
50322
50323
50324
50325
50327
50328
50330
50330
50331
50332
50333
50333
50335
50336
50337
50337
50338
50338
50339
50339
50340
50343
50343
50344
50345
50345
50346
50346
50346
50346
50350
50352
50352
50353
50354
50355
50358
50358
50359
50359
50360
50360
50360
50360
50361
50362
50362
50363
50364
50365
50367
50369
50370
50370
50371
50371
50371
50373
50374
50376
50376
50379
50383
50383
50384
50385
50386
50387
50388
50389
50389
50391
50393
50393
50393
50398
50400
50400
50401
50402
50402
50402
50406
50406
50407
50409
50412
50414
50414
50417
50417
50417
50418
50418
50420
50422
50423
50427
50430
50430
50431
50432
50434
50434
50436
50437
50438
50438
50439
50441
50441
50442
50442
50443
50444
50445
50445
50447
50449
50452
50456
50456
50457
50457
50458
50458
50458
50458
50460
50461
50461
50465
50465
50466
50467
50468
50470
50471
50472
50474
50475
50476
50476
50477
50477
50481
50481
50482
50483
50483
50485
50486
50487
50488
50488
50492
50495
50496
50499
50500
50500
50501
50505
50506
50507
50510
50516
50517
50517
50518
50519
50519
50521
50522
50524
50527
50527
50529
50530
50532
50534
50535
50535
50536
50536
50539
50539
50540
50540
50540
50540
50541
50543
50543
50544
50545
50545
50546
50546
50550
50551
50555
50556
50557
50557
50558
50559
50559
50560
50562
50564
50565
50566
50566
50567
50569
50569
50570
50572
50575
50575
50575
50576
50576
50577
50580
50583
50584
50586
50587
50588
50590
50590
50590
50593
50594
50595
50596
50598
50599
50600
50602
50603
50604
50604
50605
50605
50606
50607
50609
50609
50610
50612
50613
50613
50615
50617
50620
50621
50622
50622
50622
50623
50625
50626
50626
50627
50629
50629
50629
50631
50632
50634
50635
50636
50636
50637
50642
50643
50643
50644
50645
50647
50649
50653
50654
50655
50656
50658
50658
50658
50660
50660
50661
50663
50663
50666
50667
50669
50674
50676
50676
50677
50679
50679
50680
50684
50685
50685
50685
50685
50686
50687
50688
50688
50690
50693
50693
50693
50693
50694
50695
50695
50695
50696
50698
50699
50699
50699
50700
50700
50704
50704
50705
50706
50707
50708
50710
50711
50713
50716
50718
50718
50718
50725
50725
50726
50729
50732
50733
50736
50739
50739
50739
50739
50740
50742
50743
50744
50746
50747
50748
50749
50750
50751
50751
50753
50753
50754
50754
50755
50758
50760
50761
50762
50763
50764
50768
50769
50772
50772
50774
50774
50776
50776
50776
50777
50779
50784
50788
50790
50792
50793
50793
50796
50799
50800
50801
50801
50804
50806
50806
50806
50807
50808
50814
50815
50822
50823
50827
50830
50831
50832
50832
50833
50834
50837
50839
50839
50842
50843
50844
50846
50850
50850
50851
50854
50855
50857
50859
50860
50861
50861
50864
50865
50868
50868
50870
50870
50871
50871
50873
50873
50875
50875
50877
50880
50881
50882
50883
50886
50888
50888
50889
50889
50891
50891
50892
50892
50896
50897
50901
50901
50902
50903
50906
50907
50908
50909
50909
50910
50911
50911
50912
50912
50915
50915
50916
50917
50918
50919
50920
50923
50925
50925
50927
50930
50931
50931
50933
50934
50937
50938
50939
50940
50942
50944
50945
50945
50947
50948
50950
50950
50952
50953
50953
50954
50957
50958
50960
50961
50962
50966
50966
50967
50968
50968
50968
50969
50969
50969
50971
50972
50973
50973
50974
50975
50975
50975
50978
50978
50979
50983
50983
50985
50985
50987
50987
50988
50988
50989
50989
50991
50992
50995
50998
50998
51001
51004
51004
51004
51004
51005
51006
51007
51007
51008
51009
51009
51009
51013
51015
51018
51023
51024
51025
51025
51025
51026
51027
51027
51028
51028
51031
51032
51034
51037
51037
51038
51041
51041
51046
51047
51049
51050
51050
51052
51056
51057
51058
51058
51059
51061
51062
51065
51066
51066
51066
51073
51073
51076
51078
51079
51082
51083
51084
51084
51085
51085
51085
51085
51086
51090
51090
51093
51094
51096
51096
51098
51104
51105
51111
51117
51117
51117
51118
51120
51122
51125
51129
51129
51130
51131
51135
51135
51135
51135
51136
51140
51141
51141
51141
51144
51146
51146
51147
51148
51151
51152
51153
51153
51154
51155
51157
51157
51158
51158
51159
51159
51160
51161
51161
51162
51163
51164
51165
51168
51168
51171
51171
51174
51175
51175
51175
51176
51181
51183
51183
51190
51194
51195
51195
51196
51199
51202
51203
51206
51206
51207
51208
51208
51209
51210
51212
51216
51218
51220
51221
51221
51221
51221
51224
51227
51227
51229
51231
51232
51232
51238
51242
51243
51246
51246
51248
51248
51249
51250
51251
51251
51251
51252
51255
51255
51256
51258
51260
51261
51263
51266
51266
51266
51270
51273
51277
51277
51278
51279
51280
51280
51283
51284
51286
51289
51290
51291
51291
51291
51293
51295
51295
51296
51296
51297
51297
51298
51298
51299
51300
51300
51301
51301
51304
51305
51309
51310
51311
51316
51316
51319
51321
51322
51323
51323
51324
51325
51327
51327
51329
51329
51334
51334
51334
51334
51336
51340
51340
51341
51342
51343
51344
51344
51345
51348
51351
51354
51354
51354
51355
51356
51356
51357
51358
51361
51362
51365
51367
51369
51370
51370
51371
51374
51376
51377
51377
51378
51378
51378
51380
51380
51380
51381
51383
51385
51385
51390
51393
51395
51396
51396
51397
51398
51401
51406
51406
51408
51408
51408
51409
51413
51413
51414
51414
51415
51416
51417
51419
51420
51423
51423
51424
51427
51429
51434
51434
51435
51435
51436
51439
51440
51440
51441
51444
51446
51446
51448
51450
51454
51458
51459
51461
51461
51464
51464
51469
51470
51471
51473
51474
51475
51476
51476
51478
51478
51479
51479
51479
51481
51482
51482
51482
51483
51484
51485
51486
51486
51490
51493
51493
51494
51497
51498
51500
51504
51506
51508
51508
51508
51509
51509
51509
51510
51510
51510
51516
51516
51518
51519
51519
51521
51521
51521
51524
51526
51526
51527
51529
51529
51531
51531
51532
51535
51537
51537
51538
51539
51539
51539
51539
51539
51540
51543
51545
51545
51546
51546
51547
51548
51548
51550
51550
51551
51551
51552
51552
51553
51555
51556
51557
51558
51558
51559
51561
51561
51566
51569
51571
51577
51579
51579
51580
51582
51582
51582
51584
51585
51586
51590
51591
51591
51592
51592
51597
51598
51601
51602
51602
51604
51605
51605
51605
51606
51608
51611
51611
51612
51614
51617
51617
51618
51618
51619
51621
51623
51623
51625
51627
51627
51631
51632
51637
51639
51641
51641
51641
51645
51647
51647
51648
51648
51651
51655
51660
51662
51663
51665
51665
51666
51667
51669
51671
51671
51674
51675
51675
51677
51677
51678
51680
51682
51687
51688
51692
51694
51696
51701
51702
51702
51705
51705
51706
51706
51708
51710
51711
51712
51712
51712
51712
51713
51714
51717
51717
51718
51719
51721
51721
51723
51724
51725
51726
51727
51729
51734
51734
51734
51734
51736
51736
51737
51738
51738
51739
51740
51741
51742
51744
51745
51746
51748
51748
51748
51749
51750
51754
51754
51755
51755
51756
51756
51758
51762
51764
51764
51765
51766
51766
51768
51769
51770
51771
51771
51771
51773
51776
51778
51779
51780
51782
51782
51783
51785
51788
51790
51792
51792
51792
51793
51796
51798
51799
51801
51803
51804
51805
51810
51812
51813
51813
51814
51816
51818
51818
51819
51819
51823
51824
51826
51828
51832
51836
51837
51837
51839
51842
51843
51845
51846
51847
51849
51850
51851
51851
51853
51855
51856
51860
51860
51861
51861
51861
51863
51863
51863
51866
51867
51868
51869
51870
51870
51871
51871
51872
51873
51875
51875
51877
51880
51880
51881
51881
51882
51886
51887
51887
51889
51890
51891
51891
51893
51897
51898
51900
51901
51904
51904
51907
51909
51910
51912
51914
51916
51918
51919
51919
51920
51922
51922
51924
51924
51924
51925
51926
51929
51929
51931
51932
51932
51933
51933
51935
51936
51936
51941
51944
51947
51948
51948
51949
51949
51951
51953
51954
51954
51958
51959
51959
51959
51959
51960
51963
51964
51965
51967
51967
51969
51971
51974
51974
51978
51978
51979
51979
51980
51981
51982
51983
51983
51985
51989
51989
51995
51998
52001
52003
52003
52004
52004
52005
52006
52006
52009
52009
52011
52012
52013
52013
52013
52013
52014
52018
52019
52021
52022
52022
52023
52024
52025
52025
52027
52027
52027
52028
52030
52030
52033
52033
52034
52035
52036
52036
52037
52037
52038
52039
52039
52041
52041
52042
52042
52043
52043
52044
52045
52046
52047
52049
52053
52053
52053
52054
52055
52057
52061
52062
52062
52063
52064
52065
52065
52066
52067
52068
52071
52072
52072
52072
52073
52073
52075
52078
52078
52078
52083
52083
52085
52086
52087
52088
52090
52090
52092
52092
52096
52097
52098
52100
52101
52105
52105
52105
52108
52110
52113
52113
52114
52117
52117
52117
52118
52118
52119
52119
52120
52127
52128
52130
52131
52132
52132
52133
52133
52137
52140
52141
52143
52143
52144
52145
52147
52149
52150
52151
52151
52155
52157
52157
52158
52158
52161
52164
52166
52170
52171
52172
52173
52174
52176
52176
52178
52178
52179
52180
52183
52187
52188
52188
52189
52191
52192
52193
52194
52195
52195
52197
52198
52199
52200
52201
52202
52203
52203
52204
52204
52206
52207
52208
52210
52212
52214
52218
52219
52219
52221
52222
52222
52225
52226
52227
52227
52227
52229
52229
52229
52230
52231
52232
52234
52234
52234
52234
52236
52237
52237
52238
52239
52240
52240
52241
52242
52244
52245
52247
52247
52249
52250
52250
52251
52251
52252
52256
52257
52257
52258
52261
52261
52263
52264
52265
52267
52267
52268
52268
52268
52269
52271
52272
52273
52273
52273
52274
52274
52275
52275
52276
52277
52277
52278
52278
52278
52279
52280
52282
52283
52283
52284
52284
52285
52286
52287
52288
52292
52292
52293
52294
52295
52296
52296
52296
52298
52298
52300
52300
52301
52304
52304
52304
52305
52308
52308
52312
52312
52312
52313
52314
52314
52316
52316
52320
52320
52322
52322
52322
52323
52323
52324
52324
52324
52332
52337
52338
52338
52338
52339
52339
52339
52340
52341
52345
52345
52345
52346
52349
52351
52352
52358
52359
52361
52362
52363
52365
52366
52367
52367
52371
52374
52376
52378
52380
52381
52381
52382
52383
52383
52385
52385
52385
52387
52388
52389
52389
52390
52390
52391
52392
52392
52393
52394
52395
52395
52398
52398
52400
52400
52400
52402
52403
52406
52406
52409
52410
52411
52414
52415
52415
52415
52418
52427
52427
52428
52428
52429
52430
52430
52434
52437
52439
52440
52443
52444
52447
52448
52448
52450
52456
52456
52456
52456
52457
52459
52460
52463
52464
52466
52468
52468
52475
52478
52481
52481
52482
52485
52488
52490
52490
52490
52490
52492
52493
52494
52494
52496
52498
52500
52502
52503
52503
52504
52505
52510
52510
52512
52512
52513
52513
52515
52516
52518
52519
52519
52519
52520
52520
52520
52522
52524
52524
52524
52525
52527
52528
52529
52530
52533
52535
52536
52536
52539
52541
52546
52547
52549
52549
52550
52550
52552
52555
52559
52560
52561
52561
52562
52562
52562
52563
52566
52567
52569
52570
52571
52574
52577
52581
52582
52583
52585
52585
52586
52587
52588
52588
52593
52593
52596
52598
52598
52600
52601
52602
52603
52603
52604
52604
52605
52605
52606
52610
52612
52613
52614
52615
52615
52621
52626
52630
52631
52632
52635
52636
52637
52638
52638
52641
52642
52644
52644
52647
52650
52654
52654
52654
52655
52655
52656
52660
52660
52661
52661
52661
52664
52664
52665
52672
52675
52675
52679
52684
52684
52685
52686
52691
52693
52694
52694
52694
52697
52698
52698
52699
52701
52701
52706
52708
52708
52709
52710
52711
52711
52712
52712
52713
52713
52714
52714
52720
52721
52721
52722
52722
52722
52722
52726
52726
52727
52728
52728
52729
52729
52730
52733
52734
52736
52737
52742
52744
52745
52745
52749
52751
52751
52758
52759
52760
52761
52761
52762
52763
52764
52764
52765
52765
52765
52769
52770
52770
52771
52771
52774
52774
52775
52775
52776
52777
52780
52782
52784
52784
52784
52785
52785
52788
52790
52791
52792
52793
52793
52794
52796
52796
52799
52800
52800
52802
52804
52806
52808
52809
52810
52812
52813
52814
52815
52816
52816
52816
52819
52819
52821
52821
52822
52824
52824
52824
52826
52828
52829
52830
52833
52837
52842
52842
52843
52843
52844
52845
52845
52847
52847
52847
52849
52850
52851
52852
52852
52853
52854
52855
52857
52857
52858
52863
52864
52865
52865
52867
52871
52872
52872
52877
52878
52878
52878
52878
52880
52880
52881
52887
52887
52887
52889
52892
52893
52894
52896
52897
52898
52898
52900
52900
52901
52904
52905
52906
52906
52906
52907
52908
52908
52909
52911
52911
52911
52911
52912
52912
52913
52914
52914
52914
52915
52915
52915
52915
52916
52917
52918
52918
52925
52925
52925
52925
52927
52930
52930
52930
52931
52933
52933
52936
52936
52938
52938
52938
52939
52940
52941
52942
52947
52948
52949
52950
52951
52955
52955
52956
52956
52958
52958
52960
52962
52962
52962
52966
52967
52967
52968
52969
52970
52971
52973
52974
52975
52975
52976
52976
52976
52976
52979
52980
52980
52982
52984
52985
52985
52987
52993
52996
53001
53004
53005
53006
53006
53006
53008
53009
53011
53012
53014
53015
53018
53021
53027
53028
53029
53029
53029
53030
53031
53031
53032
53033
53034
53034
53037
53038
53040
53040
53040
53041
53043
53045
53045
53046
53046
53047
53050
53050
53053
53054
53055
53055
53056
53056
53060
53060
53061
53061
53063
53063
53064
53067
53067
53072
53072
53076
53076
53077
53078
53078
53078
53080
53081
53082
53083
53083
53084
53085
53087
53093
53094
53096
53097
53097
53102
53105
53106
53108
53108
53110
53110
53110
53112
53113
53114
53115
53115
53120
53128
53129
53130
53130
53131
53133
53133
53136
53139
53140
53143
53151
53152
53152
53153
53154
53155
53155
53156
53157
53157
53157
53158
53158
53159
53162
53162
53165
53166
53166
53169
53169
53173
53174
53174
53174
53175
53175
53175
53177
53178
53179
53180
53180
53181
53182
53186
53186
53187
53191
53194
53198
53199
53200
53201
53202
53204
53206
53208
53209
53211
53211
53212
53214
53214
53215
53215
53218
53222
53222
53227
53231
53232
53234
53234
53237
53238
53239
53239
53240
53242
53243
53244
53245
53245
53245
53246
53246
53246
53247
53247
53252
53256
53256
53257
53259
53260
53262
53263
53265
53265
53267
53268
53268
53271
53275
53275
53277
53280
53282
53284
53284
53285
53287
53287
53287
53290
53290
53291
53292
53292
53295
53296
53297
53297
53298
53299
53303
53304
53304
53305
53308
53308
53309
53311
53312
53313
53313
53317
53317
53318
53322
53322
53322
53322
53322
53328
53328
53328
53329
53330
53331
53332
53334
53336
53336
53337
53338
53339
53341
53341
53341
53343
53344
53344
53346
53348
53350
53350
53351
53351
53351
53353
53353
53355
53357
53358
53359
53361
53364
53365
53366
53368
53370
53372
53373
53375
53378
53378
53380
53382
53383
53383
53384
53384
53385
53385
53390
53390
53392
53392
53393
53397
53398
53399
53399
53399
53399
53400
53402
53403
53403
53404
53406
53406
53406
53413
53414
53414
53415
53415
53417
53419
53422
53423
53424
53424
53425
53425
53426
53427
53433
53437
53437
53440
53443
53447
53447
53448
53449
53453
53453
53455
53455
53456
53458
53460
53462
53463
53463
53464
53464
53465
53469
53470
53472
53475
53477
53478
53479
53481
53482
53484
53486
53487
53487
53490
53494
53494
53494
53497
53497
53498
53500
53500
53501
53501
53501
53501
53506
53507
53507
53507
53508
53510
53512
53513
53514
53515
53516
53517
53517
53520
53520
53520
53520
53521
53523
53524
53524
53525
53527
53534
53535
53538
53539
53541
53541
53543
53548
53549
53552
53554
53555
53557
53557
53560
53560
53562
53562
53563
53564
53564
53565
53568
53568
53569
53570
53571
53573
53574
53574
53576
53577
53581
53582
53582
53582
53585
53585
53585
53586
53591
53591
53591
53593
53594
53595
53598
53599
53600
53602
53602
53604
53604
53608
53608
53612
53616
53617
53617
53618
53620
53620
53622
53623
53625
53626
53627
53630
53631
53632
53635
53635
53636
53636
53638
53639
53640
53641
53641
53644
53644
53645
53646
53647
53647
53648
53648
53649
53651
53653
53654
53654
53655
53656
53657
53661
53662
53663
53665
53665
53669
53669
53670
53674
53676
53677
53678
53678
53680
53682
53682
53682
53684
53685
53687
53689
53690
53691
53693
53693
53694
53694
53694
53695
53696
53699
53699
53700
53700
53703
53704
53705
53706
53707
53710
53713
53714
53715
53715
53715
53717
53718
53720
53721
53721
53726
53728
53733
53733
53734
53735
53736
53737
53737
53737
53739
53740
53740
53744
53744
53745
53745
53745
53747
53747
53749
53749
53749
53751
53751
53755
53758
53759
53759
53759
53762
53762
53764
53765
53766
53767
53767
53769
53770
53774
53774
53774
53774
53777
53778
53781
53783
53783
53784
53784
53786
53786
53787
53788
53788
53790
53792
53792
53794
53797
53798
53800
53800
53801
53801
53801
53803
53806
53807
53807
53811
53814
53816
53816
53816
53818
53819
53820
53824
53826
53830
53830
53832
53834
53834
53838
53838
53839
53842
53842
53843
53844
53845
53846
53846
53847
53848
53848
53849
53852
53852
53854
53855
53855
53856
53859
53860
53860
53861
53861
53862
53862
53864
53864
53864
53865
53866
53867
53867
53870
53871
53871
53871
53871
53872
53873
53874
53874
53875
53876
53882
53884
53886
53888
53888
53889
53890
53892
53893
53894
53898
53899
53903
53904
53904
53904
53905
53907
53908
53909
53910
53910
53911
53913
53914
53920
53923
53925
53926
53926
53927
53931
53931
53936
53940
53940
53940
53941
53942
53942
53944
53945
53947
53948
53949
53949
53950
53951
53951
53952
53953
53956
53959
53960
53960
53961
53963
53963
53964
53966
53967
53967
53968
53969
53973
53974
53974
53975
53975
53975
53976
53976
53977
53979
53980
53980
53980
53982
53988
53989
53989
53991
53991
53992
53992
53993
54001
54001
54002
54002
54004
54006
54012
54013
54015
54017
54017
54017
54019
54019
54023
54027
54030
54031
54035
54035
54036
54037
54039
54039
54040
54041
54041
54045
54046
54046
54047
54047
54054
54056
54056
54056
54061
54063
54064
54066
54067
54068
54068
54068
54071
54072
54072
54072
54075
54077
54078
54084
54084
54084
54085
54086
54087
54091
54091
54093
54094
54095
54095
54097
54097
54106
54106
54106
54108
54108
54108
54111
54112
54112
54113
54113
54116
54117
54117
54118
54118
54119
54119
54121
54121
54122
54123
54124
54124
54126
54127
54131
54131
54131
54133
54135
54138
54141
54141
54142
54143
54144
54146
54146
54148
54150
54150
54151
54151
54152
54154
54158
54160
54162
54163
54163
54163
54164
54165
54165
54169
54170
54170
54171
54173
54173
54173
54178
54182
54182
54183
54183
54183
54183
54185
54185
54187
54190
54191
54193
54195
54195
54195
54197
54200
54205
54205
54207
54207
54207
54209
54211
54212
54214
54215
54215
54220
54221
54222
54223
54225
54225
54226
54228
54228
54230
54230
54231
54232
54235
54235
54235
54238
54245
54245
54246
54249
54252
54257
54257
54257
54258
54258
54258
54260
54261
54264
54264
54266
54268
54269
54270
54271
54272
54274
54276
54277
54279
54282
54282
54282
54288
54289
54290
54291
54291
54291
54292
54292
54293
54294
54294
54294
54296
54300
54300
54302
54303
54307
54307
54308
54309
54310
54310
54310
54311
54313
54314
54315
54315
54315
54316
54316
54319
54321
54321
54322
54322
54322
54323
54323
54324
54324
54326
54326
54326
54327
54328
54331
54335
54336
54337
54337
54338
54339
54340
54341
54342
54342
54342
54342
54342
54343
54347
54348
54349
54350
54351
54351
54351
54353
54357
54358
54359
54359
54360
54361
54361
54362
54362
54362
54363
54366
54366
54367
54367
54367
54368
54370
54371
54374
54375
54376
54378
54378
54379
54379
54381
54381
54383
54384
54389
54389
54393
54394
54395
54397
54398
54400
54400
54400
54404
54405
54405
54408
54409
54409
54409
54416
54417
54421
54422
54422
54422
54430
54432
54432
54434
54434
54435
54436
54436
54437
54437
54442
54442
54444
54446
54447
54448
54449
54450
54452
54452
54453
54456
54457
54459
54460
54461
54462
54463
54464
54465
54465
54465
54470
54474
54476
54476
54478
54482
54482
54482
54483
54484
54485
54487
54488
54492
54493
54496
54496
54497
54497
54498
54499
54499
54499
54501
54502
54502
54503
54506
54507
54508
54513
54513
54513
54515
54515
54517
54517
54520
54521
54521
54522
54522
54523
54524
54525
54526
54526
54527
54528
54529
54530
54530
54532
54533
54534
54534
54535
54536
54537
54538
54540
54541
54543
54543
54544
54545
54545
54546
54548
54548
54548
54557
54558
54558
54562
54562
54563
54563
54564
54566
54568
54571
54571
54573
54576
54576
54580
54581
54582
54583
54584
54584
54585
54586
54587
54587
54587
54591
54592
54595
54596
54597
54600
54602
54604
54604
54605
54605
54606
54607
54608
54610
54611
54611
54613
54616
54618
54618
54622
54622
54623
54623
54624
54626
54626
54627
54628
54629
54632
54634
54635
54637
54638
54640
54640
54641
54642
54643
54646
54648
54648
54649
54649
54651
54653
54655
54655
54656
54657
54658
54660
54660
54663
54663
54664
54666
54672
54672
54678
54679
54679
54680
54683
54686
54687
54689
54690
54691
54695
54697
54697
54698
54701
54702
54704
54704
54706
54708
54710
54712
54713
54713
54713
54714
54715
54716
54717
54717
54720
54722
54722
54722
54725
54725
54726
54727
54728
54728
54729
54730
54732
54734
54736
54736
54736
54738
54738
54740
54740
54742
54745
54747
54748
54749
54751
54752
54752
54755
54756
54757
54758
54758
54758
54758
54759
54761
54761
54762
54762
54764
54765
54766
54770
54771
54772
54774
54776
54778
54781
54782
54785
54788
54790
54790
54790
54790
54791
54791
54792
54794
54796
54796
54796
54797
54799
54801
54802
54804
54805
54805
54807
54807
54812
54812
54812
54813
54814
54815
54815
54816
54818
54820
54820
54824
54826
54828
54829
54830
54830
54830
54830
54831
54834
54834
54837
54837
54837
54839
54840
54840
54843
54847
54848
54849
54852
54854
54855
54855
54856
54858
54861
54864
54864
54866
54868
54869
54872
54872
54874
54876
54877
54879
54884
54884
54886
54886
54887
54887
54894
54895
54897
54899
54901
54903
54906
54908
54910
54911
54913
54917
54919
54919
54920
54922
54922
54925
54925
54925
54925
54926
54927
54928
54928
54929
54929
54929
54929
54931
54931
54931
54933
54935
54935
54936
54937
54938
54938
54940
54940
54940
54941
54942
54947
54949
54949
54950
54951
54952
54953
54953
54954
54955
54956
54956
54958
54959
54959
54960
54963
54965
54966
54967
54977
54977
54980
54983
54985
54985
54986
54988
54988
54990
54991
54992
54992
54992
54997
54999
55000
55001
55003
55004
55008
55011
55012
55014
55015
55016
55017
55018
55018
55019
55020
55022
55026
55027
55028
55031
55031
55033
55034
55035
55037
55037
55038
55039
55040
55040
55041
55042
55044
55046
55047
55049
55050
55054
55055
55056
55060
55061
55062
55064
55066
55066
55067
55067
55067
55068
55068
55069
55069
55071
55073
55074
55075
55079
55081
55081
55083
55083
55084
55085
55085
55086
55086
55090
55090
55093
55093
55093
55094
55095
55096
55096
55097
55097
55098
55098
55098
55099
55099
55100
55102
55110
55112
55112
55114
55115
55124
55126
55126
55126
55127
55129
55130
55132
55132
55135
55135
55138
55138
55138
55139
55139
55140
55140
55140
55141
55141
55144
55144
55144
55144
55145
55147
55147
55151
55156
55156
55156
55156
55157
55157
55162
55163
55163
55163
55167
55167
55168
55168
55169
55171
55172
55174
55174
55175
55175
55177
55178
55180
55181
55182
55185
55185
55189
55189
55194
55194
55194
55196
55198
55200
55201
55202
55202
55204
55206
55210
55215
55218
55219
55221
55222
55223
55225
55226
55227
55228
55229
55229
55230
55230
55231
55234
55235
55235
55235
55240
55242
55242
55242
55242
55245
55246
55246
55246
55246
55246
55246
55248
55251
55251
55252
55252
55253
55253
55253
55254
55255
55255
55260
55261
55262
55262
55264
55265
55265
55268
55268
55270
55275
55276
55277
55277
55278
55280
55281
55283
55284
55285
55286
55286
55288
55291
55292
55293
55294
55294
55295
55297
55298
55300
55301
55302
55303
55303
55304
55305
55305
55306
55308
55308
55309
55310
55312
55313
55313
55313
55314
55314
55315
55316
55316
55316
55317
55317
55318
55321
55324
55324
55327
55327
55328
55330
55332
55332
55332
55336
55339
55342
55342
55344
55348
55349
55349
55350
55350
55350
55351
55352
55353
55355
55360
55361
55364
55365
55366
55367
55368
55368
55372
55373
55373
55373
55377
55380
55381
55381
55382
55385
55391
55391
55392
55393
55395
55398
55398
55398
55401
55402
55403
55404
55404
55408
55408
55408
55409
55412
55412
55412
55412
55414
55417
55417
55418
55418
55418
55423
55424
55424
55426
55426
55427
55430
55431
55432
55433
55433
55434
55434
55434
55436
55436
55437
55438
55438
55439
55440
55441
55441
55441
55443
55444
55445
55446
55450
55453
55455
55458
55458
55459
55461
55461
55462
55463
55464
55465
55466
55469
55470
55470
55470
55471
55471
55472
55472
55473
55475
55476
55478
55480
55482
55482
55483
55484
55486
55489
55490
55492
55494
55494
55495
55497
55499
55500
55500
55505
55505
55507
55508
55508
55509
55515
55515
55516
55516
55518
55521
55524
55524
55524
55524
55525
55525
55525
55527
55528
55528
55528
55531
55531
55532
55532
55532
55534
55535
55536
55539
55540
55542
55543
55543
55544
55545
55545
55546
55547
55549
55551
55557
55557
55559
55560
55560
55561
55564
55564
55565
55566
55567
55570
55570
55570
55571
55576
55577
55577
55581
55581
55582
55583
55584
55584
55586
55586
55589
55590
55590
55592
55593
55595
55597
55599
55600
55601
55601
55603
55603
55603
55603
55604
55605
55607
55608
55608
55609
55611
55612
55613
55613
55613
55614
55614
55619
55619
55619
55619
55621
55622
55623
55624
55625
55625
55626
55627
55628
55632
55633
55634
55635
55637
55643
55646
55647
55648
55651
55651
55651
55651
55653
55656
55660
55662
55662
55663
55664
55665
55666
55668
55670
55672
55672
55672
55674
55675
55676
55677
55680
55681
55682
55682
55686
55690
55692
55692
55693
55694
55694
55694
55696
55697
55699
55702
55702
55705
55705
55705
55706
55708
55709
55710
55710
55713
55713
55714
55714
55714
55714
55715
55717
55719
55719
55720
55724
55725
55726
55727
55727
55729
55731
55733
55735
55736
55737
55743
55744
55746
55747
55747
55748
55749
55750
55751
55752
55753
55755
55755
55756
55757
55758
55759
55759
55760
55761
55762
55764
55766
55770
55771
55772
55772
55773
55773
55774
55778
55778
55779
55781
55781
55781
55782
55785
55788
55789
55789
55791
55792
55792
55793
55793
55795
55796
55797
55798
55799
55800
55801
55802
55805
55806
55808
55809
55810
55811
55814
55814
55814
55814
55818
55820
55820
55821
55824
55824
55827
55829
55833
55833
55835
55836
55837
55837
55838
55840
55840
55840
55843
55844
55848
55851
55851
55852
55853
55855
55856
55857
55859
55861
55861
55864
55865
55865
55866
55866
55867
55869
55872
55874
55875
55876
55877
55880
55882
55882
55883
55883
55883
55883
55883
55884
55888
55891
55892
55898
55902
55903
55903
55906
55907
55907
55913
55915
55916
55917
55917
55919
55920
55922
55924
55926
55926
55927
55931
55932
55932
55934
55936
55936
55937
55940
55943
55945
55946
55947
55949
55950
55952
55956
55958
55958
55959
55960
55966
55966
55973
55973
55974
55975
55976
55978
55979
55979
55982
55985
55987
55988
55988
55989
55992
55993
55994
55995
55996
55998
56000
56001
56001
56001
56002
56002
56004
56004
56011
56013
56017
56020
56020
56020
56021
56022
56024
56027
56028
56029
56031
56031
56032
56032
56033
56034
56035
56035
56036
56039
56044
56045
56045
56045
56045
56046
56046
56048
56049
56049
56049
56051
56052
56053
56058
56060
56061
56062
56063
56064
56064
56066
56067
56067
56068
56069
56071
56071
56072
56073
56074
56074
56075
56076
56078
56079
56080
56084
56084
56085
56089
56089
56091
56091
56092
56092
56094
56094
56094
56095
56097
56097
56098
56098
56098
56099
56099
56101
56102
56102
56102
56102
56103
56103
56106
56106
56107
56112
56114
56114
56116
56117
56118
56120
56121
56123
56124
56125
56125
56126
56129
56133
56133
56134
56136
56138
56138
56138
56140
56140
56141
56142
56143
56144
56145
56146
56147
56148
56148
56150
56150
56150
56151
56153
56155
56158
56158
56158
56162
56162
56162
56163
56163
56165
56165
56167
56169
56169
56170
56171
56171
56173
56177
56181
56181
56184
56185
56185
56185
56186
56187
56188
56189
56190
56192
56192
56193
56193
56195
56195
56197
56200
56200
56200
56202
56203
56205
56205
56206
56209
56209
56211
56211
56214
56215
56224
56228
56228
56228
56229
56230
56230
56232
56236
56237
56238
56239
56240
56243
56244
56244
56247
56248
56248
56248
56248
56250
56251
56252
56253
56253
56254
56256
56258
56259
56261
56262
56263
56263
56264
56267
56268
56272
56273
56274
56275
56276
56277
56277
56278
56282
56283
56284
56287
56289
56290
56292
56293
56293
56294
56296
56298
56300
56303
56303
56305
56305
56309
56309
56312
56315
56315
56316
56317
56319
56321
56322
56323
56324
56327
56329
56329
56329
56332
56332
56332
56332
56334
56335
56336
56338
56339
56340
56342
56342
56343
56343
56344
56347
56347
56348
56353
56354
56355
56355
56356
56357
56359
56360
56361
56361
56363
56368
56369
56370
56371
56373
56373
56373
56375
56377
56378
56381
56382
56382
56383
56384
56385
56386
56388
56388
56391
56394
56397
56398
56398
56399
56401
56401
56403
56404
56406
56408
56414
56415
56415
56416
56418
56418
56419
56420
56420
56421
56421
56421
56421
56422
56425
56425
56427
56431
56436
56437
56444
56444
56444
56446
56447
56454
56454
56454
56458
56462
56463
56463
56463
56469
56470
56470
56474
56478
56479
56480
56480
56481
56481
56482
56482
56482
56483
56486
56494
56495
56499
56500
56501
56501
56501
56502
56503
56504
56506
56508
56509
56510
56510
56511
56512
56514
56514
56514
56518
56522
56526
56528
56529
56530
56530
56530
56534
56535
56537
56538
56538
56539
56539
56541
56541
56542
56543
56547
56548
56548
56550
56551
56553
56554
56555
56562
56567
56569
56572
56573
56574
56575
56577
56577
56578
56582
56582
56582
56582
56583
56584
56585
56585
56586
56587
56588
56588
56588
56589
56590
56591
56591
56592
56594
56597
56600
56600
56602
56603
56603
56603
56604
56604
56607
56608
56609
56609
56611
56612
56612
56613
56614
56615
56615
56615
56617
56620
56621
56623
56624
56625
56627
56628
56628
56628
56630
56631
56631
56632
56632
56633
56634
56636
56639
56639
56642
56642
56643
56644
56644
56649
56650
56651
56651
56651
56652
56655
56656
56656
56660
56666
56668
56669
56670
56671
56678
56678
56679
56682
56682
56682
56685
56686
56687
56689
56689
56690
56690
56691
56692
56693
56694
56694
56695
56695
56695
56696
56696
56698
56702
56702
56703
56706
56707
56708
56709
56711
56712
56713
56714
56715
56715
56716
56717
56720
56721
56721
56725
56725
56725
56727
56727
56730
56731
56735
56736
56736
56738
56739
56740
56746
56747
56748
56750
56754
56755
56760
56763
56766
56768
56769
56769
56770
56774
56775
56775
56779
56779
56782
56782
56784
56786
56787
56788
56789
56789
56791
56792
56793
56796
56796
56796
56798
56798
56798
56799
56799
56800
56801
56802
56803
56804
56808
56810
56811
56813
56813
56814
56816
56816
56818
56820
56820
56821
56822
56823
56824
56825
56826
56830
56834
56835
56835
56837
56837
56841
56844
56847
56847
56848
56856
56856
56858
56859
56859
56860
56861
56862
56863
56863
56864
56864
56867
56867
56868
56869
56871
56873
56875
56877
56881
56883
56883
56883
56883
56886
56887
56888
56890
56890
56892
56892
56892
56895
56896
56896
56900
56900
56901
56901
56903
56903
56903
56905
56908
56909
56911
56912
56914
56915
56918
56920
56921
56923
56923
56923
56928
56929
56930
56931
56931
56933
56935
56936
56937
56939
56939
56942
56944
56945
56946
56946
56948
56950
56951
56953
56953
56953
56954
56955
56956
56960
56960
56962
56964
56965
56969
56976
56976
56977
56978
56980
56980
56980
56981
56984
56984
56986
56987
56989
56995
56995
56996
57001
57002
57002
57004
57005
57007
57008
57009
57010
57014
57017
57017
57018
57018
57019
57019
57020
57021
57022
57024
57028
57029
57030
57031
57032
57032
57033
57033
57034
57034
57036
57037
57041
57043
57043
57046
57046
57047
57048
57048
57048
57049
57050
57050
57051
57053
57054
57058
57059
57063
57063
57064
57065
57066
57067
57068
57070
57071
57072
57074
57076
57077
57077
57081
57081
57083
57084
57084
57084
57085
57086
57092
57092
57093
57094
57098
57099
57100
57101
57102
57104
57105
57106
57109
57111
57112
57113
57115
57116
57116
57116
57117
57117
57117
57117
57117
57118
57121
57126
57127
57129
57130
57133
57134
57136
57138
57138
57140
57140
57140
57141
57142
57142
57144
57144
57144
57146
57146
57146
57147
57148
57150
57152
57154
57154
57154
57155
57157
57159
57159
57160
57161
57162
57162
57164
57165
57165
57167
57168
57169
57169
57170
57171
57173
57173
57175
57176
57177
57178
57178
57182
57184
57184
57185
57187
57188
57189
57190
57191
57191
57192
57192
57193
57201
57202
57203
57204
57205
57206
57206
57206
57207
57208
57208
57208
57212
57214
57214
57214
57215
57217
57217
57218
57218
57220
57221
57222
57223
57226
57228
57228
57229
57232
57234
57234
57235
57237
57240
57246
57247
57250
57250
57251
57253
57253
57254
57254
57254
57256
57259
57260
57260
57261
57262
57262
57262
57263
57263
57264
57266
57267
57268
57273
57274
57276
57277
57279
57279
57279
57280
57281
57287
57289
57289
57291
57292
57294
57295
57296
57298
57298
57299
57304
57305
57305
57308
57309
57309
57311
57312
57313
57315
57320
57321
57321
57322
57324
57325
57327
57327
57330
57330
57330
57331
57332
57333
57336
57336
57336
57338
57338
57339
57341
57342
57342
57344
57346
57346
57348
57348
57349
57350
57351
57353
57353
57354
57355
57357
57357
57359
57361
57366
57367
57368
57369
57369
57369
57377
57378
57378
57378
57379
57379
57380
57382
57384
57384
57386
57387
57390
57390
57391
57392
57395
57399
57402
57404
57407
57411
57412
57415
57415
57416
57418
57420
57422
57422
57423
57424
57426
57427
57427
57430
57430
57431
57433
57434
57436
57437
57439
57439
57439
57439
57441
57441
57442
57443
57443
57443
57445
57446
57446
57446
57448
57449
57450
57450
57450
57455
57455
57456
57456
57458
57459
57461
57463
57464
57466
57467
57467
57467
57470
57471
57472
57472
57475
57478
57482
57482
57482
57485
57486
57489
57489
57492
57494
57496
57499
57500
57503
57509
57510
57511
57513
57515
57515
57516
57516
57516
57520
57521
57522
57522
57523
57523
57524
57524
57524
57525
57525
57525
57528
57530
57532
57532
57533
57534
57535
57538
57539
57540
57544
57544
57545
57545
57546
57546
57549
57549
57551
57551
57552
57554
57555
57556
57557
57559
57560
57560
57561
57561
57562
57563
57563
57563
57564
57565
57567
57568
57569
57570
57571
57572
57578
57579
57582
57582
57585
57586
57587
57587
57587
57596
57598
57599
57600
57601
57609
57609
57610
57610
57612
57613
57614
57616
57616
57617
57617
57619
57619
57622
57622
57624
57625
57626
57628
57628
57628
57628
57629
57629
57630
57631
57633
57638
57640
57641
57642
57643
57645
57646
57646
57648
57651
57652
57652
57653
57653
57654
57655
57655
57658
57660
57660
57660
57661
57665
57665
57671
57673
57673
57674
57675
57675
57677
57678
57679
57679
57680
57680
57688
57693
57693
57694
57696
57697
57698
57698
57698
57698
57700
57702
57702
57703
57704
57705
57710
57712
57712
57715
57716
57718
57725
57727
57728
57729
57730
57731
57734
57737
57741
57742
57745
57748
57748
57749
57750
57751
57754
57754
57755
57755
57757
57758
57760
57761
57761
57762
57767
57770
57771
57771
57771
57771
57772
57775
57778
57780
57786
57787
57787
57787
57789
57793
57793
57793
57794
57796
57799
57800
57803
57806
57807
57809
57809
57809
57810
57810
57811
57812
57813
57815
57816
57817
57819
57820
57822
57824
57835
57838
57839
57840
57840
57840
57842
57842
57847
57848
57850
57852
57854
57854
57855
57856
57857
57858
57859
57861
57862
57862
57863
57864
57866
57871
57872
57873
57874
57874
57877
57880
57880
57880
57881
57882
57882
57885
57887
57887
57888
57893
57894
57894
57895
57898
57898
57899
57901
57902
57904
57905
57908
57909
57910
57910
57913
57913
57914
57917
57917
57918
57919
57921
57922
57923
57924
57926
57926
57927
57929
57930
57931
57931
57932
57933
57934
57935
57936
57937
57937
57940
57941
57947
57947
57948
57948
57949
57951
57951
57954
57954
57956
57957
57958
57959
57960
57961
57962
57962
57964
57965
57965
57968
57969
57969
57971
57971
57975
57975
57976
57976
57976
57977
57977
57979
57980
57981
57983
57984
57986
57986
57990
57992
57992
57995
57998
57999
58000
58000
58001
58003
58004
58007
58009
58010
58012
58013
58017
58017
58018
58021
58024
58024
58025
58026
58026
58028
58029
58029
58036
58037
58037
58039
58041
58042
58044
58045
58046
58047
58048
58051
58052
58054
58055
58055
58057
58057
58058
58059
58060
58061
58062
58062
58063
58066
58070
58072
58072
58072
58072
58074
58075
58076
58078
58081
58084
58088
58088
58090
58093
58094
58094
58095
58096
58097
58098
58100
58100
58100
58103
58105
58107
58107
58108
58108
58112
58112
58113
58115
58116
58117
58121
58122
58123
58124
58125
58126
58128
58132
58133
58135
58142
58143
58144
58147
58149
58150
58151
58152
58153
58157
58157
58160
58160
58161
58161
58162
58166
58171
58171
58173
58173
58173
58174
58175
58176
58177
58179
58179
58179
58179
58182
58183
58186
58186
58191
58192
58193
58199
58200
58203
58204
58205
58207
58207
58207
58208
58211
58213
58214
58215
58216
58218
58220
58223
58225
58225
58228
58228
58228
58233
58234
58236
58236
58237
58238
58240
58240
58241
58241
58245
58246
58249
58249
58250
58250
58250
58257
58259
58261
58261
58262
58265
58267
58267
58268
58269
58271
58272
58272
58273
58275
58276
58276
58276
58276
58276
58278
58278
58281
58283
58283
58284
58285
58287
58288
58289
58289
58289
58291
58291
58292
58294
58294
58295
58295
58297
58298
58299
58299
58301
58302
58305
58305
58309
58311
58312
58314
58314
58314
58315
58316
58316
58319
58322
58322
58325
58325
58327
58328
58329
58330
58332
58333
58341
58342
58343
58344
58345
58348
58349
58350
58351
58351
58352
58353
58354
58354
58354
58354
58355
58359
58360
58361
58361
58363
58366
58367
58369
58373
58375
58376
58376
58378
58380
58382
58384
58386
58386
58387
58388
58389
58390
58391
58392
58393
58393
58394
58395
58396
58396
58397
58400
58400
58400
58403
58403
58403
58403
58408
58410
58411
58412
58412
58412
58413
58414
58414
58415
58415
58424
58426
58426
58428
58429
58429
58431
58432
58436
58439
58439
58441
58441
58441
58442
58442
58443
58445
58445
58446
58447
58448
58449
58449
58451
58452
58456
58458
58459
58460
58460
58461
58462
58463
58466
58467
58470
58470
58475
58477
58477
58477
58479
58481
58487
58491
58491
58492
58494
58494
58499
58501
58502
58503
58504
58504
58506
58513
58515
58515
58516
58519
58519
58520
58520
58521
58522
58522
58527
58527
58528
58528
58531
58531
58534
58535
58535
58537
58538
58538
58539
58540
58541
58541
58543
58544
58546
58548
58550
58552
58554
58555
58561
58563
58565
58565
58567
58567
58568
58570
58571
58575
58575
58575
58575
58577
58580
58581
58586
58587
58591
58595
58596
58600
58601
58601
58602
58602
58602
58603
58603
58606
58607
58608
58609
58609
58609
58610
58611
58611
58615
58616
58617
58621
58622
58622
58622
58625
58626
58626
58627
58628
58628
58628
58632
58632
58637
58638
58640
58644
58647
58647
58650
58651
58652
58653
58653
58654
58656
58656
58657
58658
58659
58662
58662
58663
58664
58665
58666
58666
58672
58673
58673
58680
58680
58680
58681
58681
58684
58686
58687
58688
58689
58690
58692
58694
58694
58695
58696
58698
58700
58700
58701
58702
58703
58704
58705
58706
58709
58709
58711
58713
58713
58714
58717
58717
58718
58719
58720
58720
58722
58722
58725
58725
58726
58728
58729
58729
58732
58734
58736
58737
58738
58738
58741
58742
58744
58745
58747
58747
58748
58752
58753
58754
58754
58755
58756
58756
58757
58757
58758
58761
58765
58767
58768
58770
58771
58772
58773
58774
58775
58776
58781
58781
58781
58781
58783
58784
58784
58785
58785
58788
58790
58792
58795
58797
58797
58803
58803
58806
58808
58810
58810
58810
58812
58812
58814
58816
58817
58817
58817
58818
58818
58820
58820
58821
58823
58825
58826
58827
58829
58829
58831
58832
58834
58838
58838
58840
58841
58843
58843
58843
58843
58844
58845
58847
58847
58847
58849
58852
58852
58853
58853
58854
58854
58855
58858
58859
58862
58862
58862
58864
58865
58869
58869
58871
58871
58872
58874
58875
58875
58876
58876
58878
58879
58880
58881
58882
58883
58885
58885
58889
58889
58889
58890
58891
58892
58893
58896
58897
58899
58900
58900
58902
58902
58903
58905
58907
58909
58911
58911
58913
58915
58915
58916
58917
58917
58917
58917
58923
58923
58925
58926
58927
58929
58930
58933
58933
58937
58937
58938
58941
58941
58941
58942
58943
58943
58944
58945
58948
58952
58952
58953
58955
58955
58955
58955
58956
58957
58959
58961
58964
58965
58965
58966
58967
58968
58969
58969
58972
58972
58974
58975
58977
58980
58981
58983
58984
58988
58989
58992
58992
58992
58993
58994
58997
58998
58998
58999
59000
59000
59001
59002
59003
59003
59004
59004
59005
59005
59007
59007
59007
59008
59009
59014
59015
59015
59017
59021
59022
59023
59025
59025
59026
59026
59028
59030
59031
59035
59035
59035
59037
59038
59038
59044
59044
59045
59045
59045
59048
59048
59050
59051
59054
59054
59058
59058
59060
59060
59061
59061
59062
59063
59065
59066
59066
59067
59069
59077
59078
59081
59082
59083
59088
59088
59088
59088
59091
59091
59094
59095
59098
59098
59099
59101
59101
59102
59103
59103
59106
59106
59109
59109
59110
59111
59112
59112
59113
59115
59115
59116
59117
59119
59122
59122
59123
59125
59128
59129
59131
59132
59132
59133
59134
59135
59137
59137
59138
59138
59138
59139
59141
59142
59144
59144
59147
59148
59148
59149
59149
59149
59151
59152
59155
59156
59156
59157
59158
59158
59158
59160
59163
59165
59166
59166
59167
59169
59170
59171
59172
59174
59174
59175
59175
59175
59178
59178
59179
59179
59180
59181
59187
59189
59192
59194
59200
59202
59202
59204
59206
59207
59208
59209
59210
59213
59214
59218
59221
59225
59227
59231
59234
59235
59238
59239
59241
59241
59241
59241
59244
59245
59246
59247
59249
59249
59250
59250
59251
59253
59253
59256
59256
59257
59259
59259
59261
59262
59264
59266
59267
59270
59270
59272
59273
59274
59274
59274
59276
59276
59279
59280
59281
59282
59283
59283
59284
59286
59289
59289
59289
59289
59290
59290
59290
59291
59292
59293
59296
59298
59298
59300
59300
59302
59304
59310
59310
59310
59310
59311
59312
59313
59314
59314
59314
59317
59319
59319
59319
59320
59320
59321
59321
59322
59324
59324
59326
59326
59327
59328
59330
59332
59332
59336
59341
59343
59343
59346
59346
59347
59349
59350
59356
59357
59357
59360
59362
59363
59364
59364
59366
59366
59369
59371
59372
59373
59374
59374
59375
59379
59379
59380
59382
59384
59385
59385
59385
59386
59387
59387
59390
59392
59393
59395
59399
59399
59399
59400
59401
59402
59404
59404
59405
59406
59406
59407
59408
59408
59409
59409
59409
59412
59413
59414
59414
59414
59414
59415
59415
59419
59420
59424
59424
59430
59431
59437
59440
59440
59442
59443
59443
59445
59446
59449
59450
59450
59455
59457
59458
59463
59464
59464
59469
59472
59472
59473
59473
59474
59476
59478
59479
59480
59480
59485
59487
59490
59492
59493
59495
59496
59497
59500
59502
59503
59505
59507
59507
59509
59510
59511
59511
59512
59515
59515
59516
59518
59519
59520
59523
59523
59523
59523
59523
59526
59526
59526
59527
59528
59528
59528
59529
59529
59531
59532
59533
59533
59533
59535
59535
59536
59537
59537
59539
59542
59544
59544
59545
59548
59548
59549
59550
59552
59553
59556
59556
59557
59557
59558
59558
59559
59559
59562
59563
59568
59569
59570
59571
59572
59572
59574
59581
59582
59582
59582
59582
59582
59583
59584
59588
59590
59591
59591
59592
59592
59593
59594
59596
59598
59598
59604
59604
59604
59605
59605
59606
59606
59608
59609
59610
59611
59612
59612
59613
59613
59613
59614
59617
59619
59620
59623
59626
59626
59630
59632
59633
59636
59637
59637
59638
59639
59640
59641
59641
59643
59643
59645
59647
59648
59648
59650
59650
59651
59652
59653
59653
59657
59659
59659
59661
59661
59662
59663
59667
59668
59672
59674
59675
59675
59676
59677
59677
59682
59682
59682
59683
59684
59685
59685
59686
59693
59693
59693
59695
59695
59696
59697
59699
59699
59699
59702
59705
59706
59707
59707
59710
59711
59712
59713
59714
59715
59716
59719
59720
59722
59725
59729
59730
59735
59736
59739
59739
59743
59749
59751
59751
59755
59757
59758
59760
59761
59762
59762
59764
59772
59776
59776
59779
59781
59782
59783
59785
59786
59787
59787
59787
59790
59791
59796
59796
59797
59803
59803
59804
59806
59807
59811
59812
59812
59812
59815
59815
59820
59822
59822
59826
59827
59828
59829
59830
59833
59835
59838
59838
59846
59846
59848
59849
59849
59851
59852
59852
59852
59852
59856
59857
59858
59859
59860
59861
59862
59864
59864
59865
59867
59867
59867
59867
59868
59869
59870
59870
59870
59872
59876
59877
59877
59877
59879
59880
59880
59882
59882
59884
59886
59887
59889
59890
59890
59891
59894
59897
59897
59898
59901
59901
59901
59907
59908
59908
59909
59909
59910
59911
59916
59917
59918
59923
59923
59924
59924
59929
59933
59934
59934
59936
59938
59939
59940
59943
59944
59944
59944
59946
59948
59949
59953
59954
59955
59956
59959
59959
59959
59959
59960
59960
59963
59965
59966
59967
59968
59969
59974
59975
59975
59976
59978
59980
59981
59981
59983
59983
59989
59989
59991
59996
59998
59999
60000
60000
60000
60001
60003
60003
60004
60007
60009
60009
60012
60013
60013
60014
60014
60016
60017
60017
60018
60018
60021
60021
60022
60025
60026
60027
60029
60029
60030
60031
60031
60033
60033
60034
60034
60035
60039
60039
60040
60040
60042
60043
60046
60047
60047
60048
60049
60050
60050
60051
60052
60053
60053
60054
60055
60055
60058
60058
60060
60062
60062
60068
60072
60073
60073
60074
60076
60077
60079
60080
60080
60083
60084
60087
60087
60088
60090
60090
60091
60092
60093
60094
60094
60099
60099
60099
60101
60103
60104
60105
60105
60106
60107
60109
60109
60111
60111
60112
60113
60114
60114
60116
60116
60117
60129
60133
60134
60137
60137
60138
60139
60140
60149
60150
60151
60152
60153
60153
60154
60154
60155
60157
60157
60158
60158
60160
60160
60162
60162
60162
60163
60164
60167
60167
60168
60169
60169
60171
60172
60172
60172
60172
60173
60173
60176
60178
60178
60178
60180
60182
60183
60184
60184
60185
60187
60188
60191
60202
60202
60203
60204
60208
60208
60208
60212
60213
60215
60221
60224
60225
60226
60227
60228
60230
60230
60231
60231
60233
60236
60237
60239
60243
60244
60246
60248
60249
60249
60251
60251
60254
60258
60259
60262
60263
60263
60264
60264
60266
60266
60266
60267
60271
60271
60271
60274
60276
60277
60277
60278
60278
60278
60279
60279
60279
60280
60280
60281
60281
60281
60282
60282
60283
60284
60285
60286
60287
60288
60289
60289
60289
60291
60295
60297
60297
60298
60298
60299
60299
60299
60299
60301
60301
60301
60304
60305
60306
60308
60310
60310
60310
60312
60314
60315
60318
60319
60319
60319
60321
60322
60322
60323
60323
60324
60325
60326
60331
60332
60333
60333
60336
60337
60338
60340
60342
60343
60343
60344
60344
60346
60347
60347
60349
60352
60352
60353
60356
60357
60365
60367
60368
60368
60368
60373
60374
60374
60375
60382
60382
60383
60383
60385
60385
60387
60393
60395
60396
60397
60399
60399
60400
60402
60403
60403
60408
60410
60411
60412
60414
60414
60418
60418
60422
60422
60422
60423
60424
60425
60430
60433
60438
60439
60439
60440
60441
60442
60443
60443
60445
60446
60446
60448
60448
60449
60451
60453
60454
60454
60456
60460
60461
60461
60461
60462
60462
60465
60466
60466
60466
60467
60468
60469
60470
60472
60473
60475
60476
60476
60477
60479
60480
60481
60483
60484
60484
60490
60491
60492
60495
60498
60499
60505
60505
60506
60506
60506
60514
60514
60516
60517
60518
60518
60519
60520
60524
60528
60533
60536
60538
60540
60541
60544
60544
60545
60545
60546
60547
60547
60552
60552
60554
60557
60558
60558
60565
60565
60569
60569
60571
60573
60575
60577
60578
60579
60580
60582
60582
60582
60585
60585
60586
60587
60588
60588
60589
60589
60594
60594
60595
60596
60597
60599
60599
60600
60601
60604
60604
60605
60606
60606
60607
60608
60612
60614
60615
60616
60616
60616
60617
60620
60621
60621
60622
60622
60623
60624
60625
60626
60627
60631
60637
60638
60639
60641
60643
60644
60645
60646
60649
60650
60650
60651
60654
60659
60659
60661
60662
60665
60665
60667
60670
60670
60673
60673
60674
60675
60675
60676
60676
60676
60681
60681
60681
60683
60684
60685
60686
60687
60692
60692
60693
60693
60693
60694
60694
60694
60694
60695
60695
60695
60698
60703
60703
60704
60707
60711
60714
60714
60714
60715
60717
60717
60718
60719
60719
60720
60723
60723
60726
60726
60726
60727
60728
60730
60731
60733
60736
60736
60738
60742
60743
60744
60747
60747
60749
60750
60752
60754
60755
60756
60757
60757
60757
60759
60760
60761
60762
60762
60765
60766
60767
60770
60770
60772
60773
60773
60773
60775
60776
60777
60777
60783
60792
60794
60795
60795
60795
60796
60799
60800
60800
60800
60802
60805
60806
60815
60816
60816
60816
60817
60817
60818
60819
60820
60825
60827
60827
60827
60835
60837
60838
60838
60839
60839
60840
60842
60843
60844
60847
60847
60848
60849
60850
60851
60853
60854
60854
60857
60858
60858
60864
60866
60867
60867
60867
60869
60869
60870
60870
60870
60871
60871
60877
60877
60879
60879
60880
60881
60883
60883
60884
60884
60885
60885
60886
60887
60888
60888
60890
60890
60892
60894
60895
60897
60897
60898
60900
60901
60902
60902
60904
60906
60907
60909
60910
60910
60911
60911
60914
60914
60915
60916
60916
60916
60917
60917
60917
60919
60919
60921
60924
60926
60926
60927
60929
60930
60931
60931
60932
60934
60936
60937
60939
60940
60940
60942
60943
60944
60944
60946
60947
60948
60951
60951
60953
60953
60953
60954
60958
60958
60961
60961
60962
60962
60963
60964
60964
60965
60968
60968
60969
60969
60972
60973
60976
60976
60977
60977
60979
60979
60979
60980
60980
60980
60981
60981
60984
60984
60985
60986
60987
60988
60990
60991
60993
60995
60995
60997
60997
60998
60999
60999
61001
61003
61008
61008
61010
61011
61011
61012
61012
61014
61016
61017
61017
61020
61021
61021
61022
61022
61023
61026
61028
61028
61028
61029
61031
61032
61032
61033
61035
61035
61037
61040
61040
61044
61046
61048
61049
61052
61053
61053
61054
61054
61055
61055
61055
61059
61059
61059
61060
61061
61064
61067
61068
61070
61070
61072
61075
61077
61077
61078
61080
61081
61083
61084
61086
61086
61086
61089
61094
61094
61095
61096
61096
61098
61102
61103
61103
61103
61104
61105
61108
61108
61108
61109
61109
61111
61112
61113
61114
61119
61120
61123
61123
61124
61125
61126
61127
61130
61133
61138
61139
61139
61141
61142
61142
61145
61145
61145
61146
61146
61150
61152
61152
61152
61153
61153
61154
61155
61156
61158
61160
61160
61161
61161
61161
61162
61163
61165
61166
61167
61168
61169
61171
61175
61176
61177
61179
61183
61186
61187
61187
61189
61191
61192
61192
61194
61194
61197
61199
61199
61199
61201
61201
61202
61202
61203
61203
61205
61207
61209
61213
61213
61214
61216
61217
61219
61220
61221
61221
61221
61225
61226
61228
61229
61231
61232
61232
61232
61233
61236
61239
61244
61245
61245
61247
61248
61250
61251
61251
61252
61253
61254
61257
61259
61259
61259
61260
61260
61260
61260
61261
61262
61264
61264
61267
61267
61270
61270
61271
61276
61276
61277
61277
61279
61279
61280
61285
61286
61289
61290
61290
61291
61291
61292
61292
61294
61295
61295
61295
61296
61297
61299
61299
61300
61300
61301
61308
61308
61309
61309
61310
61310
61311
61312
61312
61312
61313
61313
61314
61316
61317
61317
61317
61318
61320
61320
61321
61323
61323
61323
61323
61324
61328
61329
61330
61330
61331
61332
61333
61336
61338
61338
61339
61340
61341
61341
61345
61346
61348
61348
61349
61351
61351
61353
61355
61358
61359
61363
61363
61363
61363
61364
61364
61365
61366
61370
61370
61370
61373
61373
61374
61374
61375
61376
61376
61376
61379
61383
61389
61389
61391
61393
61394
61396
61396
61396
61396
61397
61399
61400
61400
61400
61401
61402
61402
61402
61405
61410
61414
61415
61415
61416
61417
61419
61419
61420
61420
61423
61424
61424
61425
61425
61425
61426
61427
61428
61428
61428
61429
61430
61431
61432
61433
61434
61435
61437
61439
61441
61443
61444
61444
61446
61448
61449
61449
61451
61452
61454
61456
61460
61462
61464
61465
61465
61466
61468
61468
61469
61469
61471
61471
61472
61474
61474
61475
61476
61477
61477
61482
61486
61489
61489
61490
61491
61491
61493
61494
61497
61497
61498
61499
61503
61503
61503
61504
61504
61507
61507
61507
61508
61510
61510
61510
61510
61510
61511
61512
61512
61513
61519
61522
61524
61525
61527
61527
61529
61531
61532
61534
61539
61541
61544
61545
61552
61553
61554
61555
61556
61556
61557
61557
61557
61558
61559
61560
61561
61565
61567
61567
61569
61569
61569
61570
61573
61574
61574
61574
61578
61582
61583
61584
61584
61585
61585
61589
61590
61590
61591
61591
61591
61592
61592
61593
61596
61597
61597
61598
61598
61600
61601
61601
61603
61603
61603
61604
61607
61607
61608
61609
61613
61615
61615
61615
61615
61616
61617
61618
61621
61623
61624
61626
61627
61629
61630
61631
61632
61633
61634
61634
61635
61639
61642
61643
61648
61648
61652
61653
61653
61654
61657
61658
61660
61665
61672
61672
61674
61674
61674
61676
61677
61678
61679
61680
61680
61681
61682
61682
61684
61684
61685
61687
61688
61690
61690
61691
61693
61694
61696
61697
61699
61699
61701
61702
61702
61704
61705
61706
61706
61708
61709
61709
61710
61711
61714
61714
61715
61715
61716
61716
61717
61719
61719
61721
61725
61728
61729
61730
61733
61735
61736
61739
61740
61741
61742
61749
61750
61752
61754
61758
61758
61760
61760
61761
61762
61766
61766
61768
61769
61777
61777
61777
61779
61779
61785
61786
61789
61789
61789
61790
61792
61793
61793
61793
61794
61795
61797
61799
61802
61803
61804
61804
61808
61810
61810
61810
61812
61813
61813
61814
61814
61815
61815
61816
61817
61819
61820
61820
61820
61821
61823
61823
61824
61826
61827
61827
61829
61830
61830
61833
61833
61833
61834
61835
61835
61838
61839
61839
61840
61841
61841
61843
61843
61844
61849
61850
61852
61853
61855
61857
61857
61857
61858
61859
61860
61862
61864
61865
61866
61867
61869
61871
61872
61872
61876
61877
61877
61878
61879
61880
61883
61883
61883
61884
61885
61885
61888
61889
61890
61900
61903
61903
61903
61904
61905
61908
61909
61911
61912
61916
61917
61919
61920
61921
61923
61925
61925
61926
61926
61928
61928
61929
61929
61930
61930
61931
61931
61932
61935
61936
61939
61939
61940
61940
61946
61946
61948
61949
61950
61950
61954
61956
61958
61958
61960
61962
61962
61962
61965
61969
61969
61970
61971
61972
61972
61974
61976
61978
61979
61980
61980
61982
61983
61984
61988
61990
61990
61991
61991
61997
61999
62002
62005
62005
62005
62011
62011
62013
62014
62017
62020
62021
62022
62024
62025
62025
62026
62027
62027
62028
62034
62039
62041
62041
62042
62044
62048
62049
62052
62055
62055
62055
62055
62056
62056
62057
62058
62061
62063
62066
62067
62068
62069
62071
62072
62073
62075
62076
62076
62077
62078
62078
62080
62082
62084
62085
62086
62087
62088
62089
62090
62091
62095
62099
62099
62100
62102
62104
62104
62105
62110
62112
62112
62112
62113
62113
62113
62113
62114
62114
62114
62115
62118
62118
62118
62120
62123
62123
62126
62128
62132
62134
62137
62138
62138
62138
62141
62142
62143
62145
62146
62146
62152
62152
62155
62157
62157
62160
62161
62162
62163
62166
62171
62175
62175
62177
62177
62178
62182
62182
62186
62187
62187
62189
62190
62191
62193
62193
62198
62199
62200
62201
62204
62204
62204
62205
62205
62208
62208
62208
62209
62209
62210
62210
62211
62211
62213
62214
62214
62214
62218
62218
62218
62219
62219
62220
62222
62223
62224
62224
62224
62224
62227
62229
62230
62231
62233
62237
62238
62239
62240
62242
62246
62251
62251
62252
62255
62256
62256
62260
62262
62263
62264
62264
62265
62266
62267
62271
62273
62273
62276
62276
62277
62278
62281
62281
62283
62284
62286
62287
62289
62292
62295
62299
62299
62300
62301
62304
62305
62306
62307
62308
62311
62311
62314
62314
62315
62315
62315
62316
62317
62319
62320
62323
62331
62332
62333
62334
62335
62338
62339
62340
62341
62342
62345
62345
62351
62352
62355
62357
62362
62363
62368
62368
62369
62369
62370
62370
62373
62373
62373
62375
62376
62378
62382
62384
62384
62384
62385
62389
62390
62392
62393
62393
62394
62395
62396
62397
62397
62397
62398
62402
62402
62403
62406
62407
62407
62407
62407
62408
62409
62410
62415
62415
62416
62425
62427
62427
62431
62432
62435
62435
62436
62439
62440
62441
62447
62447
62447
62448
62449
62452
62455
62455
62456
62458
62458
62458
62459
62459
62459
62460
62460
62461
62461
62461
62461
62461
62464
62465
62466
62470
62470
62470
62470
62472
62473
62474
62477
62479
62480
62481
62484
62487
62489
62490
62490
62491
62497
62497
62497
62498
62498
62499
62500
62500
62501
62503
62503
62506
62507
62507
62508
62509
62509
62514
62514
62517
62520
62521
62522
62523
62523
62525
62528
62535
62536
62537
62537
62539
62539
62541
62541
62542
62542
62543
62545
62548
62554
62554
62554
62556
62556
62556
62557
62557
62557
62559
62560
62560
62562
62563
62569
62570
62573
62575
62578
62579
62580
62580
62582
62584
62584
62584
62587
62589
62590
62590
62592
62594
62594
62594
62595
62596
62599
62600
62600
62600
62601
62601
62604
62605
62608
62610
62610
62614
62616
62617
62617
62618
62619
62619
62619
62620
62621
62624
62624
62624
62625
62625
62627
62632
62632
62635
62637
62640
62640
62641
62642
62643
62646
62647
62647
62648
62648
62651
62652
62652
62652
62656
62657
62658
62659
62659
62660
62661
62663
62663
62664
62665
62666
62669
62670
62672
62672
62674
62675
62675
62675
62676
62676
62677
62678
62681
62687
62689
62689
62691
62692
62694
62694
62695
62696
62702
62703
62706
62707
62707
62708
62708
62709
62709
62710
62713
62714
62714
62717
62717
62719
62721
62723
62724
62725
62726
62726
62727
62729
62730
62731
62732
62735
62735
62735
62737
62740
62743
62744
62745
62745
62745
62746
62749
62749
62750
62751
62751
62754
62757
62759
62759
62761
62761
62762
62764
62766
62766
62767
62770
62770
62772
62774
62775
62776
62778
62778
62779
62779
62781
62782
62784
62784
62785
62790
62791
62791
62792
62792
62793
62794
62794
62797
62797
62798
62803
62804
62810
62811
62812
62813
62814
62818
62818
62819
62819
62820
62821
62821
62821
62822
62823
62823
62824
62824
62827
62830
62830
62831
62836
62838
62839
62839
62840
62841
62846
62846
62848
62849
62853
62854
62856
62857
62857
62858
62860
62861
62862
62863
62865
62866
62869
62870
62871
62877
62878
62878
62879
62880
62881
62881
62881
62882
62883
62884
62884
62887
62891
62892
62893
62895
62897
62898
62899
62901
62903
62903
62904
62904
62905
62906
62908
62909
62911
62912
62912
62913
62917
62918
62919
62921
62921
62922
62924
62925
62926
62928
62929
62930
62930
62932
62934
62934
62935
62937
62938
62938
62939
62940
62941
62941
62941
62942
62946
62946
62946
62947
62948
62949
62950
62951
62951
62955
62957
62960
62961
62961
62962
62963
62963
62964
62965
62966
62966
62967
62967
62968
62968
62969
62970
62971
62971
62971
62971
62973
62975
62976
62976
62979
62980
62981
62982
62983
62985
62987
62987
62988
62989
62990
62992
62993
62994
62996
62996
62997
62998
63000
63000
63002
63003
63003
63004
63004
63005
63006
63010
63010
63011
63011
63012
63015
63017
63019
63019
63020
63022
63022
63023
63023
63024
63024
63025
63025
63025
63025
63027
63028
63029
63030
63031
63033
63035
63035
63036
63041
63042
63042
63043
63048
63048
63051
63055
63056
63056
63061
63061
63062
63063
63064
63065
63066
63069
63071
63072
63072
63078
63078
63081
63082
63082
63085
63085
63089
63091
63092
63094
63097
63098
63100
63101
63102
63103
63104
63104
63106
63112
63113
63113
63116
63119
63119
63120
63120
63121
63122
63123
63123
63127
63127
63128
63128
63128
63129
63129
63131
63132
63135
63137
63138
63140
63140
63141
63144
63144
63145
63147
63148
63150
63152
63154
63154
63154
63156
63157
63158
63159
63162
63163
63164
63167
63167
63169
63170
63171
63175
63176
63178
63178
63180
63184
63184
63185
63190
63195
63195
63197
63197
63199
63200
63200
63208
63212
63212
63214
63218
63221
63223
63225
63226
63227
63227
63228
63234
63234
63235
63235
63238
63238
63239
63239
63241
63241
63241
63242
63243
63245
63245
63248
63248
63248
63248
63249
63249
63253
63256
63260
63262
63264
63265
63265
63267
63268
63268
63269
63271
63271
63272
63273
63273
63274
63274
63275
63278
63280
63280
63281
63282
63283
63284
63285
63285
63285
63287
63287
63288
63289
63291
63292
63294
63294
63295
63295
63297
63304
63306
63307
63308
63314
63315
63315
63316
63318
63320
63321
63323
63325
63325
63327
63327
63328
63328
63333
63334
63335
63337
63338
63339
63341
63342
63343
63344
63345
63346
63346
63347
63349
63350
63351
63351
63352
63356
63360
63362
63363
63366
63366
63370
63371
63372
63373
63374
63375
63377
63379
63380
63382
63385
63387
63388
63388
63389
63390
63391
63392
63396
63397
63400
63401
63402
63403
63405
63408
63409
63410
63412
63413
63413
63413
63414
63416
63417
63418
63418
63421
63423
63424
63425
63426
63432
63437
63438
63440
63441
63441
63442
63442
63442
63442
63445
63446
63446
63448
63450
63453
63453
63454
63455
63455
63456
63456
63457
63458
63459
63459
63460
63460
63463
63463
63467
63474
63475
63475
63476
63476
63477
63477
63479
63480
63484
63485
63487
63488
63492
63493
63494
63495
63497
63497
63497
63498
63499
63500
63501
63501
63503
63504
63505
63506
63507
63508
63512
63512
63514
63516
63517
63518
63521
63525
63525
63528
63528
63528
63529
63530
63530
63532
63532
63534
63536
63537
63538
63539
63543
63545
63548
63551
63553
63554
63554
63555
63556
63557
63559
63560
63560
63563
63564
63564
63566
63567
63569
63569
63569
63572
63572
63573
63576
63579
63579
63580
63580
63580
63580
63581
63583
63583
63586
63590
63593
63594
63595
63595
63597
63598
63600
63600
63602
63603
63604
63604
63604
63606
63606
63608
63609
63609
63609
63612
63612
63613
63613
63617
63618
63620
63621
63622
63624
63624
63624
63625
63625
63625
63627
63628
63628
63629
63629
63632
63632
63633
63633
63634
63634
63634
63638
63641
63641
63643
63643
63644
63644
63644
63645
63645
63646
63646
63647
63648
63648
63648
63649
63650
63650
63652
63652
63653
63655
63655
63656
63660
63661
63662
63664
63665
63666
63669
63669
63679
63679
63684
63685
63688
63691
63691
63693
63695
63695
63699
63699
63700
63701
63701
63701
63702
63703
63705
63705
63706
63706
63707
63714
63714
63716
63720
63721
63726
63726
63728
63728
63729
63731
63733
63734
63734
63738
63739
63739
63740
63741
63741
63741
63741
63741
63742
63742
63743
63744
63745
63748
63749
63751
63751
63753
63754
63755
63757
63758
63758
63760
63761
63761
63764
63765
63767
63769
63770
63771
63772
63773
63775
63775
63776
63781
63781
63785
63788
63789
63790
63792
63794
63794
63796
63797
63798
63799
63802
63805
63806
63807
63809
63809
63810
63811
63811
63812
63813
63813
63815
63816
63818
63819
63821
63821
63823
63824
63824
63824
63827
63829
63834
63835
63837
63838
63839
63840
63841
63842
63843
63846
63846
63847
63854
63855
63856
63858
63859
63866
63869
63872
63873
63874
63874
63876
63877
63878
63878
63879
63882
63882
63883
63884
63884
63885
63886
63888
63888
63889
63889
63890
63892
63893
63898
63898
63898
63899
63901
63903
63905
63910
63912
63913
63913
63913
63914
63917
63918
63918
63920
63920
63921
63921
63922
63924
63925
63926
63927
63928
63929
63933
63935
63937
63938
63941
63943
63944
63947
63948
63948
63948
63949
63949
63953
63958
63958
63961
63962
63962
63965
63966
63967
63968
63970
63971
63972
63975
63975
63976
63977
63977
63979
63979
63980
63980
63981
63983
63985
63985
63987
63989
63990
63993
63993
63994
63995
63996
63997
63997
63998
63998
63998
63999
64000
64001
64001
64001
64004
64006
64007
64008
64008
64012
64012
64012
64017
64018
64019
64019
64020
64021
64022
64023
64025
64027
64027
64030
64031
64036
64037
64039
64040
64041
64043
64043
64044
64044
64046
64047
64048
64048
64048
64050
64052
64053
64056
64056
64056
64056
64058
64058
64059
64060
64060
64061
64061
64061
64062
64064
64064
64066
64067
64072
64072
64072
64073
64074
64075
64077
64077
64082
64084
64085
64085
64085
64085
64086
64089
64089
64089
64091
64093
64094
64097
64097
64098
64098
64098
64101
64101
64102
64103
64104
64106
64107
64108
64109
64112
64112
64115
64117
64128
64131
64134
64135
64136
64137
64140
64141
64144
64146
64153
64154
64154
64156
64156
64157
64160
64162
64163
64164
64166
64166
64169
64172
64172
64172
64173
64174
64175
64176
64177
64180
64180
64181
64182
64182
64187
64187
64189
64190
64190
64191
64192
64193
64194
64196
64196
64197
64199
64199
64200
64202
64204
64206
64208
64210
64211
64211
64212
64215
64216
64218
64218
64218
64221
64222
64224
64224
64224
64224
64228
64229
64230
64231
64231
64233
64235
64240
64241
64244
64245
64248
64252
64254
64255
64255
64257
64257
64260
64262
64264
64265
64266
64271
64272
64273
64273
64274
64275
64279
64282
64282
64289
64290
64292
64292
64293
64294
64296
64300
64304
64304
64305
64307
64307
64312
64312
64313
64313
64315
64316
64317
64317
64318
64321
64321
64325
64326
64326
64327
64327
64332
64337
64338
64338
64340
64345
64349
64350
64352
64353
64353
64356
64357
64357
64359
64360
64362
64364
64365
64366
64368
64369
64370
64370
64371
64371
64373
64373
64374
64376
64376
64377
64377
64380
64380
64381
64384
64385
64385
64387
64387
64388
64389
64390
64392
64394
64394
64396
64397
64397
64397
64398
64398
64399
64400
64401
64405
64406
64407
64407
64409
64411
64411
64412
64413
64413
64415
64418
64418
64419
64427
64427
64428
64431
64432
64432
64434
64435
64436
64437
64441
64444
64445
64445
64446
64447
64450
64451
64455
64456
64457
64458
64458
64459
64461
64461
64463
64464
64464
64468
64470
64471
64471
64474
64475
64475
64479
64481
64481
64482
64486
64486
64488
64488
64489
64490
64490
64492
64495
64496
64498
64501
64502
64507
64507
64509
64509
64510
64510
64511
64511
64512
64512
64513
64517
64518
64524
64525
64527
64527
64528
64529
64531
64531
64533
64535
64536
64536
64537
64538
64539
64540
64540
64541
64541
64541
64541
64542
64545
64545
64546
64548
64548
64552
64555
64555
64561
64563
64564
64565
64566
64575
64578
64588
64588
64589
64590
64591
64591
64594
64595
64596
64596
64597
64598
64600
64605
64605
64608
64609
64609
64609
64610
64611
64611
64611
64611
64615
64619
64620
64620
64620
64621
64623
64624
64624
64625
64625
64628
64630
64631
64634
64636
64638
64638
64642
64643
64644
64645
64645
64649
64650
64651
64653
64653
64653
64654
64655
64657
64657
64658
64661
64661
64664
64666
64668
64668
64671
64672
64673
64674
64675
64676
64678
64682
64682
64686
64686
64691
64691
64692
64692
64692
64693
64694
64695
64696
64697
64705
64707
64708
64708
64709
64710
64710
64710
64711
64713
64714
64714
64715
64715
64716
64717
64719
64720
64720
64721
64721
64721
64722
64724
64729
64731
64732
64732
64735
64740
64740
64741
64742
64744
64746
64748
64748
64749
64749
64750
64752
64753
64754
64758
64758
64759
64759
64760
64760
64762
64766
64769
64772
64773
64774
64778
64778
64780
64781
64782
64783
64784
64785
64788
64790
64791
64792
64795
64795
64796
64798
64799
64800
64800
64803
64804
64804
64805
64806
64806
64807
64808
64810
64810
64813
64815
64817
64819
64819
64820
64821
64824
64825
64825
64826
64828
64828
64829
64829
64829
64829
64830
64830
64830
64831
64832
64833
64833
64835
64836
64838
64838
64843
64844
64847
64847
64848
64849
64850
64851
64852
64852
64853
64854
64854
64856
64857
64858
64859
64859
64861
64862
64862
64868
64870
64870
64870
64871
64872
64872
64872
64873
64874
64874
64877
64877
64879
64879
64882
64883
64884
64886
64888
64889
64890
64893
64894
64895
64895
64898
64898
64898
64899
64899
64901
64902
64903
64904
64905
64906
64906
64906
64907
64907
64907
64909
64909
64910
64912
64912
64914
64915
64916
64916
64917
64919
64920
64920
64921
64922
64923
64923
64924
64925
64926
64927
64927
64928
64932
64932
64932
64933
64933
64937
64938
64939
64939
64940
64941
64941
64942
64942
64943
64944
64945
64947
64948
64949
64949
64950
64951
64952
64953
64953
64954
64957
64959
64960
64962
64967
64967
64968
64970
64973
64973
64975
64976
64978
64980
64980
64983
64983
64983
64984
64984
64985
64985
64986
64986
64987
64989
64989
64989
64991
64991
64991
64992
64993
64993
64994
64995
64996
65005
65006
65006
65009
65010
65011
65011
65016
65017
65020
65021
65021
65024
65025
65025
65027
65027
65029
65029
65031
65032
65033
65034
65034
65035
65035
65036
65036
65036
65040
65040
65041
65042
65042
65042
65047
65047
65048
65049
65049
65055
65058
65059
65060
65060
65060
65062
65064
65064
65065
65066
65067
65068
65070
65072
65072
65073
65074
65075
65076
65078
65079
65081
65081
65088
65088
65091
65092
65092
65093
65093
65094
65095
65095
65096
65098
65099
65106
65107
65108
65112
65113
65114
65115
65115
65117
65119
65119
65120
65120
65121
65124
65128
65131
65131
65134
65136
65137
65137
65137
65138
65139
65141
65146
65149
65149
65150
65150
65151
65152
65154
65155
65155
65156
65158
65158
65160
65161
65162
65163
65164
65166
65166
65166
65167
65172
65174
65174
65175
65176
65176
65177
65177
65178
65180
65181
65182
65183
65183
65184
65185
65186
65187
65190
65192
65193
65194
65195
65196
65198
65199
65199
65199
65201
65202
65209
65214
65215
65218
65218
65219
65222
65222
65226
65226
65227
65229
65231
65232
65235
65235
65235
65237
65237
65240
65241
65246
65247
65247
65248
65248
65251
65251
65252
65253
65253
65254
65255
65256
65256
65257
65257
65257
65257
65259
65260
65261
65261
65262
65264
65271
65271
65277
65278
65279
65279
65282
65284
65288
65288
65288
65290
65291
65292
65295
65298
65299
65300
65302
65304
65305
65306
65306
65306
65307
65307
65308
65308
65308
65311
65311
65311
65312
65316
65317
65320
65321
65323
65326
65326
65327
65327
65327
65329
65330
65331
65332
65332
65332
65334
65335
65337
65339
65342
65342
65343
65344
65345
65346
65350
65355
65356
65361
65361
65364
65366
65366
65367
65367
65368
65369
65372
65372
65372
65372
65375
65375
65377
65377
65383
65386
65387
65388
65392
65393
65396
65398
65400
65404
65404
65406
65406
65409
65409
65411
65414
65414
65414
65416
65417
65418
65419
65419
65420
65420
65420
65421
65423
65424
65426
65426
65427
65427
65427
65428
65430
65430
65431
65432
65433
65435
65436
65436
65436
65436
65436
65437
65437
65441
65443
65444
65446
65452
65453
65454
65455
65456
65458
65459
65460
65462
65468
65470
65472
65474
65478
65478
65478
65478
65478
65481
65483
65484
65485
65485
65487
65488
65490
65492
65493
65494
65495
65505
65506
65508
65513
65514
65515
65515
65515
65517
65518
65521
65522
65525
65525
65526
65526
65529
65531
65533
65534
65535
65535
65537
65538
65538
65539
65540
65544
65544
65547
65547
65548
65550
65552
65553
65553
65554
65555
65555
65557
65557
65558
65560
65561
65561
65561
65561
65562
65562
65564
65564
65565
65566
65566
65567
65569
65569
65570
65570
65571
65571
65572
65572
65573
65583
65583
65584
65584
65585
65586
65587
65589
65590
65591
65593
65594
65597
65600
65601
65601
65603
65607
65607
65607
65608
65608
65610
65610
65610
65612
65615
65615
65615
65616
65618
65619
65620
65620
65622
65623
65624
65626
65628
65628
65629
65630
65632
65633
65633
65634
65636
65639
65645
65645
65646
65650
65650
65654
65656
65657
65659
65660
65661
65661
65662
65662
65663
65664
65665
65666
65666
65669
65670
65672
65673
65676
65681
65682
65683
65685
65686
65687
65689
65689
65690
65692
65695
65695
65698
65699
65700
65701
65702
65702
65702
65703
65704
65706
65706
65706
65706
65707
65709
65713
65713
65717
65717
65717
65718
65718
65722
65722
65723
65723
65723
65727
65729
65730
65732
65734
65736
65737
65742
65743
65745
65746
65746
65746
65748
65752
65753
65755
65756
65757
65761
65761
65765
65766
65766
65766
65769
65769
65770
65771
65771
65771
65773
65776
65776
65777
65781
65782
65783
65783
65784
65785
65785
65786
65786
65788
65789
65790
65791
65791
65792
65795
65800
65801
65801
65801
65805
65805
65805
65805
65805
65807
65807
65808
65810
65810
65811
65812
65813
65813
65816
65818
65818
65821
65821
65825
65826
65829
65830
65832
65832
65833
65833
65836
65836
65840
65840
65840
65842
65846
65847
65848
65853
65853
65855
65855
65857
65857
65862
65869
65871
65872
65872
65873
65877
65877
65877
65878
65879
65881
65881
65881
65881
65882
65882
65883
65883
65883
65883
65884
65885
65886
65887
65887
65888
65889
65891
65891
65891
65892
65893
65894
65898
65901
65903
65905
65905
65906
65917
65917
65917
65918
65918
65919
65919
65920
65923
65927
65930
65936
65936
65938
65939
65940
65941
65943
65944
65944
65947
65947
65947
65948
65949
65949
65952
65954
65956
65957
65959
65960
65960
65961
65961
65965
65965
65965
65967
65970
65971
65971
65973
65975
65975
65978
65978
65980
65981
65981
65982
65982
65984
65984
65984
65985
65986
65988
65988
65989
65990
65991
65993
65996
65997
65997
65998
65998
65998
65999
66000
66001
66006
66009
66010
66013
66014
66014
66014
66016
66016
66018
66021
66021
66026
66027
66028
66029
66032
66032
66035
66036
66038
66041
66041
66042
66042
66043
66043
66045
66046
66046
66048
66048
66049
66050
66050
66053
66054
66056
66056
66056
66058
66059
66059
66059
66059
66062
66062
66063
66066
66066
66067
66068
66071
66071
66077
66077
66079
66080
66081
66085
66087
66087
66088
66090
66093
66094
66096
66098
66098
66098
66102
66105
66106
66108
66109
66110
66110
66113
66115
66115
66115
66119
66122
66123
66126
66126
66127
66127
66128
66129
66129
66129
66130
66130
66130
66131
66133
66133
66135
66138
66138
66142
66143
66145
66148
66148
66150
66152
66153
66153
66156
66157
66161
66161
66162
66163
66168
66170
66171
66171
66172
66173
66174
66174
66176
66177
66178
66179
66179
66179
66179
66181
66181
66183
66183
66184
66184
66185
66185
66186
66186
66187
66187
66191
66192
66193
66193
66193
66195
66195
66197
66197
66199
66200
66200
66201
66201
66202
66203
66203
66205
66205
66206
66207
66207
66210
66210
66213
66213
66213
66213
66215
66216
66217
66217
66217
66218
66219
66219
66220
66221
66221
66222
66224
66225
66225
66228
66230
66238
66239
66240
66241
66247
66253
66255
66256
66256
66256
66257
66260
66261
66262
66263
66266
66268
66270
66270
66273
66274
66279
66281
66281
66284
66286
66287
66287
66288
66288
66288
66294
66296
66296
66296
66297
66297
66297
66297
66298
66300
66301
66301
66303
66305
66311
66311
66313
66314
66316
66317
66318
66320
66322
66324
66325
66327
66329
66332
66334
66334
66335
66335
66337
66338
66340
66342
66343
66344
66345
66345
66347
66347
66348
66348
66349
66351
66355
66355
66356
66359
66361
66363
66363
66364
66364
66366
66367
66368
66369
66371
66372
66373
66375
66376
66379
66381
66382
66385
66385
66388
66388
66389
66390
66390
66392
66393
66394
66397
66397
66399
66399
66401
66401
66402
66404
66404
66407
66409
66411
66416
66417
66418
66419
66420
66421
66421
66421
66421
66422
66422
66424
66424
66424
66424
66426
66426
66428
66428
66428
66429
66429
66431
66431
66432
66435
66435
66436
66436
66437
66437
66438
66438
66443
66444
66444
66444
66445
66445
66446
66446
66447
66448
66449
66449
66449
66451
66452
66458
66460
66463
66464
66464
66466
66471
66471
66472
66473
66473
66474
66475
66477
66479
66479
66480
66481
66483
66484
66488
66489
66490
66492
66493
66495
66495
66499
66499
66502
66504
66505
66505
66506
66507
66507
66508
66513
66513
66513
66514
66515
66515
66516
66518
66518
66520
66522
66523
66524
66525
66527
66527
66530
66530
66532
66533
66533
66534
66535
66536
66543
66545
66546
66546
66547
66548
66549
66549
66550
66551
66551
66554
66554
66558
66559
66559
66560
66562
66563
66564
66565
66570
66570
66570
66571
66572
66572
66575
66578
66578
66581
66581
66581
66583
66585
66587
66588
66589
66590
66591
66591
66592
66593
66594
66595
66596
66597
66597
66598
66601
66601
66602
66602
66605
66606
66607
66607
66609
66610
66610
66611
66612
66612
66612
66614
66614
66614
66614
66615
66616
66624
66624
66626
66627
66628
66629
66629
66631
66632
66637
66641
66643
66644
66645
66646
66647
66647
66647
66648
66648
66649
66654
66654
66655
66656
66656
66657
66657
66658
66658
66659
66660
66661
66662
66663
66664
66664
66667
66669
66671
66671
66671
66672
66675
66676
66676
66677
66677
66678
66680
66681
66683
66684
66684
66686
66686
66690
66690
66690
66691
66691
66694
66697
66698
66699
66699
66699
66699
66700
66710
66711
66713
66719
66721
66722
66724
66730
66731
66736
66737
66737
66737
66738
66738
66739
66739
66742
66743
66743
66746
66746
66749
66749
66750
66751
66752
66757
66757
66758
66760
66761
66762
66763
66763
66768
66769
66771
66771
66771
66772
66772
66773
66775
66777
66778
66780
66780
66782
66782
66783
66784
66786
66786
66787
66787
66787
66787
66789
66794
66796
66799
66800
66801
66802
66803
66804
66805
66805
66806
66807
66808
66810
66810
66815
66817
66818
66819
66822
66822
66823
66826
66829
66832
66833
66833
66833
66835
66837
66837
66838
66839
66839
66840
66843
66845
66845
66846
66846
66847
66847
66848
66855
66855
66855
66855
66857
66858
66862
66862
66863
66864
66864
66865
66867
66867
66868
66870
66870
66871
66872
66880
66881
66882
66885
66889
66889
66889
66892
66893
66893
66895
66896
66900
66902
66904
66910
66911
66911
66913
66914
66914
66914
66915
66915
66915
66916
66916
66917
66918
66918
66918
66919
66921
66921
66923
66924
66926
66927
66927
66928
66929
66935
66936
66940
66942
66943
66944
66948
66949
66950
66950
66950
66951
66953
66954
66959
66959
66960
66961
66965
66966
66967
66968
66969
66972
66974
66977
66979
66982
66983
66983
66984
66984
66987
66988
66992
66992
66993
66994
66994
66997
67000
67000
67000
67002
67002
67002
67003
67006
67007
67008
67012
67015
67016
67020
67021
67023
67026
67026
67027
67028
67029
67030
67031
67031
67032
67033
67034
67038
67040
67043
67045
67048
67049
67050
67050
67050
67051
67053
67054
67055
67055
67055
67058
67058
67059
67059
67060
67062
67062
67064
67065
67066
67067
67069
67069
67070
67070
67070
67071
67072
67073
67073
67077
67078
67079
67079
67079
67082
67083
67084
67087
67088
67088
67091
67092
67092
67095
67095
67096
67097
67097
67098
67098
67098
67100
67101
67101
67102
67103
67104
67106
67107
67108
67109
67110
67111
67112
67115
67116
67116
67117
67118
67118
67119
67121
67122
67122
67124
67124
67126
67128
67130
67131
67134
67135
67137
67138
67141
67142
67143
67144
67151
67154
67161
67165
67166
67166
67167
67168
67168
67169
67169
67170
67170
67173
67175
67175
67175
67182
67184
67187
67188
67189
67192
67193
67193
67194
67195
67195
67196
67196
67196
67197
67198
67199
67200
67202
67206
67207
67207
67211
67212
67215
67216
67216
67217
67222
67225
67226
67227
67230
67231
67233
67234
67235
67237
67238
67238
67241
67244
67244
67244
67248
67249
67249
67250
67251
67251
67252
67254
67260
67260
67261
67263
67266
67266
67268
67268
67269
67271
67273
67274
67276
67277
67278
67278
67279
67279
67279
67280
67281
67284
67285
67287
67288
67290
67291
67291
67291
67293
67294
67298
67298
67299
67300
67305
67306
67307
67308
67309
67310
67312
67317
67317
67317
67317
67318
67318
67319
67319
67320
67321
67321
67323
67323
67324
67325
67327
67327
67328
67332
67332
67334
67338
67338
67339
67340
67340
67341
67341
67341
67342
67344
67345
67346
67347
67348
67349
67350
67353
67355
67355
67356
67357
67359
67363
67364
67364
67367
67368
67368
67368
67368
67370
67371
67372
67372
67373
67376
67376
67378
67378
67378
67380
67381
67381
67383
67385
67387
67387
67388
67389
67389
67389
67391
67391
67392
67393
67394
67396
67397
67405
67405
67406
67406
67407
67408
67408
67409
67410
67410
67412
67414
67415
67415
67417
67417
67418
67418
67418
67424
67424
67425
67427
67428
67430
67437
67437
67438
67439
67442
67445
67447
67448
67451
67454
67456
67456
67456
67457
67458
67458
67458
67459
67460
67463
67468
67469
67471
67472
67473
67473
67474
67475
67476
67476
67478
67478
67479
67480
67480
67481
67481
67484
67485
67487
67487
67489
67490
67491
67495
67496
67496
67497
67498
67499
67503
67505
67509
67510
67510
67513
67518
67518
67520
67520
67521
67521
67521
67521
67522
67522
67524
67525
67525
67526
67528
67528
67529
67530
67531
67531
67532
67534
67538
67546
67546
67547
67547
67548
67550
67551
67551
67551
67552
67552
67553
67556
67559
67559
67560
67560
67560
67561
67562
67563
67563
67569
67570
67570
67571
67571
67571
67572
67578
67579
67583
67585
67588
67589
67589
67589
67591
67593
67593
67594
67598
67599
67599
67601
67602
67604
67605
67605
67612
67613
67615
67617
67618
67618
67622
67623
67623
67623
67625
67626
67627
67628
67628
67631
67632
67632
67633
67635
67636
67637
67638
67640
67641
67644
67644
67644
67644
67648
67650
67653
67653
67654
67655
67656
67657
67658
67659
67659
67659
67659
67662
67662
67665
67665
67667
67667
67668
67669
67669
67671
67671
67672
67673
67673
67677
67677
67679
67680
67680
67681
67682
67687
67689
67689
67691
67692
67698
67708
67708
67709
67711
67712
67712
67714
67714
67714
67714
67722
67723
67724
67727
67727
67727
67728
67730
67731
67734
67736
67737
67738
67739
67739
67740
67741
67741
67743
67743
67744
67745
67747
67748
67752
67752
67753
67754
67754
67755
67757
67758
67758
67765
67770
67772
67773
67774
67774
67774
67774
67776
67777
67778
67780
67781
67785
67788
67788
67788
67790
67791
67793
67793
67793
67793
67794
67795
67796
67796
67799
67799
67799
67800
67800
67802
67802
67802
67803
67804
67806
67808
67810
67812
67813
67813
67814
67814
67815
67815
67815
67815
67818
67818
67818
67819
67821
67821
67826
67827
67827
67829
67830
67831
67832
67837
67839
67839
67840
67842
67843
67851
67852
67854
67854
67854
67855
67855
67856
67858
67858
67861
67862
67864
67865
67867
67867
67867
67868
67872
67872
67877
67877
67879
67879
67880
67884
67885
67886
67887
67887
67888
67889
67890
67891
67892
67892
67892
67893
67894
67896
67899
67899
67901
67903
67906
67906
67911
67913
67913
67913
67917
67921
67923
67924
67925
67926
67926
67931
67931
67932
67932
67933
67935
67935
67937
67940
67944
67946
67946
67959
67959
67959
67960
67963
67967
67972
67974
67974
67975
67975
67976
67976
67976
67977
67977
67978
67978
67978
67981
67984
67985
67987
67988
67988
67988
67989
67989
67990
67991
67991
67992
67993
67996
67996
67996
67998
67998
67999
68000
68002
68004
68006
68008
68008
68009
68010
68010
68010
68011
68013
68014
68015
68015
68016
68016
68016
68018
68018
68020
68020
68023
68024
68025
68025
68026
68027
68027
68028
68029
68030
68030
68031
68033
68038
68041
68044
68046
68046
68046
68047
68047
68048
68049
68050
68051
68051
68052
68052
68052
68053
68054
68058
68059
68060
68064
68065
68068
68069
68072
68072
68073
68073
68073
68075
68076
68078
68083
68084
68084
68086
68086
68088
68089
68094
68094
68097
68097
68099
68103
68103
68105
68105
68105
68107
68107
68108
68108
68112
68114
68114
68117
68117
68120
68120
68120
68124
68125
68127
68128
68130
68131
68135
68136
68137
68137
68137
68139
68140
68140
68142
68143
68143
68146
68148
68149
68152
68154
68154
68154
68155
68156
68156
68156
68157
68158
68159
68159
68161
68162
68162
68164
68165
68166
68166
68166
68168
68170
68171
68171
68171
68173
68173
68176
68177
68178
68178
68179
68181
68182
68183
68184
68184
68184
68186
68188
68189
68192
68193
68195
68196
68199
68200
68201
68204
68206
68209
68212
68213
68213
68215
68215
68215
68216
68216
68216
68217
68219
68220
68220
68220
68222
68224
68228
68228
68231
68231
68231
68232
68232
68233
68234
68234
68234
68235
68235
68240
68241
68242
68242
68243
68244
68248
68248
68249
68249
68249
68250
68250
68251
68253
68253
68254
68255
68256
68258
68260
68262
68262
68263
68263
68265
68265
68266
68267
68269
68269
68270
68270
68272
68272
68274
68274
68280
68283
68283
68287
68288
68288
68292
68292
68293
68294
68295
68295
68302
68302
68305
68305
68306
68307
68309
68310
68310
68312
68314
68318
68319
68321
68323
68325
68325
68326
68331
68331
68331
68332
68333
68333
68336
68337
68340
68340
68341
68343
68344
68344
68344
68347
68348
68348
68348
68349
68350
68351
68355
68357
68359
68360
68362
68363
68366
68369
68370
68371
68371
68372
68375
68376
68376
68376
68379
68379
68380
68381
68382
68382
68384
68386
68387
68387
68388
68391
68392
68392
68393
68394
68394
68395
68395
68395
68398
68406
68407
68408
68408
68409
68410
68410
68411
68413
68415
68415
68415
68418
68418
68418
68419
68420
68421
68423
68425
68425
68426
68428
68429
68430
68433
68434
68437
68438
68439
68441
68441
68443
68443
68445
68445
68446
68447
68449
68451
68456
68456
68457
68460
68461
68464
68465
68465
68471
68473
68474
68477
68481
68482
68483
68485
68485
68488
68488
68491
68491
68492
68493
68493
68494
68496
68497
68499
68499
68499
68500
68502
68502
68502
68504
68505
68506
68506
68508
68512
68519
68520
68522
68523
68523
68523
68524
68526
68526
68528
68530
68532
68534
68536
68538
68538
68539
68540
68540
68541
68543
68543
68544
68544
68545
68546
68546
68546
68549
68552
68552
68552
68556
68560
68560
68563
68563
68564
68569
68570
68573
68575
68576
68581
68582
68582
68582
68585
68585
68585
68586
68586
68589
68591
68593
68594
68596
68597
68598
68601
68603
68603
68605
68606
68608
68609
68609
68612
68614
68615
68615
68616
68617
68617
68618
68621
68624
68625
68628
68629
68632
68632
68633
68634
68635
68636
68636
68637
68638
68639
68639
68643
68646
68649
68649
68652
68653
68653
68654
68655
68656
68657
68657
68661
68662
68662
68664
68664
68667
68667
68668
68668
68668
68673
68673
68674
68675
68675
68677
68679
68679
68681
68682
68683
68684
68689
68696
68696
68701
68701
68703
68704
68705
68707
68707
68708
68709
68710
68712
68713
68713
68714
68716
68717
68720
68722
68723
68723
68726
68728
68730
68732
68733
68736
68736
68736
68736
68739
68740
68740
68750
68751
68753
68753
68755
68755
68755
68757
68758
68760
68761
68762
68764
68764
68766
68767
68767
68769
68770
68771
68773
68775
68775
68775
68776
68776
68776
68777
68778
68779
68781
68783
68784
68786
68787
68788
68789
68790
68791
68793
68793
68794
68794
68796
68796
68796
68797
68798
68799
68801
68804
68804
68806
68807
68809
68809
68809
68811
68812
68813
68813
68814
68814
68815
68815
68816
68818
68818
68821
68821
68822
68824
68825
68827
68828
68828
68829
68831
68833
68833
68833
68838
68838
68838
68839
68839
68841
68841
68842
68842
68843
68844
68846
68847
68855
68855
68857
68858
68859
68859
68860
68860
68860
68860
68869
68871
68873
68875
68876
68876
68877
68880
68883
68883
68884
68884
68888
68889
68893
68895
68896
68897
68898
68898
68900
68902
68902
68902
68903
68903
68903
68903
68904
68907
68909
68909
68911
68911
68913
68915
68915
68916
68917
68917
68919
68920
68921
68922
68922
68923
68923
68927
68928
68931
68931
68932
68933
68934
68937
68937
68938
68939
68941
68941
68942
68944
68947
68948
68948
68950
68951
68952
68955
68955
68956
68958
68959
68959
68960
68961
68964
68964
68965
68965
68966
68966
68969
68969
68971
68972
68972
68974
68975
68975
68976
68976
68977
68978
68980
68981
68983
68984
68984
68987
68988
68990
68990
68991
68992
68993
68996
69000
69001
69002
69003
69003
69004
69007
69008
69008
69009
69009
69010
69014
69014
69014
69017
69017
69017
69020
69020
69023
69025
69026
69026
69031
69031
69032
69033
69039
69040
69040
69041
69041
69042
69044
69046
69046
69047
69049
69053
69054
69055
69055
69056
69056
69059
69060
69061
69063
69065
69065
69065
69066
69067
69067
69069
69070
69070
69073
69076
69076
69081
69084
69084
69085
69085
69086
69086
69087
69087
69089
69092
69095
69098
69098
69101
69102
69103
69103
69104
69104
69106
69107
69110
69111
69112
69112
69112
69113
69114
69115
69116
69117
69120
69120
69120
69120
69121
69122
69123
69124
69128
69131
69133
69135
69137
69138
69138
69138
69141
69141
69143
69147
69149
69149
69151
69151
69154
69155
69155
69156
69156
69158
69159
69160
69160
69160
69160
69163
69163
69165
69166
69168
69169
69172
69172
69173
69176
69178
69179
69182
69184
69184
69184
69187
69187
69188
69190
69190
69192
69194
69196
69197
69199
69200
69200
69201
69201
69201
69203
69203
69203
69207
69209
69209
69209
69210
69210
69212
69213
69214
69214
69214
69216
69217
69217
69217
69220
69221
69221
69222
69223
69223
69224
69227
69227
69229
69230
69230
69230
69231
69232
69232
69233
69234
69235
69235
69237
69238
69238
69239
69239
69239
69240
69240
69244
69244
69245
69246
69246
69248
69249
69257
69257
69258
69258
69259
69259
69261
69262
69263
69264
69266
69268
69270
69270
69272
69274
69274
69274
69276
69276
69278
69278
69278
69283
69283
69283
69286
69287
69289
69290
69290
69290
69291
69292
69292
69294
69295
69297
69300
69300
69303
69304
69305
69307
69307
69308
69308
69309
69310
69313
69314
69318
69318
69319
69319
69319
69321
69321
69322
69322
69324
69325
69326
69326
69326
69328
69332
69332
69337
69337
69338
69339
69343
69345
69347
69347
69350
69351
69352
69353
69354
69354
69355
69356
69357
69359
69361
69368
69368
69369
69369
69369
69371
69371
69373
69373
69376
69377
69377
69383
69388
69388
69392
69396
69396
69397
69398
69398
69398
69399
69399
69401
69404
69404
69405
69407
69407
69410
69411
69411
69411
69413
69414
69415
69415
69416
69416
69417
69421
69422
69424
69425
69428
69428
69429
69430
69432
69434
69436
69437
69437
69439
69441
69443
69446
69446
69447
69447
69447
69449
69450
69451
69453
69454
69455
69460
69461
69461
69463
69465
69465
69465
69467
69467
69468
69470
69470
69471
69472
69473
69473
69473
69479
69480
69480
69480
69481
69482
69484
69484
69485
69485
69487
69487
69488
69488
69489
69490
69491
69491
69491
69492
69493
69495
69496
69498
69502
69504
69505
69506
69506
69506
69506
69508
69510
69512
69517
69517
69518
69519
69520
69521
69521
69521
69523
69523
69524
69525
69527
69529
69529
69531
69533
69533
69534
69535
69535
69536
69538
69538
69539
69539
69540
69541
69542
69543
69543
69543
69543
69543
69546
69546
69549
69550
69550
69551
69551
69552
69552
69556
69556
69557
69558
69560
69560
69562
69564
69565
69565
69567
69568
69573
69574
69575
69576
69578
69578
69579
69580
69581
69581
69581
69586
69589
69589
69590
69591
69592
69593
69597
69598
69599
69599
69599
69599
69600
69603
69604
69605
69607
69607
69609
69610
69612
69612
69612
69613
69615
69616
69617
69618
69619
69620
69620
69622
69622
69624
69625
69628
69628
69629
69629
69631
69632
69633
69634
69634
69636
69636
69638
69639
69639
69640
69641
69642
69642
69642
69643
69644
69645
69648
69648
69649
69649
69650
69651
69654
69659
69663
69663
69665
69667
69668
69669
69669
69670
69672
69672
69672
69674
69674
69675
69676
69678
69680
69683
69684
69684
69687
69687
69689
69693
69695
69695
69696
69702
69703
69704
69706
69706
69708
69708
69708
69709
69712
69713
69713
69713
69714
69717
69717
69719
69719
69721
69722
69725
69728
69730
69731
69731
69735
69736
69740
69741
69743
69747
69748
69749
69751
69751
69752
69753
69754
69755
69756
69756
69757
69758
69761
69762
69764
69766
69767
69769
69772
69773
69773
69774
69775
69777
69778
69779
69783
69784
69785
69785
69786
69787
69787
69789
69791
69793
69797
69797
69798
69800
69800
69802
69806
69808
69808
69808
69810
69810
69810
69810
69811
69813
69815
69815
69815
69817
69817
69818
69819
69821
69823
69825
69826
69828
69828
69829
69829
69830
69831
69833
69834
69835
69838
69841
69844
69845
69846
69852
69852
69852
69853
69853
69854
69857
69858
69859
69862
69863
69863
69864
69868
69869
69870
69870
69870
69872
69873
69874
69877
69878
69878
69879
69881
69882
69882
69883
69884
69885
69886
69888
69888
69889
69891
69894
69895
69896
69897
69899
69900
69901
69902
69903
69903
69903
69904
69910
69911
69913
69914
69914
69915
69919
69920
69920
69921
69924
69925
69929
69930
69931
69931
69933
69933
69935
69936
69941
69941
69942
69944
69944
69946
69948
69948
69950
69952
69952
69956
69957
69958
69960
69961
69964
69964
69968
69971
69972
69972
69974
69975
69977
69977
69978
69979
69979
69981
69981
69982
69984
69987
69988
69989
69990
69991
69992
69992
69992
69993
69999
70001
70001
70004
70005
70008
70008
70014
70018
70018
70020
70020
70023
70024
70026
70026
70026
70027
70029
70031
70031
70032
70032
70034
70036
70038
70041
70041
70042
70042
70043
70045
70046
70047
70050
70051
70054
70055
70056
70056
70056
70058
70058
70060
70061
70061
70063
70064
70064
70065
70065
70066
70067
70068
70068
70069
70072
70072
70072
70073
70075
70078
70081
70081
70084
70085
70088
70089
70090
70097
70097
70098
70099
70100
70102
70104
70104
70105
70108
70108
70111
70111
70112
70112
70113
70114
70115
70115
70115
70116
70116
70117
70119
70120
70121
70122
70123
70124
70126
70127
70129
70130
70132
70132
70134
70134
70135
70136
70136
70137
70137
70139
70141
70142
70143
70143
70147
70150
70150
70151
70151
70152
70152
70154
70155
70157
70157
70157
70158
70159
70159
70160
70161
70162
70163
70164
70165
70166
70167
70168
70169
70174
70175
70175
70176
70177
70177
70178
70179
70181
70181
70183
70184
70184
70186
70186
70187
70191
70194
70195
70195
70196
70199
70204
70204
70206
70210
70211
70211
70213
70215
70215
70216
70216
70219
70221
70221
70226
70226
70228
70230
70230
70231
70231
70231
70233
70234
70235
70235
70236
70236
70236
70236
70239
70239
70240
70242
70243
70245
70245
70245
70246
70246
70247
70252
70252
70256
70256
70256
70256
70256
70257
70259
70260
70261
70263
70264
70265
70265
70266
70267
70271
70272
70273
70276
70278
70278
70280
70282
70283
70284
70284
70284
70285
70286
70288
70290
70290
70290
70291
70291
70293
70297
70297
70298
70299
70300
70300
70305
70306
70307
70307
70307
70308
70310
70311
70311
70315
70317
70318
70320
70321
70322
70324
70324
70327
70327
70331
70332
70333
70334
70334
70337
70337
70339
70339
70340
70341
70342
70342
70343
70344
70345
70345
70347
70348
70349
70350
70351
70352
70361
70363
70364
70369
70371
70372
70374
70374
70374
70377
70377
70379
70380
70381
70381
70383
70384
70385
70386
70386
70387
70388
70390
70390
70392
70393
70393
70394
70396
70396
70398
70399
70399
70406
70406
70407
70408
70409
70410
70411
70411
70413
70416
70416
70418
70419
70424
70427
70428
70429
70431
70431
70432
70435
70436
70438
70439
70440
70441
70443
70445
70446
70446
70449
70452
70452
70454
70455
70455
70456
70459
70460
70462
70463
70465
70465
70466
70466
70466
70468
70469
70472
70473
70476
70484
70484
70484
70485
70486
70489
70491
70491
70494
70494
70494
70496
70497
70498
70498
70499
70501
70501
70502
70503
70504
70505
70506
70506
70507
70508
70509
70510
70512
70513
70513
70515
70517
70518
70518
70519
70525
70526
70529
70530
70533
70534
70537
70537
70537
70539
70539
70539
70540
70541
70542
70545
70546
70549
70552
70557
70558
70558
70559
70560
70561
70566
70566
70566
70566
70568
70569
70572
70577
70578
70578
70578
70578
70580
70582
70582
70583
70583
70583
70584
70584
70585
70586
70588
70589
70590
70590
70598
70599
70599
70603
70603
70606
70606
70607
70607
70608
70608
70610
70611
70612
70613
70613
70614
70616
70617
70619
70620
70620
70621
70621
70622
70625
70625
70626
70627
70628
70628
70628
70628
70630
70630
70632
70635
70635
70637
70638
70640
70640
70642
70642
70644
70644
70645
70647
70648
70648
70649
70649
70651
70651
70654
70654
70655
70655
70656
70658
70661
70663
70664
70664
70664
70665
70670
70670
70672
70674
70674
70675
70676
70677
70679
70681
70682
70683
70684
70686
70687
70689
70692
70692
70693
70693
70693
70695
70697
70698
70699
70699
70700
70702
70702
70703
70704
70705
70707
70708
70708
70711
70711
70712
70712
70712
70713
70713
70715
70715
70715
70716
70716
70716
70717
70718
70719
70719
70719
70720
70721
70721
70723
70724
70724
70726
70727
70728
70731
70732
70733
70735
70735
70738
70739
70741
70741
70743
70744
70744
70745
70754
70757
70757
70758
70758
70762
70764
70766
70767
70770
70771
70772
70774
70775
70776
70776
70782
70783
70784
70785
70787
70791
70792
70796
70800
70801
70801
70801
70802
70802
70803
70804
70805
70806
70807
70807
70807
70810
70810
70810
70810
70812
70812
70812
70814
70815
70818
70820
70821
70823
70824
70824
70825
70825
70828
70828
70829
70831
70835
70835
70836
70836
70837
70837
70839
70842
70842
70843
70843
70846
70848
70848
70848
70849
70849
70849
70850
70850
70851
70851
70852
70853
70856
70858
70859
70860
70864
70866
70868
70870
70874
70880
70882
70894
70897
70897
70898
70899
70900
70902
70906
70907
70908
70908
70908
70909
70910
70912
70913
70913
70913
70914
70916
70918
70918
70919
70919
70920
70921
70922
70922
70923
70923
70924
70927
70928
70929
70931
70931
70931
70931
70933
70934
70934
70935
70936
70937
70937
70938
70940
70943
70944
70945
70947
70949
70950
70951
70953
70957
70957
70957
70960
70964
70965
70965
70966
70966
70970
70971
70971
70973
70975
70975
70975
70976
70978
70980
70981
70982
70985
70985
70985
70986
70987
70987
70988
70991
70992
70992
70993
70996
70997
70999
70999
71000
71001
71001
71001
71002
71005
71008
71008
71008
71009
71012
71014
71015
71020
71021
71021
71024
71027
71028
71028
71030
71030
71032
71033
71037
71037
71040
71041
71043
71045
71045
71046
71046
71048
71050
71051
71051
71052
71054
71055
71057
71057
71057
71060
71063
71065
71066
71066
71067
71069
71069
71070
71071
71072
71077
71078
71079
71081
71082
71083
71083
71083
71084
71085
71085
71089
71089
71091
71093
71093
71094
71096
71098
71098
71100
71100
71100
71100
71101
71103
71114
71115
71117
71118
71119
71119
71120
71121
71121
71123
71123
71124
71126
71126
71129
71131
71133
71133
71135
71135
71137
71138
71143
71146
71149
71149
71149
71150
71150
71150
71150
71152
71155
71157
71157
71158
71160
71161
71161
71163
71163
71165
71166
71166
71172
71176
71177
71179
71181
71182
71182
71182
71187
71188
71189
71189
71190
71191
71191
71193
71194
71195
71197
71199
71201
71203
71205
71205
71205
71208
71211
71212
71212
71215
71216
71219
71220
71220
71224
71226
71227
71229
71230
71230
71233
71233
71236
71236
71236
71239
71240
71241
71242
71243
71247
71247
71247
71249
71252
71252
71252
71254
71254
71256
71256
71256
71256
71257
71259
71260
71261
71262
71264
71265
71266
71270
71276
71276
71280
71282
71285
71286
71287
71287
71288
71288
71288
71289
71289
71292
71301
71304
71307
71308
71308
71309
71311
71311
71313
71314
71318
71321
71322
71322
71324
71325
71325
71328
71328
71329
71329
71329
71330
71330
71331
71334
71334
71335
71336
71337
71338
71338
71338
71338
71342
71342
71343
71343
71343
71345
71347
71348
71350
71351
71351
71353
71353
71354
71354
71354
71355
71355
71355
71356
71359
71359
71360
71360
71360
71361
71363
71364
71365
71366
71367
71368
71371
71372
71373
71373
71374
71374
71374
71375
71375
71375
71378
71378
71380
71381
71381
71383
71383
71385
71385
71388
71391
71397
71397
71398
71398
71400
71401
71403
71404
71405
71406
71409
71409
71409
71414
71415
71416
71416
71417
71418
71424
71428
71429
71430
71431
71434
71434
71436
71436
71437
71437
71442
71443
71443
71443
71447
71448
71448
71449
71449
71450
71452
71453
71454
71455
71456
71456
71456
71460
71461
71462
71464
71465
71468
71471
71472
71473
71478
71480
71481
71484
71487
71487
71490
71492
71494
71495
71496
71497
71498
71498
71499
71501
71502
71503
71504
71505
71506
71506
71506
71507
71507
71507
71509
71510
71512
71514
71514
71514
71514
71517
71518
71518
71521
71522
71523
71523
71525
71526
71527
71531
71533
71534
71535
71535
71541
71543
71545
71545
71547
71547
71547
71549
71552
71553
71553
71554
71557
71558
71559
71562
71563
71563
71564
71567
71567
71567
71568
71570
71572
71572
71575
71575
71577
71578
71579
71580
71581
71581
71581
71584
71585
71588
71593
71593
71594
71596
71598
71598
71600
71601
71601
71601
71602
71603
71605
71610
71613
71613
71613
71615
71615
71616
71616
71617
71618
71622
71623
71624
71625
71625
71625
71626
71628
71629
71630
71634
71635
71637
71639
71639
71639
71640
71647
71648
71648
71649
71650
71651
71657
71658
71660
71661
71662
71662
71662
71665
71666
71666
71668
71669
71669
71669
71670
71671
71676
71676
71677
71677
71677
71677
71678
71679
71679
71679
71680
71684
71685
71685
71688
71689
71689
71690
71690
71690
71693
71697
71698
71699
71699
71700
71700
71700
71701
71703
71704
71704
71704
71705
71705
71705
71708
71709
71710
71711
71712
71713
71714
71715
71716
71717
71717
71728
71728
71729
71730
71736
71737
71737
71740
71741
71741
71742
71746
71747
71747
71749
71749
71750
71751
71752
71752
71753
71753
71755
71755
71756
71757
71758
71758
71758
71759
71759
71761
71762
71763
71763
71765
71766
71768
71769
71772
71775
71776
71776
71778
71779
71779
71784
71784
71784
71785
71785
71786
71787
71788
71796
71796
71804
71804
71805
71806
71808
71808
71809
71810
71813
71814
71815
71817
71817
71818
71819
71819
71821
71824
71824
71825
71827
71827
71827
71829
71830
71831
71832
71833
71833
71836
71837
71840
71841
71841
71841
71841
71842
71843
71844
71846
71847
71848
71850
71853
71857
71857
71858
71858
71859
71862
71864
71865
71867
71873
71873
71876
71877
71881
71881
71885
71885
71886
71887
71888
71888
71890
71892
71892
71894
71894
71895
71895
71895
71900
71900
71901
71903
71903
71903
71903
71903
71903
71904
71905
71905
71906
71907
71909
71909
71909
71911
71911
71912
71913
71914
71915
71916
71918
71919
71921
71922
71923
71924
71925
71928
71929
71929
71931
71933
71935
71936
71936
71939
71940
71945
71945
71946
71950
71951
71954
71958
71959
71959
71962
71962
71963
71966
71968
71968
71969
71969
71970
71973
71974
71974
71979
71984
71985
71985
71986
71986
71987
71990
71990
71992
71995
71998
72000
72003
72003
72004
72006
72008
72012
72013
72016
72016
72019
72020
72021
72021
72022
72023
72023
72025
72026
72027
72027
72031
72036
72036
72039
72039
72042
72047
72050
72051
72051
72052
72055
72057
72058
72060
72061
72061
72064
72066
72066
72067
72067
72068
72070
72071
72072
72072
72072
72073
72076
72078
72080
72081
72081
72082
72084
72084
72086
72088
72090
72090
72091
72092
72093
72094
72095
72096
72096
72097
72098
72101
72102
72106
72107
72107
72108
72109
72109
72110
72110
72110
72111
72113
72114
72114
72115
72116
72118
72120
72120
72121
72121
72124
72126
72127
72128
72129
72130
72130
72131
72133
72134
72135
72137
72137
72138
72140
72140
72140
72143
72148
72148
72148
72151
72151
72153
72157
72159
72160
72161
72161
72161
72163
72164
72166
72174
72175
72176
72176
72177
72177
72179
72179
72180
72180
72182
72182
72183
72186
72187
72187
72188
72196
72198
72199
72205
72206
72206
72207
72210
72210
72211
72213
72214
72215
72221
72221
72223
72224
72226
72227
72234
72237
72237
72239
72239
72240
72240
72240
72242
72242
72242
72242
72244
72245
72248
72248
72248
72249
72250
72251
72251
72252
72254
72255
72256
72256
72256
72257
72257
72265
72267
72267
72268
72270
72270
72270
72270
72273
72275
72275
72276
72276
72276
72277
72278
72279
72282
72284
72285
72285
72291
72292
72292
72293
72294
72296
72298
72300
72302
72304
72304
72306
72307
72309
72309
72309
72312
72313
72315
72316
72317
72317
72318
72319
72320
72320
72321
72322
72325
72326
72327
72327
72327
72328
72330
72332
72334
72336
72337
72339
72341
72342
72342
72345
72350
72353
72355
72355
72355
72357
72360
72361
72361
72362
72363
72363
72364
72364
72365
72366
72368
72368
72370
72373
72374
72376
72377
72377
72377
72378
72378
72380
72381
72382
72384
72386
72386
72387
72391
72393
72394
72396
72396
72397
72402
72403
72405
72405
72406
72406
72410
72413
72415
72416
72416
72423
72423
72426
72428
72429
72433
72434
72436
72438
72441
72441
72446
72452
72452
72454
72455
72455
72456
72456
72457
72458
72460
72460
72462
72463
72464
72469
72474
72479
72481
72482
72485
72486
72487
72487
72488
72490
72497
72497
72498
72499
72501
72501
72503
72504
72505
72507
72507
72508
72510
72511
72512
72517
72517
72517
72519
72521
72522
72522
72524
72524
72528
72529
72529
72530
72533
72533
72533
72536
72536
72538
72540
72541
72541
72543
72544
72546
72546
72546
72548
72548
72548
72550
72551
72553
72553
72556
72558
72559
72562
72562
72564
72566
72569
72569
72570
72570
72572
72573
72574
72574
72577
72577
72578
72578
72579
72581
72582
72583
72583
72586
72586
72587
72587
72588
72592
72593
72595
72596
72599
72599
72599
72600
72605
72606
72610
72611
72615
72616
72619
72620
72622
72622
72622
72631
72632
72634
72635
72636
72636
72638
72639
72640
72640
72642
72643
72643
72644
72644
72649
72650
72650
72650
72651
72651
72651
72652
72654
72657
72658
72660
72661
72662
72662
72662
72664
72664
72664
72667
72667
72668
72668
72671
72674
72678
72679
72681
72683
72684
72688
72689
72692
72694
72694
72695
72695
72695
72696
72696
72698
72698
72699
72699
72700
72701
72702
72703
72705
72706
72709
72711
72711
72712
72713
72714
72715
72718
72718
72721
72721
72722
72722
72723
72723
72727
72729
72730
72730
72733
72733
72735
72736
72736
72741
72745
72745
72745
72746
72749
72750
72753
72756
72758
72758
72759
72764
72771
72772
72772
72773
72775
72776
72776
72776
72776
72778
72781
72781
72782
72782
72787
72788
72790
72791
72791
72791
72792
72794
72797
72797
72798
72800
72800
72803
72804
72806
72807
72807
72808
72808
72810
72810
72811
72814
72818
72820
72824
72830
72833
72833
72834
72835
72840
72841
72841
72847
72847
72849
72850
72851
72855
72855
72859
72860
72860
72860
72861
72861
72863
72864
72865
72866
72869
72870
72870
72871
72872
72873
72874
72874
72875
72876
72876
72877
72879
72880
72880
72881
72882
72882
72882
72883
72885
72885
72886
72886
72888
72888
72888
72888
72889
72890
72890
72893
72894
72898
72899
72899
72899
72901
72901
72903
72907
72911
72912
72913
72913
72914
72917
72923
72926
72927
72927
72928
72930
72931
72931
72931
72934
72934
72934
72937
72937
72937
72938
72939
72941
72942
72944
72945
72946
72948
72948
72948
72949
72949
72952
72953
72953
72953
72953
72953
72954
72955
72955
72958
72958
72961
72962
72963
72966
72966
72967
72967
72967
72974
72975
72977
72977
72978
72979
72981
72982
72982
72986
72987
72988
72988
72992
72992
72994
72995
72996
72996
72999
73001
73002
73005
73006
73007
73008
73009
73009
73010
73010
73011
73013
73014
73014
73015
73017
73018
73019
73020
73020
73023
73025
73025
73026
73027
73029
73029
73030
73031
73032
73033
73033
73033
73034
73034
73034
73035
73037
73038
73038
73039
73039
73040
73041
73042
73043
73044
73045
73048
73049
73049
73050
73053
73053
73053
73055
73057
73057
73058
73059
73062
73063
73064
73064
73065
73065
73066
73070
73074
73075
73080
73086
73089
73093
73095
73099
73100
73102
73103
73104
73106
73108
73109
73110
73115
73115
73116
73116
73118
73119
73120
73120
73121
73122
73124
73124
73133
73134
73136
73136
73139
73140
73140
73142
73143
73143
73144
73145
73145
73147
73148
73148
73153
73155
73156
73156
73161
73161
73162
73163
73165
73165
73165
73167
73167
73168
73170
73172
73173
73174
73174
73176
73177
73180
73182
73182
73182
73182
73183
73184
73191
73195
73195
73195
73196
73198
73199
73199
73200
73204
73206
73207
73208
73209
73210
73210
73211
73212
73212
73214
73214
73215
73217
73218
73218
73220
73221
73225
73226
73230
73232
73234
73234
73236
73236
73238
73240
73240
73240
73241
73241
73242
73244
73244
73247
73252
73256
73258
73258
73259
73260
73260
73261
73262
73269
73269
73270
73272
73276
73280
73282
73282
73282
73284
73285
73292
73293
73293
73295
73296
73301
73303
73304
73305
73305
73305
73307
73309
73310
73311
73315
73315
73316
73316
73316
73317
73319
73321
73321
73322
73323
73324
73324
73326
73328
73330
73331
73331
73333
73334
73335
73335
73336
73337
73338
73339
73341
73344
73347
73347
73347
73348
73348
73349
73351
73352
73352
73352
73354
73355
73356
73358
73358
73362
73364
73365
73367
73367
73369
73370
73371
73372
73374
73375
73377
73377
73377
73379
73386
73387
73389
73389
73391
73391
73392
73395
73398
73401
73403
73404
73405
73405
73406
73409
73410
73410
73411
73414
73415
73417
73418
73419
73421
73421
73422
73424
73425
73431
73432
73436
73437
73437
73439
73439
73439
73442
73443
73443
73446
73446
73446
73448
73448
73449
73449
73451
73452
73456
73456
73457
73459
73459
73463
73466
73466
73467
73471
73472
73473
73473
73474
73475
73475
73477
73478
73478
73479
73481
73482
73483
73485
73485
73485
73487
73487
73487
73487
73488
73490
73491
73494
73495
73496
73496
73498
73500
73501
73505
73505
73505
73508
73509
73510
73512
73513
73517
73517
73518
73518
73519
73520
73520
73523
73523
73523
73524
73524
73527
73527
73528
73529
73530
73532
73535
73536
73537
73537
73538
73539
73541
73542
73542
73543
73545
73548
73550
73551
73552
73553
73554
73554
73554
73557
73558
73561
73561
73565
73566
73568
73573
73581
73583
73584
73584
73585
73586
73587
73587
73588
73588
73588
73588
73589
73589
73589
73590
73591
73593
73594
73594
73596
73599
73600
73600
73602
73602
73604
73605
73605
73606
73609
73610
73612
73612
73613
73613
73613
73614
73614
73614
73614
73615
73619
73620
73625
73626
73626
73627
73632
73634
73638
73638
73639
73640
73642
73643
73643
73643
73644
73645
73646
73654
73659
73662
73663
73663
73665
73669
73670
73671
73671
73673
73675
73675
73676
73676
73677
73679
73681
73682
73682
73683
73686
73686
73688
73688
73688
73689
73691
73695
73697
73698
73701
73702
73703
73703
73705
73707
73708
73710
73711
73711
73713
73716
73717
73718
73718
73723
73723
73724
73725
73727
73728
73728
73731
73732
73732
73733
73734
73734
73738
73741
73743
73743
73745
73745
73746
73747
73752
73755
73755
73759
73759
73762
73764
73767
73767
73769
73773
73774
73776
73777
73778
73778
73779
73779
73780
73780
73782
73783
73783
73785
73788
73789
73789
73791
73793
73796
73796
73797
73799
73799
73799
73800
73801
73802
73803
73806
73808
73808
73814
73814
73817
73818
73820
73824
73826
73826
73831
73832
73832
73832
73832
73836
73836
73840
73841
73842
73843
73846
73846
73849
73849
73850
73851
73853
73854
73854
73856
73857
73858
73858
73859
73863
73863
73864
73865
73867
73867
73869
73870
73870
73873
73874
73876
73876
73878
73880
73880
73881
73881
73882
73886
73888
73891
73892
73893
73893
73894
73896
73902
73904
73904
73905
73906
73906
73907
73909
73910
73910
73915
73916
73917
73918
73918
73920
73921
73921
73922
73924
73926
73930
73931
73931
73931
73931
73933
73933
73936
73936
73937
73937
73941
73941
73942
73944
73947
73948
73948
73953
73954
73955
73956
73956
73958
73961
73964
73965
73965
73967
73967
73970
73972
73974
73974
73976
73977
73977
73980
73981
73981
73983
73985
73987
73991
73991
73992
73993
73994
73995
73997
73998
74003
74006
74006
74007
74007
74007
74009
74010
74014
74015
74016
74016
74016
74017
74018
74019
74019
74020
74024
74027
74030
74033
74034
74037
74037
74037
74039
74040
74042
74045
74045
74046
74047
74048
74048
74048
74050
74050
74050
74051
74052
74053
74056
74057
74059
74059
74064
74069
74071
74073
74073
74074
74074
74075
74076
74076
74077
74077
74079
74083
74084
74084
74084
74085
74087
74089
74090
74090
74095
74096
74099
74100
74101
74102
74102
74102
74109
74111
74111
74112
74112
74115
74115
74116
74116
74120
74124
74126
74127
74128
74129
74130
74130
74131
74132
74132
74132
74135
74135
74136
74137
74141
74142
74144
74145
74147
74147
74149
74149
74151
74151
74152
74152
74153
74156
74156
74157
74157
74157
74158
74158
74159
74161
74162
74167
74168
74169
74169
74169
74171
74171
74172
74173
74173
74174
74174
74176
74176
74178
74180
74181
74186
74186
74186
74186
74187
74188
74188
74190
74191
74191
74192
74192
74193
74193
74194
74195
74196
74197
74197
74199
74199
74203
74203
74203
74204
74204
74205
74205
74207
74210
74212
74214
74216
74217
74219
74220
74221
74222
74223
74225
74227
74228
74230
74231
74234
74235
74236
74237
74238
74238
74239
74239
74240
74240
74243
74244
74245
74250
74251
74251
74251
74253
74255
74257
74257
74257
74259
74262
74263
74264
74265
74271
74272
74272
74274
74275
74275
74276
74282
74282
74283
74285
74285
74286
74289
74289
74290
74292
74293
74294
74295
74296
74297
74297
74297
74298
74299
74303
74304
74305
74306
74310
74311
74312
74315
74315
74316
74319
74323
74323
74324
74324
74325
74326
74326
74326
74328
74329
74332
74332
74334
74334
74335
74336
74336
74337
74338
74338
74339
74339
74342
74343
74343
74347
74349
74352
74353
74355
74356
74356
74357
74360
74361
74362
74363
74365
74370
74371
74372
74372
74372
74374
74374
74374
74375
74375
74377
74384
74385
74386
74387
74395
74395
74396
74396
74399
74400
74402
74404
74405
74407
74407
74409
74416
74417
74421
74422
74423
74423
74426
74429
74430
74431
74431
74432
74432
74434
74434
74435
74436
74436
74437
74437
74438
74438
74442
74443
74447
74448
74449
74450
74451
74451
74453
74453
74453
74454
74458
74458
74466
74468
74468
74469
74472
74474
74478
74478
74479
74481
74482
74484
74484
74485
74488
74488
74494
74495
74495
74495
74495
74497
74499
74499
74499
74503
74503
74504
74504
74505
74508
74509
74509
74509
74510
74512
74514
74516
74516
74518
74518
74518
74520
74521
74521
74523
74525
74528
74530
74532
74535
74536
74537
74540
74540
74544
74545
74548
74552
74552
74553
74554
74557
74557
74558
74559
74560
74562
74562
74562
74563
74563
74563
74564
74565
74566
74566
74568
74569
74571
74572
74573
74574
74575
74575
74576
74576
74577
74578
74578
74579
74580
74582
74583
74584
74584
74585
74588
74589
74591
74591
74593
74593
74594
74595
74595
74596
74596
74597
74599
74599
74600
74601
74602
74602
74603
74605
74606
74608
74611
74611
74611
74612
74614
74614
74614
74618
74623
74625
74625
74626
74627
74629
74630
74632
74633
74634
74634
74634
74639
74640
74640
74640
74641
74644
74647
74650
74651
74652
74653
74654
74655
74656
74656
74657
74658
74659
74661
74661
74662
74663
74663
74666
74667
74668
74668
74668
74669
74669
74670
74672
74672
74673
74676
74677
74681
74682
74684
74685
74686
74690
74691
74692
74694
74695
74695
74696
74698
74702
74704
74706
74707
74710
74710
74710
74712
74713
74714
74715
74716
74719
74721
74721
74722
74723
74723
74735
74738
74742
74742
74744
74744
74746
74746
74746
74747
74748
74749
74749
74750
74751
74751
74752
74753
74753
74753
74754
74754
74755
74756
74758
74759
74759
74759
74762
74764
74767
74772
74772
74772
74772
74772
74773
74775
74779
74780
74781
74782
74788
74789
74790
74790
74793
74794
74794
74794
74795
74796
74796
74799
74800
74800
74802
74804
74807
74807
74808
74811
74812
74812
74814
74817
74820
74822
74826
74826
74826
74827
74830
74831
74834
74836
74837
74838
74844
74845
74847
74849
74850
74850
74851
74851
74852
74856
74856
74857
74860
74861
74862
74867
74868
74868
74869
74869
74869
74871
74873
74875
74877
74880
74881
74883
74884
74885
74887
74887
74889
74890
74892
74892
74893
74894
74895
74896
74897
74898
74899
74899
74903
74904
74907
74910
74910
74910
74911
74912
74916
74918
74918
74921
74921
74922
74923
74925
74925
74927
74927
74930
74930
74934
74936
74937
74937
74943
74943
74944
74945
74946
74946
74947
74948
74949
74950
74950
74954
74957
74957
74958
74958
74962
74962
74963
74963
74963
74965
74966
74967
74968
74968
74970
74971
74971
74971
74973
74974
74976
74978
74978
74979
74979
74984
74986
74992
74993
74994
74995
74995
74995
74996
74997
74998
75000
75000
75001
75005
75005
75005
75006
75009
75009
75009
75010
75019
75020
75021
75021
75024
75026
75027
75027
75028
75029
75030
75032
75034
75034
75035
75035
75035
75035
75037
75038
75040
75040
75042
75042
75043
75044
75051
75052
75053
75054
75057
75058
75059
75061
75064
75066
75067
75068
75068
75071
75075
75076
75077
75080
75080
75083
75085
75087
75088
75090
75091
75091
75093
75093
75094
75095
75099
75099
75100
75100
75101
75101
75103
75104
75104
75104
75104
75105
75110
75110
75111
75113
75115
75115
75116
75118
75119
75119
75123
75126
75129
75130
75132
75134
75134
75137
75138
75139
75139
75140
75143
75143
75143
75144
75145
75145
75145
75145
75148
75149
75151
75151
75151
75152
75152
75153
75156
75157
75157
75158
75158
75160
75165
75168
75169
75174
75175
75178
75181
75182
75187
75188
75189
75189
75194
75195
75197
75199
75199
75199
75200
75204
75204
75204
75207
75210
75211
75213
75214
75215
75215
75216
75216
75217
75218
75218
75222
75223
75230
75231
75234
75234
75234
75235
75236
75237
75238
75240
75242
75242
75245
75247
75249
75252
75253
75254
75255
75256
75258
75259
75265
75267
75268
75270
75271
75272
75272
75272
75273
75275
75275
75278
75279
75280
75283
75283
75293
75296
75297
75298
75301
75301
75303
75303
75304
75304
75310
75316
75318
75318
75319
75321
75327
75328
75332
75332
75335
75337
75337
75337
75338
75339
75339
75343
75343
75343
75344
75346
75349
75351
75354
75355
75355
75356
75356
75357
75358
75359
75359
75360
75360
75363
75365
75366
75373
75374
75376
75378
75380
75381
75382
75382
75383
75387
75390
75392
75393
75394
75395
75397
75397
75397
75399
75399
75401
75407
75410
75411
75415
75415
75416
75417
75418
75419
75420
75421
75421
75424
75425
75427
75431
75431
75433
75433
75435
75435
75437
75438
75439
75440
75440
75441
75442
75442
75444
75444
75447
75447
75449
75451
75453
75453
75454
75454
75456
75457
75459
75459
75460
75461
75461
75462
75464
75465
75465
75466
75469
75470
75472
75473
75473
75477
75478
75479
75482
75483
75484
75486
75487
75488
75488
75490
75490
75493
75494
75495
75495
75498
75501
75501
75501
75502
75505
75505
75505
75505
75505
75505
75507
75508
75513
75514
75514
75514
75514
75517
75518
75519
75521
75523
75523
75524
75524
75527
75527
75527
75530
75530
75531
75531
75532
75533
75536
75539
75539
75540
75542
75542
75542
75542
75544
75546
75547
75548
75551
75552
75553
75554
75555
75555
75557
75559
75561
75563
75564
75565
75565
75567
75567
75567
75567
75568
75571
75572
75572
75575
75575
75576
75577
75577
75577
75577
75578
75580
75582
75582
75587
75593
75593
75593
75594
75597
75599
75601
75604
75606
75606
75607
75611
75613
75613
75615
75615
75616
75616
75618
75618
75618
75620
75622
75622
75622
75624
75627
75630
75633
75636
75637
75639
75640
75641
75641
75647
75647
75647
75647
75648
75648
75649
75650
75653
75653
75659
75660
75663
75663
75666
75667
75669
75677
75678
75679
75682
75682
75683
75683
75684
75684
75685
75689
75689
75690
75690
75692
75694
75694
75696
75697
75697
75699
75699
75700
75702
75702
75705
75705
75705
75706
75708
75709
75712
75712
75713
75716
75718
75719
75719
75722
75725
75727
75730
75730
75730
75731
75732
75735
75735
75736
75737
75738
75740
75741
75742
75742
75743
75743
75745
75746
75746
75748
75749
75750
75751
75751
75752
75753
75753
75753
75757
75758
75761
75762
75763
75764
75768
75769
75770
75771
75771
75772
75773
75774
75779
75780
75781
75782
75783
75783
75784
75785
75786
75794
75795
75796
75800
75802
75803
75804
75805
75805
75805
75807
75807
75808
75813
75816
75816
75816
75816
75817
75818
75818
75819
75821
75821
75822
75824
75825
75828
75829
75829
75829
75830
75830
75835
75837
75837
75837
75838
75838
75840
75841
75847
75849
75851
75851
75852
75853
75853
75855
75855
75855
75857
75859
75859
75861
75865
75867
75869
75870
75870
75871
75871
75872
75875
75875
75877
75878
75881
75884
75885
75885
75885
75885
75887
75890
75893
75894
75897
75897
75900
75900
75901
75902
75902
75903
75903
75903
75906
75908
75911
75914
75914
75914
75915
75917
75917
75918
75919
75919
75920
75920
75921
75921
75921
75922
75924
75924
75925
75925
75926
75928
75930
75931
75933
75933
75936
75937
75944
75948
75949
75950
75953
75953
75953
75954
75955
75955
75955
75957
75957
75959
75960
75960
75962
75962
75962
75963
75964
75964
75967
75969
75971
75972
75974
75974
75974
75977
75980
75981
75982
75983
75985
75987
75989
75991
75992
75992
75993
75993
75994
75995
75995
75996
75997
75998
75998
75999
75999
76000
76000
76000
76005
76008
76008
76011
76011
76011
76012
76014
76016
76016
76017
76018
76019
76020
76023
76025
76027
76027
76028
76028
76030
76032
76034
76034
76035
76036
76036
76038
76041
76041
76043
76048
76049
76050
76050
76051
76052
76053
76054
76054
76056
76057
76057
76058
76059
76060
76062
76063
76064
76069
76070
76070
76070
76072
76073
76076
76076
76078
76081
76082
76083
76083
76084
76084
76085
76086
76087
76087
76087
76087
76091
76092
76092
76094
76096
76096
76098
76101
76102
76102
76103
76106
76106
76110
76112
76113
76115
76116
76116
76117
76118
76118
76119
76120
76122
76123
76124
76124
76125
76127
76130
76130
76131
76131
76132
76132
76133
76133
76136
76137
76138
76141
76141
76143
76143
76143
76144
76145
76154
76155
76157
76159
76161
76172
76172
76172
76175
76176
76176
76177
76177
76178
76181
76181
76184
76186
76186
76187
76187
76187
76187
76187
76188
76190
76192
76194
76196
76196
76197
76198
76199
76199
76199
76200
76201
76201
76204
76204
76205
76209
76209
76209
76211
76219
76219
76220
76221
76224
76224
76227
76228
76228
76228
76228
76228
76231
76231
76231
76232
76233
76234
76235
76236
76236
76236
76237
76239
76240
76241
76241
76243
76244
76245
76247
76248
76248
76248
76253
76255
76256
76256
76259
76259
76260
76261
76262
76262
76263
76264
76267
76268
76270
76271
76271
76272
76275
76275
76275
76277
76279
76280
76281
76285
76285
76285
76286
76289
76290
76292
76292
76294
76297
76298
76299
76300
76304
76305
76306
76308
76309
76311
76313
76314
76315
76318
76319
76320
76321
76322
76322
76326
76327
76328
76328
76328
76330
76331
76331
76332
76332
76334
76337
76337
76339
76342
76342
76344
76345
76345
76345
76345
76346
76347
76349
76349
76349
76352
76352
76352
76356
76356
76356
76357
76358
76360
76364
76365
76366
76366
76366
76366
76367
76369
76372
76373
76374
76375
76378
76381
76381
76382
76383
76383
76384
76387
76388
76391
76392
76392
76392
76395
76400
76401
76401
76403
76405
76406
76409
76410
76413
76417
76417
76418
76420
76420
76421
76423
76425
76426
76426
76427
76427
76427
76428
76428
76428
76429
76430
76431
76431
76432
76433
76434
76434
76437
76438
76439
76440
76445
76445
76447
76450
76451
76451
76452
76454
76457
76457
76459
76459
76462
76462
76465
76466
76466
76467
76471
76473
76473
76475
76475
76477
76477
76479
76481
76484
76485
76486
76488
76488
76488
76490
76492
76492
76493
76494
76494
76494
76494
76495
76495
76495
76496
76497
76498
76502
76502
76503
76506
76509
76509
76510
76511
76520
76523
76524
76524
76525
76526
76529
76530
76531
76532
76534
76535
76536
76537
76539
76539
76542
76542
76545
76546
76550
76551
76552
76552
76552
76554
76555
76558
76559
76561
76562
76562
76563
76564
76565
76567
76570
76573
76573
76573
76574
76574
76575
76576
76576
76576
76577
76577
76578
76582
76589
76589
76589
76590
76593
76595
76595
76596
76596
76597
76599
76600
76601
76601
76601
76605
76606
76609
76612
76613
76615
76615
76616
76617
76617
76619
76619
76620
76621
76622
76624
76624
76626
76632
76633
76638
76639
76640
76641
76641
76644
76645
76645
76646
76646
76647
76648
76652
76652
76653
76655
76655
76657
76657
76659
76659
76660
76663
76665
76666
76667
76671
76673
76674
76674
76678
76678
76678
76681
76683
76685
76685
76686
76686
76687
76687
76688
76690
76692
76695
76696
76697
76700
76701
76701
76703
76703
76703
76703
76703
76709
76712
76713
76714
76715
76715
76721
76723
76723
76723
76723
76724
76724
76726
76728
76732
76733
76733
76734
76735
76736
76736
76738
76742
76743
76744
76746
76749
76750
76752
76753
76754
76755
76756
76757
76761
76764
76765
76767
76768
76771
76772
76772
76773
76773
76773
76775
76775
76776
76777
76779
76782
76782
76783
76784
76785
76790
76791
76791
76792
76793
76794
76795
76796
76796
76797
76798
76798
76800
76800
76802
76804
76805
76805
76806
76806
76806
76807
76808
76810
76811
76812
76813
76814
76814
76815
76816
76817
76825
76827
76829
76829
76830
76830
76830
76831
76832
76834
76834
76835
76836
76837
76839
76840
76840
76841
76841
76842
76842
76842
76845
76845
76846
76846
76847
76850
76854
76855
76855
76856
76857
76859
76860
76863
76863
76864
76864
76866
76869
76871
76871
76871
76874
76877
76878
76878
76880
76883
76884
76884
76885
76887
76887
76889
76889
76891
76893
76895
76896
76896
76896
76897
76898
76900
76901
76902
76903
76904
76904
76905
76906
76907
76911
76913
76914
76914
76915
76917
76918
76923
76923
76924
76926
76927
76928
76928
76929
76930
76933
76934
76937
76938
76940
76941
76941
76942
76943
76947
76949
76951
76951
76955
76955
76957
76960
76961
76963
76963
76963
76965
76969
76970
76971
76971
76972
76972
76974
76975
76977
76977
76977
76977
76978
76980
76980
76984
76984
76985
76989
76989
76989
76990
76991
76991
76992
76992
76993
76995
76996
76996
76997
76999
76999
76999
77002
77003
77004
77005
77009
77010
77010
77012
77013
77016
77018
77018
77019
77019
77019
77020
77020
77022
77025
77025
77027
77031
77032
77032
77033
77033
77034
77036
77037
77037
77037
77039
77039
77041
77043
77045
77046
77047
77049
77052
77057
77060
77061
77063
77064
77067
77068
77070
77070
77072
77073
77073
77073
77074
77079
77081
77082
77082
77084
77085
77088
77090
77090
77091
77092
77095
77096
77096
77096
77096
77099
77100
77100
77101
77103
77104
77106
77106
77107
77108
77108
77108
77109
77110
77111
77112
77114
77114
77117
77122
77122
77123
77124
77127
77128
77129
77130
77132
77133
77134
77134
77135
77136
77136
77136
77138
77139
77140
77140
77141
77144
77146
77146
77149
77150
77153
77154
77154
77160
77160
77161
77163
77163
77163
77163
77165
77170
77172
77173
77176
77177
77178
77181
77181
77182
77184
77188
77188
77188
77188
77189
77193
77193
77194
77194
77200
77200
77200
77201
77201
77208
77212
77212
77216
77217
77217
77218
77220
77224
77225
77227
77228
77230
77231
77231
77231
77232
77235
77236
77237
77237
77238
77238
77239
77239
77242
77242
77242
77243
77244
77245
77247
77250
77252
77254
77255
77256
77258
77259
77259
77261
77262
77262
77263
77265
77268
77269
77269
77274
77275
77276
77278
77279
77281
77282
77286
77287
77287
77291
77292
77294
77296
77298
77299
77301
77301
77305
77305
77307
77312
77315
77315
77316
77317
77318
77320
77321
77321
77321
77322
77324
77326
77328
77329
77330
77331
77332
77335
77335
77337
77338
77339
77339
77340
77341
77343
77346
77349
77350
77351
77352
77353
77356
77356
77360
77360
77361
77362
77363
77363
77363
77364
77365
77367
77367
77370
77371
77372
77374
77375
77376
77380
77380
77381
77385
77386
77386
77386
77387
77390
77393
77393
77395
77396
77397
77399
77400
77403
77404
77405
77406
77409
77410
77410
77412
77415
77418
77418
77418
77421
77422
77423
77423
77423
77424
77425
77428
77428
77429
77429
77430
77432
77432
77434
77436
77438
77438
77439
77443
77445
77446
77447
77451
77451
77452
77452
77454
77454
77456
77462
77463
77464
77464
77464
77464
77465
77465
77466
77468
77468
77469
77469
77469
77470
77471
77471
77472
77472
77472
77475
77475
77479
77481
77482
77482
77482
77482
77484
77486
77488
77488
77489
77493
77494
77496
77497
77503
77503
77504
77504
77506
77510
77510
77512
77512
77513
77513
77515
77515
77521
77524
77525
77525
77525
77526
77526
77527
77527
77527
77530
77532
77534
77541
77546
77546
77546
77547
77550
77550
77553
77554
77554
77555
77555
77556
77558
77559
77561
77563
77564
77568
77569
77572
77575
77575
77575
77575
77577
77578
77583
77583
77584
77585
77588
77588
77590
77590
77591
77592
77593
77594
77595
77596
77598
77598
77601
77601
77602
77602
77602
77603
77606
77609
77610
77610
77610
77611
77612
77614
77615
77615
77617
77617
77618
77619
77619
77621
77621
77622
77632
77632
77635
77637
77638
77640
77642
77643
77643
77644
77644
77644
77644
77646
77646
77650
77650
77650
77651
77651
77652
77653
77657
77657
77658
77660
77660
77660
77661
77662
77663
77663
77663
77666
77667
77669
77670
77676
77680
77681
77681
77681
77683
77683
77686
77687
77688
77688
77689
77689
77690
77691
77692
77693
77694
77694
77697
77697
77697
77698
77699
77699
77705
77706
77707
77711
77711
77714
77715
77715
77718
77720
77723
77725
77726
77727
77727
77727
77729
77730
77732
77732
77735
77738
77740
77741
77741
77742
77743
77743
77745
77745
77746
77747
77748
77751
77752
77753
77754
77755
77756
77756
77760
77762
77762
77764
77765
77767
77767
77767
77769
77771
77771
77773
77774
77774
77776
77776
77777
77777
77778
77778
77778
77778
77778
77780
77787
77790
77791
77791
77792
77795
77795
77795
77798
77798
77801
77801
77804
77805
77808
77808
77809
77810
77810
77810
77811
77812
77812
77813
77815
77817
77819
77819
77821
77821
77823
77823
77825
77825
77826
77829
77830
77831
77832
77834
77835
77836
77839
77840
77841
77842
77843
77844
77845
77845
77846
77847
77848
77849
77850
77851
77851
77852
77852
77853
77854
77856
77856
77859
77860
77860
77861
77862
77863
77865
77871
77873
77873
77875
77877
77878
77878
77878
77878
77882
77883
77885
77886
77889
77889
77892
77894
77895
77897
77898
77898
77901
77901
77904
77904
77904
77904
77904
77906
77909
77910
77914
77914
77914
77915
77916
77918
77918
77919
77919
77920
77920
77920
77922
77922
77924
77924
77925
77926
77934
77935
77935
77937
77938
77939
77941
77942
77943
77945
77945
77948
77950
77950
77953
77954
77954
77955
77955
77957
77957
77958
77960
77962
77963
77963
77963
77964
77965
77966
77970
77970
77972
77972
77973
77973
77973
77973
77974
77974
77974
77975
77978
77979
77980
77981
77983
77984
77985
77986
77987
77987
77988
77991
77994
77996
77998
78000
78000
78001
78001
78002
78003
78009
78010
78012
78014
78015
78016
78018
78020
78020
78022
78024
78024
78025
78025
78026
78026
78030
78030
78031
78032
78032
78035
78041
78042
78043
78044
78044
78048
78049
78049
78049
78050
78051
78052
78055
78056
78056
78056
78056
78057
78057
78057
78057
78061
78062
78062
78063
78063
78064
78064
78065
78065
78066
78067
78070
78070
78075
78075
78077
78080
78082
78085
78086
78086
78091
78091
78093
78094
78095
78097
78097
78098
78099
78103
78105
78107
78107
78109
78109
78110
78111
78113
78114
78119
78120
78120
78122
78122
78123
78123
78123
78124
78124
78125
78126
78127
78128
78129
78130
78136
78140
78141
78143
78146
78150
78150
78151
78154
78162
78163
78163
78166
78167
78169
78169
78170
78171
78171
78171
78171
78172
78173
78176
78176
78181
78181
78183
78185
78185
78186
78186
78189
78195
78196
78197
78198
78199
78199
78200
78201
78203
78203
78204
78209
78211
78213
78214
78214
78215
78215
78220
78221
78221
78222
78223
78223
78224
78226
78227
78228
78230
78230
78230
78231
78234
78234
78235
78236
78237
78242
78248
78249
78250
78250
78250
78251
78252
78253
78254
78254
78258
78261
78262
78264
78266
78269
78270
78270
78271
78272
78272
78276
78278
78279
78285
78285
78286
78287
78288
78292
78292
78293
78295
78295
78295
78295
78296
78297
78297
78301
78302
78307
78308
78311
78311
78311
78312
78312
78315
78317
78317
78319
78320
78321
78322
78324
78326
78326
78328
78329
78330
78338
78339
78340
78342
78343
78348
78349
78349
78350
78351
78352
78352
78353
78353
78355
78355
78356
78357
78357
78358
78358
78358
78360
78361
78361
78363
78363
78364
78369
78370
78372
78375
78377
78377
78378
78379
78380
78380
78381
78381
78382
78385
78386
78387
78389
78389
78391
78392
78392
78393
78394
78395
78397
78400
78402
78402
78404
78404
78405
78406
78413
78413
78413
78414
78414
78415
78416
78416
78419
78422
78423
78424
78425
78427
78428
78430
78431
78431
78432
78434
78436
78436
78440
78441
78441
78443
78443
78445
78446
78448
78448
78449
78450
78452
78453
78462
78466
78466
78471
78474
78474
78474
78475
78476
78477
78477
78478
78481
78483
78484
78485
78485
78486
78487
78487
78490
78491
78491
78493
78497
78497
78498
78498
78499
78501
78501
78502
78503
78503
78504
78505
78506
78508
78510
78510
78510
78511
78516
78517
78521
78522
78523
78523
78525
78528
78528
78530
78530
78531
78532
78533
78533
78535
78537
78538
78539
78539
78541
78542
78543
78546
78547
78548
78549
78551
78554
78554
78554
78556
78557
78558
78559
78559
78559
78560
78561
78561
78561
78562
78563
78564
78564
78565
78567
78568
78570
78572
78573
78575
78576
78578
78578
78579
78583
78583
78586
78587
78589
78589
78590
78590
78590
78593
78594
78595
78596
78596
78597
78597
78598
78600
78601
78606
78609
78611
78611
78611
78611
78611
78612
78613
78614
78614
78615
78615
78615
78617
78618
78620
78623
78625
78626
78631
78633
78636
78638
78638
78638
78640
78641
78642
78642
78642
78644
78645
78645
78648
78649
78649
78650
78651
78654
78655
78655
78658
78660
78663
78664
78664
78664
78664
78666
78667
78668
78669
78669
78673
78674
78674
78674
78676
78678
78679
78680
78683
78685
78686
78686
78687
78687
78688
78694
78695
78701
78701
78702
78703
78705
78705
78706
78707
78707
78708
78709
78709
78711
78711
78714
78715
78717
78718
78719
78720
78723
78724
78727
78728
78728
78728
78730
78735
78738
78742
78746
78746
78748
78749
78750
78751
78751
78753
78755
78757
78759
78759
78759
78762
78765
78768
78771
78771
78772
78774
78775
78776
78778
78779
78779
78779
78781
78781
78782
78782
78783
78784
78789
78789
78793
78794
78794
78795
78797
78800
78802
78802
78804
78804
78805
78806
78808
78808
78809
78809
78809
78809
78811
78811
78811
78813
78813
78813
78816
78817
78820
78821
78822
78823
78824
78824
78825
78826
78826
78828
78830
78831
78833
78833
78833
78834
78835
78836
78838
78838
78838
78840
78841
78841
78841
78844
78845
78846
78847
78847
78850
78851
78852
78854
78855
78855
78859
78859
78861
78861
78862
78862
78862
78863
78864
78864
78868
78869
78870
78871
78871
78873
78874
78878
78881
78882
78882
78887
78887
78890
78890
78891
78892
78894
78894
78895
78896
78896
78898
78900
78900
78900
78901
78901
78903
78905
78905
78906
78906
78906
78906
78907
78907
78910
78910
78911
78912
78913
78916
78917
78917
78918
78919
78920
78923
78923
78924
78927
78930
78930
78935
78936
78936
78937
78939
78944
78944
78945
78945
78949
78949
78951
78952
78952
78953
78953
78954
78954
78955
78961
78963
78963
78965
78967
78970
78971
78972
78975
78976
78976
78982
78982
78984
78985
78986
78989
78990
78991
78994
78996
78999
78999
79000
79001
79004
79005
79008
79008
79009
79009
79010
79010
79013
79014
79015
79016
79017
79017
79023
79026
79027
79028
79029
79029
79030
79031
79032
79034
79035
79036
79039
79040
79041
79041
79044
79046
79047
79047
79048
79050
79052
79053
79056
79056
79056
79057
79058
79059
79059
79061
79067
79068
79069
79070
79070
79071
79071
79072
79076
79080
79082
79082
79083
79083
79086
79087
79090
79092
79094
79096
79097
79098
79100
79103
79103
79110
79111
79112
79112
79113
79115
79116
79117
79119
79119
79120
79120
79121
79122
79124
79125
79128
79130
79131
79131
79133
79133
79134
79137
79137
79137
79139
79139
79140
79141
79143
79146
79146
79148
79148
79149
79150
79151
79152
79152
79155
79156
79157
79158
79159
79159
79160
79161
79161
79163
79164
79171
79173
79173
79174
79175
79176
79177
79179
79179
79181
79183
79183
79185
79187
79189
79189
79192
79192
79194
79196
79196
79196
79198
79203
79205
79205
79205
79206
79207
79210
79210
79212
79214
79214
79217
79218
79218
79219
79220
79222
79223
79226
79227
79229
79229
79231
79233
79234
79234
79236
79238
79240
79241
79243
79243
79243
79248
79250
79255
79257
79257
79257
79259
79260
79262
79263
79270
79270
79270
79272
79273
79275
79277
79278
79278
79279
79281
79284
79287
79287
79289
79289
79290
79294
79297
79299
79300
79303
79304
79306
79308
79308
79309
79311
79312
79312
79312
79315
79316
79319
79321
79322
79322
79323
79323
79323
79323
79324
79325
79326
79327
79328
79328
79329
79330
79330
79330
79332
79334
79335
79337
79338
79341
79341
79342
79342
79343
79343
79344
79345
79346
79346
79348
79351
79351
79352
79353
79353
79354
79354
79356
79357
79357
79358
79359
79360
79362
79363
79364
79364
79366
79368
79369
79369
79370
79370
79371
79372
79373
79376
79377
79377
79378
79380
79385
79386
79388
79389
79392
79395
79396
79400
79406
79407
79408
79411
79411
79414
79414
79415
79416
79417
79417
79417
79419
79420
79421
79421
79422
79422
79426
79426
79427
79427
79429
79430
79430
79432
79434
79435
79437
79439
79442
79444
79444
79445
79445
79446
79447
79448
79448
79449
79452
79455
79456
79457
79463
79467
79468
79470
79471
79473
79474
79475
79476
79476
79477
79477
79477
79477
79478
79478
79478
79479
79480
79480
79481
79482
79483
79484
79484
79485
79486
79486
79488
79490
79490
79491
79492
79493
79494
79494
79497
79498
79500
79500
79500
79502
79502
79503
79504
79507
79507
79507
79512
79512
79513
79513
79522
79526
79534
79535
79535
79540
79542
79542
79542
79542
79542
79544
79549
79549
79554
79556
79557
79559
79559
79564
79564
79566
79566
79567
79567
79568
79568
79569
79569
79570
79570
79571
79571
79571
79571
79572
79572
79577
79577
79578
79579
79580
79581
79581
79582
79582
79583
79585
79589
79590
79593
79599
79600
79601
79601
79603
79606
79611
79613
79613
79613
79614
79614
79615
79616
79618
79618
79621
79622
79624
79626
79626
79627
79631
79632
79633
79634
79636
79636
79637
79640
79643
79644
79644
79644
79645
79648
79648
79649
79649
79649
79650
79650
79651
79652
79652
79657
79659
79659
79663
79663
79664
79664
79667
79669
79670
79671
79672
79673
79673
79675
79675
79676
79677
79678
79678
79679
79679
79684
79685
79687
79687
79688
79690
79691
79692
79694
79695
79696
79697
79699
79699
79700
79701
79701
79702
79702
79703
79703
79704
79708
79709
79710
79711
79712
79712
79712
79712
79715
79719
79720
79721
79721
79722
79722
79724
79725
79725
79728
79730
79732
79732
79735
79735
79736
79739
79741
79742
79745
79746
79747
79748
79748
79750
79751
79751
79752
79753
79753
79753
79754
79755
79755
79756
79756
79756
79757
79758
79761
79761
79765
79766
79767
79767
79767
79770
79770
79771
79773
79773
79774
79774
79774
79776
79776
79776
79777
79779
79780
79781
79789
79791
79792
79794
79795
79798
79799
79799
79800
79800
79803
79804
79805
79806
79806
79810
79811
79812
79812
79814
79815
79816
79816
79817
79822
79823
79824
79824
79826
79827
79827
79829
79831
79831
79831
79834
79835
79838
79839
79839
79842
79843
79845
79848
79848
79849
79851
79852
79852
79854
79856
79858
79858
79859
79859
79859
79860
79860
79862
79862
79863
79863
79863
79865
79869
79873
79874
79875
79877
79878
79880
79880
79881
79885
79885
79887
79887
79888
79889
79891
79892
79896
79897
79898
79900
79902
79904
79904
79907
79908
79913
79915
79917
79917
79917
79918
79919
79921
79922
79923
79924
79925
79926
79927
79928
79928
79931
79934
79936
79938
79940
79941
79942
79942
79943
79943
79944
79945
79945
79946
79947
79948
79950
79952
79953
79953
79953
79955
79957
79957
79960
79962
79962
79963
79964
79965
79966
79966
79966
79973
79973
79976
79976
79978
79978
79980
79986
79987
79988
79991
79992
79992
79992
79994
79995
79996
79996
79998
79998
79998
79999
79999
80000
80002
80003
80005
80005
80006
80006
80006
80007
80008
80010
80011
80011
80012
80013
80014
80015
80015
80016
80016
80017
80018
80019
80020
80025
80026
80026
80026
80027
80029
80031
80032
80032
80032
80035
80037
80038
80039
80048
80048
80048
80048
80049
80049
80050
80052
80058
80059
80060
80063
80064
80064
80066
80067
80067
80070
80072
80072
80072
80073
80074
80079
80080
80080
80081
80081
80081
80083
80086
80087
80087
80087
80088
80088
80088
80089
80089
80090
80094
80095
80096
80096
80097
80098
80099
80101
80102
80103
80103
80103
80105
80105
80106
80108
80109
80109
80109
80111
80111
80114
80117
80119
80119
80120
80120
80123
80124
80124
80128
80129
80129
80129
80131
80132
80135
80136
80136
80138
80139
80141
80142
80142
80143
80144
80145
80146
80146
80148
80149
80150
80150
80152
80153
80154
80155
80155
80156
80158
80158
80158
80159
80160
80161
80162
80162
80163
80164
80165
80165
80167
80167
80170
80173
80174
80175
80176
80180
80180
80182
80183
80185
80186
80186
80189
80190
80192
80194
80195
80196
80198
80198
80198
80200
80206
80209
80214
80215
80216
80217
80217
80218
80218
80227
80228
80229
80229
80230
80233
80233
80234
80235
80237
80238
80239
80241
80241
80247
80247
80250
80250
80251
80252
80257
80258
80258
80262
80266
80266
80269
80270
80270
80271
80271
80274
80274
80275
80276
80277
80279
80282
80283
80284
80284
80285
80285
80286
80288
80290
80290
80291
80291
80292
80293
80294
80294
80295
80296
80296
80297
80297
80297
80300
80302
80302
80303
80306
80307
80308
80310
80314
80314
80315
80315
80315
80317
80319
80322
80323
80324
80328
80329
80329
80330
80331
80331
80332
80334
80335
80335
80336
80337
80340
80340
80340
80342
80344
80344
80345
80346
80346
80349
80351
80352
80353
80353
80354
80355
80358
80360
80361
80364
80364
80366
80367
80371
80375
80376
80376
80380
80382
80382
80383
80383
80383
80384
80385
80385
80385
80385
80385
80387
80390
80391
80392
80393
80393
80395
80397
80401
80403
80404
80404
80410
80412
80413
80414
80416
80417
80421
80421
80428
80428
80429
80430
80432
80435
80437
80437
80437
80438
80438
80441
80441
80441
80443
80443
80446
80446
80448
80448
80449
80450
80450
80452
80453
80453
80454
80455
80456
80457
80459
80460
80462
80464
80465
80465
80466
80467
80467
80469
80469
80472
80472
80477
80478
80478
80479
80479
80480
80482
80483
80484
80485
80487
80488
80490
80491
80492
80494
80495
80495
80496
80497
80497
80502
80506
80507
80510
80510
80512
80513
80515
80516
80516
80517
80519
80521
80521
80523
80523
80525
80528
80531
80532
80534
80535
80535
80536
80537
80537
80540
80542
80542
80543
80543
80545
80546
80547
80547
80547
80548
80550
80552
80552
80553
80554
80554
80555
80557
80557
80559
80560
80562
80563
80564
80566
80566
80568
80570
80571
80571
80572
80572
80573
80574
80575
80577
80579
80580
80581
80582
80584
80586
80587
80588
80588
80588
80590
80592
80593
80593
80593
80594
80594
80598
80598
80600
80601
80602
80602
80605
80605
80606
80608
80609
80612
80612
80614
80618
80621
80621
80623
80625
80626
80627
80629
80630
80631
80633
80638
80639
80640
80641
80641
80643
80644
80645
80646
80649
80650
80653
80654
80658
80658
80660
80660
80661
80662
80664
80664
80666
80672
80672
80673
80676
80677
80677
80685
80685
80686
80689
80690
80690
80691
80692
80694
80694
80695
80699
80699
80700
80701
80701
80702
80703
80704
80704
80705
80706
80706
80706
80707
80707
80709
80709
80710
80710
80712
80713
80715
80716
80717
80718
80718
80718
80722
80724
80728
80729
80730
80730
80731
80732
80732
80732
80732
80733
80733
80735
80736
80739
80739
80743
80744
80744
80745
80748
80749
80749
80751
80753
80753
80754
80754
80755
80756
80757
80758
80759
80761
80762
80762
80763
80763
80764
80768
80768
80771
80773
80774
80774
80774
80777
80779
80780
80782
80784
80785
80785
80786
80790
80791
80792
80793
80793
80796
80797
80800
80801
80802
80804
80804
80804
80810
80811
80814
80816
80817
80822
80822
80824
80824
80825
80829
80830
80832
80834
80838
80838
80839
80841
80842
80842
80844
80845
80845
80846
80846
80846
80847
80847
80847
80848
80849
80852
80854
80856
80858
80858
80858
80859
80860
80860
80860
80861
80861
80862
80862
80863
80864
80864
80867
80867
80868
80868
80870
80873
80877
80881
80883
80884
80885
80886
80887
80887
80888
80888
80890
80895
80897
80897
80900
80901
80901
80902
80908
80910
80911
80913
80915
80917
80921
80921
80923
80924
80925
80926
80926
80928
80928
80929
80931
80933
80933
80938
80939
80940
80941
80943
80943
80944
80945
80946
80947
80949
80950
80950
80951
80952
80952
80957
80958
80959
80961
80964
80964
80965
80966
80966
80969
80973
80977
80980
80980
80981
80982
80983
80985
80985
80985
80989
80989
80993
80993
80994
80994
80995
80995
80997
80998
81000
81000
81001
81005
81008
81010
81010
81011
81012
81013
81013
81013
81014
81017
81017
81017
81019
81021
81021
81024
81029
81030
81031
81033
81033
81036
81038
81041
81043
81044
81044
81046
81047
81050
81052
81052
81053
81059
81061
81062
81062
81063
81064
81065
81066
81068
81071
81072
81073
81077
81078
81079
81080
81080
81081
81083
81083
81083
81085
81085
81087
81088
81090
81091
81092
81093
81094
81097
81099
81099
81099
81100
81100
81101
81103
81103
81104
81105
81105
81106
81107
81107
81108
81112
81112
81113
81114
81116
81117
81118
81119
81121
81121
81122
81123
81123
81124
81126
81127
81127
81128
81131
81132
81132
81134
81134
81135
81135
81139
81139
81143
81143
81147
81148
81149
81150
81154
81158
81160
81163
81165
81166
81166
81169
81173
81174
81174
81176
81177
81180
81180
81181
81183
81184
81184
81188
81188
81190
81193
81194
81199
81202
81203
81203
81204
81208
81212
81213
81213
81213
81215
81215
81216
81217
81217
81217
81220
81225
81226
81227
81227
81229
81230
81232
81232
81232
81234
81236
81237
81237
81240
81242
81242
81246
81248
81249
81250
81252
81253
81253
81254
81254
81255
81257
81259
81260
81260
81261
81264
81266
81266
81268
81269
81270
81272
81274
81275
81276
81277
81278
81279
81280
81289
81289
81289
81291
81293
81296
81297
81299
81300
81300
81300
81302
81304
81305
81305
81307
81307
81308
81308
81309
81314
81322
81322
81323
81325
81326
81327
81328
81328
81328
81330
81330
81334
81336
81336
81340
81340
81341
81343
81343
81343
81345
81345
81345
81345
81346
81352
81353
81354
81354
81355
81357
81358
81358
81359
81361
81362
81365
81369
81369
81369
81370
81371
81372
81379
81381
81381
81384
81385
81386
81386
81386
81388
81389
81391
81391
81392
81393
81394
81394
81395
81396
81399
81401
81405
81405
81408
81408
81409
81409
81413
81417
81418
81420
81421
81424
81428
81429
81429
81431
81431
81437
81437
81438
81439
81440
81440
81442
81444
81444
81445
81450
81450
81450
81451
81454
81455
81457
81460
81462
81463
81466
81467
81470
81471
81472
81472
81475
81476
81480
81482
81483
81483
81484
81484
81485
81485
81485
81486
81487
81488
81489
81489
81495
81495
81495
81497
81497
81498
81501
81502
81502
81502
81502
81503
81504
81506
81508
81509
81509
81509
81511
81512
81513
81517
81518
81519
81522
81523
81526
81528
81530
81530
81533
81534
81536
81539
81540
81540
81541
81543
81544
81544
81546
81547
81548
81550
81551
81551
81554
81555
81556
81560
81563
81563
81564
81565
81565
81566
81567
81567
81569
81569
81571
81571
81572
81573
81574
81576
81576
81577
81578
81580
81581
81581
81581
81582
81583
81585
81585
81586
81587
81587
81589
81589
81594
81595
81598
81600
81604
81605
81606
81609
81611
81613
81616
81616
81617
81618
81619
81620
81621
81623
81623
81624
81627
81628
81629
81629
81629
81630
81632
81632
81633
81636
81637
81637
81638
81639
81639
81639
81639
81640
81640
81642
81642
81644
81645
81645
81645
81648
81653
81654
81654
81657
81657
81659
81660
81661
81664
81667
81668
81670
81674
81675
81676
81676
81676
81676
81678
81678
81679
81679
81680
81680
81681
81681
81681
81682
81685
81688
81688
81688
81689
81691
81692
81692
81692
81694
81699
81710
81711
81712
81712
81713
81714
81716
81719
81721
81721
81722
81722
81725
81726
81728
81728
81730
81731
81731
81732
81734
81735
81736
81736
81737
81739
81739
81742
81743
81743
81746
81747
81747
81750
81751
81752
81753
81754
81754
81756
81764
81764
81765
81767
81769
81770
81771
81771
81772
81772
81775
81777
81777
81783
81784
81784
81789
81792
81793
81793
81793
81796
81797
81798
81798
81799
81800
81803
81804
81804
81806
81807
81808
81810
81811
81814
81814
81814
81816
81816
81817
81821
81823
81825
81825
81826
81829
81830
81830
81832
81835
81835
81837
81837
81838
81838
81840
81841
81845
81846
81846
81847
81848
81851
81851
81852
81856
81857
81858
81858
81861
81862
81864
81866
81867
81867
81868
81869
81870
81870
81871
81871
81875
81876
81878
81878
81882
81883
81884
81888
81889
81890
81890
81892
81894
81897
81898
81898
81898
81900
81900
81901
81904
81909
81914
81916
81918
81923
81923
81928
81930
81931
81931
81932
81935
81937
81938
81938
81939
81942
81943
81944
81946
81947
81948
81948
81949
81949
81950
81952
81952
81952
81953
81957
81960
81961
81962
81963
81964
81965
81965
81967
81971
81974
81975
81975
81976
81978
81978
81981
81982
81985
81988
81990
81990
81991
81992
81994
81994
81995
81996
81997
81997
81997
82000
82000
82001
82001
82001
82003
82003
82004
82006
82008
82008
82010
82010
82011
82012
82013
82014
82018
82018
82019
82020
82022
82024
82024
82025
82025
82030
82031
82031
82033
82034
82036
82038
82038
82039
82040
82040
82041
82043
82044
82046
82046
82046
82047
82047
82050
82051
82053
82056
82059
82061
82062
82063
82065
82066
82067
82068
82071
82072
82073
82073
82076
82077
82078
82079
82079
82079
82081
82081
82083
82085
82087
82091
82094
82096
82096
82097
82098
82098
82099
82099
82099
82101
82102
82103
82104
82105
82105
82106
82107
82108
82111
82113
82114
82116
82117
82120
82121
82122
82122
82124
82125
82126
82127
82128
82128
82130
82132
82134
82134
82138
82138
82140
82141
82143
82143
82144
82144
82148
82148
82149
82151
82155
82159
82161
82166
82168
82168
82171
82172
82173
82175
82176
82176
82181
82182
82183
82185
82186
82187
82189
82190
82190
82193
82195
82196
82196
82200
82202
82203
82204
82204
82206
82207
82210
82213
82213
82217
82218
82219
82224
82227
82227
82228
82228
82229
82229
82231
82232
82232
82232
82233
82236
82239
82239
82239
82240
82243
82248
82248
82248
82249
82249
82254
82254
82255
82255
82257
82259
82259
82261
82261
82264
82265
82265
82266
82266
82267
82269
82271
82272
82273
82275
82277
82277
82280
82281
82282
82283
82284
82286
82289
82290
82291
82292
82293
82294
82294
82295
82298
82300
82302
82306
82307
82310
82312
82313
82313
82313
82314
82316
82316
82318
82320
82322
82323
82323
82326
82327
82329
82331
82333
82333
82335
82337
82337
82338
82340
82340
82340
82341
82344
82344
82345
82350
82351
82352
82353
82357
82357
82358
82359
82360
82360
82362
82366
82368
82370
82372
82374
82375
82378
82378
82378
82379
82380
82380
82383
82384
82386
82386
82386
82387
82387
82389
82390
82391
82394
82394
82396
82396
82397
82398
82398
82398
82399
82399
82403
82403
82403
82404
82405
82405
82406
82406
82408
82409
82410
82413
82414
82415
82416
82416
82417
82417
82417
82418
82418
82418
82421
82422
82424
82425
82425
82429
82429
82432
82433
82433
82435
82437
82440
82441
82441
82445
82446
82449
82449
82450
82450
82450
82452
82452
82452
82453
82454
82455
82456
82459
82460
82463
82463
82464
82466
82466
82466
82477
82478
82478
82479
82480
82480
82481
82482
82482
82484
82485
82485
82487
82488
82489
82491
82492
82493
82494
82496
82499
82500
82510
82511
82511
82513
82514
82517
82521
82522
82524
82526
82529
82529
82529
82531
82534
82536
82537
82542
82543
82543
82543
82543
82546
82547
82548
82549
82550
82551
82552
82555
82556
82556
82556
82558
82559
82560
82560
82561
82562
82562
82563
82563
82565
82566
82569
82571
82572
82576
82578
82579
82580
82583
82585
82588
82589
82589
82592
82594
82594
82594
82597
82597
82599
82599
82599
82600
82600
82601
82604
82608
82611
82611
82611
82614
82614
82616
82618
82618
82619
82621
82621
82622
82623
82626
82632
82634
82634
82636
82636
82637
82638
82639
82639
82640
82645
82645
82646
82647
82648
82648
82648
82649
82649
82649
82650
82653
82655
82656
82656
82656
82657
82658
82658
82658
82659
82660
82662
82665
82667
82668
82670
82671
82671
82673
82674
82675
82679
82679
82680
82681
82681
82682
82684
82687
82688
82688
82689
82690
82693
82695
82696
82697
82697
82698
82699
82701
82702
82704
82706
82706
82710
82711
82712
82712
82713
82714
82714
82715
82716
82717
82717
82718
82719
82721
82725
82728
82729
82733
82735
82736
82736
82738
82739
82740
82741
82743
82743
82745
82746
82747
82747
82747
82749
82750
82752
82753
82756
82756
82756
82757
82759
82761
82762
82762
82764
82764
82765
82765
82766
82767
82768
82769
82772
82773
82774
82775
82775
82776
82776
82777
82778
82778
82778
82779
82783
82784
82784
82785
82786
82787
82788
82791
82792
82793
82795
82796
82798
82798
82799
82799
82801
82804
82809
82812
82813
82817
82821
82821
82822
82822
82823
82824
82826
82826
82826
82827
82827
82828
82829
82830
82832
82834
82834
82834
82837
82837
82838
82839
82842
82843
82844
82845
82845
82846
82848
82850
82852
82852
82852
82854
82855
82855
82856
82858
82858
82861
82861
82862
82862
82862
82863
82865
82866
82866
82866
82867
82868
82868
82871
82872
82873
82877
82878
82878
82880
82881
82883
82884
82884
82886
82886
82888
82889
82891
82894
82897
82898
82899
82901
82902
82904
82905
82905
82907
82908
82908
82908
82910
82912
82914
82916
82918
82919
82919
82921
82921
82923
82923
82923
82924
82925
82926
82927
82927
82928
82928
82931
82931
82933
82934
82936
82940
82942
82944
82945
82945
82946
82949
82950
82950
82951
82952
82952
82954
82955
82955
82960
82961
82962
82962
82963
82963
82964
82968
82970
82970
82972
82973
82976
82978
82980
82981
82986
82987
82988
82989
82990
82991
82993
82993
82994
82994
82995
82995
82997
82998
83000
83001
83003
83004
83005
83005
83007
83008
83010
83010
83015
83016
83017
83017
83017
83019
83020
83023
83023
83023
83029
83029
83030
83032
83035
83035
83036
83038
83039
83040
83042
83043
83044
83044
83047
83048
83050
83051
83054
83055
83056
83056
83058
83058
83062
83062
83063
83063
83064
83064
83066
83067
83068
83069
83070
83073
83073
83077
83077
83078
83082
83086
83086
83088
83088
83089
83090
83092
83093
83094
83094
83095
83099
83102
83103
83103
83104
83108
83109
83110
83110
83111
83111
83111
83112
83114
83115
83115
83116
83116
83119
83119
83119
83119
83122
83125
83126
83127
83127
83128
83130
83132
83132
83133
83134
83135
83136
83138
83141
83142
83144
83144
83148
83148
83148
83150
83150
83151
83151
83151
83152
83153
83153
83154
83155
83162
83164
83165
83166
83168
83170
83171
83173
83173
83175
83175
83176
83176
83176
83179
83181
83182
83185
83185
83185
83188
83190
83190
83192
83193
83193
83195
83196
83198
83199
83201
83202
83202
83203
83203
83208
83209
83211
83213
83213
83214
83214
83214
83215
83217
83217
83221
83221
83224
83234
83235
83238
83240
83241
83241
83242
83245
83246
83246
83247
83247
83248
83248
83248
83248
83251
83251
83251
83252
83255
83256
83257
83258
83259
83260
83264
83265
83267
83267
83268
83269
83270
83270
83271
83273
83273
83274
83276
83279
83279
83281
83282
83282
83286
83287
83288
83288
83291
83291
83294
83295
83295
83299
83300
83300
83304
83304
83304
83305
83306
83307
83307
83308
83312
83314
83316
83316
83317
83318
83318
83324
83326
83327
83329
83330
83333
83334
83336
83337
83339
83341
83343
83344
83346
83348
83350
83352
83354
83357
83358
83362
83363
83365
83366
83366
83367
83368
83368
83370
83371
83371
83372
83373
83374
83374
83375
83378
83379
83382
83384
83384
83385
83386
83387
83387
83387
83390
83391
83391
83393
83393
83396
83398
83399
83402
83402
83406
83408
83411
83411
83412
83412
83413
83414
83417
83417
83418
83418
83423
83424
83427
83429
83429
83432
83433
83434
83445
83446
83447
83448
83448
83452
83452
83453
83454
83455
83456
83458
83459
83461
83465
83466
83468
83469
83470
83472
83472
83476
83478
83478
83480
83481
83482
83483
83490
83491
83491
83492
83492
83493
83494
83494
83495
83495
83496
83496
83497
83497
83498
83501
83503
83503
83506
83507
83509
83510
83510
83512
83512
83514
83514
83515
83517
83517
83518
83518
83518
83520
83521
83523
83523
83524
83524
83527
83531
83532
83539
83540
83541
83541
83545
83546
83548
83548
83549
83549
83551
83552
83553
83553
83554
83554
83554
83554
83556
83557
83558
83558
83563
83563
83565
83567
83567
83568
83569
83572
83575
83575
83576
83576
83576
83577
83578
83579
83579
83582
83583
83586
83587
83590
83591
83593
83593
83595
83595
83596
83598
83600
83600
83602
83604
83605
83606
83607
83609
83611
83614
83616
83617
83617
83620
83623
83623
83625
83626
83632
83633
83637
83638
83640
83641
83643
83644
83645
83646
83648
83650
83651
83651
83652
83652
83654
83658
83659
83659
83660
83661
83661
83662
83662
83666
83666
83667
83669
83669
83672
83673
83675
83676
83676
83676
83677
83678
83679
83680
83681
83682
83684
83685
83685
83685
83687
83688
83688
83689
83689
83689
83693
83693
83694
83695
83698
83698
83699
83700
83702
83704
83704
83704
83705
83707
83707
83708
83710
83711
83712
83714
83716
83717
83717
83719
83722
83724
83724
83726
83726
83727
83728
83729
83730
83731
83731
83731
83733
83734
83734
83736
83736
83737
83739
83742
83743
83744
83745
83747
83749
83749
83749
83750
83751
83753
83753
83759
83759
83760
83764
83766
83766
83767
83771
83772
83772
83774
83775
83775
83777
83779
83779
83780
83782
83783
83785
83789
83789
83790
83793
83794
83796
83797
83797
83799
83799
83799
83800
83804
83804
83805
83806
83807
83808
83808
83810
83814
83816
83816
83817
83818
83819
83823
83826
83826
83826
83826
83828
83829
83830
83831
83831
83832
83835
83835
83838
83839
83840
83841
83841
83843
83844
83845
83846
83848
83848
83850
83850
83854
83855
83856
83858
83859
83860
83860
83861
83861
83862
83862
83865
83865
83865
83865
83871
83871
83875
83876
83880
83881
83882
83882
83884
83888
83888
83888
83888
83890
83891
83891
83894
83894
83898
83899
83900
83901
83902
83903
83905
83908
83910
83910
83912
83915
83916
83916
83918
83919
83919
83920
83920
83921
83923
83926
83928
83928
83928
83929
83931
83933
83933
83933
83934
83934
83936
83938
83940
83942
83943
83943
83944
83950
83950
83952
83952
83953
83957
83957
83958
83960
83961
83962
83963
83963
83964
83964
83966
83966
83967
83967
83968
83970
83972
83973
83973
83974
83975
83976
83978
83979
83979
83983
83985
83992
83993
83993
83993
83997
83998
83998
83999
83999
83999
84000
84001
84002
84003
84003
84004
84004
84005
84011
84011
84012
84012
84015
84016
84017
84019
84020
84020
84020
84020
84025
84025
84027
84027
84027
84028
84029
84029
84032
84033
84033
84033
84034
84034
84035
84036
84037
84041
84042
84046
84046
84046
84047
84049
84049
84053
84054
84057
84057
84058
84059
84060
84060
84060
84065
84066
84068
84068
84069
84071
84071
84072
84072
84073
84074
84075
84076
84077
84078
84078
84079
84079
84079
84082
84082
84085
84085
84086
84088
84090
84090
84091
84091
84091
84092
84092
84093
84095
84098
84101
84101
84102
84102
84104
84105
84107
84108
84108
84109
84117
84117
84117
84117
84118
84119
84120
84121
84123
84126
84130
84132
84132
84134
84136
84137
84138
84138
84138
84138
84141
84143
84144
84145
84146
84148
84148
84148
84148
84155
84158
84158
84159
84165
84165
84166
84168
84168
84168
84170
84170
84172
84172
84174
84174
84174
84175
84178
84179
84179
84181
84181
84182
84183
84184
84185
84187
84189
84189
84191
84192
84192
84194
84194
84196
84200
84203
84204
84205
84205
84208
84208
84211
84211
84212
84214
84215
84216
84217
84221
84221
84221
84222
84222
84222
84223
84224
84225
84226
84228
84229
84230
84231
84231
84232
84235
84236
84236
84238
84239
84239
84239
84243
84249
84250
84250
84251
84251
84252
84253
84254
84257
84257
84258
84258
84259
84260
84261
84261
84261
84261
84263
84264
84265
84266
84271
84272
84272
84272
84273
84275
84277
84277
84278
84278
84280
84283
84283
84285
84286
84289
84290
84291
84292
84293
84297
84297
84298
84302
84303
84304
84305
84308
84309
84310
84311
84312
84312
84314
84315
84316
84316
84317
84318
84323
84323
84324
84324
84325
84328
84328
84329
84329
84330
84330
84332
84333
84336
84336
84338
84341
84342
84344
84344
84347
84347
84349
84350
84352
84352
84353
84355
84355
84355
84360
84361
84363
84363
84364
84364
84365
84367
84367
84371
84372
84373
84374
84376
84378
84383
84383
84385
84386
84387
84390
84390
84390
84393
84393
84396
84398
84398
84401
84403
84404
84405
84406
84408
84410
84410
84411
84413
84417
84418
84420
84422
84422
84423
84423
84425
84426
84428
84432
84434
84435
84435
84436
84438
84440
84441
84443
84443
84444
84445
84446
84447
84451
84453
84458
84459
84461
84462
84462
84463
84464
84465
84465
84465
84466
84466
84467
84467
84468
84471
84477
84477
84478
84479
84481
84483
84483
84484
84484
84487
84488
84489
84490
84491
84494
84495
84495
84495
84496
84498
84500
84501
84502
84507
84508
84510
84510
84513
84514
84514
84520
84522
84525
84526
84528
84530
84533
84533
84535
84536
84537
84538
84542
84543
84543
84546
84546
84547
84547
84551
84552
84554
84557
84558
84558
84561
84562
84562
84563
84565
84568
84572
84574
84574
84576
84576
84580
84581
84583
84586
84587
84588
84589
84589
84590
84591
84592
84593
84593
84594
84594
84595
84595
84595
84599
84601
84602
84603
84604
84604
84606
84608
84613
84613
84614
84614
84615
84616
84616
84622
84624
84625
84626
84629
84629
84630
84632
84633
84633
84633
84635
84638
84639
84639
84640
84640
84641
84641
84642
84642
84643
84644
84646
84650
84650
84651
84652
84654
84655
84657
84662
84662
84663
84663
84667
84667
84667
84671
84672
84672
84673
84675
84675
84676
84676
84679
84680
84681
84682
84683
84683
84685
84685
84685
84685
84686
84689
84690
84691
84691
84694
84695
84696
84697
84697
84698
84699
84701
84701
84707
84707
84708
84708
84709
84709
84710
84711
84711
84711
84713
84714
84716
84718
84720
84720
84723
84725
84728
84729
84729
84733
84734
84735
84735
84736
84736
84739
84741
84741
84742
84743
84745
84746
84746
84749
84750
84755
84756
84756
84758
84760
84763
84764
84765
84768
84772
84772
84773
84774
84777
84777
84779
84779
84779
84780
84782
84783
84784
84784
84784
84785
84785
84785
84787
84788
84789
84790
84790
84791
84791
84794
84795
84797
84797
84799
84800
84800
84802
84802
84802
84802
84803
84803
84806
84806
84807
84808
84808
84809
84810
84812
84813
84816
84817
84819
84821
84821
84821
84822
84823
84823
84824
84824
84825
84826
84827
84827
84828
84828
84830
84833
84834
84834
84836
84837
84838
84838
84843
84843
84844
84844
84845
84856
84857
84861
84862
84862
84864
84866
84866
84870
84871
84871
84871
84872
84873
84873
84875
84875
84878
84879
84880
84882
84882
84884
84884
84884
84887
84890
84890
84890
84893
84893
84897
84897
84899
84902
84904
84904
84905
84908
84909
84910
84913
84914
84921
84924
84931
84934
84944
84944
84947
84949
84952
84953
84953
84956
84957
84957
84959
84959
84959
84959
84960
84961
84961
84962
84962
84963
84964
84965
84965
84966
84966
84966
84967
84969
84970
84970
84972
84973
84974
84975
84976
84976
84978
84979
84979
84982
84982
84985
84985
84985
84985
84987
84988
84988
84988
84991
84992
84992
84996
85000
85001
85001
85001
85001
85002
85002
85003
85003
85004
85005
85007
85009
85010
85010
85010
85010
85012
85013
85014
85015
85016
85021
85021
85023
85027
85028
85030
85031
85032
85033
85035
85036
85036
85036
85036
85037
85038
85039
85039
85039
85040
85040
85042
85043
85043
85044
85044
85046
85048
85049
85049
85052
85055
85055
85056
85057
85057
85058
85058
85059
85060
85061
85062
85064
85064
85065
85066
85066
85067
85067
85068
85069
85069
85071
85073
85073
85074
85075
85075
85078
85078
85078
85078
85079
85080
85080
85082
85085
85086
85087
85087
85090
85090
85090
85091
85091
85093
85093
85094
85095
85096
85097
85097
85100
85102
85104
85105
85105
85106
85106
85110
85110
85115
85115
85115
85117
85117
85118
85118
85120
85120
85122
85122
85123
85123
85124
85124
85125
85127
85129
85133
85134
85136
85137
85138
85139
85143
85144
85147
85147
85148
85148
85150
85150
85153
85154
85154
85156
85160
85162
85165
85168
85168
85169
85173
85179
85180
85180
85181
85181
85183
85184
85186
85189
85190
85195
85196
85197
85202
85203
85205
85208
85209
85212
85213
85213
85213
85216
85218
85218
85219
85220
85222
85223
85225
85227
85228
85228
85228
85228
85229
85230
85230
85231
85232
85234
85236
85236
85238
85239
85242
85242
85243
85245
85245
85246
85251
85253
85255
85257
85258
85259
85261
85262
85263
85264
85264
85265
85270
85271
85273
85274
85274
85281
85281
85283
85285
85286
85287
85290
85290
85291
85293
85293
85294
85295
85295
85298
85300
85300
85301
85305
85306
85307
85309
85310
85310
85311
85314
85317
85317
85318
85319
85319
85319
85321
85321
85321
85321
85321
85321
85323
85324
85325
85329
85329
85331
85334
85337
85338
85340
85341
85342
85346
85348
85353
85353
85354
85354
85355
85355
85356
85361
85361
85361
85363
85363
85364
85365
85366
85367
85368
85369
85370
85373
85375
85375
85376
85376
85376
85377
85377
85378
85380
85380
85380
85380
85382
85382
85385
85385
85386
85387
85387
85387
85388
85388
85389
85389
85389
85395
85395
85398
85398
85399
85401
85403
85406
85406
85408
85414
85415
85415
85417
85417
85418
85419
85421
85422
85422
85423
85424
85425
85427
85429
85430
85431
85432
85434
85437
85438
85440
85441
85442
85444
85446
85446
85448
85449
85449
85451
85453
85454
85454
85454
85455
85456
85456
85457
85460
85460
85460
85462
85463
85463
85463
85464
85466
85466
85467
85468
85470
85470
85471
85472
85472
85473
85476
85477
85480
85480
85481
85482
85483
85483
85483
85486
85489
85491
85491
85491
85492
85495
85496
85497
85497
85499
85500
85501
85504
85506
85508
85508
85509
85509
85509
85509
85509
85512
85517
85519
85520
85521
85521
85523
85528
85529
85529
85529
85530
85531
85532
85536
85536
85536
85537
85538
85539
85539
85545
85545
85546
85547
85547
85549
85550
85553
85554
85555
85559
85561
85561
85561
85563
85564
85566
85567
85569
85569
85570
85573
85573
85575
85579
85580
85581
85586
85587
85593
85595
85596
85596
85598
85600
85602
85602
85602
85603
85604
85604
85605
85606
85607
85607
85609
85610
85610
85611
85611
85613
85615
85616
85617
85618
85618
85619
85620
85622
85624
85626
85627
85629
85630
85632
85632
85633
85633
85634
85636
85638
85639
85641
85642
85643
85643
85647
85650
85651
85655
85656
85658
85661
85662
85664
85666
85667
85674
85674
85676
85676
85676
85677
85679
85681
85681
85686
85687
85688
85689
85691
85691
85691
85691
85696
85697
85697
85697
85699
85700
85707
85710
85711
85715
85716
85716
85717
85718
85719
85720
85723
85724
85725
85725
85727
85728
85733
85733
85734
85734
85735
85736
85737
85739
85741
85742
85744
85745
85745
85747
85747
85747
85747
85748
85750
85751
85751
85752
85755
85756
85757
85758
85764
85764
85767
85768
85768
85770
85770
85771
85771
85772
85773
85774
85776
85777
85777
85777
85778
85778
85781
85783
85784
85786
85791
85792
85793
85795
85796
85798
85799
85800
85801
85801
85803
85803
85804
85804
85805
85805
85806
85810
85810
85811
85811
85812
85812
85816
85816
85819
85820
85824
85825
85825
85827
85828
85829
85830
85830
85834
85836
85840
85841
85841
85841
85842
85843
85844
85847
85849
85849
85850
85850
85855
85857
85857
85859
85859
85861
85862
85864
85867
85870
85870
85870
85871
85872
85873
85875
85876
85877
85878
85881
85881
85886
85886
85886
85887
85887
85889
85892
85893
85894
85895
85895
85898
85900
85900
85900
85901
85901
85902
85903
85903
85905
85912
85914
85915
85917
85918
85919
85920
85921
85922
85923
85923
85933
85935
85935
85937
85939
85939
85941
85944
85944
85945
85946
85947
85948
85948
85949
85950
85951
85952
85953
85957
85958
85963
85964
85964
85965
85965
85965
85965
85967
85968
85970
85970
85971
85972
85973
85979
85981
85982
85983
85983
85986
85988
85988
85992
85993
85994
85996
85999
85999
86000
86002
86003
86004
86007
86007
86008
86011
86011
86012
86013
86013
86015
86016
86017
86021
86024
86030
86033
86034
86037
86038
86039
86041
86041
86042
86043
86044
86045
86047
86051
86052
86053
86053
86053
86053
86056
86058
86059
86061
86061
86062
86063
86064
86065
86066
86067
86068
86069
86070
86072
86072
86076
86076
86077
86078
86079
86079
86081
86081
86082
86082
86083
86084
86084
86087
86087
86088
86088
86090
86090
86091
86093
86094
86099
86104
86105
86106
86108
86109
86109
86113
86115
86116
86116
86118
86118
86119
86119
86120
86121
86121
86122
86122
86127
86127
86128
86128
86131
86131
86132
86134
86135
86137
86137
86138
86141
86142
86143
86146
86147
86148
86150
86153
86157
86158
86159
86161
86161
86164
86165
86165
86166
86167
86167
86172
86173
86173
86173
86173
86177
86178
86179
86180
86181
86182
86182
86182
86183
86187
86187
86188
86189
86189
86190
86193
86193
86195
86195
86197
86198
86200
86202
86202
86205
86207
86210
86213
86213
86215
86216
86217
86218
86220
86226
86231
86231
86232
86232
86233
86234
86234
86235
86237
86237
86237
86237
86238
86239
86239
86239
86242
86242
86246
86246
86249
86252
86252
86253
86253
86254
86257
86257
86259
86267
86267
86267
86268
86270
86271
86272
86272
86275
86275
86275
86276
86276
86277
86279
86280
86280
86280
86282
86282
86282
86282
86283
86283
86284
86285
86285
86287
86289
86289
86295
86297
86299
86300
86303
86305
86307
86310
86311
86312
86318
86319
86321
86322
86325
86326
86327
86328
86330
86331
86335
86336
86336
86338
86339
86340
86341
86345
86347
86349
86350
86352
86353
86353
86354
86355
86355
86357
86359
86365
86370
86371
86372
86372
86373
86374
86374
86375
86376
86377
86377
86380
86381
86385
86385
86385
86386
86387
86387
86388
86388
86389
86393
86394
86394
86400
86400
86405
86405
86406
86406
86413
86414
86414
86415
86415
86420
86421
86421
86422
86423
86426
86426
86428
86430
86437
86440
86442
86443
86443
86443
86443
86443
86447
86450
86450
86452
86453
86454
86458
86458
86459
86460
86463
86463
86464
86464
86465
86470
86475
86476
86481
86481
86482
86483
86487
86490
86494
86498
86498
86499
86500
86502
86503
86504
86504
86504
86505
86506
86509
86510
86511
86511
86519
86519
86526
86526
86527
86528
86529
86530
86531
86531
86531
86532
86532
86532
86533
86533
86537
86540
86542
86543
86543
86545
86547
86549
86550
86554
86555
86556
86557
86561
86562
86563
86569
86571
86572
86573
86575
86575
86575
86577
86579
86580
86581
86582
86585
86586
86587
86588
86588
86589
86592
86594
86598
86599
86600
86601
86602
86605
86609
86610
86613
86613
86616
86617
86618
86619
86621
86621
86622
86624
86624
86625
86627
86628
86628
86628
86630
86632
86633
86634
86634
86635
86638
86639
86639
86640
86641
86642
86642
86643
86644
86644
86648
86649
86653
86660
86661
86665
86675
86677
86678
86679
86680
86680
86681
86684
86684
86684
86685
86691
86691
86692
86693
86695
86696
86700
86701
86701
86702
86702
86703
86703
86703
86704
86707
86708
86710
86711
86711
86713
86715
86716
86716
86717
86717
86718
86721
86723
86724
86730
86730
86730
86731
86731
86732
86732
86732
86733
86733
86734
86735
86735
86735
86735
86736
86736
86738
86738
86743
86743
86744
86748
86751
86751
86753
86753
86755
86755
86757
86757
86758
86763
86766
86767
86767
86769
86770
86770
86771
86773
86773
86773
86774
86774
86774
86775
86777
86779
86781
86783
86784
86785
86789
86793
86793
86795
86797
86798
86798
86798
86799
86799
86799
86802
86803
86806
86807
86808
86808
86809
86810
86811
86816
86817
86818
86819
86819
86820
86822
86822
86825
86825
86826
86828
86828
86829
86830
86832
86834
86838
86842
86849
86850
86853
86854
86859
86860
86861
86864
86868
86870
86872
86873
86873
86876
86876
86878
86878
86880
86882
86884
86884
86885
86886
86889
86890
86891
86892
86893
86894
86896
86896
86897
86897
86900
86900
86902
86904
86905
86905
86906
86908
86909
86910
86910
86911
86915
86916
86921
86922
86922
86923
86934
86934
86936
86936
86936
86939
86939
86940
86940
86943
86943
86943
86943
86943
86949
86950
86950
86951
86953
86954
86959
86961
86963
86964
86964
86966
86967
86967
86973
86976
86981
86984
86985
86985
86987
86987
86988
86990
86990
86991
86992
86993
86996
86999
87000
87000
87002
87003
87005
87005
87006
87006
87007
87008
87010
87010
87011
87011
87011
87012
87019
87019
87020
87021
87022
87024
87026
87027
87031
87031
87032
87033
87039
87039
87039
87041
87043
87049
87049
87051
87051
87052
87057
87059
87060
87061
87063
87064
87064
87066
87067
87069
87070
87070
87072
87073
87074
87074
87076
87078
87078
87079
87079
87080
87080
87083
87083
87084
87087
87092
87093
87093
87093
87094
87094
87096
87096
87100
87100
87100
87100
87101
87106
87107
87108
87111
87112
87112
87112
87117
87118
87120
87122
87122
87123
87124
87125
87125
87132
87133
87133
87136
87137
87137
87141
87141
87144
87144
87146
87148
87148
87149
87149
87152
87154
87154
87156
87157
87157
87158
87159
87163
87163
87167
87167
87168
87168
87168
87168
87169
87169
87171
87172
87173
87174
87175
87177
87177
87178
87179
87179
87184
87185
87186
87187
87188
87189
87189
87190
87193
87194
87194
87194
87195
87197
87198
87201
87203
87204
87207
87208
87209
87213
87213
87215
87215
87217
87218
87218
87221
87221
87222
87222
87223
87224
87224
87224
87225
87226
87226
87227
87229
87233
87234
87234
87235
87236
87238
87238
87238
87239
87240
87241
87242
87242
87244
87245
87246
87247
87248
87249
87249
87250
87254
87255
87256
87256
87258
87258
87258
87258
87259
87259
87260
87264
87264
87268
87269
87271
87272
87274
87275
87283
87283
87283
87284
87284
87284
87284
87285
87285
87286
87286
87286
87286
87288
87292
87292
87292
87293
87294
87296
87296
87296
87297
87298
87302
87305
87306
87307
87307
87308
87309
87310
87312
87313
87316
87319
87320
87320
87321
87321
87323
87324
87325
87329
87330
87331
87331
87331
87332
87334
87335
87336
87336
87338
87341
87341
87342
87342
87343
87343
87344
87345
87346
87348
87348
87348
87350
87351
87351
87352
87352
87352
87352
87352
87354
87355
87356
87357
87358
87358
87359
87363
87366
87367
87368
87369
87373
87375
87375
87376
87376
87379
87379
87381
87382
87382
87383
87384
87385
87385
87387
87388
87389
87390
87392
87393
87393
87395
87395
87395
87397
87399
87400
87401
87403
87404
87405
87406
87408
87411
87414
87415
87416
87417
87422
87423
87427
87427
87430
87433
87436
87437
87441
87441
87443
87444
87446
87447
87449
87450
87450
87450
87450
87452
87455
87457
87458
87459
87459
87462
87464
87467
87467
87468
87468
87469
87470
87470
87470
87472
87477
87478
87480
87481
87481
87486
87486
87486
87486
87487
87488
87488
87489
87491
87494
87495
87496
87497
87498
87500
87504
87505
87505
87506
87507
87508
87513
87514
87517
87518
87518
87519
87520
87520
87523
87523
87528
87528
87528
87528
87529
87532
87533
87536
87539
87542
87544
87545
87545
87550
87551
87551
87553
87554
87554
87554
87555
87556
87557
87558
87558
87560
87560
87562
87562
87563
87566
87566
87568
87569
87571
87571
87571
87573
87573
87576
87581
87582
87586
87587
87589
87590
87590
87595
87596
87596
87599
87599
87600
87601
87602
87604
87605
87608
87608
87611
87611
87612
87615
87625
87625
87626
87627
87628
87629
87629
87630
87631
87632
87634
87634
87635
87636
87637
87639
87639
87639
87643
87646
87647
87647
87648
87650
87650
87650
87651
87652
87653
87653
87654
87659
87661
87661
87661
87665
87667
87669
87670
87671
87671
87677
87678
87680
87681
87684
87686
87686
87687
87688
87688
87689
87690
87693
87695
87696
87696
87704
87704
87708
87709
87711
87712
87715
87718
87719
87719
87721
87721
87721
87721
87722
87723
87723
87724
87725
87726
87727
87727
87728
87731
87732
87732
87732
87734
87735
87735
87737
87739
87741
87741
87742
87742
87748
87749
87750
87751
87752
87753
87758
87758
87761
87762
87766
87767
87770
87770
87771
87771
87773
87775
87778
87779
87779
87779
87781
87781
87784
87784
87784
87788
87789
87789
87791
87794
87794
87799
87800
87802
87803
87807
87807
87810
87811
87814
87814
87814
87815
87815
87824
87829
87830
87831
87833
87833
87834
87836
87836
87837
87840
87840
87840
87840
87847
87847
87852
87853
87855
87857
87857
87860
87866
87867
87869
87870
87870
87872
87872
87874
87874
87878
87878
87884
87885
87888
87888
87893
87893
87896
87900
87900
87901
87905
87907
87907
87907
87907
87910
87915
87915
87916
87916
87916
87919
87920
87925
87925
87925
87929
87930
87932
87934
87934
87935
87936
87936
87937
87937
87938
87941
87942
87943
87944
87944
87946
87947
87950
87951
87951
87954
87954
87955
87956
87956
87958
87961
87963
87963
87966
87966
87966
87968
87974
87975
87977
87978
87980
87980
87982
87984
87985
87986
87987
87987
87987
87989
87989
87991
87993
87993
87994
87995
87995
87997
87998
87998
87999
88004
88004
88005
88008
88008
88008
88008
88009
88011
88012
88012
88013
88017
88018
88020
88020
88020
88021
88022
88023
88028
88029
88029
88029
88031
88032
88033
88034
88035
88036
88038
88040
88040
88042
88042
88045
88046
88048
88051
88052
88052
88052
88053
88054
88056
88061
88062
88064
88066
88066
88067
88067
88067
88068
88069
88070
88071
88074
88079
88081
88081
88083
88083
88083
88086
88086
88087
88088
88088
88090
88099
88100
88102
88103
88106
88106
88107
88108
88109
88110
88113
88113
88114
88114
88119
88120
88121
88121
88124
88125
88126
88129
88132
88138
88140
88141
88141
88143
88143
88144
88145
88146
88149
88149
88149
88150
88152
88155
88155
88157
88157
88158
88158
88160
88163
88164
88165
88170
88171
88172
88172
88173
88175
88178
88179
88181
88181
88181
88183
88184
88187
88189
88189
88193
88194
88196
88197
88198
88198
88198
88200
88200
88201
88202
88203
88204
88205
88209
88211
88212
88217
88218
88218
88220
88221
88221
88221
88222
88222
88222
88223
88226
88226
88226
88226
88227
88227
88229
88230
88232
88237
88237
88240
88243
88244
88244
88245
88247
88247
88251
88251
88254
88256
88257
88257
88259
88259
88260
88262
88263
88265
88266
88267
88270
88271
88272
88273
88275
88275
88276
88276
88278
88280
88282
88283
88284
88285
88287
88291
88293
88298
88298
88298
88299
88300
88300
88300
88301
88308
88309
88314
88315
88316
88318
88319
88319
88319
88319
88320
88320
88324
88324
88325
88325
88326
88326
88327
88328
88329
88332
88338
88339
88341
88342
88342
88343
88343
88344
88344
88347
88348
88348
88349
88349
88352
88353
88353
88355
88355
88356
88356
88358
88361
88364
88364
88364
88365
88367
88368
88369
88369
88370
88371
88374
88377
88378
88378
88378
88379
88380
88381
88382
88382
88383
88388
88388
88391
88391
88393
88394
88395
88399
88400
88401
88402
88402
88405
88407
88408
88411
88412
88412
88413
88413
88414
88414
88414
88419
88420
88421
88422
88425
88425
88426
88426
88427
88430
88431
88433
88435
88436
88437
88437
88438
88439
88440
88440
88445
88445
88445
88446
88447
88447
88449
88450
88450
88450
88451
88451
88451
88452
88452
88452
88453
88455
88456
88460
88461
88461
88463
88464
88464
88465
88467
88468
88469
88469
88470
88471
88472
88472
88472
88474
88476
88477
88479
88480
88480
88480
88481
88486
88487
88487
88488
88489
88489
88492
88493
88496
88497
88498
88500
88501
88502
88502
88502
88503
88505
88505
88509
88510
88511
88511
88514
88515
88520
88520
88520
88521
88523
88523
88527
88527
88529
88534
88534
88539
88539
88539
88540
88541
88542
88542
88543
88544
88546
88547
88552
88556
88557
88558
88561
88561
88561
88561
88561
88563
88564
88568
88570
88574
88576
88577
88577
88578
88579
88579
88580
88582
88583
88583
88585
88585
88586
88589
88590
88591
88591
88591
88592
88593
88593
88595
88599
88603
88605
88606
88607
88612
88617
88617
88618
88618
88624
88627
88629
88630
88631
88633
88636
88638
88639
88641
88641
88642
88643
88643
88643
88644
88644
88644
88646
88651
88653
88653
88653
88654
88654
88656
88656
88657
88659
88659
88659
88662
88665
88665
88669
88669
88670
88670
88670
88672
88674
88675
88676
88676
88677
88677
88677
88678
88680
88680
88680
88681
88685
88690
88692
88693
88694
88694
88694
88695
88695
88696
88697
88702
88703
88706
88710
88710
88711
88712
88713
88713
88714
88714
88717
88719
88720
88720
88720
88721
88722
88723
88724
88725
88726
88729
88730
88731
88733
88733
88734
88737
88737
88737
88740
88741
88742
88745
88746
88746
88746
88750
88750
88752
88753
88758
88758
88761
88761
88763
88763
88764
88766
88769
88769
88771
88772
88772
88774
88774
88783
88784
88787
88787
88788
88789
88789
88791
88793
88795
88795
88799
88799
88799
88799
88800
88803
88803
88803
88810
88810
88811
88812
88813
88813
88818
88818
88819
88819
88820
88820
88820
88822
88823
88826
88829
88830
88834
88837
88839
88840
88843
88846
88847
88848
88851
88854
88854
88854
88855
88858
88858
88861
88862
88862
88865
88866
88866
88867
88868
88870
88870
88871
88872
88874
88874
88875
88875
88876
88877
88878
88878
88879
88880
88881
88882
88885
88888
88894
88895
88897
88899
88899
88900
88905
88905
88908
88908
88908
88909
88910
88911
88913
88914
88917
88921
88923
88924
88927
88928
88930
88935
88937
88940
88941
88942
88942
88942
88947
88948
88949
88949
88951
88952
88952
88953
88955
88957
88958
88959
88959
88961
88962
88963
88963
88967
88967
88977
88980
88984
88985
88989
88989
88994
88996
88997
88998
89001
89006
89007
89010
89011
89012
89012
89012
89012
89015
89015
89016
89018
89020
89023
89026
89028
89030
89032
89032
89033
89035
89036
89036
89036
89037
89037
89039
89040
89041
89042
89044
89045
89045
89045
89046
89046
89047
89049
89049
89050
89051
89052
89052
89052
89056
89058
89061
89062
89066
89067
89068
89071
89072
89072
89073
89074
89078
89079
89080
89081
89084
89087
89088
89089
89090
89090
89090
89093
89094
89096
89099
89099
89099
89101
89101
89102
89103
89103
89104
89105
89107
89109
89110
89113
89114
89115
89116
89116
89117
89117
89118
89119
89120
89121
89121
89123
89123
89125
89125
89129
89129
89130
89131
89131
89132
89133
89136
89136
89140
89140
89144
89146
89147
89147
89148
89148
89149
89152
89153
89153
89156
89160
89162
89163
89163
89164
89164
89165
89167
89167
89169
89170
89171
89172
89176
89177
89178
89178
89180
89180
89181
89181
89182
89185
89186
89186
89186
89188
89189
89189
89189
89191
89192
89194
89197
89200
89201
89202
89202
89202
89205
89206
89207
89207
89208
89211
89212
89215
89215
89219
89221
89223
89223
89224
89226
89227
89228
89229
89231
89232
89233
89233
89236
89237
89239
89239
89240
89240
89241
89242
89243
89247
89249
89252
89252
89253
89253
89255
89258
89260
89262
89263
89264
89264
89264
89264
89267
89267
89270
89271
89271
89271
89272
89273
89274
89276
89277
89277
89277
89278
89279
89281
89282
89283
89283
89283
89283
89284
89284
89285
89285
89288
89289
89289
89290
89291
89292
89292
89295
89295
89296
89297
89298
89301
89306
89306
89310
89311
89313
89314
89317
89317
89319
89319
89319
89320
89321
89322
89323
89323
89324
89326
89327
89327
89328
89330
89331
89331
89331
89332
89336
89339
89340
89343
89343
89344
89345
89345
89348
89350
89351
89352
89353
89353
89356
89356
89356
89358
89358
89360
89360
89363
89366
89367
89369
89370
89371
89373
89374
89375
89376
89377
89378
89380
89381
89389
89390
89391
89397
89397
89397
89398
89398
89399
89399
89401
89402
89405
89408
89408
89415
89420
89421
89421
89422
89423
89423
89424
89424
89425
89426
89428
89429
89431
89434
89435
89436
89438
89439
89440
89442
89446
89450
89451
89451
89459
89464
89465
89472
89472
89473
89478
89478
89480
89482
89482
89489
89493
89494
89494
89495
89495
89497
89500
89501
89501
89502
89503
89503
89504
89507
89508
89510
89512
89515
89515
89519
89520
89520
89521
89522
89523
89523
89524
89526
89528
89529
89530
89534
89536
89539
89544
89545
89545
89546
89547
89547
89549
89549
89549
89550
89551
89551
89552
89552
89553
89556
89558
89558
89559
89561
89561
89562
89563
89563
89565
89566
89567
89571
89573
89576
89576
89577
89577
89578
89584
89584
89586
89586
89588
89588
89589
89590
89592
89592
89593
89593
89596
89597
89598
89600
89601
89602
89602
89602
89603
89603
89608
89608
89612
89614
89617
89620
89621
89622
89628
89629
89634
89635
89637
89639
89641
89643
89644
89644
89644
89650
89652
89652
89655
89655
89659
89659
89660
89661
89662
89666
89666
89668
89673
89675
89677
89679
89679
89684
89685
89687
89688
89689
89689
89690
89692
89693
89695
89696
89698
89699
89699
89700
89701
89707
89712
89713
89715
89716
89718
89718
89718
89719
89719
89721
89721
89721
89721
89722
89724
89725
89725
89726
89726
89728
89728
89732
89735
89737
89739
89740
89741
89743
89744
89745
89748
89749
89750
89751
89752
89752
89753
89754
89754
89755
89756
89757
89758
89760
89761
89762
89762
89763
89767
89768
89769
89770
89772
89773
89774
89775
89775
89776
89777
89779
89781
89782
89783
89785
89787
89794
89795
89795
89796
89796
89796
89797
89797
89799
89799
89805
89806
89807
89807
89807
89808
89809
89812
89813
89815
89819
89819
89822
89824
89824
89824
89828
89830
89831
89832
89837
89837
89839
89840
89841
89842
89849
89849
89850
89852
89853
89853
89861
89864
89869
89875
89875
89876
89876
89876
89877
89882
89885
89885
89886
89887
89887
89887
89888
89888
89890
89890
89890
89891
89891
89891
89891
89892
89893
89893
89894
89894
89895
89898
89898
89900
89901
89901
89903
89903
89904
89905
89906
89907
89908
89908
89910
89912
89912
89912
89915
89918
89918
89919
89919
89921
89921
89922
89924
89925
89926
89929
89929
89930
89931
89932
89934
89938
89939
89942
89942
89943
89944
89944
89946
89948
89949
89951
89952
89952
89954
89954
89958
89958
89960
89962
89965
89971
89971
89972
89973
89975
89975
89977
89978
89980
89982
89983
89984
89985
89985
89985
89985
89987
89989
89990
89991
89992
89993
89996
90001
90002
90003
90004
90005
90006
90007
90009
90009
90010
90011
90012
90014
90019
90021
90024
90024
90025
90026
90028
90029
90029
90029
90031
90032
90034
90038
90039
90040
90040
90040
90041
90042
90042
90044
90045
90046
90047
90051
90051
90051
90053
90055
90057
90059
90061
90062
90065
90065
90067
90069
90070
90071
90072
90074
90075
90077
90078
90080
90083
90084
90085
90086
90087
90087
90088
90089
90089
90089
90090
90091
90093
90095
90097
90099
90099
90099
90100
90101
90101
90102
90104
90105
90106
90110
90113
90120
90123
90126
90127
90128
90128
90128
90129
90129
90130
90130
90131
90132
90133
90134
90135
90139
90141
90142
90142
90142
90146
90148
90148
90149
90151
90152
90155
90156
90164
90166
90168
90169
90169
90173
90174
90174
90175
90175
90176
90178
90180
90181
90182
90183
90184
90185
90185
90185
90186
90186
90190
90191
90191
90191
90192
90193
90194
90194
90196
90197
90197
90199
90202
90203
90204
90209
90210
90211
90211
90212
90212
90212
90216
90217
90217
90217
90218
90219
90219
90220
90220
90221
90222
90223
90224
90224
90225
90226
90228
90229
90229
90231
90234
90236
90238
90238
90245
90246
90249
90249
90250
90251
90255
90256
90257
90258
90260
90261
90261
90261
90264
90266
90267
90268
90268
90270
90271
90271
90274
90276
90277
90281
90282
90283
90283
90283
90284
90284
90289
90290
90291
90292
90293
90293
90295
90295
90298
90303
90303
90310
90311
90312
90312
90318
90319
90322
90323
90323
90324
90327
90329
90329
90333
90333
90337
90337
90338
90338
90343
90344
90346
90346
90348
90351
90352
90355
90355
90357
90359
90360
90360
90363
90367
90369
90369
90370
90371
90372
90374
90375
90376
90377
90377
90380
90380
90381
90382
90384
90384
90388
90389
90391
90392
90395
90396
90396
90399
90400
90402
90402
90403
90406
90406
90408
90409
90409
90412
90412
90412
90413
90414
90415
90416
90416
90417
90417
90418
90419
90419
90421
90423
90423
90424
90424
90425
90428
90432
90433
90433
90434
90435
90437
90440
90442
90442
90442
90443
90444
90444
90445
90448
90449
90449
90450
90450
90450
90451
90452
90454
90454
90455
90460
90460
90461
90461
90461
90462
90464
90465
90468
90471
90471
90474
90474
90477
90478
90478
90480
90481
90481
90484
90486
90486
90486
90487
90489
90489
90490
90490
90493
90498
90500
90501
90502
90503
90506
90509
90512
90512
90513
90517
90518
90518
90521
90523
90523
90525
90526
90526
90528
90529
90529
90531
90532
90533
90533
90534
90537
90539
90539
90542
90543
90543
90544
90544
90544
90548
90551
90551
90551
90551
90551
90552
90554
90554
90555
90556
90556
90563
90564
90567
90567
90567
90572
90573
90574
90577
90577
90577
90578
90580
90580
90581
90582
90584
90585
90588
90590
90594
90594
90595
90595
90596
90598
90599
90600
90602
90603
90606
90608
90610
90611
90612
90613
90615
90615
90619
90623
90623
90624
90625
90632
90632
90633
90634
90635
90638
90642
90642
90645
90651
90651
90653
90661
90663
90663
90665
90665
90667
90670
90672
90673
90675
90676
90681
90681
90682
90682
90683
90685
90685
90686
90688
90689
90689
90691
90693
90695
90696
90698
90700
90702
90703
90704
90704
90705
90708
90710
90710
90710
90711
90713
90715
90716
90717
90719
90722
90722
90723
90724
90726
90727
90727
90728
90728
90729
90732
90733
90733
90735
90736
90737
90742
90742
90742
90744
90745
90745
90748
90750
90751
90752
90754
90755
90759
90760
90761
90762
90764
90765
90768
90769
90770
90771
90771
90772
90773
90773
90774
90776
90777
90778
90779
90780
90780
90781
90781
90783
90783
90786
90786
90787
90788
90788
90791
90791
90792
90793
90797
90797
90797
90799
90800
90803
90804
90806
90806
90814
90815
90817
90817
90819
90820
90821
90821
90822
90824
90825
90827
90827
90829
90834
90835
90835
90836
90840
90842
90843
90843
90845
90845
90847
90850
90851
90853
90859
90860
90861
90861
90862
90863
90863
90868
90869
90871
90871
90871
90872
90874
90875
90876
90877
90877
90879
90879
90881
90884
90886
90887
90890
90890
90891
90896
90897
90898
90898
90902
90903
90904
90904
90908
90909
90916
90916
90916
90916
90917
90920
90921
90925
90928
90929
90930
90936
90938
90938
90941
90942
90943
90944
90944
90945
90946
90948
90953
90954
90958
90962
90964
90965
90969
90969
90969
90970
90975
90976
90977
90980
90980
90981
90981
90983
90985
90985
90986
90987
90988
90990
90990
90991
90991
90992
90993
90995
90995
90996
90997
90998
90999
91002
91004
91004
91004
91005
91010
91013
91013
91014
91017
91018
91018
91019
91020
91022
91023
91026
91026
91029
91030
91030
91030
91032
91032
91033
91033
91034
91040
91042
91043
91043
91046
91046
91046
91048
91050
91050
91050
91051
91053
91054
91056
91057
91057
91059
91060
91061
91062
91063
91065
91066
91067
91068
91068
91068
91068
91070
91074
91076
91078
91079
91079
91080
91080
91081
91083
91085
91086
91086
91089
91092
91094
91095
91095
91100
91101
91105
91107
91110
91115
91115
91116
91117
91121
91122
91122
91125
91126
91127
91127
91127
91128
91131
91132
91132
91133
91136
91140
91141
91143
91144
91146
91146
91146
91147
91148
91148
91150
91151
91153
91157
91162
91163
91167
91167
91168
91170
91171
91171
91171
91173
91173
91174
91176
91179
91181
91184
91187
91188
91188
91191
91192
91193
91197
91197
91203
91203
91203
91209
91210
91211
91211
91212
91216
91220
91220
91220
91221
91221
91226
91231
91232
91232
91234
91234
91235
91236
91237
91237
91240
91242
91242
91243
91243
91243
91244
91244
91245
91246
91247
91248
91248
91249
91250
91252
91252
91253
91257
91257
91258
91259
91260
91260
91261
91265
91266
91270
91270
91270
91270
91272
91274
91276
91278
91279
91280
91281
91282
91282
91284
91284
91285
91288
91289
91291
91291
91295
91296
91297
91298
91298
91299
91299
91299
91307
91307
91311
91312
91313
91315
91320
91320
91320
91321
91323
91324
91325
91325
91327
91329
91330
91330
91330
91333
91334
91335
91336
91338
91338
91339
91339
91339
91340
91341
91345
91346
91346
91347
91348
91349
91349
91351
91354
91355
91355
91356
91356
91357
91360
91360
91361
91362
91363
91363
91363
91364
91365
91368
91368
91371
91371
91373
91373
91374
91376
91376
91377
91379
91379
91381
91382
91382
91382
91383
91383
91384
91386
91386
91387
91391
91393
91394
91396
91396
91397
91397
91400
91401
91401
91401
91403
91404
91405
91406
91407
91409
91409
91410
91410
91411
91412
91414
91416
91416
91417
91419
91419
91420
91420
91420
91421
91421
91421
91421
91421
91423
91423
91424
91424
91425
91425
91426
91427
91427
91428
91429
91429
91431
91434
91436
91440
91441
91442
91447
91448
91449
91452
91453
91454
91456
91463
91463
91464
91464
91465
91467
91469
91469
91470
91470
91471
91472
91477
91478
91478
91478
91480
91480
91480
91481
91483
91483
91484
91485
91486
91486
91488
91488
91493
91497
91500
91501
91501
91502
91503
91504
91507
91507
91507
91509
91510
91512
91513
91517
91517
91517
91520
91520
91523
91523
91524
91526
91528
91528
91529
91533
91533
91536
91537
91537
91537
91540
91543
91543
91547
91549
91549
91552
91553
91553
91553
91554
91555
91556
91557
91559
91559
91560
91561
91562
91563
91565
91566
91568
91569
91572
91572
91573
91574
91578
91583
91584
91584
91589
91589
91592
91597
91597
91598
91605
91610
91611
91611
91615
91616
91617
91624
91626
91627
91627
91629
91630
91630
91631
91631
91632
91632
91636
91636
91636
91640
91640
91642
91642
91643
91643
91644
91645
91646
91646
91648
91649
91650
91651
91651
91651
91654
91657
91657
91659
91660
91660
91664
91665
91665
91668
91671
91671
91673
91676
91676
91680
91681
91681
91681
91687
91688
91689
91690
91691
91691
91692
91695
91696
91697
91700
91700
91701
91702
91705
91707
91708
91710
91714
91716
91717
91718
91718
91719
91719
91719
91722
91723
91725
91727
91730
91732
91733
91734
91736
91737
91738
91739
91744
91745
91745
91745
91747
91748
91751
91751
91753
91756
91760
91761
91762
91762
91762
91763
91763
91765
91768
91769
91772
91772
91775
91777
91777
91779
91780
91781
91781
91782
91782
91785
91785
91786
91786
91787
91788
91788
91789
91789
91791
91791
91792
91794
91796
91797
91798
91799
91800
91801
91801
91805
91805
91806
91811
91812
91813
91814
91815
91815
91816
91818
91818
91819
91819
91819
91819
91821
91822
91822
91825
91826
91827
91827
91829
91829
91830
91830
91833
91834
91834
91835
91835
91835
91836
91837
91838
91839
91839
91839
91839
91840
91840
91845
91846
91848
91849
91849
91849
91849
91850
91851
91851
91853
91854
91855
91859
91861
91862
91864
91866
91866
91867
91867
91869
91870
91871
91872
91875
91875
91880
91881
91882
91886
91887
91889
91890
91890
91890
91893
91895
91896
91896
91896
91897
91899
91899
91902
91902
91903
91904
91906
91907
91907
91907
91907
91911
91915
91917
91917
91918
91918
91919
91919
91920
91925
91926
91928
91928
91928
91929
91931
91933
91934
91934
91934
91934
91935
91938
91939
91939
91941
91942
91942
91946
91948
91949
91950
91951
91951
91953
91954
91956
91957
91957
91957
91958
91958
91959
91960
91961
91963
91965
91967
91967
91968
91970
91971
91972
91973
91974
91975
91976
91977
91979
91980
91981
91981
91982
91988
91989
91990
91990
91993
91993
91993
91996
91997
91997
92000
92001
92001
92004
92007
92007
92008
92011
92013
92013
92014
92015
92019
92023
92023
92024
92024
92025
92025
92029
92030
92033
92035
92038
92043
92046
92048
92050
92051
92051
92051
92051
92054
92054
92056
92057
92057
92057
92059
92061
92061
92063
92067
92067
92070
92073
92075
92076
92077
92078
92078
92079
92079
92080
92081
92083
92083
92083
92083
92090
92090
92093
92093
92098
92100
92100
92104
92105
92106
92107
92107
92107
92109
92109
92109
92110
92110
92111
92115
92118
92118
92121
92122
92123
92124
92124
92125
92127
92128
92129
92129
92136
92137
92137
92138
92138
92139
92139
92140
92144
92145
92146
92151
92151
92155
92155
92161
92162
92163
92163
92164
92165
92166
92166
92167
92170
92175
92176
92177
92179
92182
92186
92186
92189
92189
92190
92193
92193
92194
92194
92195
92197
92197
92198
92201
92201
92201
92206
92206
92209
92209
92211
92216
92217
92217
92218
92219
92221
92221
92222
92223
92225
92226
92226
92227
92229
92230
92231
92232
92232
92234
92235
92236
92236
92243
92245
92247
92248
92249
92250
92252
92254
92254
92254
92255
92258
92259
92261
92262
92265
92271
92271
92271
92276
92276
92279
92279
92279
92283
92283
92288
92289
92289
92290
92290
92290
92290
92291
92292
92292
92294
92294
92294
92295
92297
92298
92298
92300
92300
92301
92301
92301
92302
92304
92305
92306
92306
92307
92308
92310
92310
92311
92311
92311
92312
92312
92314
92314
92314
92314
92315
92317
92318
92318
92318
92319
92319
92323
92324
92325
92326
92327
92329
92333
92334
92334
92335
92335
92339
92339
92339
92340
92342
92342
92343
92345
92351
92351
92355
92355
92357
92359
92359
92361
92366
92366
92368
92368
92370
92374
92374
92374
92376
92376
92377
92380
92381
92386
92387
92387
92388
92390
92393
92394
92394
92395
92400
92400
92400
92401
92402
92406
92408
92409
92410
92411
92411
92412
92416
92416
92416
92417
92417
92419
92419
92419
92420
92421
92422
92422
92424
92426
92426
92430
92430
92432
92434
92435
92435
92437
92437
92439
92440
92441
92442
92445
92447
92449
92452
92452
92453
92455
92458
92459
92460
92461
92463
92466
92471
92472
92473
92476
92476
92476
92477
92477
92478
92479
92482
92482
92483
92483
92491
92492
92492
92494
92494
92496
92497
92498
92499
92503
92507
92511
92512
92514
92514
92516
92519
92521
92521
92524
92525
92525
92526
92528
92530
92533
92535
92536
92536
92537
92539
92539
92540
92540
92542
92544
92546
92549
92553
92556
92557
92561
92561
92563
92564
92565
92565
92566
92566
92567
92568
92569
92570
92572
92573
92573
92576
92578
92578
92579
92580
92583
92583
92584
92585
92586
92586
92590
92590
92591
92591
92598
92599
92602
92607
92612
92615
92616
92617
92617
92617
92618
92619
92621
92622
92622
92624
92625
92625
92626
92626
92626
92627
92629
92630
92630
92630
92630
92631
92632
92634
92636
92638
92638
92640
92643
92644
92645
92647
92650
92652
92653
92653
92654
92657
92658
92659
92661
92662
92666
92666
92666
92669
92677
92677
92680
92681
92682
92683
92684
92684
92685
92689
92689
92694
92695
92696
92696
92697
92699
92701
92702
92703
92704
92706
92709
92710
92711
92711
92711
92713
92713
92714
92714
92717
92717
92718
92719
92723
92723
92723
92728
92729
92730
92731
92735
92736
92737
92739
92740
92741
92743
92746
92748
92748
92750
92751
92752
92752
92753
92755
92756
92757
92758
92760
92762
92764
92767
92767
92772
92773
92774
92776
92777
92777
92779
92780
92780
92781
92781
92783
92789
92789
92792
92792
92792
92792
92793
92793
92793
92795
92795
92795
92796
92796
92796
92798
92800
92800
92801
92801
92803
92803
92805
92806
92806
92807
92807
92809
92810
92810
92811
92812
92813
92813
92816
92819
92821
92823
92826
92832
92832
92834
92835
92836
92837
92837
92838
92842
92843
92844
92847
92847
92852
92853
92853
92855
92857
92858
92858
92859
92859
92860
92864
92865
92866
92867
92871
92872
92873
92875
92879
92880
92882
92883
92883
92888
92889
92889
92890
92892
92893
92895
92895
92897
92901
92901
92901
92903
92904
92906
92907
92911
92912
92914
92915
92919
92920
92923
92924
92924
92924
92924
92925
92928
92928
92929
92932
92934
92935
92937
92938
92939
92939
92940
92946
92946
92950
92952
92954
92956
92959
92959
92959
92963
92969
92969
92971
92971
92972
92972
92972
92972
92973
92973
92975
92975
92975
92978
92980
92980
92982
92984
92985
92985
92995
92996
92998
92998
93001
93002
93002
93003
93004
93005
93005
93006
93006
93007
93009
93012
93012
93013
93013
93015
93015
93017
93019
93020
93020
93020
93020
93022
93022
93023
93024
93024
93025
93027
93028
93029
93030
93030
93035
93036
93037
93038
93039
93040
93040
93041
93041
93043
93045
93047
93049
93052
93053
93054
93055
93056
93056
93057
93059
93059
93060
93061
93063
93064
93066
93067
93070
93073
93073
93074
93077
93077
93077
93078
93080
93081
93081
93081
93086
93086
93087
93087
93087
93088
93096
93098
93100
93100
93101
93102
93102
93103
93103
93103
93105
93108
93110
93111
93112
93114
93117
93120
93122
93122
93123
93123
93124
93124
93124
93125
93125
93126
93126
93130
93131
93132
93134
93135
93135
93135
93135
93136
93138
93141
93142
93142
93143
93144
93145
93146
93146
93147
93147
93148
93151
93154
93158
93160
93161
93162
93162
93162
93164
93167
93173
93174
93175
93177
93179
93181
93182
93182
93182
93184
93185
93185
93186
93188
93190
93190
93192
93193
93193
93194
93196
93196
93197
93197
93197
93200
93201
93201
93203
93203
93205
93205
93205
93207
93208
93209
93210
93213
93219
93219
93222
93223
93225
93225
93226
93227
93228
93228
93228
93230
93230
93230
93231
93235
93237
93237
93238
93240
93240
93241
93243
93243
93243
93243
93245
93252
93254
93255
93256
93262
93263
93266
93266
93269
93271
93272
93275
93277
93278
93279
93280
93283
93283
93283
93283
93286
93290
93291
93291
93292
93294
93295
93295
93296
93296
93296
93297
93297
93298
93298
93301
93302
93302
93303
93307
93309
93314
93318
93319
93319
93320
93321
93321
93323
93325
93331
93332
93343
93344
93345
93345
93346
93346
93347
93350
93352
93352
93354
93354
93355
93356
93358
93360
93361
93365
93365
93365
93365
93366
93368
93370
93371
93371
93373
93375
93380
93383
93384
93389
93389
93389
93390
93391
93391
93391
93392
93393
93395
93395
93395
93395
93398
93401
93404
93405
93405
93406
93407
93409
93409
93411
93414
93415
93415
93417
93418
93419
93421
93423
93423
93423
93423
93423
93424
93425
93425
93426
93426
93427
93427
93427
93427
93428
93428
93430
93431
93431
93432
93434
93435
93435
93438
93439
93439
93440
93442
93442
93443
93444
93447
93447
93448
93449
93449
93451
93452
93453
93455
93456
93456
93457
93460
93462
93468
93468
93470
93471
93471
93472
93478
93482
93485
93487
93488
93490
93491
93492
93495
93498
93499
93499
93499
93506
93506
93509
93509
93509
93513
93514
93515
93517
93517
93519
93520
93521
93526
93527
93528
93528
93528
93533
93534
93535
93537
93539
93542
93542
93542
93543
93544
93545
93545
93546
93547
93551
93553
93554
93555
93556
93557
93557
93560
93563
93563
93563
93564
93565
93566
93566
93568
93569
93569
93569
93572
93573
93573
93574
93577
93579
93580
93580
93580
93581
93583
93584
93585
93585
93586
93586
93587
93588
93592
93593
93594
93595
93597
93598
93599
93599
93602
93605
93606
93607
93607
93614
93615
93616
93620
93620
93620
93621
93623
93623
93629
93630
93630
93630
93630
93632
93635
93639
93639
93642
93642
93643
93643
93644
93644
93644
93645
93646
93649
93649
93649
93652
93653
93654
93656
93657
93658
93661
93661
93661
93662
93662
93663
93664
93666
93667
93669
93674
93675
93675
93677
93679
93680
93682
93682
93684
93684
93685
93686
93686
93687
93691
93692
93692
93693
93693
93694
93694
93694
93696
93699
93700
93702
93704
93706
93707
93707
93708
93710
93712
93712
93713
93713
93714
93714
93715
93716
93716
93719
93720
93721
93721
93722
93722
93723
93725
93729
93729
93731
93731
93734
93734
93735
93735
93739
93741
93742
93745
93747
93749
93749
93749
93752
93755
93756
93757
93759
93760
93761
93761
93762
93762
93764
93765
93765
93766
93768
93768
93769
93769
93771
93773
93774
93774
93777
93780
93782
93782
93782
93784
93785
93785
93788
93788
93789
93790
93790
93792
93792
93792
93794
93797
93800
93800
93803
93803
93805
93806
93808
93810
93811
93811
93812
93813
93814
93816
93818
93821
93823
93824
93826
93828
93829
93831
93832
93832
93833
93833
93836
93838
93840
93841
93841
93842
93844
93846
93848
93849
93853
93853
93853
93855
93855
93856
93857
93859
93861
93864
93865
93865
93866
93867
93873
93875
93876
93878
93878
93884
93884
93884
93885
93886
93898
93898
93900
93900
93902
93903
93905
93906
93907
93907
93907
93907
93907
93908
93909
93910
93910
93913
93914
93915
93916
93917
93918
93919
93921
93921
93922
93924
93926
93930
93930
93934
93936
93936
93936
93938
93940
93940
93941
93941
93942
93943
93943
93946
93950
93952
93952
93953
93954
93955
93955
93956
93956
93958
93960
93961
93962
93962
93963
93963
93964
93964
93965
93966
93966
93970
93972
93972
93973
93975
93978
93979
93981
93984
93985
93985
93986
93988
93991
93994
93995
93996
94001
94002
94003
94004
94004
94004
94005
94006
94006
94007
94009
94010
94011
94013
94014
94016
94018
94019
94019
94019
94020
94025
94030
94032
94033
94034
94034
94036
94036
94036
94037
94037
94037
94037
94037
94038
94039
94039
94040
94041
94041
94044
94045
94046
94047
94053
94054
94055
94056
94056
94060
94060
94061
94062
94062
94062
94062
94062
94063
94068
94069
94071
94072
94073
94076
94077
94077
94079
94081
94084
94085
94085
94086
94087
94087
94088
94089
94089
94095
94095
94096
94099
94100
94100
94101
94101
94102
94103
94103
94104
94104
94105
94105
94107
94107
94107
94108
94108
94109
94109
94110
94110
94111
94114
94114
94117
94121
94124
94125
94127
94127
94128
94128
94130
94130
94130
94132
94133
94134
94135
94137
94139
94140
94140
94142
94143
94145
94146
94146
94149
94150
94152
94153
94153
94155
94155
94157
94158
94159
94159
94165
94166
94168
94171
94171
94171
94173
94174
94174
94176
94176
94177
94177
94177
94178
94183
94183
94185
94188
94189
94191
94192
94192
94192
94193
94193
94193
94195
94196
94199
94199
94200
94201
94202
94202
94203
94205
94206
94207
94207
94207
94209
94212
94219
94219
94223
94224
94225
94229
94231
94231
94233
94233
94234
94235
94235
94238
94240
94242
94242
94242
94246
94249
94251
94252
94253
94255
94255
94258
94261
94261
94262
94262
94265
94266
94267
94269
94271
94272
94274
94278
94279
94280
94282
94283
94284
94285
94292
94296
94298
94300
94300
94300
94300
94302
94303
94304
94305
94306
94308
94309
94310
94311
94312
94313
94313
94315
94315
94316
94316
94317
94317
94319
94319
94320
94320
94320
94321
94322
94322
94323
94324
94325
94329
94330
94330
94331
94333
94334
94340
94340
94342
94343
94347
94347
94347
94352
94352
94354
94355
94356
94357
94360
94362
94365
94365
94365
94367
94371
94372
94374
94379
94381
94384
94385
94386
94387
94389
94390
94393
94394
94394
94396
94396
94397
94397
94397
94398
94398
94398
94398
94399
94400
94402
94404
94405
94408
94408
94412
94413
94415
94417
94420
94421
94422
94424
94425
94426
94427
94429
94429
94429
94431
94432
94432
94438
94439
94440
94441
94441
94443
94443
94443
94445
94447
94451
94452
94453
94453
94454
94456
94459
94460
94462
94464
94466
94470
94470
94471
94472
94476
94477
94481
94483
94484
94485
94487
94488
94489
94489
94490
94491
94492
94492
94496
94496
94497
94503
94506
94506
94508
94508
94509
94510
94514
94519
94519
94519
94521
94524
94524
94526
94527
94529
94529
94529
94531
94532
94532
94533
94534
94534
94536
94538
94541
94542
94542
94543
94543
94545
94546
94549
94550
94550
94551
94552
94553
94557
94559
94561
94564
94565
94565
94565
94567
94567
94569
94570
94572
94574
94575
94580
94581
94582
94583
94584
94587
94587
94588
94589
94591
94592
94594
94595
94596
94596
94597
94598
94604
94605
94605
94606
94608
94609
94610
94612
94612
94613
94613
94615
94616
94617
94619
94621
94623
94623
94624
94624
94626
94626
94627
94627
94631
94631
94635
94638
94639
94639
94639
94639
94642
94644
94646
94647
94649
94649
94650
94654
94655
94656
94656
94660
94660
94661
94661
94668
94669
94669
94670
94673
94679
94679
94679
94679
94681
94681
94682
94682
94683
94686
94687
94690
94691
94695
94695
94696
94696
94699
94699
94701
94704
94707
94709
94711
94715
94718
94720
94720
94723
94729
94731
94731
94732
94738
94738
94739
94742
94743
94743
94744
94744
94745
94746
94747
94748
94749
94751
94751
94754
94755
94756
94759
94760
94763
94765
94767
94768
94769
94770
94772
94773
94773
94773
94773
94776
94776
94777
94778
94780
94783
94783
94783
94784
94792
94796
94796
94798
94798
94801
94802
94802
94803
94803
94803
94809
94810
94812
94817
94819
94820
94821
94822
94825
94825
94826
94827
94828
94830
94831
94831
94831
94832
94834
94836
94839
94841
94842
94842
94846
94848
94848
94849
94850
94850
94851
94851
94851
94852
94853
94853
94854
94856
94857
94857
94857
94858
94858
94861
94861
94862
94863
94865
94867
94869
94869
94870
94871
94871
94872
94872
94874
94876
94876
94876
94878
94879
94879
94879
94882
94884
94887
94889
94890
94891
94894
94895
94895
94897
94897
94901
94901
94901
94901
94902
94904
94904
94905
94906
94908
94910
94912
94914
94914
94917
94918
94918
94920
94920
94922
94922
94924
94927
94928
94930
94931
94932
94933
94933
94934
94935
94938
94938
94941
94942
94942
94943
94944
94950
94950
94951
94952
94953
94953
94953
94954
94958
94959
94960
94962
94962
94963
94964
94965
94965
94967
94972
94973
94974
94974
94975
94975
94976
94977
94980
94982
94983
94983
94983
94984
94986
94987
94987
94988
94989
94990
94991
94993
94993
94993
94994
94995
94996
94997
94999
95004
95004
95004
95004
95005
95006
95008
95008
95009
95009
95010
95011
95013
95013
95014
95015
95017
95017
95017
95019
95019
95021
95024
95029
95029
95032
95033
95033
95035
95038
95041
95044
95046
95048
95050
95050
95051
95053
95055
95055
95059
95060
95060
95060
95061
95063
95065
95066
95067
95069
95070
95070
95074
95075
95075
95080
95082
95082
95082
95082
95084
95084
95086
95089
95092
95096
95098
95099
95101
95107
95108
95108
95108
95109
95112
95113
95113
95113
95114
95114
95114
95115
95116
95117
95117
95118
95119
95120
95121
95121
95122
95122
95122
95123
95124
95129
95130
95130
95130
95131
95131
95133
95134
95138
95138
95139
95141
95141
95141
95142
95143
95143
95144
95145
95146
95148
95149
95149
95149
95150
95153
95154
95156
95157
95158
95160
95162
95167
95168
95169
95170
95172
95176
95178
95180
95180
95181
95182
95182
95184
95185
95185
95186
95187
95188
95190
95192
95192
95194
95194
95195
95196
95196
95198
95198
95199
95200
95200
95200
95201
95201
95202
95202
95203
95206
95206
95209
95211
95213
95214
95214
95216
95219
95225
95226
95230
95231
95239
95239
95240
95241
95242
95243
95244
95245
95246
95248
95249
95250
95251
95252
95253
95254
95256
95257
95258
95259
95260
95260
95262
95265
95267
95269
95275
95276
95277
95278
95283
95284
95284
95285
95285
95287
95287
95287
95288
95288
95289
95289
95290
95293
95294
95294
95294
95295
95296
95299
95300
95301
95302
95303
95304
95304
95304
95305
95307
95308
95311
95316
95316
95317
95317
95319
95321
95321
95323
95326
95327
95327
95330
95331
95332
95332
95333
95334
95336
95339
95339
95345
95347
95352
95352
95353
95354
95355
95358
95359
95360
95362
95362
95362
95362
95362
95362
95364
95364
95368
95369
95371
95373
95373
95373
95374
95377
95377
95381
95381
95382
95383
95384
95384
95387
95389
95390
95391
95391
95391
95393
95395
95396
95397
95401
95402
95405
95405
95407
95408
95408
95409
95410
95410
95411
95412
95414
95414
95414
95414
95415
95415
95416
95416
95418
95419
95425
95426
95427
95429
95431
95434
95434
95435
95435
95436
95436
95439
95442
95443
95444
95447
95447
95453
95454
95456
95457
95458
95458
95459
95461
95462
95463
95464
95468
95468
95468
95470
95470
95471
95473
95474
95476
95480
95481
95481
95481
95482
95483
95483
95485
95486
95487
95490
95490
95494
95496
95497
95497
95499
95500
95500
95501
95501
95501
95504
95504
95506
95507
95508
95508
95510
95513
95513
95514
95514
95514
95515
95515
95517
95520
95520
95520
95527
95527
95529
95532
95533
95535
95537
95540
95544
95545
95545
95546
95547
95548
95551
95551
95553
95554
95556
95558
95559
95560
95561
95561
95561
95561
95564
95564
95566
95568
95568
95568
95569
95570
95570
95571
95573
95575
95575
95576
95577
95579
95579
95581
95582
95583
95588
95589
95590
95594
95595
95595
95596
95601
95601
95602
95604
95609
95610
95610
95610
95612
95613
95618
95618
95621
95623
95624
95631
95631
95631
95634
95636
95636
95637
95637
95638
95639
95641
95643
95644
95646
95647
95650
95651
95652
95654
95655
95655
95656
95657
95659
95659
95663
95663
95663
95664
95667
95667
95668
95669
95671
95671
95671
95672
95673
95674
95675
95677
95677
95677
95678
95682
95686
95686
95686
95691
95695
95696
95697
95697
95698
95699
95699
95707
95707
95708
95710
95712
95714
95714
95715
95716
95720
95723
95723
95723
95725
95727
95729
95729
95729
95730
95733
95733
95735
95735
95736
95737
95738
95739
95742
95743
95745
95747
95747
95748
95748
95750
95751
95752
95754
95755
95759
95761
95761
95762
95763
95764
95765
95765
95765
95766
95767
95771
95771
95775
95778
95779
95780
95780
95781
95781
95782
95782
95783
95784
95785
95785
95794
95798
95799
95804
95806
95807
95807
95807
95812
95813
95816
95817
95821
95821
95822
95823
95823
95824
95827
95828
95828
95828
95829
95830
95830
95833
95838
95839
95839
95842
95845
95845
95845
95846
95851
95856
95856
95857
95860
95862
95863
95866
95866
95867
95868
95868
95871
95871
95873
95875
95876
95877
95878
95879
95880
95883
95884
95885
95888
95894
95896
95897
95898
95899
95900
95901
95902
95902
95902
95903
95905
95905
95906
95909
95909
95910
95911
95912
95912
95914
95916
95919
95922
95926
95928
95930
95931
95931
95932
95932
95933
95937
95937
95943
95947
95947
95947
95950
95951
95953
95953
95955
95956
95958
95958
95959
95960
95966
95967
95967
95967
95969
95971
95972
95973
95973
95974
95974
95974
95975
95976
95977
95978
95978
95979
95980
95982
95984
95985
95986
95988
95989
95992
95994
95995
95996
95996
95997
95997
95997
95999
96004
96006
96008
96012
96015
96015
96015
96015
96015
96019
96021
96021
96022
96024
96024
96024
96027
96027
96030
96031
96031
96032
96032
96033
96036
96037
96037
96039
96040
96041
96042
96042
96042
96047
96049
96050
96050
96052
96055
96055
96059
96062
96062
96062
96063
96064
96065
96067
96068
96069
96070
96070
96070
96071
96072
96072
96074
96076
96076
96081
96082
96083
96085
96086
96089
96093
96094
96095
96095
96097
96098
96098
96099
96099
96100
96101
96104
96107
96108
96108
96109
96109
96112
96113
96114
96119
96119
96120
96121
96126
96127
96130
96132
96133
96138
96139
96139
96141
96142
96143
96145
96145
96146
96146
96148
96149
96150
96154
96154
96155
96158
96160
96160
96161
96162
96167
96167
96169
96169
96170
96171
96171
96172
96173
96176
96176
96179
96181
96181
96182
96183
96185
96186
96187
96188
96190
96192
96192
96196
96196
96196
96200
96201
96202
96202
96202
96202
96203
96203
96204
96205
96205
96206
96207
96209
96210
96211
96212
96212
96213
96218
96219
96219
96220
96224
96225
96225
96227
96227
96232
96233
96234
96236
96238
96241
96246
96246
96246
96247
96247
96249
96249
96252
96257
96259
96259
96262
96263
96266
96266
96267
96268
96270
96271
96272
96274
96274
96275
96278
96278
96280
96281
96285
96287
96291
96296
96297
96299
96300
96306
96307
96308
96310
96311
96312
96314
96315
96318
96318
96318
96319
96320
96322
96323
96323
96325
96325
96326
96328
96329
96329
96331
96331
96331
96333
96335
96336
96336
96336
96337
96338
96340
96341
96344
96345
96346
96347
96348
96351
96355
96356
96356
96358
96360
96362
96363
96364
96366
96367
96369
96370
96370
96372
96373
96375
96375
96376
96377
96377
96378
96380
96380
96381
96382
96383
96383
96385
96387
96387
96389
96390
96390
96392
96394
96394
96395
96396
96396
96398
96399
96399
96399
96402
96402
96403
96405
96406
96408
96411
96411
96412
96412
96413
96414
96416
96417
96418
96419
96420
96420
96420
96421
96421
96422
96423
96423
96425
96426
96426
96427
96428
96431
96431
96434
96434
96436
96436
96437
96440
96440
96441
96445
96447
96449
96452
96455
96455
96458
96458
96459
96460
96464
96467
96468
96469
96470
96470
96470
96472
96472
96472
96472
96476
96476
96479
96482
96483
96483
96484
96484
96484
96485
96486
96487
96488
96488
96489
96491
96495
96495
96495
96496
96496
96499
96504
96504
96505
96505
96506
96506
96506
96507
96508
96508
96508
96510
96510
96512
96513
96515
96517
96519
96520
96523
96523
96523
96525
96527
96527
96528
96531
96532
96533
96534
96535
96536
96537
96537
96537
96537
96539
96540
96542
96547
96547
96550
96550
96552
96553
96554
96554
96556
96556
96557
96558
96561
96561
96563
96568
96572
96574
96576
96576
96582
96583
96586
96588
96589
96590
96590
96590
96594
96594
96597
96598
96601
96602
96603
96603
96604
96605
96606
96607
96609
96610
96612
96612
96612
96613
96614
96616
96616
96616
96620
96621
96621
96623
96623
96623
96625
96628
96629
96631
96633
96633
96634
96634
96635
96635
96636
96636
96637
96638
96639
96640
96641
96641
96649
96651
96651
96652
96653
96655
96656
96657
96661
96664
96665
96667
96669
96669
96669
96672
96673
96674
96675
96675
96675
96676
96677
96679
96679
96680
96684
96685
96685
96687
96690
96693
96694
96694
96698
96698
96698
96699
96699
96700
96701
96701
96703
96704
96704
96704
96708
96710
96710
96710
96711
96711
96712
96713
96714
96715
96715
96719
96720
96724
96725
96726
96728
96729
96731
96732
96735
96737
96737
96738
96743
96744
96747
96747
96748
96749
96750
96752
96753
96755
96755
96759
96761
96763
96766
96766
96771
96772
96772
96772
96773
96775
96778
96779
96780
96780
96780
96782
96783
96784
96785
96785
96786
96787
96790
96790
96791
96792
96792
96798
96799
96800
96801
96801
96806
96806
96807
96808
96809
96809
96810
96813
96814
96815
96815
96817
96817
96817
96817
96818
96819
96819
96825
96825
96827
96830
96833
96833
96834
96834
96835
96837
96838
96838
96839
96843
96844
96845
96846
96850
96852
96853
96853
96856
96857
96858
96860
96860
96861
96862
96862
96863
96865
96867
96868
96868
96872
96873
96873
96874
96875
96875
96876
96877
96878
96881
96883
96886
96888
96888
96888
96890
96890
96893
96893
96895
96897
96898
96900
96902
96902
96903
96903
96904
96904
96908
96909
96910
96910
96910
96912
96912
96912
96912
96913
96915
96917
96919
96921
96921
96921
96921
96922
96923
96923
96925
96926
96927
96927
96928
96928
96930
96932
96933
96936
96936
96936
96938
96938
96938
96945
96945
96952
96952
96953
96953
96957
96959
96959
96961
96962
96963
96963
96964
96966
96968
96969
96969
96969
96969
96969
96970
96973
96975
96975
96975
96976
96976
96978
96979
96980
96981
96982
96982
96982
96982
96982
96984
96985
96985
96986
96989
96990
96991
96995
96997
96997
96998
96999
97000
97000
97005
97005
97005
97007
97008
97009
97010
97012
97014
97014
97015
97016
97017
97020
97024
97024
97025
97027
97028
97029
97029
97030
97031
97031
97033
97035
97035
97036
97037
97037
97038
97039
97040
97043
97044
97045
97046
97047
97048
97049
97051
97052
97053
97055
97056
97057
97058
97058
97061
97062
97062
97064
97066
97066
97067
97067
97070
97071
97073
97076
97076
97077
97078
97078
97079
97080
97083
97085
97088
97088
97090
97091
97092
97092
97094
97095
97095
97097
97098
97100
97101
97102
97103
97104
97104
97107
97107
97108
97108
97108
97109
97113
97115
97115
97116
97117
97117
97118
97118
97119
97119
97120
97121
97122
97123
97129
97129
97130
97131
97131
97136
97138
97141
97141
97143
97144
97146
97146
97147
97150
97150
97151
97152
97155
97155
97156
97157
97158
97158
97158
97159
97159
97160
97163
97163
97167
97168
97168
97170
97171
97171
97172
97173
97175
97175
97176
97176
97179
97179
97179
97180
97180
97181
97183
97186
97188
97194
97195
97196
97196
97197
97197
97197
97199
97201
97202
97203
97204
97209
97210
97210
97211
97212
97215
97218
97223
97231
97231
97232
97232
97232
97234
97234
97235
97236
97236
97237
97239
97242
97242
97243
97247
97248
97249
97249
97250
97251
97251
97252
97254
97257
97258
97260
97262
97262
97262
97265
97265
97266
97267
97268
97270
97270
97272
97274
97274
97278
97280
97280
97282
97283
97283
97284
97289
97293
97294
97295
97300
97303
97304
97304
97306
97309
97310
97311
97311
97311
97315
97317
97318
97324
97326
97326
97328
97328
97329
97332
97333
97334
97337
97337
97337
97338
97338
97338
97339
97340
97341
97341
97343
97344
97344
97344
97346
97347
97348
97350
97353
97358
97359
97359
97359
97360
97361
97364
97364
97364
97366
97369
97371
97372
97373
97375
97376
97378
97381
97381
97382
97383
97384
97384
97384
97386
97388
97389
97389
97390
97390
97391
97392
97393
97395
97396
97399
97404
97405
97406
97407
97407
97408
97409
97409
97409
97410
97411
97412
97413
97413
97414
97414
97415
97421
97423
97424
97427
97427
97427
97427
97430
97432
97432
97433
97433
97433
97434
97435
97435
97438
97439
97440
97440
97440
97440
97444
97445
97446
97446
97448
97448
97448
97450
97452
97455
97458
97461
97461
97465
97465
97465
97466
97470
97473
97473
97475
97476
97477
97479
97479
97480
97481
97481
97484
97485
97487
97488
97490
97490
97491
97492
97494
97496
97497
97498
97499
97499
97502
97503
97505
97506
97508
97509
97510
97512
97516
97517
97520
97522
97524
97524
97528
97529
97531
97531
97535
97538
97539
97540
97541
97542
97542
97544
97546
97547
97550
97554
97556
97556
97557
97559
97561
97563
97566
97566
97568
97568
97569
97572
97573
97574
97577
97577
97577
97578
97580
97581
97581
97582
97583
97583
97584
97586
97586
97587
97590
97592
97593
97594
97596
97596
97597
97597
97597
97598
97599
97601
97601
97603
97604
97604
97611
97611
97614
97614
97616
97616
97623
97625
97626
97628
97631
97631
97633
97641
97642
97644
97644
97645
97645
97647
97648
97650
97650
97650
97660
97661
97661
97661
97661
97662
97662
97663
97665
97667
97668
97670
97672
97673
97677
97678
97679
97682
97682
97683
97684
97686
97687
97688
97690
97690
97691
97691
97695
97696
97697
97698
97700
97702
97703
97704
97705
97707
97707
97707
97708
97709
97710
97717
97720
97721
97721
97724
97725
97726
97727
97728
97729
97733
97734
97735
97737
97738
97739
97743
97743
97744
97746
97746
97749
97750
97751
97752
97753
97754
97754
97757
97759
97759
97761
97761
97762
97763
97764
97765
97766
97767
97771
97771
97772
97772
97773
97775
97778
97780
97782
97782
97783
97783
97784
97784
97789
97790
97790
97790
97790
97792
97794
97794
97794
97795
97796
97797
97799
97807
97809
97810
97810
97811
97815
97820
97821
97822
97823
97823
97824
97824
97826
97828
97830
97831
97832
97832
97833
97834
97836
97840
97841
97848
97851
97851
97852
97852
97854
97858
97858
97859
97860
97862
97862
97863
97863
97863
97871
97877
97877
97877
97877
97878
97878
97882
97886
97888
97889
97890
97892
97894
97896
97899
97900
97900
97900
97900
97901
97901
97901
97901
97906
97906
97907
97907
97909
97909
97909
97911
97912
97913
97914
97914
97914
97915
97915
97918
97918
97919
97919
97919
97922
97924
97925
97926
97934
97936
97937
97938
97940
97941
97941
97942
97943
97944
97947
97948
97948
97949
97950
97950
97950
97952
97959
97960
97961
97962
97964
97966
97966
97968
97969
97971
97971
97972
97972
97973
97975
97975
97979
97979
97979
97982
97985
97986
97986
97987
97988
97989
97989
97989
97993
97993
97997
97998
97998
98002
98004
98004
98006
98007
98007
98009
98010
98010
98011
98011
98012
98013
98015
98018
98019
98021
98021
98025
98026
98035
98038
98038
98039
98040
98041
98043
98043
98047
98047
98049
98049
98051
98052
98055
98055
98056
98061
98063
98065
98067
98069
98069
98069
98070
98070
98071
98071
98076
98080
98081
98082
98083
98085
98086
98087
98087
98088
98088
98089
98090
98090
98091
98092
98092
98093
98093
98093
98094
98094
98098
98102
98104
98106
98106
98107
98108
98108
98109
98109
98109
98110
98110
98111
98111
98111
98113
98113
98117
98119
98119
98121
98123
98124
98124
98128
98129
98129
98131
98134
98134
98135
98136
98137
98138
98138
98140
98140
98141
98142
98143
98143
98144
98145
98145
98145
98145
98148
98149
98150
98151
98152
98152
98153
98154
98156
98157
98158
98159
98159
98159
98161
98161
98161
98162
98163
98163
98165
98166
98169
98170
98174
98176
98179
98180
98181
98183
98184
98184
98186
98186
98189
98189
98190
98190
98192
98193
98193
98193
98195
98196
98197
98197
98202
98204
98205
98206
98206
98208
98208
98208
98210
98211
98212
98213
98214
98215
98216
98217
98217
98217
98218
98218
98219
98220
98221
98223
98224
98227
98227
98227
98228
98229
98231
98232
98232
98233
98234
98234
98235
98235
98236
98238
98242
98242
98243
98244
98246
98249
98252
98252
98253
98254
98255
98255
98256
98258
98258
98259
98260
98262
98264
98269
98270
98270
98270
98274
98277
98277
98277
98278
98279
98280
98282
98288
98288
98288
98291
98292
98292
98292
98294
98296
98296
98297
98299
98302
98304
98304
98305
98306
98309
98311
98311
98311
98311
98312
98313
98314
98318
98318
98319
98320
98322
98323
98325
98326
98327
98327
98328
98328
98332
98333
98333
98334
98335
98338
98338
98338
98341
98344
98348
98349
98349
98350
98351
98356
98358
98359
98360
98360
98362
98364
98366
98370
98373
98374
98378
98379
98382
98382
98382
98387
98387
98388
98389
98389
98390
98392
98393
98396
98397
98400
98402
98403
98403
98405
98405
98406
98408
98410
98411
98412
98412
98414
98418
98418
98419
98420
98421
98423
98423
98426
98426
98427
98428
98428
98428
98428
98430
98433
98433
98435
98440
98442
98445
98446
98447
98450
98453
98453
98454
98455
98456
98462
98462
98463
98464
98466
98470
98472
98472
98474
98474
98474
98476
98477
98480
98481
98485
98488
98489
98491
98491
98492
98494
98495
98498
98500
98501
98501
98504
98505
98505
98508
98508
98510
98511
98512
98513
98520
98520
98522
98522
98523
98524
98524
98525
98526
98526
98526
98526
98527
98529
98529
98531
98531
98532
98533
98537
98540
98541
98541
98542
98544
98544
98546
98547
98547
98548
98549
98550
98552
98555
98555
98556
98556
98559
98562
98563
98563
98564
98564
98565
98566
98567
98567
98570
98571
98572
98572
98574
98575
98580
98583
98584
98586
98588
98588
98592
98594
98594
98594
98595
98597
98600
98601
98601
98602
98605
98609
98615
98615
98619
98624
98624
98626
98627
98631
98633
98633
98635
98637
98638
98639
98641
98641
98642
98647
98649
98651
98653
98654
98661
98673
98674
98674
98678
98680
98686
98687
98688
98689
98689
98690
98690
98690
98692
98692
98694
98695
98698
98700
98701
98701
98702
98703
98705
98705
98706
98706
98709
98709
98710
98711
98718
98719
98720
98720
98726
98726
98727
98729
98731
98731
98732
98734
98735
98738
98739
98739
98743
98744
98744
98744
98745
98746
98747
98748
98748
98748
98749
98751
98751
98754
98754
98756
98756
98760
98762
98762
98762
98763
98765
98766
98769
98770
98770
98773
98775
98775
98776
98778
98780
98781
98782
98783
98784
98787
98787
98788
98790
98790
98792
98792
98794
98795
98796
98797
98797
98797
98798
98798
98799
98800
98802
98803
98804
98805
98805
98806
98808
98808
98808
98808
98809
98811
98814
98815
98816
98816
98817
98818
98819
98824
98825
98826
98828
98828
98828
98829
98830
98830
98831
98831
98831
98833
98833
98835
98836
98838
98838
98840
98841
98841
98841
98843
98843
98847
98847
98848
98849
98851
98852
98852
98854
98855
98855
98855
98857
98858
98858
98861
98864
98865
98865
98865
98865
98866
98870
98871
98872
98872
98876
98878
98880
98880
98880
98881
98881
98882
98884
98887
98889
98891
98893
98895
98896
98897
98897
98897
98898
98899
98900
98900
98900
98901
98902
98904
98904
98906
98906
98913
98914
98915
98918
98918
98925
98925
98926
98926
98929
98930
98931
98932
98933
98934
98934
98936
98937
98939
98940
98941
98945
98946
98948
98948
98949
98950
98954
98955
98957
98958
98961
98963
98963
98965
98967
98968
98968
98968
98968
98969
98969
98970
98972
98973
98973
98975
98979
98980
98980
98985
98986
98986
98987
98987
98990
98991
98991
98991
98992
98993
98993
98995
98995
98998
98998
98999
99000
99000
99001
99001
99002
99002
99003
99003
99004
99004
99005
99006
99006
99009
99009
99010
99010
99010
99011
99015
99016
99027
99027
99028
99029
99029
99029
99029
99032
99032
99034
99035
99037
99038
99039
99047
99049
99050
99050
99054
99055
99057
99059
99061
99061
99061
99062
99064
99065
99069
99070
99074
99074
99075
99075
99076
99077
99078
99079
99079
99082
99082
99082
99083
99086
99088
99088
99088
99089
99090
99090
99094
99095
99096
99096
99097
99098
99099
99099
99102
99103
99106
99106
99107
99109
99111
99113
99113
99114
99114
99115
99116
99120
99121
99121
99125
99126
99126
99128
99129
99132
99132
99136
99136
99137
99137
99138
99138
99141
99142
99142
99144
99145
99147
99148
99149
99152
99154
99155
99156
99157
99157
99158
99159
99161
99162
99163
99165
99170
99172
99174
99177
99177
99181
99185
99186
99188
99189
99189
99190
99192
99194
99194
99195
99196
99197
99199
99200
99201
99202
99202
99204
99208
99208
99209
99211
99213
99213
99214
99214
99216
99216
99217
99217
99220
99220
99220
99222
99223
99223
99223
99224
99224
99225
99225
99225
99226
99226
99227
99229
99230
99230
99230
99231
99231
99231
99232
99233
99233
99233
99239
99240
99240
99241
99244
99244
99244
99245
99246
99247
99247
99250
99250
99252
99252
99253
99256
99257
99257
99257
99258
99260
99260
99262
99263
99263
99268
99273
99273
99274
99276
99278
99279
99279
99281
99282
99282
99283
99283
99286
99287
99291
99293
99295
99297
99299
99299
99304
99304
99305
99305
99307
99307
99312
99314
99315
99318
99319
99320
99320
99320
99323
99323
99323
99326
99327
99327
99328
99330
99331
99333
99334
99335
99337
99337
99337
99338
99339
99339
99339
99342
99342
99343
99344
99348
99349
99350
99354
99357
99360
99360
99360
99361
99362
99363
99364
99366
99368
99369
99373
99374
99374
99375
99376
99378
99378
99382
99384
99385
99386
99387
99390
99392
99393
99395
99399
99403
99403
99404
99405
99407
99407
99409
99417
99417
99419
99420
99420
99421
99422
99423
99425
99428
99429
99432
99434
99434
99435
99436
99437
99439
99440
99440
99441
99441
99443
99443
99446
99446
99449
99454
99455
99455
99456
99456
99460
99463
99465
99467
99467
99467
99469
99471
99473
99474
99478
99480
99480
99481
99481
99484
99485
99486
99487
99489
99489
99490
99492
99493
99496
99497
99498
99498
99499
99499
99500
99504
99504
99505
99505
99506
99508
99511
99513
99513
99517
99518
99519
99519
99520
99520
99520
99520
99521
99521
99529
99532
99534
99535
99536
99536
99536
99538
99538
99544
99544
99548
99549
99551
99552
99554
99555
99555
99555
99555
99555
99556
99560
99561
99561
99562
99563
99565
99566
99567
99568
99571
99571
99572
99573
99574
99575
99576
99577
99579
99580
99580
99580
99580
99581
99584
99587
99589
99590
99591
99593
99594
99594
99595
99596
99597
99598
99598
99601
99603
99606
99607
99607
99608
99612
99620
99621
99621
99621
99623
99623
99624
99628
99629
99630
99631
99632
99633
99633
99634
99634
99636
99636
99638
99639
99641
99643
99643
99644
99646
99648
99649
99649
99650
99650
99651
99656
99656
99658
99659
99659
99659
99660
99660
99661
99664
99664
99666
99669
99670
99671
99671
99672
99673
99677
99678
99678
99681
99681
99682
99683
99684
99684
99685
99685
99686
99687
99687
99691
99691
99694
99694
99700
99701
99701
99701
99704
99704
99709
99710
99710
99710
99711
99712
99712
99713
99713
99713
99713
99714
99715
99717
99719
99720
99723
99723
99724
99725
99725
99726
99728
99729
99734
99735
99737
99737
99738
99740
99741
99743
99743
99744
99744
99745
99746
99748
99752
99754
99756
99757
99757
99764
99765
99766
99766
99766
99770
99771
99773
99778
99779
99780
99781
99781
99782
99782
99784
99786
99787
99788
99788
99788
99789
99790
99790
99790
99790
99791
99794
99797
99797
99798
99798
99798
99798
99800
99800
99800
99801
99802
99805
99806
99808
99808
99810
99811
99817
99822
99823
99826
99827
99831
99831
99831
99832
99839
99840
99845
99847
99848
99849
99852
99853
99854
99855
99855
99855
99855
99856
99856
99857
99857
99858
99861
99861
99863
99863
99864
99864
99865
99866
99866
99866
99868
99869
99871
99872
99873
99873
99874
99874
99874
99874
99874
99876
99876
99877
99877
99877
99877
99878
99878
99880
99881
99884
99885
99885
99885
99886
99886
99887
99890
99890
99890
99891
99893
99895
99896
99897
99897
99899
99899
99899
99902
99902
99904
99905
99905
99906
99907
99908
99909
99911
99912
99913
99914
99916
99918
99918
99918
99921
99922
99924
99926
99927
99927
99928
99928
99929
99931
99933
99936
99936
99939
99940
99944
99944
99946
99948
99953
99955
99955
99957
99958
99959
99960
99961
99962
99964
99969
99969
99971
99972
99974
99975
99978
99979
99979
99981
99984
99985
99986
99986
99986
99989
99989
99991
99991
99991
99993
99993
99993
99993
99994
99995
99988
99989
99990
99990
99993
99995
99996
99997
993
99994
99995
99997
99998
