0
0
1
4
5
6
11
12
12
13
14
17
17
18
19
20
23
23
25
26
27
27
28
31
36
36
38
39
39
42
42
42
43
44
45
50
53
54
55
55
55
56
57
58
62
64
67
71
71
72
72
74
75
81
83
83
85
87
87
87
88
89
90
92
94
96
96
96
96
97
98
98
98
99
101
104
105
106
109
109
110
110
114
116
117
125
125
126
127
129
129
131
132
132
134
135
135
139
140
140
141
141
142
142
144
144
148
150
150
153
154
155
157
158
161
164
165
165
167
172
172
173
175
175
176
177
177
177
179
180
181
181
183
184
185
185
188
191
191
192
195
198
200
203
203
208
208
209
211
212
213
215
215
216
216
217
220
220
221
222
224
226
227
229
232
233
238
239
241
242
243
243
243
244
249
250
251
253
254
254
254
255
257
257
257
259
259
260
261
265
266
267
269
269
270
271
273
273
274
274
277
278
279
281
282
284
287
289
289
290
291
292
293
293
295
295
297
297
297
299
300
307
310
311
313
313
313
316
318
318
321
323
323
327
328
328
330
330
330
333
333
334
335
336
337
339
341
343
343
345
345
345
347
348
348
349
351
351
351
352
353
354
354
356
360
361
361
362
363
363
364
365
369
369
375
375
377
380
381
382
383
384
386
386
389
392
393
393
395
400
400
400
404
405
406
407
410
412
413
414
414
415
416
416
417
417
418
419
420
420
421
422
422
422
427
427
428
428
430
430
432
432
434
435
436
437
440
442
442
443
446
451
451
455
455
456
461
462
462
463
463
464
466
466
466
470
470
470
471
471
471
473
474
476
477
477
481
481
482
482
484
484
484
486
486
486
486
488
489
489
489
490
490
493
494
494
495
497
498
499
500
500
501
502
502
505
509
510
511
511
514
519
519
523
524
526
528
530
530
534
537
540
543
543
543
544
544
545
545
545
546
547
549
551
552
552
554
555
557
557
558
558
560
561
561
562
563
563
566
568
568
570
571
575
578
578
578
582
582
585
586
589
591
592
595
596
597
598
601
602
606
608
608
612
613
615
617
617
618
618
618
621
621
621
622
623
624
625
625
625
626
626
626
627
627
628
629
633
634
634
635
636
637
637
638
639
640
640
641
648
650
651
651
652
652
652
653
654
654
657
658
659
659
661
662
663
664
667
667
668
668
671
673
675
675
676
677
679
681
682
683
683
684
685
687
689
689
693
694
696
697
698
699
700
702
706
707
711
713
714
714
715
715
716
716
719
720
722
723
723
725
730
730
731
732
732
733
733
734
736
736
738
739
741
742
742
743
746
747
749
749
750
750
751
753
753
758
761
761
763
765
767
769
770
771
772
773
775
779
779
780
781
782
783
784
784
785
786
786
786
786
787
795
796
797
798
800
801
804
804
805
807
807
807
810
815
817
817
817
818
819
820
820
823
824
824
829
829
831
832
832
834
835
835
835
837
837
837
839
841
844
845
846
846
847
848
850
851
852
855
855
855
858
862
862
862
865
866
868
870
871
871
873
873
875
875
876
876
877
878
878
879
879
879
885
886
886
886
887
890
891
892
892
893
893
894
894
895
896
898
899
901
901
902
902
903
903
905
906
906
908
909
911
911
912
912
912
915
915
916
916
918
921
922
923
924
925
928
928
929
931
932
933
935
936
936
939
944
947
947
948
949
950
950
952
954
956
958
960
961
962
962
966
970
971
972
974
974
975
975
975
976
976
977
978
981
982
984
987
987
990
990
992
994
994
995
997
997
1000
1001
1002
1002
1003
1004
1006
1006
1006
1006
1007
1007
1008
1008
1009
1013
1014
1015
1015
1016
1017
1018
1021
1022
1024
1025
1027
1027
1028
1034
1036
1037
1038
1038
1039
1039
1039
1043
1045
1046
1048
1049
1050
1055
1058
1065
1065
1067
1067
1069
1072
1074
1076
1077
1077
1078
1078
1079
1081
1084
1085
1086
1086
1087
1087
1088
1090
1094
1096
1096
1099
1101
1102
1103
1103
1107
1110
1116
1117
1117
1119
1120
1122
1125
1129
1130
1131
1132
1134
1136
1136
1136
1137
1139
1139
1139
1139
1141
1141
1142
1144
1146
1147
1149
1150
1150
1150
1151
1152
1155
1155
1155
1155
1159
1159
1161
1162
1164
1165
1166
1167
1169
1170
1173
1173
1174
1176
1177
1179
1180
1181
1183
1185
1188
1191
1193
1194
1195
1197
1197
1199
1200
1200
1202
1205
1207
1207
1208
1208
1210
1210
1210
1210
1210
1210
1211
1212
1214
1214
1215
1217
1218
1219
1221
1222
1223
1223
1224
1225
1227
1229
1229
1229
1230
1230
1232
1232
1233
1233
1233
1233
1234
1235
1237
1238
1240
1241
1242
1242
1242
1245
1246
1247
1249
1249
1249
1251
1251
1255
1260
1260
1260
1261
1261
1262
1262
1266
1271
1271
1271
1273
1275
1275
1281
1282
1282
1285
1285
1286
1286
1287
1287
1288
1288
1288
1289
1290
1292
1294
1295
1297
1297
1298
1301
1301
1303
1304
1304
1305
1306
1307
1312
1313
1314
1315
1317
1317
1318
1318
1318
1319
1320
1320
1321
1322
1323
1324
1327
1328
1328
1331
1332
1333
1333
1335
1338
1339
1344
1345
1346
1348
1350
1351
1356
1357
1358
1359
1359
1360
1360
1360
1360
1361
1361
1362
1363
1364
1367
1375
1377
1378
1378
1380
1380
1381
1385
1385
1391
1392
1395
1397
1397
1397
1402
1406
1407
1407
1410
1411
1414
1414
1415
1416
1417
1417
1419
1419
1422
1423
1424
1424
1427
1427
1430
1431
1432
1433
1434
1435
1436
1438
1441
1442
1445
1448
1451
1452
1454
1456
1456
1458
1458
1460
1461
1461
1461
1462
1462
1463
1463
1464
1466
1466
1468
1469
1469
1470
1471
1471
1473
1473
1474
1474
1479
1481
1481
1482
1483
1483
1484
1485
1485
1487
1487
1490
1492
1493
1495
1495
1495
1495
1496
1497
1499
1501
1501
1502
1504
1505
1505
1508
1508
1512
1513
1523
1524
1525
1527
1531
1532
1532
1533
1533
1535
1537
1538
1538
1539
1540
1541
1541
1542
1543
1543
1544
1545
1545
1549
1550
1551
1554
1555
1556
1557
1558
1558
1559
1562
1563
1564
1564
1567
1567
1570
1570
1572
1574
1578
1580
1581
1581
1585
1585
1589
1590
1591
1591
1591
1592
1596
1599
1604
1604
1605
1605
1606
1608
1608
1608
1609
1610
1616
1616
1617
1618
1621
1622
1623
1623
1625
1628
1629
1629
1632
1635
1637
1637
1641
1643
1645
1647
1647
1648
1649
1650
1650
1650
1650
1650
1651
1653
1653
1654
1654
1656
1656
1656
1657
1657
1658
1659
1659
1660
1661
1665
1669
1671
1673
1675
1676
1677
1677
1678
1678
1683
1683
1683
1684
1688
1689
1691
1692
1695
1697
1699
1703
1703
1704
1705
1707
1707
1709
1709
1710
1710
1710
1711
1711
1713
1713
1714
1716
1716
1717
1717
1718
1720
1722
1723
1724
1724
1726
1728
1730
1730
1730
1730
1731
1731
1732
1733
1733
1734
1735
1735
1739
1739
1739
1741
1741
1742
1743
1745
1750
1750
1753
1754
1755
1755
1755
1758
1759
1760
1765
1765
1766
1768
1769
1771
1772
1776
1776
1777
1777
1777
1779
1781
1783
1785
1785
1786
1790
1790
1791
1792
1793
1794
1795
1795
1795
1797
1800
1802
1802
1803
1807
1808
1808
1809
1811
1813
1814
1814
1814
1815
1816
1817
1821
1822
1823
1823
1824
1825
1826
1829
1831
1831
1832
1833
1833
1835
1837
1840
1841
1842
1845
1846
1847
1849
1855
1857
1857
1862
1866
1866
1867
1867
1868
1868
1869
1869
1870
1871
1872
1874
1876
1877
1878
1878
1879
1880
1881
1882
1883
1884
1884
1886
1887
1888
1889
1890
1890
1892
1893
1894
1894
1895
1896
1896
1897
1897
1898
1899
1904
1905
1905
1907
1912
1912
1914
1917
1921
1921
1922
1922
1923
1927
1927
1927
1929
1931
1932
1933
1938
1939
1941
1942
1942
1943
1943
1943
1944
1947
1947
1947
1950
1950
1953
1954
1955
1956
1958
1959
1959
1961
1962
1963
1965
1967
1967
1967
1968
1970
1970
1970
1971
1972
1973
1974
1975
1976
1977
1977
1977
1978
1979
1979
1981
1981
1981
1982
1982
1983
1984
1985
1986
1986
1988
1990
1990
1991
1992
1993
1994
1995
1996
1998
1998
2000
2001
2004
2004
2005
2006
2007
2007
2008
2010
2012
2014
2017
2018
2019
2021
2021
2023
2023
2026
2032
2032
2032
2032
2033
2034
2036
2036
2037
2038
2038
2041
2041
2045
2049
2049
2051
2051
2053
2053
2054
2056
2058
2059
2060
2060
2061
2062
2064
2068
2071
2072
2073
2073
2073
2074
2075
2076
2077
2078
2079
2082
2083
2083
2083
2084
2085
2085
2088
2089
2089
2089
2090
2092
2093
2094
2095
2095
2096
2097
2097
2099
2100
2101
2102
2104
2104
2105
2109
2110
2112
2114
2116
2117
2118
2119
2120
2121
2122
2128
2129
2131
2133
2135
2136
2140
2142
2143
2143
2144
2144
2144
2144
2146
2147
2148
2148
2149
2149
2150
2150
2150
2150
2151
2151
2153
2153
2153
2153
2156
2158
2158
2159
2159
2160
2161
2164
2164
2166
2167
2168
2170
2171
2171
2172
2172
2173
2175
2176
2180
2181
2183
2184
2185
2186
2187
2190
2193
2194
2194
2196
2197
2197
2197
2197
2197
2198
2199
2199
2199
2199
2200
2200
2208
2208
2209
2210
2214
2214
2214
2216
2217
2220
2220
2223
2225
2225
2228
2229
2229
2232
2234
2235
2237
2237
2242
2243
2249
2251
2251
2253
2253
2256
2256
2257
2259
2260
2260
2263
2267
2269
2270
2270
2277
2280
2283
2284
2287
2289
2290
2290
2290
2294
2295
2296
2297
2297
2297
2300
2302
2303
2304
2304
2305
2306
2308
2310
2315
2319
2321
2321
2322
2323
2324
2328
2329
2330
2331
2335
2338
2339
2340
2341
2342
2343
2346
2347
2348
2348
2350
2350
2351
2351
2355
2360
2362
2362
2364
2365
2367
2368
2369
2370
2370
2371
2372
2372
2374
2376
2377
2377
2379
2381
2381
2382
2385
2385
2386
2387
2387
2388
2389
2389
2393
2393
2394
2395
2400
2400
2401
2402
2402
2402
2406
2406
2407
2408
2409
2410
2413
2414
2419
2424
2428
2428
2428
2429
2430
2431
2431
2432
2433
2435
2437
2438
2439
2440
2444
2444
2444
2449
2449
2449
2450
2451
2451
2457
2458
2459
2459
2464
2466
2469
2469
2470
2472
2477
2477
2478
2478
2481
2483
2483
2485
2488
2490
2490
2491
2491
2492
2492
2494
2494
2496
2498
2500
2502
2502
2504
2507
2507
2509
2510
2511
2515
2516
2516
2521
2521
2522
2523
2524
2524
2526
2526
2528
2529
2529
2530
2532
2532
2533
2535
2535
2540
2541
2543
2544
2548
2549
2550
2551
2552
2558
2560
2561
2561
2562
2565
2565
2568
2569
2569
2569
2569
2571
2572
2573
2574
2575
2575
2575
2575
2576
2576
2577
2578
2580
2580
2580
2583
2589
2590
2590
2591
2593
2600
2600
2603
2603
2604
2604
2605
2610
2612
2615
2616
2618
2618
2618
2621
2621
2624
2624
2626
2628
2628
2629
2629
2630
2637
2637
2637
2638
2640
2641
2647
2649
2651
2655
2657
2658
2660
2660
2665
2667
2669
2670
2673
2674
2675
2675
2679
2682
2682
2684
2685
2686
2687
2687
2690
2691
2693
2694
2694
2694
2695
2697
2697
2697
2698
2698
2699
2701
2701
2702
2702
2703
2704
2704
2704
2707
2708
2711
2711
2714
2717
2717
2720
2721
2721
2722
2724
2727
2727
2728
2729
2731
2734
2736
2736
2738
2739
2741
2748
2750
2751
2751
2752
2753
2757
2758
2759
2760
2763
2763
2764
2765
2768
2768
2769
2771
2772
2773
2774
2775
2776
2780
2782
2783
2786
2787
2788
2789
2789
2789
2790
2790
2792
2795
2795
2797
2798
2802
2802
2802
2803
2803
2803
2804
2804
2804
2807
2808
2808
2809
2810
2811
2812
2812
2814
2814
2814
2815
2817
2818
2818
2818
2818
2818
2819
2823
2824
2827
2828
2829
2834
2836
2837
2838
2842
2844
2845
2846
2846
2849
2851
2852
2856
2856
2858
2858
2859
2859
2860
2861
2862
2863
2864
2866
2867
2868
2870
2871
2874
2878
2879
2879
2881
2884
2885
2886
2887
2888
2892
2894
2897
2897
2897
2901
2904
2905
2905
2907
2908
2908
2908
2908
2909
2909
2910
2913
2915
2916
2917
2918
2919
2922
2923
2924
2925
2925
2926
2926
2928
2930
2931
2931
2934
2934
2935
2937
2940
2941
2941
2941
2941
2942
2942
2943
2943
2944
2945
2945
2946
2949
2952
2952
2957
2958
2958
2959
2959
2959
2962
2967
2969
2970
2971
2971
2972
2973
2973
2976
2976
2976
2978
2980
2980
2981
2981
2981
2982
2985
2985
2985
2988
2989
2996
3000
3000
3001
3005
3009
3010
3011
3013
3017
3018
3020
3020
3021
3022
3024
3024
3025
3027
3032
3033
3033
3036
3038
3039
3040
3040
3044
3045
3045
3048
3051
3051
3052
3053
3054
3055
3057
3057
3058
3058
3061
3061
3062
3064
3064
3067
3067
3069
3071
3071
3071
3074
3075
3076
3077
3077
3081
3083
3086
3087
3088
3089
3090
3091
3092
3093
3096
3098
3100
3100
3101
3103
3104
3105
3113
3113
3113
3113
3115
3115
3116
3116
3117
3123
3125
3126
3128
3129
3132
3134
3134
3134
3140
3140
3140
3141
3144
3146
3147
3148
3149
3150
3150
3151
3152
3153
3153
3154
3154
3155
3155
3156
3161
3162
3162
3163
3164
3165
3166
3168
3173
3174
3175
3177
3178
3180
3181
3182
3182
3184
3185
3185
3187
3192
3192
3193
3195
3195
3196
3196
3199
3200
3200
3201
3201
3202
3204
3208
3208
3213
3213
3214
3217
3221
3226
3226
3227
3232
3232
3233
3233
3236
3236
3237
3239
3241
3242
3242
3244
3244
3245
3245
3246
3246
3248
3248
3248
3248
3248
3253
3254
3254
3255
3255
3255
3256
3258
3260
3260
3260
3267
3268
3270
3270
3272
3273
3276
3278
3280
3281
3281
3282
3283
3285
3286
3287
3287
3289
3291
3293
3294
3296
3296
3298
3303
3304
3306
3307
3307
3307
3307
3308
3311
3312
3315
3316
3316
3317
3318
3318
3319
3320
3320
3322
3324
3327
3327
3327
3327
3328
3328
3328
3330
3333
3333
3335
3335
3337
3337
3338
3339
3341
3342
3343
3344
3346
3346
3348
3353
3353
3353
3354
3355
3357
3359
3362
3362
3362
3364
3365
3366
3368
3369
3369
3371
3374
3374
3374
3376
3378
3378
3381
3383
3384
3385
3389
3390
3391
3392
3393
3394
3394
3397
3397
3399
3400
3401
3401
3402
3405
3405
3406
3407
3407
3408
3409
3409
3410
3411
3414
3415
3416
3416
3418
3418
3418
3419
3419
3420
3420
3421
3423
3424
3425
3427
3427
3428
3428
3429
3430
3431
3434
3435
3437
3437
3439
3439
3440
3441
3441
3444
3444
3444
3444
3445
3446
3446
3447
3448
3448
3449
3451
3452
3455
3457
3458
3459
3462
3467
3467
3470
3472
3473
3476
3477
3478
3479
3486
3487
3487
3488
3488
3489
3490
3491
3495
3495
3495
3496
3502
3506
3507
3508
3508
3509
3512
3512
3513
3515
3518
3520
3520
3521
3523
3525
3525
3526
3526
3528
3532
3535
3539
3546
3546
3547
3548
3548
3549
3550
3550
3552
3553
3562
3563
3563
3563
3564
3564
3566
3569
3570
3570
3571
3572
3572
3572
3578
3579
3580
3581
3581
3585
3585
3587
3587
3590
3591
3591
3592
3593
3594
3594
3594
3595
3595
3597
3597
3598
3598
3599
3601
3602
3603
3603
3604
3604
3605
3605
3606
3606
3608
3610
3610
3611
3612
3612
3612
3616
3617
3617
3619
3621
3621
3622
3622
3623
3624
3625
3627
3628
3631
3631
3631
3631
3640
3642
3644
3644
3645
3649
3651
3652
3652
3653
3657
3661
3661
3662
3663
3667
3667
3671
3672
3676
3677
3677
3679
3680
3684
3685
3686
3688
3688
3689
3689
3690
3692
3694
3695
3696
3698
3699
3701
3701
3702
3703
3706
3711
3712
3712
3712
3713
3714
3718
3719
3721
3722
3723
3723
3723
3724
3724
3725
3726
3726
3728
3728
3729
3729
3730
3733
3734
3735
3736
3737
3737
3739
3740
3740
3741
3742
3743
3743
3743
3743
3744
3745
3747
3749
3749
3750
3751
3751
3751
3753
3754
3754
3755
3757
3757
3758
3758
3759
3759
3761
3762
3764
3765
3766
3767
3767
3767
3770
3773
3774
3775
3776
3777
3777
3777
3778
3779
3780
3784
3784
3785
3787
3788
3789
3795
3796
3797
3798
3799
3799
3799
3800
3801
3803
3806
3807
3810
3810
3810
3811
3812
3814
3815
3816
3817
3817
3818
3818
3820
3823
3824
3831
3832
3836
3837
3837
3839
3839
3841
3842
3843
3845
3845
3845
3849
3851
3852
3853
3853
3855
3856
3858
3860
3860
3862
3863
3863
3864
3865
3867
3868
3868
3873
3874
3874
3875
3875
3880
3882
3883
3883
3885
3886
3887
3887
3890
3890
3891
3891
3893
3894
3895
3897
3898
3900
3901
3901
3903
3905
3906
3907
3908
3908
3910
3912
3913
3913
3914
3914
3917
3917
3917
3917
3918
3919
3924
3924
3925
3927
3928
3933
3934
3936
3939
3940
3943
3944
3944
3945
3945
3945
3945
3946
3946
3946
3947
3948
3949
3950
3951
3952
3954
3955
3956
3959
3963
3964
3965
3965
3966
3968
3970
3971
3972
3973
3977
3978
3979
3979
3980
3980
3981
3982
3987
3990
3990
3991
3994
3994
3996
3997
3999
3999
4000
4002
4002
4003
4006
4007
4008
4009
4009
4009
4010
4010
4012
4016
4018
4018
4020
4020
4021
4023
4024
4026
4026
4030
4030
4031
4033
4035
4038
4040
4043
4045
4050
4051
4053
4054
4054
4057
4057
4057
4058
4061
4063
4065
4066
4070
4072
4072
4073
4073
4075
4075
4079
4079
4080
4081
4081
4083
4083
4083
4084
4087
4089
4090
4091
4091
4094
4094
4095
4095
4097
4098
4099
4102
4102
4102
4102
4103
4107
4107
4108
4110
4111
4112
4114
4114
4116
4117
4118
4118
4119
4119
4121
4121
4121
4122
4125
4125
4126
4129
4131
4132
4138
4141
4141
4142
4144
4146
4149
4151
4152
4153
4153
4153
4153
4154
4156
4157
4159
4159
4162
4163
4163
4165
4167
4169
4169
4169
4170
4170
4170
4171
4172
4173
4174
4176
4178
4179
4182
4182
4182
4183
4183
4184
4184
4184
4185
4186
4188
4190
4191
4195
4197
4200
4203
4203
4203
4204
4207
4208
4209
4213
4213
4215
4216
4216
4217
4219
4220
4220
4222
4222
4222
4222
4223
4224
4224
4224
4225
4225
4227
4228
4229
4231
4232
4232
4232
4233
4233
4233
4235
4237
4238
4238
4239
4239
4239
4241
4246
4249
4249
4255
4256
4256
4256
4257
4259
4259
4259
4260
4261
4262
4262
4263
4264
4265
4266
4270
4271
4271
4271
4272
4272
4273
4278
4282
4283
4284
4284
4284
4285
4289
4292
4293
4294
4295
4298
4298
4302
4305
4305
4307
4307
4316
4316
4316
4317
4321
4323
4325
4328
4331
4331
4332
4333
4335
4337
4338
4338
4339
4339
4339
4340
4340
4341
4341
4341
4347
4348
4348
4348
4349
4349
4351
4352
4353
4353
4354
4354
4355
4357
4358
4358
4359
4360
4360
4363
4363
4363
4364
4365
4365
4365
4365
4367
4370
4372
4372
4373
4373
4378
4378
4378
4379
4381
4382
4382
4383
4387
4390
4392
4393
4395
4397
4397
4399
4400
4401
4402
4402
4402
4404
4405
4408
4408
4409
4412
4412
4416
4416
4416
4416
4416
4418
4418
4421
4422
4423
4424
4425
4427
4428
4431
4431
4431
4431
4432
4432
4436
4440
4443
4447
4449
4454
4456
4457
4460
4460
4464
4465
4466
4468
4469
4475
4476
4477
4478
4479
4487
4489
4491
4491
4491
4492
4492
4492
4492
4494
4494
4495
4495
4496
4496
4496
4496
4496
4496
4499
4503
4506
4507
4507
4507
4508
4509
4513
4514
4515
4516
4517
4518
4518
4520
4521
4521
4521
4523
4524
4525
4527
4528
4529
4529
4530
4530
4532
4534
4536
4536
4537
4538
4540
4541
4541
4542
4543
4543
4548
4550
4550
4550
4551
4554
4554
4556
4556
4559
4563
4564
4567
4569
4569
4570
4572
4573
4574
4574
4578
4578
4579
4584
4587
4590
4590
4592
4595
4595
4595
4597
4598
4598
4603
4603
4605
4605
4605
4606
4608
4609
4609
4610
4610
4611
4612
4614
4614
4617
4619
4620
4621
4622
4624
4626
4629
4629
4629
4632
4637
4640
4648
4648
4651
4651
4653
4657
4658
4658
4659
4664
4665
4667
4669
4672
4672
4673
4674
4676
4677
4677
4678
4679
4680
4681
4684
4687
4687
4688
4688
4688
4689
4689
4689
4689
4692
4692
4692
4693
4697
4705
4706
4706
4706
4709
4709
4709
4709
4711
4714
4717
4719
4720
4720
4720
4724
4724
4725
4725
4727
4728
4731
4734
4734
4741
4741
4742
4743
4743
4745
4746
4747
4747
4748
4748
4748
4749
4749
4749
4751
4754
4756
4756
4758
4758
4759
4760
4760
4763
4763
4764
4764
4766
4769
4770
4774
4774
4774
4776
4777
4778
4780
4781
4785
4786
4786
4786
4789
4789
4793
4793
4793
4793
4795
4798
4802
4802
4803
4805
4807
4807
4809
4811
4811
4811
4813
4813
4818
4819
4819
4820
4822
4822
4822
4827
4831
4831
4837
4837
4838
4838
4839
4842
4844
4845
4847
4847
4848
4849
4849
4851
4852
4853
4855
4855
4856
4860
4861
4865
4865
4865
4867
4867
4870
4871
4872
4873
4875
4876
4880
4880
4880
4882
4882
4884
4884
4889
4889
4890
4891
4891
4892
4892
4892
4893
4894
4895
4897
4899
4902
4904
4905
4905
4905
4906
4907
4907
4908
4911
4911
4914
4914
4915
4917
4917
4918
4918
4919
4919
4920
4920
4920
4922
4926
4929
4930
4930
4937
4938
4942
4943
4944
4944
4944
4944
4945
4946
4947
4947
4947
4948
4948
4949
4950
4953
4954
4958
4960
4961
4963
4965
4965
4965
4965
4972
4972
4972
4972
4973
4974
4975
4977
4978
4979
4981
4982
4982
4982
4984
4986
4987
4988
4991
4994
4995
4998
4999
4999
5000
5000
5002
5002
5003
5003
5005
5005
5009
5010
5014
5014
5015
5016
5016
5016
5018
5021
5021
5024
5025
5026
5033
5034
5035
5036
5039
5040
5041
5044
5049
5049
5051
5051
5054
5057
5057
5060
5062
5063
5064
5065
5066
5066
5067
5068
5071
5072
5073
5074
5074
5075
5079
5079
5081
5083
5085
5086
5087
5088
5089
5090
5091
5091
5092
5094
5094
5097
5099
5101
5101
5103
5104
5105
5106
5107
5108
5110
5111
5111
5114
5115
5116
5122
5130
5130
5131
5131
5132
5132
5132
5134
5134
5135
5136
5137
5139
5140
5140
5140
5141
5141
5141
5143
5144
5145
5145
5148
5148
5150
5152
5153
5159
5161
5161
5163
5163
5164
5164
5165
5166
5169
5169
5170
5170
5170
5171
5173
5173
5174
5176
5176
5176
5178
5179
5184
5185
5186
5186
5186
5187
5191
5193
5196
5196
5196
5198
5199
5199
5205
5205
5208
5208
5209
5209
5209
5210
5211
5212
5212
5213
5214
5216
5218
5220
5220
5221
5221
5222
5223
5227
5228
5228
5229
5230
5231
5232
5232
5235
5236
5238
5238
5239
5241
5241
5242
5244
5244
5245
5250
5254
5254
5254
5256
5260
5261
5267
5267
5269
5271
5272
5272
5275
5278
5279
5282
5283
5284
5284
5285
5285
5286
5286
5288
5288
5290
5290
5291
5292
5293
5293
5293
5294
5294
5294
5296
5296
5297
5301
5301
5304
5305
5305
5306
5307
5309
5309
5311
5313
5314
5314
5317
5318
5318
5321
5322
5325
5329
5330
5335
5336
5336
5337
5337
5338
5339
5341
5343
5344
5346
5347
5351
5357
5362
5363
5366
5367
5367
5367
5368
5369
5370
5372
5373
5374
5377
5377
5378
5379
5379
5383
5384
5386
5387
5387
5389
5389
5392
5392
5393
5394
5396
5396
5396
5397
5398
5400
5403
5403
5403
5404
5405
5414
5416
5419
5421
5424
5424
5428
5429
5430
5431
5435
5436
5437
5438
5440
5443
5445
5445
5448
5448
5448
5450
5454
5460
5463
5463
5465
5466
5466
5468
5468
5470
5471
5471
5472
5473
5474
5474
5478
5479
5479
5480
5482
5483
5484
5485
5490
5490
5491
5492
5498
5500
5501
5503
5505
5505
5505
5506
5508
5508
5509
5514
5514
5515
5516
5517
5518
5518
5519
5520
5520
5522
5523
5523
5525
5525
5527
5528
5529
5529
5530
5531
5531
5536
5537
5539
5542
5543
5545
5547
5548
5550
5554
5556
5561
5562
5563
5565
5566
5566
5570
5572
5573
5576
5577
5577
5578
5579
5579
5580
5580
5583
5585
5586
5587
5587
5590
5590
5590
5591
5591
5591
5592
5593
5593
5595
5597
5597
5599
5602
5602
5604
5605
5605
5610
5612
5614
5614
5615
5616
5617
5619
5619
5622
5624
5627
5627
5629
5630
5632
5635
5635
5636
5636
5640
5641
5645
5648
5649
5651
5651
5652
5654
5655
5656
5657
5658
5659
5663
5663
5664
5665
5667
5668
5669
5673
5674
5674
5676
5676
5677
5682
5684
5687
5687
5688
5689
5690
5690
5691
5694
5696
5697
5698
5701
5703
5703
5706
5707
5708
5708
5709
5709
5712
5714
5716
5716
5717
5720
5720
5725
5725
5726
5729
5729
5730
5730
5730
5731
5732
5734
5735
5735
5736
5740
5740
5741
5745
5746
5747
5748
5750
5750
5751
5752
5754
5754
5755
5757
5759
5759
5759
5764
5766
5767
5770
5771
5771
5773
5773
5776
5776
5782
5783
5784
5789
5790
5791
5793
5794
5795
5795
5796
5796
5797
5803
5804
5805
5805
5806
5807
5807
5811
5813
5814
5817
5823
5823
5823
5825
5825
5827
5830
5830
5831
5831
5834
5838
5839
5841
5842
5842
5843
5845
5848
5848
5851
5851
5851
5851
5854
5854
5854
5855
5858
5859
5859
5859
5860
5861
5863
5863
5864
5864
5866
5868
5869
5870
5870
5875
5877
5879
5881
5883
5884
5885
5886
5888
5892
5893
5893
5895
5895
5895
5896
5896
5897
5902
5903
5905
5907
5908
5910
5910
5912
5913
5918
5918
5920
5921
5924
5924
5926
5926
5927
5928
5931
5932
5932
5932
5932
5933
5933
5933
5934
5935
5936
5940
5940
5942
5942
5943
5945
5947
5950
5952
5955
5958
5958
5959
5959
5960
5960
5960
5961
5964
5965
5967
5967
5969
5971
5973
5976
5979
5981
5983
5984
5985
5986
5986
5987
5988
5988
5991
5992
5993
5994
5996
5996
5996
5996
6000
6001
6002
6002
6005
6006
6007
6007
6011
6011
6015
6021
6025
6026
6029
6030
6031
6031
6034
6036
6040
6041
6041
6045
6045
6047
6048
6048
6048
6048
6048
6048
6049
6049
6051
6052
6053
6054
6054
6060
6061
6062
6066
6068
6068
6073
6074
6076
6076
6076
6077
6078
6079
6079
6080
6081
6082
6084
6084
6086
6086
6087
6087
6089
6090
6090
6093
6098
6098
6098
6099
6099
6099
6100
6100
6100
6103
6103
6104
6105
6106
6106
6107
6107
6109
6110
6111
6112
6113
6113
6114
6115
6116
6118
6120
6121
6121
6123
6124
6127
6129
6130
6131
6133
6133
6134
6136
6138
6140
6140
6142
6142
6143
6143
6143
6144
6145
6145
6148
6148
6148
6150
6150
6155
6156
6158
6161
6161
6162
6163
6165
6165
6165
6170
6172
6173
6174
6175
6176
6177
6180
6180
6182
6182
6184
6189
6189
6190
6193
6196
6196
6197
6199
6199
6200
6206
6207
6211
6213
6214
6215
6215
6217
6217
6219
6219
6223
6224
6224
6225
6228
6230
6231
6234
6236
6237
6237
6240
6240
6242
6243
6243
6244
6244
6244
6245
6247
6249
6250
6250
6250
6252
6255
6258
6258
6261
6264
6265
6268
6269
6271
6273
6273
6275
6277
6278
6278
6280
6281
6281
6281
6282
6284
6284
6284
6284
6285
6285
6288
6289
6289
6291
6292
6292
6293
6295
6295
6295
6296
6296
6297
6297
6298
6298
6299
6300
6301
6302
6304
6305
6305
6305
6308
6308
6311
6312
6318
6320
6321
6322
6322
6325
6325
6326
6326
6327
6328
6329
6330
6331
6331
6332
6335
6337
6337
6338
6338
6340
6341
6341
6341
6345
6345
6345
6345
6347
6350
6350
6352
6354
6354
6355
6355
6356
6360
6361
6364
6364
6365
6366
6367
6369
6369
6370
6373
6373
6373
6374
6375
6375
6378
6379
6380
6383
6384
6385
6386
6387
6388
6390
6390
6390
6390
6396
6397
6397
6397
6399
6400
6405
6406
6407
6408
6408
6409
6415
6420
6422
6424
6425
6428
6428
6429
6433
6435
6436
6437
6438
6439
6440
6440
6440
6440
6441
6444
6444
6444
6445
6447
6449
6449
6450
6450
6453
6453
6454
6455
6455
6457
6458
6458
6458
6458
6459
6459
6461
6461
6461
6462
6464
6464
6465
6467
6467
6468
6469
6469
6470
6471
6472
6472
6474
6474
6476
6478
6481
6481
6481
6486
6487
6488
6489
6492
6492
6492
6494
6495
6496
6496
6496
6497
6498
6500
6500
6505
6507
6507
6509
6510
6512
6513
6514
6515
6518
6519
6519
6519
6519
6520
6520
6521
6521
6523
6523
6525
6525
6527
6527
6529
6529
6530
6532
6534
6534
6535
6538
6540
6544
6544
6545
6546
6547
6551
6552
6554
6556
6558
6563
6563
6563
6564
6565
6565
6566
6567
6567
6568
6569
6570
6572
6572
6572
6575
6578
6582
6587
6587
6588
6588
6589
6589
6589
6591
6592
6593
6594
6594
6595
6597
6597
6598
6599
6600
6600
6601
6603
6609
6610
6610
6611
6611
6613
6614
6616
6616
6617
6617
6618
6622
6622
6623
6623
6624
6625
6626
6626
6627
6629
6630
6632
6636
6637
6639
6641
6641
6641
6641
6645
6645
6646
6650
6652
6653
6656
6657
6660
6661
6663
6664
6666
6667
6668
6669
6670
6672
6672
6673
6675
6676
6676
6676
6677
6678
6679
6679
6679
6681
6681
6683
6684
6688
6689
6691
6692
6692
6692
6693
6693
6693
6694
6695
6696
6697
6697
6698
6699
6701
6703
6704
6707
6708
6714
6717
6719
6719
6719
6721
6722
6722
6724
6724
6725
6725
6732
6732
6735
6737
6737
6738
6740
6740
6741
6742
6742
6742
6746
6748
6753
6754
6754
6755
6763
6765
6765
6767
6768
6769
6769
6771
6772
6774
6776
6777
6777
6778
6778
6778
6779
6782
6783
6784
6785
6785
6791
6794
6799
6803
6805
6805
6807
6808
6808
6808
6809
6812
6812
6812
6813
6815
6815
6816
6816
6818
6819
6819
6820
6820
6820
6820
6821
6821
6822
6822
6823
6825
6826
6827
6827
6828
6829
6830
6833
6833
6834
6835
6838
6838
6839
6842
6842
6843
6844
6846
6846
6848
6850
6852
6853
6854
6854
6854
6855
6855
6856
6859
6859
6863
6863
6863
6865
6866
6867
6867
6868
6869
6871
6873
6880
6880
6880
6881
6883
6889
6889
6890
6891
6891
6891
6893
6894
6895
6901
6901
6901
6903
6904
6906
6906
6908
6911
6912
6915
6922
6925
6925
6928
6928
6929
6931
6931
6931
6931
6932
6933
6933
6940
6940
6943
6943
6947
6947
6948
6949
6950
6950
6952
6952
6954
6958
6958
6958
6959
6960
6962
6963
6965
6965
6966
6968
6968
6969
6969
6980
6982
6982
6983
6983
6985
6985
6986
6986
6987
6987
6988
6991
6991
6991
6992
6993
6995
6997
6998
6999
7000
7005
7005
7006
7006
7008
7008
7009
7009
7011
7012
7012
7021
7022
7024
7025
7026
7026
7026
7027
7027
7027
7028
7028
7029
7034
7034
7034
7035
7038
7038
7039
7042
7043
7043
7047
7048
7049
7050
7050
7050
7050
7051
7054
7055
7055
7056
7056
7057
7058
7060
7060
7061
7061
7062
7063
7063
7066
7069
7071
7073
7074
7076
7080
7081
7081
7083
7083
7084
7085
7087
7088
7088
7092
7093
7096
7096
7098
7104
7104
7106
7107
7108
7109
7111
7111
7111
7113
7116
7117
7118
7118
7119
7123
7124
7131
7132
7132
7132
7133
7136
7138
7139
7140
7140
7142
7144
7148
7148
7148
7153
7155
7156
7156
7158
7161
7161
7162
7163
7164
7164
7164
7164
7166
7167
7167
7168
7168
7168
7168
7169
7171
7176
7178
7178
7179
7182
7182
7183
7184
7184
7188
7191
7191
7191
7192
7193
7193
7194
7197
7197
7197
7198
7198
7199
7200
7207
7208
7210
7210
7212
7212
7215
7219
7221
7223
7223
7225
7227
7229
7230
7230
7230
7231
7231
7232
7232
7233
7234
7235
7240
7243
7245
7246
7248
7252
7253
7254
7255
7255
7255
7258
7259
7260
7260
7262
7264
7266
7267
7270
7276
7277
7277
7280
7282
7282
7288
7289
7290
7290
7291
7291
7292
7300
7302
7302
7303
7304
7305
7306
7306
7308
7309
7311
7311
7312
7312
7312
7315
7316
7319
7320
7320
7323
7324
7325
7328
7329
7332
7332
7333
7333
7335
7335
7335
7336
7337
7338
7341
7342
7343
7345
7345
7347
7347
7351
7351
7351
7352
7352
7352
7352
7352
7353
7354
7355
7355
7357
7358
7359
7359
7359
7361
7362
7362
7365
7366
7368
7369
7369
7370
7370
7371
7373
7373
7375
7377
7386
7387
7387
7387
7388
7388
7389
7390
7391
7393
7396
7396
7398
7398
7398
7400
7400
7400
7401
7403
7405
7408
7411
7411
7412
7413
7414
7414
7415
7418
7420
7423
7423
7423
7424
7425
7425
7428
7431
7431
7434
7435
7435
7436
7438
7440
7440
7440
7442
7444
7444
7445
7446
7446
7446
7448
7450
7451
7454
7455
7455
7458
7458
7458
7461
7462
7463
7467
7467
7467
7469
7470
7470
7471
7471
7472
7473
7474
7474
7476
7478
7479
7482
7482
7482
7483
7484
7485
7486
7486
7487
7487
7487
7487
7490
7490
7490
7491
7491
7491
7492
7493
7493
7493
7495
7495
7496
7497
7498
7499
7501
7502
7503
7503
7505
7505
7505
7506
7507
7507
7508
7511
7516
7517
7517
7518
7521
7521
7523
7524
7525
7527
7531
7531
7532
7534
7536
7538
7538
7539
7543
7544
7544
7546
7547
7550
7551
7552
7558
7558
7559
7562
7564
7566
7568
7570
7573
7574
7575
7577
7577
7578
7581
7585
7589
7590
7591
7591
7592
7592
7592
7594
7595
7597
7597
7598
7601
7603
7604
7605
7606
7606
7607
7608
7611
7613
7613
7614
7617
7618
7618
7618
7620
7620
7622
7625
7625
7625
7626
7626
7626
7628
7633
7636
7636
7637
7638
7640
7640
7644
7645
7645
7646
7646
7649
7650
7654
7654
7656
7658
7658
7659
7661
7662
7662
7664
7665
7666
7666
7669
7670
7671
7671
7671
7673
7673
7674
7675
7675
7679
7680
7680
7682
7683
7684
7685
7685
7690
7691
7691
7691
7692
7692
7695
7695
7696
7697
7699
7700
7702
7705
7705
7706
7706
7706
7707
7708
7708
7710
7711
7715
7716
7718
7718
7720
7722
7727
7727
7727
7727
7728
7728
7729
7732
7732
7733
7734
7741
7742
7746
7747
7748
7748
7749
7749
7749
7749
7750
7751
7751
7754
7755
7755
7755
7757
7757
7758
7761
7764
7769
7769
7769
7772
7778
7779
7781
7781
7783
7785
7785
7786
7787
7788
7790
7791
7793
7795
7796
7796
7798
7799
7800
7800
7800
7800
7801
7805
7807
7809
7811
7811
7812
7813
7813
7814
7815
7816
7821
7821
7823
7830
7831
7833
7839
7839
7839
7841
7841
7845
7845
7845
7848
7849
7849
7850
7851
7852
7852
7853
7854
7854
7855
7855
7856
7856
7857
7858
7861
7865
7870
7871
7871
7872
7872
7872
7875
7877
7879
7879
7880
7884
7885
7885
7886
7887
7891
7893
7893
7895
7895
7895
7897
7899
7900
7900
7901
7904
7905
7907
7907
7908
7908
7910
7911
7911
7913
7913
7915
7916
7916
7918
7919
7921
7922
7923
7924
7925
7927
7927
7928
7929
7933
7934
7937
7937
7940
7941
7943
7945
7946
7947
7947
7947
7948
7953
7954
7954
7956
7956
7958
7958
7958
7960
7964
7964
7964
7965
7967
7970
7971
7972
7972
7972
7974
7975
7975
7976
7977
7978
7979
7980
7980
7985
7987
7987
7988
7989
7990
7994
7995
7995
7997
7998
7999
8001
8002
8003
8005
8006
8008
8009
8010
8011
8014
8016
8018
8018
8021
8022
8024
8024
8025
8027
8028
8029
8030
8030
8031
8032
8033
8037
8037
8037
8037
8038
8040
8042
8044
8047
8051
8052
8056
8057
8057
8059
8059
8061
8063
8065
8065
8065
8065
8066
8068
8071
8071
8073
8074
8075
8076
8078
8080
8083
8083
8083
8084
8086
8087
8089
8090
8091
8093
8093
8093
8094
8094
8096
8098
8098
8101
8103
8106
8106
8113
8114
8115
8116
8116
8117
8119
8119
8120
8122
8124
8125
8125
8125
8126
8128
8129
8130
8132
8132
8135
8135
8136
8137
8137
8138
8140
8141
8141
8143
8144
8144
8145
8146
8146
8147
8147
8151
8153
8154
8154
8156
8159
8159
8161
8163
8166
8166
8169
8170
8172
8173
8173
8174
8174
8175
8175
8176
8176
8176
8176
8179
8179
8180
8181
8182
8187
8188
8189
8189
8190
8190
8191
8192
8193
8194
8195
8196
8196
8197
8201
8201
8201
8202
8204
8204
8205
8206
8207
8207
8209
8209
8210
8211
8213
8214
8217
8221
8222
8223
8223
8224
8225
8225
8226
8228
8229
8232
8233
8234
8234
8234
8236
8237
8237
8237
8241
8241
8242
8242
8243
8243
8244
8245
8245
8245
8246
8248
8251
8254
8256
8260
8262
8263
8264
8265
8267
8268
8269
8271
8272
8272
8277
8278
8279
8279
8280
8282
8283
8285
8287
8290
8292
8292
8293
8294
8295
8295
8304
8307
8307
8308
8308
8309
8310
8311
8317
8319
8319
8320
8320
8321
8322
8322
8323
8325
8325
8330
8332
8333
8335
8338
8340
8346
8348
8349
8350
8351
8352
8353
8359
8359
8362
8362
8362
8362
8364
8364
8364
8366
8366
8368
8369
8370
8371
8378
8379
8379
8380
8380
8381
8384
8384
8387
8390
8395
8397
8397
8398
8408
8408
8409
8409
8410
8412
8412
8413
8413
8414
8414
8415
8415
8416
8418
8419
8420
8421
8422
8423
8423
8424
8426
8428
8431
8432
8433
8435
8438
8438
8438
8440
8441
8442
8445
8447
8447
8449
8450
8454
8454
8458
8462
8462
8463
8464
8466
8469
8471
8472
8473
8473
8473
8477
8479
8486
8487
8488
8492
8492
8493
8495
8499
8499
8500
8500
8501
8501
8504
8505
8505
8507
8510
8511
8513
8513
8513
8513
8516
8516
8518
8519
8527
8527
8529
8529
8530
8530
8532
8533
8535
8535
8537
8537
8538
8540
8540
8541
8542
8543
8545
8545
8548
8552
8553
8554
8554
8554
8556
8556
8562
8563
8565
8567
8567
8569
8571
8571
8572
8572
8573
8574
8576
8576
8577
8577
8578
8580
8581
8581
8582
8583
8583
8585
8589
8589
8592
8594
8595
8596
8596
8597
8600
8602
8606
8606
8610
8611
8612
8613
8616
8616
8620
8621
8623
8624
8625
8627
8630
8630
8631
8632
8633
8636
8636
8638
8639
8642
8645
8646
8646
8646
8650
8650
8650
8651
8655
8655
8656
8657
8660
8660
8662
8665
8666
8667
8669
8672
8673
8673
8676
8678
8680
8682
8685
8686
8688
8690
8692
8695
8697
8699
8700
8701
8702
8702
8703
8703
8707
8707
8707
8708
8710
8714
8714
8714
8717
8719
8721
8722
8722
8723
8725
8728
8729
8730
8730
8732
8733
8733
8734
8741
8745
8746
8750
8751
8755
8758
8761
8762
8763
8763
8764
8765
8766
8767
8768
8770
8771
8774
8778
8779
8781
8785
8785
8790
8794
8795
8795
8798
8800
8800
8802
8804
8806
8808
8809
8810
8815
8815
8816
8817
8817
8818
8818
8822
8823
8827
8829
8829
8835
8835
8835
8837
8837
8840
8840
8841
8841
8842
8842
8843
8844
8845
8847
8847
8850
8851
8853
8854
8854
8857
8857
8860
8861
8862
8862
8863
8864
8865
8865
8868
8870
8873
8874
8874
8875
8876
8876
8877
8877
8877
8878
8882
8884
8887
8887
8889
8889
8893
8900
8904
8905
8905
8906
8911
8911
8912
8915
8922
8925
8926
8929
8930
8932
8933
8934
8936
8938
8939
8939
8940
8941
8941
8942
8943
8944
8944
8944
8944
8945
8950
8951
8953
8955
8956
8957
8957
8959
8962
8962
8973
8974
8977
8980
8982
8982
8983
8984
8984
8984
8987
8993
8993
8993
8998
8999
8999
9001
9002
9003
9003
9008
9009
9010
9012
9013
9016
9017
9019
9022
9025
9025
9027
9029
9030
9033
9034
9035
9040
9040
9042
9044
9045
9047
9048
9050
9051
9053
9055
9057
9066
9066
9067
9067
9073
9074
9076
9077
9077
9078
9081
9082
9084
9085
9085
9089
9090
9093
9094
9095
9096
9099
9099
9099
9101
9106
9107
9107
9109
9111
9111
9115
9115
9115
9116
9117
9119
9120
9120
9121
9121
9124
9126
9129
9132
9134
9134
9134
9135
9136
9140
9140
9141
9141
9141
9142
9144
9145
9149
9149
9151
9153
9154
9156
9159
9162
9162
9164
9164
9165
9170
9174
9181
9182
9184
9185
9188
9190
9194
9197
9198
9198
9198
9199
9200
9203
9205
9206
9207
9209
9209
9209
9210
9211
9212
9214
9216
9218
9218
9222
9227
9227
9227
9228
9230
9231
9232
9232
9232
9233
9235
9238
9239
9242
9242
9242
9242
9242
9243
9246
9247
9249
9250
9250
9250
9252
9252
9253
9253
9254
9260
9260
9261
9268
9270
9273
9274
9275
9275
9276
9277
9279
9281
9281
9282
9283
9285
9285
9287
9287
9287
9288
9290
9290
9290
9290
9292
9293
9296
9298
9298
9299
9301
9307
9310
9310
9311
9312
9312
9312
9316
9318
9319
9320
9320
9323
9323
9324
9326
9326
9327
9330
9331
9332
9333
9335
9336
9336
9337
9338
9339
9340
9346
9353
9354
9355
9357
9361
9363
9365
9365
9367
9368
9368
9371
9376
9377
9378
9378
9380
9381
9383
9386
9386
9386
9389
9389
9392
9393
9395
9395
9395
9395
9395
9396
9397
9397
9399
9399
9399
9406
9409
9411
9416
9421
9422
9422
9422
9425
9427
9427
9428
9429
9430
9430
9433
9436
9438
9440
9442
9442
9443
9443
9444
9445
9447
9449
9451
9452
9454
9454
9456
9457
9457
9457
9458
9458
9459
9459
9461
9464
9465
9467
9467
9469
9472
9475
9475
9475
9475
9477
9481
9481
9482
9483
9484
9487
9487
9489
9494
9494
9496
9496
9497
9501
9501
9504
9506
9508
9509
9510
9511
9512
9512
9513
9513
9514
9515
9517
9522
9522
9524
9525
9525
9529
9530
9530
9534
9537
9537
9537
9540
9541
9541
9542
9547
9548
9553
9554
9555
9555
9555
9556
9558
9559
9560
9564
9564
9569
9570
9573
9574
9576
9576
9577
9586
9586
9587
9589
9590
9592
9593
9595
9600
9603
9605
9605
9606
9607
9608
9608
9608
9609
9610
9612
9613
9613
9613
9614
9614
9617
9617
9618
9619
9621
9623
9623
9623
9624
9624
9625
9625
9627
9627
9629
9629
9630
9630
9631
9631
9631
9632
9635
9638
9638
9638
9639
9639
9640
9645
9650
9653
9653
9656
9657
9657
9662
9663
9663
9665
9666
9666
9666
9667
9668
9668
9669
9669
9670
9670
9671
9672
9675
9676
9677
9679
9686
9688
9691
9692
9693
9694
9696
9702
9703
9703
9705
9707
9708
9708
9709
9710
9711
9712
9718
9719
9723
9723
9723
9726
9726
9726
9728
9733
9733
9734
9737
9739
9740
9742
9743
9745
9745
9747
9747
9747
9748
9749
9753
9754
9755
9755
9756
9758
9759
9759
9762
9762
9763
9765
9765
9766
9766
9766
9767
9767
9768
9769
9770
9772
9773
9776
9778
9778
9779
9780
9781
9781
9782
9782
9787
9791
9792
9794
9794
9794
9794
9797
9797
9798
9799
9800
9801
9801
9801
9804
9804
9805
9806
9809
9812
9815
9817
9818
9825
9828
9829
9833
9834
9834
9835
9840
9841
9843
9843
9844
9844
9844
9850
9851
9851
9853
9856
9857
9857
9859
9861
9862
9863
9864
9865
9866
9867
9867
9868
9869
9871
9872
9873
9879
9882
9884
9885
9885
9886
9886
9888
9891
9892
9894
9895
9898
9900
9901
9901
9903
9903
9904
9907
9908
9910
9911
9916
9919
9919
9920
9920
9921
9921
9926
9926
9928
9928
9928
9929
9929
9931
9934
9935
9936
9937
9940
9941
9942
9942
9943
9944
9947
9948
9950
9952
9953
9953
9956
9956
9961
9962
9962
9964
9966
9969
9969
9972
9972
9974
9975
9976
9979
9980
9982
9983
9983
9983
9985
9987
9988
9989
9994
9994
9995
9996
9997
9998
9998
10000
10000
10003
10004
10005
10005
10006
10008
10010
10012
10013
10015
10015
10016
10017
10019
10019
10021
10022
10023
10023
10024
10025
10026
10027
10029
10029
10033
10034
10035
10036
10037
10037
10037
10042
10043
10044
10045
10045
10047
10049
10050
10052
10054
10056
10056
10057
10057
10059
10061
10062
10070
10070
10071
10073
10073
10074
10076
10077
10078
10078
10078
10079
10082
10086
10087
10087
10087
10088
10090
10091
10092
10092
10094
10095
10096
10097
10097
10099
10101
10102
10104
10104
10104
10104
10105
10107
10108
10108
10112
10112
10113
10114
10115
10116
10116
10117
10119
10119
10119
10120
10120
10121
10130
10131
10132
10132
10133
10133
10135
10135
10136
10137
10139
10141
10142
10142
10142
10145
10145
10145
10148
10148
10148
10149
10149
10149
10149
10158
10158
10158
10160
10162
10163
10163
10163
10167
10170
10171
10171
10171
10172
10174
10174
10178
10180
10181
10183
10184
10185
10185
10186
10186
10189
10191
10192
10192
10194
10195
10198
10198
10200
10200
10202
10204
10208
10208
10209
10209
10216
10216
10217
10217
10217
10218
10218
10218
10218
10219
10219
10220
10222
10223
10223
10224
10226
10228
10228
10229
10230
10231
10231
10231
10232
10233
10234
10236
10238
10238
10243
10246
10247
10247
10248
10249
10249
10251
10252
10253
10253
10254
10254
10255
10262
10263
10263
10264
10265
10268
10269
10270
10272
10276
10277
10277
10277
10279
10281
10281
10283
10284
10284
10284
10285
10286
10287
10289
10291
10293
10294
10295
10301
10302
10303
10303
10305
10305
10307
10307
10310
10311
10312
10312
10313
10314
10317
10317
10323
10324
10326
10327
10328
10328
10330
10331
10331
10331
10332
10334
10334
10336
10336
10338
10339
10339
10342
10343
10347
10350
10350
10352
10353
10354
10355
10355
10355
10358
10359
10359
10360
10361
10361
10365
10366
10367
10371
10372
10373
10373
10374
10375
10380
10381
10382
10382
10385
10386
10386
10387
10388
10388
10390
10392
10392
10393
10394
10395
10395
10396
10396
10396
10400
10400
10402
10402
10404
10404
10405
10406
10407
10408
10408
10409
10411
10414
10414
10415
10417
10418
10419
10419
10419
10420
10420
10422
10426
10426
10427
10427
10431
10432
10433
10442
10443
10444
10446
10447
10453
10456
10456
10457
10457
10458
10459
10459
10461
10461
10462
10462
10463
10464
10465
10468
10468
10468
10469
10469
10470
10470
10470
10471
10474
10476
10478
10481
10481
10482
10482
10483
10485
10486
10486
10488
10489
10489
10490
10493
10494
10494
10494
10495
10496
10496
10498
10498
10499
10499
10501
10506
10507
10508
10509
10516
10518
10519
10520
10521
10521
10522
10523
10524
10526
10527
10530
10535
10536
10538
10538
10544
10545
10547
10548
10549
10550
10550
10551
10552
10553
10553
10554
10554
10557
10557
10560
10560
10563
10564
10566
10567
10567
10569
10570
10573
10573
10578
10580
10581
10582
10582
10585
10585
10586
10587
10588
10588
10588
10589
10594
10594
10594
10597
10597
10601
10604
10605
10605
10606
10612
10613
10614
10614
10614
10615
10617
10617
10619
10620
10620
10622
10623
10624
10625
10625
10625
10629
10632
10632
10633
10633
10635
10636
10637
10637
10638
10638
10646
10646
10649
10651
10654
10654
10655
10655
10655
10655
10656
10658
10662
10662
10665
10667
10667
10668
10668
10668
10670
10670
10671
10672
10674
10674
10676
10676
10677
10680
10680
10684
10684
10685
10686
10688
10689
10690
10693
10694
10697
10703
10703
10704
10707
10709
10711
10712
10713
10716
10716
10716
10717
10718
10720
10721
10721
10722
10725
10725
10727
10727
10728
10728
10729
10729
10729
10734
10735
10738
10739
10741
10750
10750
10751
10751
10753
10756
10758
10758
10762
10762
10763
10767
10770
10771
10771
10775
10776
10777
10777
10778
10778
10780
10780
10782
10783
10783
10784
10784
10785
10786
10786
10788
10790
10793
10793
10794
10795
10796
10796
10796
10796
10798
10801
10801
10803
10811
10813
10814
10819
10819
10820
10820
10820
10821
10822
10827
10828
10829
10830
10833
10836
10837
10838
10839
10841
10843
10844
10846
10848
10851
10854
10856
10858
10858
10859
10861
10863
10868
10871
10872
10872
10872
10873
10877
10880
10881
10881
10881
10881
10883
10883
10886
10887
10888
10889
10889
10890
10890
10893
10894
10894
10896
10898
10898
10899
10899
10900
10901
10903
10904
10905
10905
10907
10907
10909
10909
10909
10909
10911
10915
10916
10917
10917
10918
10919
10919
10923
10923
10927
10927
10931
10932
10934
10935
10939
10940
10940
10940
10942
10943
10946
10947
10947
10949
10952
10953
10953
10954
10954
10955
10956
10957
10958
10958
10960
10964
10965
10965
10965
10966
10968
10969
10974
10980
10982
10983
10983
10984
10984
10984
10985
10987
10991
10992
10993
10994
10994
10995
10996
10997
10999
10999
11002
11005
11005
11007
11009
11012
11013
11015
11017
11018
11018
11019
11020
11020
11021
11023
11023
11026
11026
11029
11030
11030
11031
11032
11033
11034
11037
11040
11040
11041
11041
11042
11044
11046
11047
11051
11052
11052
11053
11055
11057
11062
11063
11064
11068
11068
11071
11071
11072
11072
11072
11077
11078
11079
11082
11082
11083
11084
11084
11085
11086
11092
11093
11095
11096
11096
11097
11097
11098
11098
11098
11100
11100
11101
11103
11105
11108
11108
11110
11110
11111
11111
11113
11113
11114
11115
11115
11116
11119
11121
11125
11125
11128
11129
11129
11130
11132
11133
11134
11134
11134
11137
11144
11150
11151
11152
11152
11153
11153
11156
11158
11159
11159
11160
11162
11164
11164
11165
11170
11172
11172
11173
11177
11177
11177
11178
11178
11180
11180
11181
11182
11182
11183
11183
11186
11186
11191
11192
11192
11193
11200
11201
11201
11202
11202
11204
11207
11208
11211
11213
11214
11214
11215
11215
11216
11218
11218
11219
11221
11222
11222
11225
11227
11228
11230
11230
11231
11232
11233
11234
11234
11235
11235
11236
11236
11236
11238
11238
11239
11239
11240
11243
11244
11245
11248
11249
11254
11257
11259
11263
11265
11267
11267
11269
11269
11271
11274
11277
11279
11281
11286
11287
11287
11289
11292
11294
11295
11295
11296
11297
11299
11301
11302
11303
11307
11308
11311
11320
11321
11322
11322
11322
11324
11325
11325
11327
11329
11331
11331
11331
11332
11332
11333
11334
11335
11335
11335
11340
11340
11340
11341
11342
11343
11346
11349
11349
11350
11355
11356
11357
11357
11358
11360
11361
11363
11363
11364
11365
11367
11367
11367
11368
11369
11369
11369
11370
11374
11375
11377
11378
11378
11379
11381
11382
11383
11384
11384
11384
11385
11385
11388
11388
11389
11393
11395
11395
11395
11397
11398
11402
11404
11405
11405
11407
11407
11408
11409
11411
11411
11412
11412
11414
11417
11417
11417
11420
11420
11421
11425
11427
11428
11428
11430
11430
11432
11433
11433
11433
11433
11434
11435
11437
11438
11439
11440
11442
11446
11449
11451
11451
11454
11454
11460
11461
11462
11463
11463
11465
11465
11466
11467
11468
11468
11468
11470
11470
11470
11472
11472
11473
11473
11476
11476
11478
11480
11480
11483
11483
11488
11488
11491
11493
11493
11496
11496
11498
11500
11500
11500
11500
11501
11501
11501
11502
11505
11507
11509
11514
11514
11516
11517
11518
11518
11519
11520
11521
11523
11525
11527
11528
11528
11528
11529
11530
11531
11535
11535
11536
11536
11538
11539
11541
11543
11544
11544
11545
11545
11549
11550
11551
11552
11554
11554
11556
11557
11557
11557
11558
11558
11560
11562
11563
11564
11565
11565
11566
11566
11567
11568
11568
11570
11571
11571
11572
11573
11573
11576
11576
11576
11577
11578
11578
11579
11580
11581
11581
11585
11586
11588
11588
11589
11590
11591
11591
11591
11592
11592
11593
11593
11596
11596
11596
11596
11597
11598
11598
11600
11603
11604
11606
11607
11609
11609
11611
11612
11613
11614
11616
11619
11620
11620
11622
11624
11624
11624
11624
11626
11630
11635
11636
11637
11637
11638
11639
11639
11640
11642
11643
11644
11645
11645
11645
11646
11646
11647
11647
11648
11649
11650
11651
11651
11652
11654
11655
11660
11667
11668
11670
11671
11672
11674
11675
11675
11676
11678
11678
11678
11680
11682
11682
11682
11684
11685
11686
11686
11688
11690
11691
11691
11692
11692
11694
11694
11695
11697
11698
11699
11700
11701
11701
11701
11704
11706
11707
11709
11712
11712
11714
11714
11714
11716
11718
11718
11721
11723
11726
11727
11729
11730
11730
11730
11730
11731
11734
11735
11736
11737
11738
11738
11739
11741
11743
11746
11747
11749
11754
11754
11755
11756
11757
11759
11760
11761
11763
11764
11764
11764
11765
11769
11771
11771
11772
11773
11773
11774
11776
11777
11778
11779
11780
11781
11782
11784
11784
11785
11785
11785
11788
11788
11790
11794
11796
11797
11800
11803
11803
11803
11808
11809
11810
11812
11812
11812
11813
11814
11815
11815
11815
11815
11815
11817
11818
11818
11818
11820
11821
11823
11823
11823
11824
11825
11825
11826
11827
11827
11828
11828
11828
11829
11830
11833
11834
11834
11834
11836
11836
11837
11837
11837
11838
11841
11843
11844
11847
11848
11849
11849
11851
11851
11852
11853
11855
11855
11856
11857
11857
11858
11860
11861
11862
11863
11865
11866
11867
11870
11871
11874
11876
11876
11877
11879
11882
11883
11883
11884
11884
11885
11886
11888
11890
11891
11891
11892
11892
11892
11892
11893
11895
11896
11896
11898
11898
11898
11901
11904
11904
11905
11907
11910
11910
11911
11911
11912
11912
11912
11917
11918
11918
11920
11921
11921
11922
11925
11926
11926
11927
11928
11928
11929
11932
11932
11937
11938
11943
11944
11944
11945
11945
11948
11949
11949
11950
11951
11951
11952
11952
11953
11953
11954
11954
11955
11955
11955
11955
11955
11956
11956
11965
11965
11965
11967
11968
11968
11972
11972
11973
11973
11974
11975
11980
11980
11980
11981
11984
11984
11985
11987
11987
11987
11990
11991
11993
11993
11996
11997
11998
12000
12000
12000
12001
12004
12006
12011
12013
12014
12017
12018
12020
12020
12020
12021
12022
12022
12022
12023
12023
12025
12026
12026
12028
12030
12030
12030
12030
12032
12032
12033
12033
12034
12035
12036
12037
12038
12043
12045
12047
12048
12050
12051
12053
12053
12054
12054
12055
12057
12058
12059
12060
12061
12061
12063
12064
12064
12064
12065
12067
12067
12067
12067
12070
12071
12072
12072
12076
12076
12077
12078
12079
12081
12081
12089
12089
12089
12090
12090
12091
12091
12093
12093
12094
12095
12098
12098
12098
12099
12101
12102
12102
12102
12103
12104
12105
12107
12108
12108
12110
12116
12116
12117
12119
12120
12120
12121
12122
12123
12130
12131
12131
12134
12136
12139
12140
12142
12145
12149
12150
12151
12152
12153
12155
12158
12159
12159
12160
12160
12161
12161
12162
12162
12163
12163
12164
12166
12166
12167
12171
12173
12176
12181
12181
12183
12183
12184
12185
12193
12193
12196
12196
12199
12199
12200
12204
12205
12205
12206
12207
12207
12208
12208
12214
12214
12220
12221
12222
12224
12225
12226
12226
12227
12230
12232
12234
12236
12238
12240
12240
12241
12242
12246
12247
12249
12250
12250
12252
12253
12255
12255
12256
12257
12260
12263
12266
12266
12271
12272
12275
12275
12286
12286
12290
12291
12295
12296
12297
12299
12301
12302
12305
12307
12308
12309
12310
12310
12310
12310
12311
12311
12312
12312
12313
12314
12315
12317
12318
12319
12323
12324
12325
12329
12330
12331
12333
12334
12335
12337
12339
12347
12347
12350
12350
12350
12354
12355
12356
12356
12356
12358
12358
12359
12361
12362
12363
12366
12367
12372
12372
12373
12373
12374
12374
12376
12376
12376
12376
12378
12379
12379
12379
12381
12383
12385
12385
12390
12391
12392
12392
12392
12393
12396
12397
12397
12397
12399
12400
12401
12403
12405
12407
12407
12408
12408
12409
12410
12412
12413
12416
12417
12418
12420
12420
12421
12422
12422
12423
12424
12425
12425
12427
12428
12428
12431
12434
12435
12435
12436
12438
12438
12439
12439
12439
12440
12440
12441
12444
12445
12449
12449
12452
12452
12454
12458
12459
12459
12463
12463
12464
12466
12466
12468
12468
12469
12472
12474
12474
12478
12480
12482
12482
12484
12487
12490
12491
12493
12494
12494
12497
12499
12501
12501
12502
12504
12505
12505
12508
12508
12510
12517
12522
12523
12525
12526
12528
12530
12532
12534
12534
12536
12536
12537
12537
12543
12543
12544
12549
12549
12551
12551
12551
12551
12553
12554
12555
12555
12556
12557
12559
12560
12561
12561
12562
12563
12564
12567
12568
12571
12571
12572
12573
12574
12575
12577
12577
12578
12578
12579
12582
12583
12585
12586
12587
12588
12588
12588
12589
12589
12590
12591
12593
12594
12595
12595
12595
12596
12596
12596
12597
12600
12601
12601
12602
12603
12603
12603
12605
12608
12609
12614
12616
12618
12618
12620
12621
12625
12625
12626
12627
12628
12631
12635
12636
12636
12637
12639
12640
12640
12641
12642
12643
12643
12644
12646
12650
12655
12655
12656
12657
12657
12662
12664
12667
12669
12670
12673
12673
12677
12681
12681
12682
12688
12688
12688
12690
12693
12694
12696
12697
12699
12699
12700
12700
12700
12701
12702
12707
12708
12708
12708
12709
12715
12718
12718
12719
12721
12721
12723
12726
12726
12726
12726
12728
12728
12730
12732
12732
12733
12734
12735
12735
12737
12737
12741
12746
12747
12748
12748
12751
12752
12755
12757
12759
12760
12762
12763
12763
12764
12766
12767
12768
12770
12772
12774
12775
12776
12777
12777
12777
12782
12782
12785
12785
12789
12789
12792
12792
12793
12799
12801
12804
12804
12806
12806
12809
12810
12811
12812
12814
12815
12816
12816
12816
12818
12819
12820
12820
12821
12822
12823
12825
12825
12825
12826
12827
12829
12831
12832
12836
12838
12838
12842
12842
12846
12846
12847
12848
12848
12849
12849
12850
12851
12851
12854
12854
12855
12855
12857
12857
12857
12858
12858
12859
12860
12861
12863
12863
12867
12867
12868
12869
12870
12871
12871
12876
12877
12879
12879
12880
12882
12885
12885
12886
12889
12889
12890
12894
12896
12899
12900
12900
12902
12902
12903
12905
12905
12906
12906
12907
12907
12907
12908
12908
12911
12911
12912
12912
12914
12915
12915
12916
12916
12916
12919
12921
12921
12923
12923
12925
12930
12930
12931
12932
12933
12933
12936
12938
12940
12946
12947
12951
12951
12953
12954
12955
12956
12956
12956
12958
12958
12958
12959
12963
12965
12965
12965
12967
12968
12970
12971
12971
12973
12974
12974
12978
12978
12979
12979
12979
12983
12985
12986
12987
12989
12989
12990
12993
12993
12996
12998
12999
13006
13006
13006
13009
13012
13012
13014
13014
13014
13015
13017
13019
13020
13021
13022
13023
13025
13027
13028
13031
13032
13036
13036
13037
13038
13039
13040
13041
13041
13043
13043
13047
13048
13049
13051
13053
13053
13054
13059
13060
13060
13061
13061
13062
13063
13065
13065
13065
13067
13068
13069
13074
13075
13075
13076
13078
13080
13081
13081
13083
13083
13085
13085
13087
13087
13087
13087
13089
13089
13090
13093
13095
13096
13097
13098
13101
13101
13101
13102
13102
13106
13107
13107
13108
13109
13110
13111
13113
13113
13114
13114
13116
13117
13117
13118
13119
13119
13120
13120
13122
13122
13122
13124
13126
13129
13130
13132
13134
13141
13143
13144
13145
13145
13146
13146
13147
13148
13148
13154
13156
13157
13158
13158
13159
13159
13160
13161
13161
13161
13161
13162
13162
13164
13165
13167
13169
13169
13171
13175
13177
13177
13179
13180
13182
13183
13184
13186
13188
13190
13193
13195
13196
13196
13198
13200
13201
13202
13202
13204
13211
13213
13215
13215
13216
13225
13225
13225
13227
13227
13227
13229
13230
13230
13231
13233
13235
13242
13247
13249
13250
13251
13253
13254
13254
13256
13257
13258
13259
13260
13261
13262
13266
13269
13270
13273
13275
13277
13277
13278
13279
13279
13280
13280
13282
13282
13283
13283
13283
13283
13283
13284
13285
13286
13286
13287
13289
13289
13290
13290
13290
13290
13294
13294
13296
13298
13304
13304
13309
13310
13311
13312
13314
13315
13316
13320
13320
13322
13325
13333
13334
13334
13338
13339
13340
13341
13344
13345
13345
13349
13349
13351
13352
13353
13354
13354
13354
13355
13356
13356
13358
13359
13359
13361
13361
13362
13362
13362
13362
13365
13367
13369
13369
13370
13371
13372
13372
13373
13374
13379
13380
13381
13382
13384
13385
13386
13386
13387
13387
13392
13394
13395
13397
13400
13401
13403
13404
13404
13406
13412
13412
13412
13413
13414
13415
13415
13419
13422
13426
13426
13428
13429
13429
13432
13432
13435
13436
13439
13440
13441
13441
13442
13443
13444
13445
13448
13449
13450
13453
13454
13456
13458
13459
13459
13465
13465
13466
13466
13467
13471
13473
13473
13474
13476
13477
13477
13479
13481
13482
13487
13487
13492
13493
13494
13495
13497
13497
13498
13498
13498
13506
13507
13507
13513
13513
13513
13515
13516
13516
13520
13520
13520
13521
13522
13522
13523
13523
13524
13526
13526
13528
13529
13531
13532
13535
13535
13535
13536
13536
13537
13537
13537
13539
13541
13545
13546
13549
13550
13554
13556
13560
13564
13565
13567
13568
13573
13574
13575
13575
13578
13579
13580
13581
13582
13584
13586
13587
13590
13591
13592
13593
13598
13598
13601
13603
13604
13609
13609
13609
13610
13614
13615
13617
13619
13619
13619
13620
13627
13630
13634
13635
13635
13636
13636
13637
13637
13638
13639
13639
13640
13641
13641
13642
13642
13642
13643
13644
13645
13645
13645
13648
13648
13649
13650
13650
13651
13651
13652
13652
13652
13652
13653
13655
13656
13661
13665
13677
13678
13679
13681
13682
13682
13683
13685
13686
13686
13686
13687
13688
13691
13693
13694
13698
13698
13700
13701
13702
13705
13707
13707
13708
13709
13709
13709
13710
13710
13711
13711
13712
13714
13714
13715
13715
13715
13715
13716
13716
13718
13722
13722
13723
13724
13724
13725
13725
13725
13725
13725
13727
13729
13729
13732
13736
13736
13740
13744
13745
13747
13750
13750
13750
13751
13753
13753
13754
13755
13756
13757
13758
13758
13758
13759
13761
13761
13762
13767
13767
13767
13768
13769
13770
13771
13772
13774
13777
13777
13779
13779
13780
13780
13781
13783
13785
13786
13789
13790
13792
13792
13793
13797
13798
13800
13800
13802
13805
13805
13806
13806
13808
13808
13809
13810
13814
13815
13816
13817
13818
13821
13824
13825
13825
13827
13827
13827
13828
13830
13838
13839
13841
13842
13842
13844
13845
13845
13845
13848
13849
13849
13850
13852
13852
13853
13853
13855
13857
13857
13858
13861
13862
13867
13868
13868
13871
13872
13872
13873
13878
13879
13880
13880
13881
13882
13883
13888
13889
13889
13892
13892
13893
13896
13897
13898
13898
13900
13904
13907
13907
13908
13909
13910
13911
13911
13913
13913
13914
13914
13915
13918
13918
13918
13919
13919
13921
13928
13928
13929
13930
13931
13932
13933
13933
13935
13936
13937
13937
13937
13938
13938
13939
13939
13939
13942
13943
13943
13945
13946
13947
13948
13949
13951
13952
13953
13953
13954
13954
13958
13960
13963
13965
13966
13968
13970
13973
13975
13976
13978
13978
13980
13981
13981
13982
13988
13989
13991
13991
13994
13995
13996
13999
13999
14001
14002
14005
14005
14006
14006
14007
14008
14009
14009
14010
14011
14012
14012
14012
14014
14015
14017
14018
14019
14022
14022
14024
14026
14027
14032
14032
14033
14035
14036
14036
14036
14040
14041
14045
14045
14046
14048
14048
14049
14057
14058
14058
14059
14061
14062
14063
14063
14063
14067
14068
14071
14071
14071
14072
14073
14074
14075
14076
14079
14079
14081
14084
14084
14086
14086
14090
14092
14093
14093
14093
14093
14094
14095
14096
14096
14100
14101
14102
14104
14110
14110
14112
14113
14113
14118
14119
14122
14125
14126
14127
14128
14128
14129
14130
14131
14132
14133
14134
14136
14136
14136
14139
14141
14141
14142
14144
14148
14150
14150
14153
14153
14153
14154
14156
14157
14158
14158
14161
14161
14163
14163
14164
14164
14165
14165
14165
14165
14168
14169
14170
14171
14172
14174
14177
14179
14179
14179
14181
14181
14183
14185
14185
14188
14188
14188
14192
14193
14193
14193
14195
14196
14196
14198
14198
14200
14201
14201
14201
14204
14205
14206
14206
14211
14212
14213
14214
14214
14214
14217
14221
14223
14224
14224
14225
14226
14226
14226
14229
14229
14233
14234
14235
14236
14237
14239
14240
14241
14242
14244
14245
14246
14246
14246
14248
14250
14251
14253
14256
14257
14258
14262
14262
14264
14264
14265
14266
14266
14266
14268
14269
14270
14271
14271
14272
14273
14274
14275
14277
14277
14279
14282
14285
14285
14286
14286
14288
14288
14289
14290
14293
14294
14295
14299
14299
14300
14300
14301
14303
14303
14305
14307
14309
14311
14313
14313
14314
14314
14315
14317
14317
14318
14319
14319
14319
14319
14319
14320
14322
14327
14328
14328
14330
14332
14332
14334
14334
14337
14339
14340
14344
14346
14346
14347
14348
14349
14350
14351
14355
14356
14357
14358
14358
14359
14360
14361
14362
14362
14364
14364
14366
14367
14371
14374
14374
14375
14376
14376
14377
14378
14379
14380
14385
14386
14389
14390
14391
14393
14393
14393
14394
14396
14396
14398
14399
14399
14399
14400
14400
14400
14401
14402
14402
14404
14404
14405
14406
14407
14407
14409
14409
14409
14414
14415
14415
14416
14418
14421
14422
14424
14424
14431
14431
14432
14432
14433
14435
14436
14436
14437
14437
14438
14438
14440
14440
14442
14452
14455
14456
14463
14463
14465
14465
14470
14471
14471
14472
14474
14478
14480
14482
14483
14484
14484
14487
14488
14491
14492
14493
14494
14496
14498
14499
14500
14500
14501
14501
14502
14504
14505
14508
14508
14509
14513
14514
14515
14515
14516
14516
14516
14516
14517
14517
14517
14521
14523
14524
14526
14527
14527
14528
14532
14533
14537
14537
14538
14539
14540
14543
14544
14545
14546
14548
14549
14551
14555
14556
14558
14560
14565
14566
14567
14570
14571
14571
14571
14571
14572
14574
14577
14578
14581
14583
14583
14586
14586
14587
14588
14589
14590
14592
14593
14593
14594
14596
14596
14598
14599
14600
14602
14602
14602
14603
14603
14606
14607
14608
14609
14610
14612
14617
14618
14622
14628
14629
14630
14631
14632
14633
14636
14638
14642
14642
14643
14647
14650
14650
14650
14652
14652
14652
14653
14653
14657
14660
14665
14666
14666
14667
14667
14668
14670
14671
14672
14672
14673
14674
14674
14675
14677
14678
14680
14681
14681
14684
14684
14685
14689
14690
14690
14693
14697
14697
14699
14701
14701
14703
14703
14705
14706
14712
14713
14713
14714
14714
14714
14716
14716
14716
14716
14717
14719
14722
14722
14724
14725
14735
14737
14741
14743
14743
14746
14746
14747
14748
14750
14751
14751
14752
14753
14754
14754
14755
14756
14756
14757
14758
14762
14763
14763
14763
14765
14766
14769
14770
14771
14772
14772
14775
14775
14775
14776
14776
14777
14778
14779
14780
14780
14780
14782
14783
14783
14783
14785
14786
14787
14787
14788
14789
14789
14790
14790
14790
14792
14792
14794
14794
14795
14795
14798
14799
14799
14802
14804
14805
14805
14807
14808
14808
14810
14811
14811
14812
14813
14813
14814
14816
14818
14819
14822
14823
14824
14824
14825
14829
14829
14833
14834
14835
14835
14838
14838
14842
14846
14847
14849
14850
14851
14852
14853
14853
14854
14855
14858
14858
14858
14859
14859
14863
14864
14866
14866
14867
14868
14868
14870
14873
14873
14874
14876
14876
14877
14880
14880
14882
14882
14883
14884
14887
14888
14889
14890
14891
14893
14896
14901
14901
14901
14903
14903
14905
14906
14907
14910
14910
14912
14913
14913
14914
14921
14926
14927
14928
14929
14932
14932
14934
14938
14939
14940
14942
14943
14945
14947
14950
14952
14953
14955
14956
14957
14959
14960
14960
14963
14963
14963
14965
14966
14968
14969
14972
14973
14974
14977
14978
14979
14981
14983
14984
14986
14987
14988
14989
14990
14990
14991
14992
14992
14993
14994
15000
15001
15001
15001
15002
15004
15004
15005
15008
15009
15010
15011
15012
15012
15014
15014
15016
15016
15021
15021
15024
15026
15027
15031
15031
15032
15034
15036
15039
15040
15041
15043
15043
15045
15046
15046
15047
15047
15048
15049
15052
15052
15056
15057
15060
15061
15062
15062
15063
15065
15066
15070
15070
15071
15073
15074
15075
15075
15076
15076
15077
15077
15078
15079
15083
15084
15088
15088
15089
15090
15090
15091
15095
15095
15097
15098
15102
15103
15103
15103
15104
15106
15106
15107
15110
15110
15111
15112
15113
15114
15117
15120
15121
15124
15125
15125
15126
15127
15127
15129
15130
15131
15136
15139
15141
15142
15143
15146
15146
15150
15153
15154
15158
15160
15160
15161
15161
15161
15162
15164
15165
15166
15170
15172
15172
15172
15173
15175
15175
15179
15184
15185
15186
15189
15189
15191
15194
15195
15197
15197
15197
15200
15204
15205
15208
15210
15211
15213
15213
15213
15221
15224
15226
15226
15228
15228
15228
15229
15231
15232
15234
15235
15236
15236
15237
15238
15242
15248
15250
15252
15252
15254
15255
15258
15259
15259
15260
15261
15262
15265
15265
15265
15266
15267
15268
15270
15271
15272
15272
15272
15273
15275
15275
15275
15275
15278
15278
15280
15280
15285
15285
15287
15289
15290
15290
15291
15292
15294
15294
15297
15297
15302
15303
15304
15305
15305
15307
15308
15308
15308
15309
15309
15310
15311
15312
15315
15317
15319
15319
15319
15320
15322
15322
15323
15324
15326
15327
15330
15330
15330
15331
15333
15338
15338
15340
15341
15343
15345
15345
15347
15348
15353
15354
15355
15355
15355
15356
15357
15358
15358
15359
15360
15361
15362
15364
15365
15367
15367
15368
15369
15371
15371
15372
15372
15374
15375
15376
15380
15382
15387
15389
15389
15390
15390
15394
15394
15395
15401
15402
15408
15409
15411
15411
15411
15416
15416
15419
15419
15422
15422
15423
15424
15426
15427
15430
15431
15435
15436
15438
15438
15439
15439
15441
15444
15444
15444
15448
15448
15448
15450
15452
15453
15454
15455
15457
15458
15458
15460
15461
15465
15466
15468
15468
15469
15470
15472
15473
15473
15474
15475
15478
15479
15483
15483
15484
15484
15485
15491
15491
15494
15501
15501
15504
15505
15505
15506
15506
15507
15508
15509
15510
15510
15510
15511
15513
15518
15518
15520
15522
15524
15525
15527
15528
15532
15532
15534
15535
15536
15537
15537
15538
15538
15539
15540
15541
15542
15543
15543
15544
15545
15545
15548
15549
15552
15552
15553
15556
15559
15559
15562
15565
15567
15568
15568
15570
15572
15572
15577
15577
15578
15580
15583
15584
15584
15585
15585
15586
15591
15592
15593
15593
15593
15593
15594
15596
15604
15605
15606
15607
15607
15607
15608
15608
15610
15613
15613
15615
15615
15616
15616
15616
15617
15618
15618
15620
15623
15625
15625
15626
15626
15627
15628
15628
15628
15630
15630
15630
15630
15630
15633
15637
15637
15637
15637
15640
15642
15642
15642
15643
15643
15647
15651
15651
15654
15655
15659
15662
15663
15663
15665
15666
15667
15668
15668
15668
15669
15670
15672
15674
15675
15675
15676
15677
15677
15678
15678
15679
15681
15682
15683
15683
15685
15685
15686
15686
15686
15686
15687
15687
15689
15690
15690
15692
15692
15694
15695
15697
15699
15701
15701
15702
15702
15704
15705
15705
15707
15707
15710
15711
15715
15716
15716
15716
15718
15718
15721
15722
15723
15723
15725
15730
15732
15732
15734
15735
15736
15737
15738
15738
15741
15742
15743
15745
15746
15746
15747
15749
15749
15751
15754
15755
15756
15759
15762
15765
15766
15767
15769
15771
15775
15775
15779
15782
15782
15782
15783
15783
15784
15785
15788
15793
15794
15796
15797
15800
15805
15806
15807
15807
15808
15808
15808
15809
15813
15815
15818
15820
15821
15821
15821
15827
15827
15830
15830
15832
15833
15833
15834
15837
15838
15839
15840
15842
15843
15843
15843
15845
15846
15847
15849
15849
15849
15850
15851
15852
15852
15854
15854
15855
15855
15855
15855
15857
15857
15858
15859
15860
15863
15864
15867
15867
15867
15868
15869
15870
15873
15874
15874
15875
15878
15879
15880
15881
15881
15883
15883
15883
15883
15884
15886
15887
15889
15890
15893
15896
15896
15898
15898
15899
15901
15903
15908
15908
15909
15912
15914
15915
15916
15918
15918
15918
15920
15921
15923
15925
15926
15930
15931
15933
15934
15934
15939
15939
15940
15942
15943
15946
15947
15954
15955
15955
15956
15959
15961
15963
15963
15965
15966
15969
15969
15971
15971
15971
15972
15972
15973
15975
15976
15977
15978
15979
15980
15981
15982
15982
15983
15984
15984
15985
15987
15990
15990
15993
15995
15998
16004
16008
16010
16011
16012
16012
16013
16013
16013
16016
16019
16019
16021
16021
16023
16024
16025
16025
16027
16027
16028
16030
16032
16032
16032
16033
16034
16034
16035
16035
16036
16037
16037
16038
16038
16040
16042
16043
16043
16043
16044
16046
16046
16051
16052
16053
16054
16054
16056
16057
16057
16059
16060
16062
16063
16065
16068
16068
16069
16069
16069
16070
16070
16073
16073
16073
16073
16075
16078
16079
16079
16079
16080
16080
16081
16082
16083
16084
16086
16088
16088
16088
16090
16090
16090
16090
16092
16092
16094
16095
16095
16098
16098
16101
16102
16103
16104
16108
16110
16110
16113
16114
16114
16114
16115
16118
16119
16121
16121
16122
16122
16123
16123
16126
16128
16132
16132
16133
16135
16135
16136
16138
16139
16139
16140
16145
16145
16150
16153
16153
16154
16154
16155
16156
16157
16157
16157
16162
16164
16166
16168
16168
16169
16171
16174
16174
16177
16178
16182
16183
16184
16185
16186
16187
16189
16191
16191
16192
16193
16194
16194
16197
16197
16198
16201
16201
16204
16207
16207
16212
16212
16214
16214
16215
16215
16217
16219
16220
16221
16224
16224
16227
16228
16228
16229
16232
16233
16234
16234
16236
16238
16240
16240
16244
16244
16245
16245
16246
16247
16247
16247
16248
16248
16248
16249
16249
16252
16252
16252
16254
16256
16256
16256
16258
16258
16259
16260
16261
16262
16265
16268
16268
16269
16269
16271
16271
16274
16275
16275
16276
16277
16278
16279
16280
16281
16281
16281
16285
16285
16287
16287
16288
16291
16295
16297
16299
16300
16302
16303
16303
16303
16304
16305
16306
16309
16309
16311
16312
16312
16315
16318
16320
16320
16321
16322
16322
16322
16323
16323
16323
16324
16326
16326
16327
16329
16330
16331
16331
16332
16336
16339
16339
16339
16340
16341
16341
16342
16344
16346
16346
16347
16348
16348
16349
16349
16349
16351
16351
16358
16359
16359
16359
16360
16362
16363
16363
16364
16365
16365
16366
16367
16367
16369
16369
16371
16371
16376
16378
16381
16381
16384
16386
16386
16386
16392
16393
16393
16394
16396
16396
16396
16399
16400
16401
16403
16407
16409
16410
16410
16412
16412
16413
16413
16414
16414
16414
16415
16417
16419
16419
16421
16422
16422
16423
16425
16426
16427
16428
16429
16431
16433
16435
16435
16436
16437
16437
16437
16438
16439
16439
16440
16441
16442
16442
16444
16446
16446
16449
16449
16449
16451
16452
16455
16456
16456
16457
16459
16461
16462
16463
16463
16465
16468
16471
16472
16474
16474
16475
16476
16478
16480
16480
16482
16484
16484
16485
16485
16486
16487
16491
16494
16496
16496
16497
16498
16500
16501
16501
16502
16505
16505
16506
16507
16508
16509
16509
16509
16509
16511
16512
16512
16513
16516
16517
16520
16520
16521
16521
16521
16527
16527
16529
16530
16531
16531
16532
16533
16536
16538
16539
16539
16540
16540
16541
16543
16544
16544
16545
16545
16546
16547
16547
16548
16548
16550
16551
16554
16554
16554
16554
16555
16555
16556
16556
16557
16557
16557
16562
16563
16565
16565
16566
16566
16569
16572
16573
16573
16573
16573
16573
16574
16576
16577
16577
16579
16580
16582
16583
16583
16585
16586
16587
16588
16589
16589
16591
16591
16592
16593
16597
16597
16601
16604
16605
16605
16606
16607
16608
16611
16611
16611
16612
16616
16617
16621
16622
16623
16623
16623
16629
16630
16631
16632
16634
16637
16639
16640
16643
16645
16645
16645
16647
16648
16648
16648
16648
16649
16649
16650
16650
16652
16652
16653
16654
16655
16657
16658
16659
16661
16666
16666
16667
16667
16668
16670
16670
16671
16673
16675
16677
16679
16683
16685
16687
16687
16688
16688
16688
16689
16690
16691
16693
16694
16695
16695
16696
16699
16700
16704
16706
16707
16708
16710
16715
16715
16715
16716
16717
16720
16722
16723
16723
16724
16724
16725
16726
16728
16729
16729
16729
16730
16730
16731
16732
16734
16734
16735
16735
16737
16738
16739
16740
16742
16744
16745
16745
16748
16748
16748
16749
16752
16753
16754
16756
16760
16760
16763
16765
16768
16770
16770
16771
16771
16771
16774
16776
16778
16779
16782
16782
16782
16782
16783
16784
16785
16786
16787
16789
16793
16794
16794
16795
16796
16797
16799
16801
16801
16802
16803
16803
16804
16804
16806
16806
16806
16808
16809
16810
16813
16815
16816
16816
16818
16819
16823
16825
16832
16833
16835
16836
16837
16841
16842
16842
16844
16846
16848
16848
16848
16848
16849
16852
16854
16854
16855
16855
16856
16856
16857
16857
16858
16859
16859
16861
16862
16864
16865
16865
16866
16867
16870
16873
16873
16875
16876
16877
16878
16879
16883
16884
16888
16889
16889
16889
16891
16892
16892
16892
16892
16895
16897
16898
16902
16902
16902
16902
16903
16903
16904
16904
16905
16905
16906
16906
16907
16909
16909
16911
16913
16913
16916
16918
16918
16919
16920
16921
16925
16926
16926
16928
16928
16929
16932
16932
16936
16938
16939
16940
16941
16946
16946
16949
16952
16952
16953
16954
16954
16959
16960
16961
16961
16961
16962
16965
16967
16967
16969
16978
16978
16979
16979
16980
16981
16982
16986
16987
16988
16989
16989
16990
16990
16990
16993
16994
16994
16995
16996
16996
16997
16998
16998
16999
17000
17000
17001
17003
17003
17010
17014
17015
17015
17018
17018
17018
17018
17019
17019
17019
17019
17019
17020
17022
17023
17024
17024
17024
17026
17027
17028
17030
17036
17036
17038
17038
17040
17042
17042
17043
17044
17044
17047
17048
17049
17051
17051
17053
17055
17055
17056
17058
17059
17060
17060
17060
17062
17064
17067
17068
17071
17071
17073
17074
17075
17075
17076
17080
17080
17080
17081
17083
17084
17085
17086
17086
17087
17087
17088
17089
17089
17090
17090
17093
17094
17097
17097
17098
17100
17100
17100
17101
17103
17104
17104
17105
17116
17117
17120
17122
17122
17124
17124
17125
17127
17127
17127
17127
17129
17131
17131
17131
17132
17133
17137
17137
17139
17140
17141
17143
17143
17146
17149
17149
17149
17149
17151
17151
17151
17154
17155
17157
17158
17161
17162
17169
17169
17169
17170
17171
17172
17174
17175
17175
17176
17176
17176
17176
17177
17178
17178
17181
17185
17187
17189
17189
17191
17191
17193
17193
17194
17194
17195
17196
17198
17203
17205
17206
17206
17207
17207
17208
17210
17211
17213
17213
17213
17214
17214
17214
17215
17216
17216
17218
17219
17220
17220
17222
17225
17227
17229
17229
17232
17232
17236
17240
17240
17242
17243
17245
17247
17247
17251
17252
17252
17253
17253
17255
17255
17255
17256
17257
17259
17260
17260
17262
17262
17264
17265
17266
17266
17268
17270
17272
17273
17278
17278
17279
17281
17282
17282
17287
17289
17290
17290
17291
17295
17296
17298
17299
17300
17303
17303
17307
17308
17309
17310
17311
17312
17314
17319
17320
17320
17321
17321
17322
17322
17325
17326
17327
17328
17328
17328
17329
17335
17337
17338
17338
17338
17339
17339
17339
17340
17341
17341
17342
17349
17349
17351
17356
17356
17356
17357
17357
17358
17359
17361
17366
17367
17368
17370
17370
17372
17373
17374
17375
17375
17375
17376
17378
17379
17380
17381
17382
17383
17386
17386
17387
17398
17398
17401
17402
17407
17408
17408
17411
17412
17414
17414
17415
17420
17421
17422
17423
17424
17426
17434
17436
17440
17442
17442
17448
17449
17453
17455
17456
17456
17457
17460
17462
17464
17466
17468
17469
17470
17471
17471
17472
17473
17473
17473
17474
17474
17474
17474
17475
17476
17477
17478
17479
17479
17484
17484
17486
17487
17489
17491
17496
17500
17501
17502
17502
17506
17506
17506
17506
17508
17511
17512
17514
17514
17515
17517
17517
17517
17517
17518
17518
17518
17519
17519
17521
17522
17523
17525
17525
17527
17527
17528
17529
17529
17531
17537
17538
17539
17542
17542
17542
17544
17545
17545
17547
17548
17550
17551
17552
17553
17554
17554
17555
17556
17558
17559
17561
17561
17562
17562
17563
17564
17567
17568
17568
17573
17576
17577
17577
17577
17577
17580
17581
17582
17582
17583
17583
17586
17586
17588
17589
17591
17591
17595
17596
17597
17597
17598
17599
17599
17600
17603
17606
17606
17607
17608
17609
17613
17614
17617
17617
17622
17622
17625
17625
17626
17627
17632
17633
17635
17637
17638
17638
17639
17640
17642
17643
17644
17644
17645
17647
17649
17650
17652
17653
17656
17656
17656
17656
17657
17663
17666
17666
17666
17669
17671
17671
17673
17674
17676
17679
17679
17681
17683
17683
17683
17684
17684
17688
17689
17691
17693
17694
17699
17699
17703
17705
17706
17707
17708
17710
17711
17713
17714
17715
17716
17716
17720
17721
17723
17724
17725
17726
17727
17727
17732
17733
17734
17735
17738
17742
17742
17742
17745
17749
17751
17751
17752
17755
17756
17758
17759
17760
17761
17762
17764
17765
17766
17767
17769
17769
17770
17770
17771
17772
17773
17773
17774
17775
17778
17778
17779
17781
17781
17782
17782
17783
17784
17784
17785
17792
17795
17796
17799
17801
17804
17805
17808
17809
17810
17812
17814
17815
17818
17820
17822
17822
17824
17825
17826
17827
17829
17830
17830
17836
17836
17837
17838
17838
17838
17839
17840
17840
17842
17844
17846
17849
17850
17850
17853
17853
17855
17856
17859
17860
17860
17865
17866
17867
17871
17871
17872
17876
17878
17879
17880
17880
17881
17881
17881
17882
17884
17884
17885
17885
17885
17885
17887
17887
17888
17890
17890
17891
17896
17897
17898
17900
17902
17911
17911
17911
17911
17912
17912
17914
17915
17925
17925
17927
17927
17928
17928
17929
17930
17932
17933
17933
17933
17934
17934
17935
17935
17936
17936
17937
17940
17940
17942
17945
17945
17946
17946
17947
17947
17948
17948
17951
17952
17953
17956
17957
17957
17958
17959
17963
17963
17964
17965
17965
17965
17966
17967
17968
17969
17971
17974
17976
17976
17977
17978
17978
17981
17982
17983
17984
17989
17991
17997
17997
17997
18003
18005
18008
18009
18011
18012
18016
18016
18021
18021
18022
18024
18024
18024
18027
18028
18030
18031
18032
18035
18036
18037
18037
18038
18039
18040
18041
18044
18047
18047
18048
18052
18053
18054
18056
18057
18060
18061
18062
18063
18064
18069
18072
18076
18077
18080
18080
18081
18083
18087
18088
18088
18088
18089
18089
18090
18091
18091
18092
18093
18094
18095
18099
18100
18100
18101
18103
18104
18104
18106
18107
18107
18108
18111
18113
18114
18116
18117
18117
18119
18124
18128
18129
18131
18133
18134
18134
18136
18136
18139
18140
18141
18142
18146
18146
18148
18148
18148
18150
18150
18151
18157
18160
18160
18161
18164
18165
18167
18169
18169
18170
18170
18172
18172
18173
18173
18179
18179
18180
18181
18181
18182
18182
18186
18191
18192
18197
18198
18200
18202
18203
18203
18204
18205
18207
18208
18208
18209
18209
18216
18219
18220
18222
18224
18224
18225
18225
18226
18229
18231
18231
18232
18234
18235
18238
18241
18244
18245
18250
18250
18252
18255
18256
18261
18263
18264
18264
18266
18268
18270
18273
18276
18277
18280
18281
18281
18282
18283
18286
18288
18288
18288
18289
18290
18291
18292
18298
18298
18299
18300
18301
18301
18303
18305
18306
18307
18308
18309
18310
18310
18310
18312
18314
18316
18317
18317
18319
18319
18320
18324
18326
18327
18329
18330
18332
18332
18334
18335
18336
18336
18337
18337
18338
18338
18339
18339
18340
18341
18342
18344
18345
18347
18348
18348
18348
18349
18349
18350
18350
18351
18351
18352
18355
18356
18358
18361
18362
18363
18363
18365
18367
18372
18375
18376
18377
18378
18380
18381
18383
18385
18385
18388
18389
18389
18390
18390
18393
18393
18393
18395
18397
18399
18400
18400
18402
18402
18405
18405
18405
18408
18408
18408
18409
18409
18411
18411
18413
18413
18415
18417
18427
18427
18429
18431
18433
18435
18435
18437
18438
18439
18439
18439
18442
18442
18442
18443
18444
18445
18449
18457
18459
18461
18464
18464
18465
18466
18466
18466
18467
18469
18474
18474
18475
18475
18478
18480
18481
18483
18485
18486
18487
18487
18487
18489
18489
18489
18490
18490
18493
18495
18495
18496
18497
18497
18504
18508
18509
18511
18520
18524
18524
18529
18530
18532
18532
18537
18538
18538
18538
18541
18542
18543
18545
18546
18547
18547
18549
18549
18550
18551
18552
18553
18553
18562
18567
18569
18572
18574
18576
18577
18577
18578
18579
18582
18586
18586
18589
18589
18590
18592
18593
18596
18597
18597
18597
18599
18600
18601
18601
18602
18602
18603
18603
18604
18606
18609
18609
18609
18609
18609
18610
18611
18612
18612
18613
18616
18616
18616
18618
18619
18619
18620
18622
18624
18624
18626
18626
18628
18629
18631
18632
18634
18636
18636
18637
18637
18638
18638
18640
18641
18645
18645
18646
18646
18647
18648
18650
18655
18656
18657
18657
18657
18660
18662
18662
18662
18664
18665
18670
18671
18673
18674
18677
18677
18679
18679
18680
18684
18684
18685
18687
18688
18689
18689
18692
18693
18695
18696
18696
18698
18698
18698
18700
18700
18702
18704
18704
18705
18706
18712
18715
18717
18720
18722
18723
18726
18726
18727
18728
18728
18730
18730
18732
18735
18735
18737
18738
18738
18741
18742
18742
18744
18748
18751
18756
18760
18760
18760
18761
18762
18766
18767
18767
18768
18771
18772
18773
18776
18779
18780
18784
18784
18785
18785
18792
18792
18793
18793
18795
18795
18796
18796
18800
18803
18804
18804
18804
18805
18806
18806
18811
18811
18813
18814
18820
18822
18823
18824
18827
18827
18828
18829
18830
18833
18835
18835
18835
18840
18842
18843
18843
18846
18847
18847
18848
18849
18849
18850
18850
18851
18853
18858
18858
18859
18860
18861
18861
18861
18862
18869
18875
18875
18876
18877
18878
18882
18883
18883
18888
18888
18889
18889
18890
18894
18897
18897
18902
18902
18902
18903
18907
18908
18912
18913
18915
18916
18918
18919
18919
18920
18921
18923
18923
18923
18924
18929
18931
18932
18934
18935
18935
18936
18936
18936
18937
18937
18938
18938
18939
18939
18941
18942
18942
18942
18943
18943
18948
18948
18948
18949
18951
18953
18955
18956
18956
18958
18963
18964
18964
18967
18970
18971
18971
18973
18973
18974
18974
18975
18976
18977
18978
18978
18981
18982
18985
18986
18986
18987
18988
18989
18989
18991
18991
18992
18992
18993
18993
18995
18997
18998
18999
19004
19004
19006
19006
19007
19007
19009
19009
19010
19010
19011
19011
19012
19012
19015
19015
19015
19018
19018
19018
19019
19020
19020
19021
19021
19022
19025
19025
19026
19027
19030
19033
19033
19036
19036
19037
19039
19039
19040
19040
19040
19041
19042
19042
19043
19044
19045
19047
19052
19052
19054
19056
19057
19057
19057
19057
19060
19060
19069
19070
19070
19072
19072
19077
19078
19078
19079
19079
19079
19081
19081
19083
19084
19084
19088
19088
19089
19090
19092
19093
19093
19094
19094
19095
19095
19096
19097
19100
19101
19101
19104
19104
19104
19107
19112
19113
19116
19118
19123
19124
19124
19125
19127
19130
19133
19135
19136
19137
19141
19142
19143
19144
19145
19146
19147
19148
19148
19150
19150
19151
19151
19151
19151
19155
19155
19156
19162
19165
19166
19167
19168
19170
19170
19171
19171
19172
19174
19175
19176
19177
19179
19180
19181
19181
19182
19188
19189
19189
19189
19190
19190
19190
19192
19193
19196
19197
19199
19199
19200
19200
19202
19202
19202
19205
19206
19209
19211
19212
19212
19213
19213
19215
19216
19216
19218
19218
19219
19221
19222
19223
19224
19224
19227
19230
19231
19231
19231
19232
19232
19232
19238
19240
19242
19244
19244
19245
19245
19247
19247
19248
19249
19250
19256
19257
19260
19261
19261
19262
19270
19272
19272
19272
19276
19276
19277
19278
19280
19280
19281
19282
19285
19285
19285
19288
19290
19292
19293
19294
19299
19299
19301
19303
19305
19305
19305
19307
19307
19307
19309
19310
19313
19316
19316
19317
19318
19323
19323
19327
19328
19332
19336
19337
19337
19338
19339
19339
19339
19343
19345
19349
19349
19352
19352
19352
19353
19353
19354
19356
19357
19357
19358
19360
19362
19365
19365
19365
19367
19367
19367
19369
19371
19371
19371
19374
19375
19376
19376
19379
19379
19380
19383
19387
19387
19388
19388
19390
19391
19397
19397
19400
19401
19401
19402
19402
19403
19403
19403
19404
19407
19408
19408
19410
19412
19414
19414
19415
19415
19416
19417
19421
19421
19421
19426
19427
19428
19428
19432
19434
19435
19436
19439
19440
19440
19440
19441
19441
19442
19444
19444
19445
19446
19446
19446
19447
19449
19450
19450
19450
19450
19453
19453
19454
19455
19455
19457
19457
19458
19458
19461
19463
19463
19464
19464
19465
19465
19466
19466
19468
19470
19476
19476
19477
19478
19480
19481
19485
19487
19488
19490
19490
19491
19492
19493
19496
19497
19502
19503
19504
19505
19507
19510
19510
19511
19512
19513
19514
19514
19514
19515
19515
19518
19519
19520
19526
19531
19531
19532
19532
19535
19536
19538
19541
19541
19542
19543
19545
19545
19546
19548
19550
19550
19551
19554
19555
19555
19558
19558
19559
19561
19565
19568
19569
19573
19573
19577
19578
19581
19582
19582
19582
19584
19584
19585
19588
19589
19589
19590
19591
19591
19594
19595
19595
19596
19597
19597
19600
19604
19605
19606
19606
19607
19607
19610
19611
19612
19614
19614
19614
19614
19615
19616
19616
19618
19618
19619
19621
19623
19624
19625
19627
19628
19629
19631
19631
19634
19634
19635
19635
19635
19638
19640
19640
19641
19644
19644
19647
19649
19649
19650
19654
19654
19655
19656
19660
19661
19664
19664
19667
19667
19667
19670
19671
19671
19671
19672
19673
19674
19676
19676
19676
19679
19681
19682
19683
19683
19691
19692
19692
19698
19699
19701
19701
19703
19704
19705
19706
19708
19709
19711
19713
19713
19714
19716
19717
19717
19718
19719
19720
19721
19721
19723
19725
19726
19726
19727
19727
19729
19729
19730
19733
19734
19734
19735
19740
19741
19741
19742
19743
19745
19747
19748
19749
19749
19750
19751
19751
19752
19754
19756
19761
19762
19763
19763
19765
19767
19767
19767
19767
19768
19769
19771
19772
19773
19773
19777
19778
19778
19778
19780
19781
19781
19787
19788
19788
19789
19789
19790
19790
19795
19796
19797
19798
19799
19803
19806
19809
19809
19810
19811
19814
19814
19815
19816
19820
19823
19823
19826
19827
19827
19828
19829
19830
19830
19832
19834
19843
19843
19844
19848
19849
19849
19850
19852
19854
19857
19863
19867
19869
19870
19870
19871
19872
19873
19874
19876
19876
19877
19877
19880
19881
19883
19883
19885
19887
19888
19889
19890
19891
19892
19896
19896
19898
19899
19899
19899
19900
19901
19901
19904
19906
19906
19908
19909
19910
19913
19914
19915
19918
19919
19920
19921
19923
19924
19925
19925
19926
19929
19932
19932
19934
19936
19937
19939
19939
19940
19941
19942
19943
19945
19946
19947
19948
19949
19950
19951
19952
19953
19953
19955
19957
19958
19958
19960
19960
19962
19963
19963
19964
19964
19965
19965
19965
19966
19972
19974
19978
19980
19982
19983
19984
19985
19985
19987
19990
19991
19993
19995
19998
19999
20000
20001
20003
20004
20005
20010
20010
20010
20010
20011
20012
20012
20014
20020
20020
20021
20021
20026
20028
20033
20033
20033
20033
20034
20035
20036
20037
20038
20038
20039
20041
20041
20043
20043
20043
20044
20045
20046
20051
20051
20053
20055
20056
20056
20058
20060
20063
20065
20066
20070
20071
20071
20074
20074
20074
20074
20075
20075
20076
20076
20077
20078
20079
20080
20080
20083
20084
20085
20085
20086
20086
20087
20088
20089
20095
20095
20097
20101
20101
20102
20102
20104
20104
20106
20107
20108
20109
20109
20114
20114
20114
20114
20115
20115
20117
20121
20123
20124
20125
20125
20127
20127
20127
20128
20129
20130
20130
20134
20136
20138
20140
20140
20143
20143
20147
20147
20149
20149
20150
20151
20152
20153
20154
20154
20155
20157
20158
20160
20160
20160
20161
20161
20162
20163
20163
20163
20165
20165
20166
20167
20168
20169
20171
20172
20172
20172
20172
20172
20174
20176
20177
20179
20180
20183
20183
20184
20184
20188
20191
20192
20192
20194
20196
20196
20196
20197
20197
20197
20200
20203
20204
20204
20205
20206
20206
20206
20207
20207
20208
20210
20211
20211
20212
20219
20220
20220
20222
20226
20228
20230
20232
20232
20232
20232
20236
20238
20239
20239
20242
20243
20243
20243
20244
20246
20250
20256
20257
20257
20258
20260
20263
20264
20267
20268
20269
20270
20270
20272
20272
20273
20273
20277
20278
20280
20280
20282
20285
20285
20286
20286
20288
20289
20289
20289
20291
20293
20298
20300
20300
20302
20303
20304
20304
20304
20305
20305
20308
20310
20312
20312
20312
20314
20314
20315
20316
20318
20320
20320
20321
20322
20325
20325
20326
20327
20328
20328
20328
20330
20338
20338
20339
20340
20340
20342
20342
20342
20344
20346
20349
20350
20351
20352
20353
20353
20355
20358
20358
20359
20359
20360
20362
20364
20370
20371
20372
20374
20376
20379
20380
20384
20384
20385
20386
20389
20391
20391
20391
20395
20396
20397
20397
20399
20399
20401
20401
20401
20405
20408
20409
20412
20412
20413
20417
20419
20420
20420
20422
20422
20424
20426
20427
20428
20428
20432
20433
20437
20438
20440
20443
20444
20449
20451
20454
20454
20454
20455
20457
20459
20460
20463
20464
20465
20465
20468
20471
20472
20474
20475
20475
20475
20475
20476
20476
20477
20479
20480
20481
20484
20487
20487
20488
20488
20488
20490
20491
20492
20492
20493
20496
20499
20500
20500
20502
20502
20504
20507
20508
20509
20509
20511
20511
20513
20513
20517
20524
20527
20527
20527
20527
20528
20530
20532
20533
20533
20533
20533
20533
20535
20535
20535
20536
20539
20541
20541
20542
20544
20544
20547
20547
20548
20549
20550
20551
20555
20559
20560
20560
20561
20564
20569
20570
20573
20576
20580
20580
20581
20581
20582
20587
20588
20589
20594
20594
20595
20596
20596
20599
20604
20611
20612
20614
20615
20618
20621
20622
20624
20625
20631
20636
20636
20637
20638
20639
20639
20640
20640
20641
20642
20645
20648
20649
20649
20651
20651
20654
20654
20654
20655
20657
20658
20660
20660
20663
20665
20666
20666
20668
20670
20671
20673
20680
20681
20682
20682
20684
20684
20685
20685
20685
20686
20687
20687
20687
20688
20689
20690
20690
20691
20692
20694
20695
20695
20696
20697
20699
20699
20700
20703
20704
20707
20708
20708
20712
20713
20716
20716
20718
20719
20719
20720
20720
20721
20721
20723
20723
20724
20725
20725
20725
20725
20726
20726
20729
20732
20732
20733
20734
20734
20739
20741
20742
20742
20744
20747
20748
20750
20752
20752
20752
20753
20753
20756
20756
20756
20757
20758
20758
20762
20762
20763
20763
20763
20763
20765
20765
20767
20774
20777
20785
20785
20786
20786
20787
20788
20789
20791
20792
20792
20794
20794
20796
20796
20797
20797
20802
20808
20811
20811
20813
20814
20815
20816
20816
20817
20819
20819
20820
20821
20824
20824
20825
20826
20827
20827
20828
20829
20830
20838
20839
20839
20841
20841
20842
20842
20845
20846
20846
20848
20848
20850
20853
20856
20860
20861
20862
20862
20862
20863
20864
20866
20866
20866
20867
20869
20869
20870
20872
20873
20878
20878
20881
20881
20887
20891
20894
20896
20896
20900
20900
20902
20902
20906
20906
20907
20907
20909
20911
20912
20918
20920
20922
20923
20925
20926
20927
20931
20931
20932
20934
20937
20937
20939
20941
20942
20942
20942
20946
20947
20948
20949
20950
20956
20958
20959
20960
20961
20961
20962
20962
20963
20966
20966
20968
20968
20968
20969
20970
20970
20971
20971
20973
20975
20979
20979
20980
20982
20983
20986
20989
20989
20991
20992
20993
21000
21001
21002
21003
21004
21004
21007
21008
21010
21011
21013
21017
21017
21017
21018
21019
21022
21022
21023
21024
21025
21025
21025
21026
21027
21029
21030
21031
21032
21033
21033
21033
21033
21034
21034
21039
21046
21047
21047
21049
21050
21050
21051
21053
21059
21059
21059
21061
21062
21062
21063
21064
21068
21069
21070
21071
21072
21074
21074
21075
21079
21079
21080
21080
21080
21082
21082
21083
21084
21086
21089
21093
21094
21094
21096
21098
21100
21101
21102
21107
21107
21109
21109
21111
21112
21113
21118
21119
21121
21123
21123
21124
21125
21125
21126
21126
21127
21127
21129
21130
21131
21132
21134
21135
21135
21135
21137
21139
21140
21140
21141
21143
21143
21146
21149
21150
21150
21151
21152
21153
21154
21156
21161
21161
21161
21164
21164
21164
21168
21168
21169
21171
21174
21175
21175
21175
21176
21176
21177
21178
21179
21179
21180
21180
21180
21181
21182
21185
21188
21189
21189
21189
21190
21193
21194
21195
21196
21196
21201
21203
21203
21204
21206
21208
21208
21209
21210
21210
21211
21211
21212
21213
21213
21214
21214
21216
21216
21217
21218
21218
21220
21221
21222
21224
21225
21225
21228
21228
21231
21232
21234
21234
21235
21237
21240
21242
21242
21243
21243
21247
21248
21248
21248
21250
21250
21252
21253
21254
21255
21255
21255
21256
21256
21259
21260
21262
21264
21265
21267
21268
21269
21275
21276
21277
21279
21279
21279
21284
21285
21285
21285
21287
21288
21288
21288
21289
21290
21290
21292
21292
21292
21295
21297
21298
21299
21301
21302
21303
21305
21307
21308
21308
21309
21310
21312
21313
21315
21315
21316
21318
21323
21324
21324
21326
21327
21327
21327
21329
21329
21331
21333
21334
21335
21336
21338
21340
21342
21343
21344
21346
21349
21349
21350
21352
21353
21355
21355
21356
21357
21357
21357
21357
21358
21359
21359
21360
21360
21361
21361
21361
21363
21365
21368
21368
21368
21368
21369
21369
21369
21371
21372
21373
21374
21378
21378
21379
21379
21380
21380
21381
21381
21384
21385
21386
21386
21388
21388
21391
21392
21396
21397
21397
21397
21400
21400
21401
21405
21405
21406
21407
21411
21413
21413
21414
21417
21421
21423
21423
21432
21433
21433
21435
21435
21435
21438
21439
21439
21439
21441
21442
21444
21444
21448
21448
21448
21450
21450
21452
21453
21454
21455
21455
21458
21460
21461
21463
21463
21464
21465
21466
21466
21466
21467
21468
21470
21471
21476
21478
21479
21481
21482
21485
21485
21488
21489
21493
21493
21494
21495
21496
21496
21498
21498
21499
21503
21504
21508
21508
21509
21509
21511
21512
21513
21514
21518
21519
21519
21520
21521
21524
21524
21527
21529
21530
21530
21531
21532
21532
21534
21537
21537
21540
21541
21542
21543
21543
21544
21545
21547
21547
21552
21552
21553
21553
21553
21554
21559
21560
21561
21562
21563
21563
21564
21565
21567
21568
21569
21573
21575
21579
21579
21580
21580
21580
21580
21581
21587
21588
21589
21596
21597
21598
21601
21601
21603
21605
21605
21605
21609
21609
21610
21611
21612
21612
21615
21616
21617
21619
21627
21634
21634
21637
21638
21638
21638
21639
21641
21647
21650
21651
21651
21651
21652
21653
21653
21654
21658
21661
21665
21666
21668
21669
21669
21669
21671
21672
21672
21678
21679
21681
21681
21681
21684
21685
21685
21687
21688
21690
21693
21697
21699
21700
21702
21709
21709
21714
21716
21720
21720
21721
21722
21724
21724
21726
21727
21727
21729
21730
21736
21736
21736
21737
21737
21738
21739
21740
21743
21744
21744
21744
21745
21747
21751
21757
21758
21758
21758
21761
21763
21766
21766
21768
21769
21770
21770
21770
21770
21772
21773
21773
21774
21775
21776
21777
21778
21779
21784
21785
21786
21787
21788
21789
21792
21793
21793
21796
21798
21798
21799
21799
21801
21802
21803
21805
21806
21808
21808
21809
21810
21811
21811
21812
21812
21812
21813
21813
21814
21814
21815
21815
21817
21818
21818
21821
21821
21822
21823
21823
21829
21829
21834
21835
21836
21837
21839
21839
21839
21841
21841
21843
21846
21846
21847
21850
21851
21851
21853
21855
21855
21858
21859
21859
21863
21863
21864
21867
21867
21868
21868
21870
21871
21872
21873
21878
21879
21882
21883
21884
21884
21885
21885
21887
21888
21889
21890
21896
21896
21897
21898
21900
21901
21903
21905
21906
21907
21907
21909
21910
21910
21912
21914
21915
21915
21916
21918
21921
21922
21923
21926
21927
21927
21929
21930
21931
21934
21935
21936
21936
21937
21940
21941
21943
21943
21943
21943
21944
21945
21946
21947
21948
21948
21948
21948
21949
21951
21951
21953
21953
21955
21956
21956
21958
21958
21958
21959
21959
21959
21961
21961
21962
21964
21966
21968
21968
21969
21970
21972
21973
21975
21977
21979
21986
21987
21987
21987
21989
21990
21990
21991
21991
21992
21993
21993
21994
21994
21998
22002
22003
22005
22006
22007
22007
22009
22010
22010
22011
22011
22013
22016
22021
22021
22021
22022
22025
22025
22027
22027
22031
22032
22032
22034
22036
22036
22038
22039
22040
22042
22045
22045
22048
22052
22052
22052
22055
22056
22057
22058
22063
22063
22063
22064
22068
22071
22072
22073
22075
22075
22077
22079
22082
22082
22083
22083
22085
22085
22085
22087
22089
22090
22091
22091
22093
22095
22098
22099
22104
22107
22107
22108
22108
22110
22111
22113
22113
22114
22121
22123
22124
22125
22125
22126
22126
22127
22128
22129
22129
22134
22135
22138
22146
22147
22149
22149
22150
22154
22154
22157
22159
22161
22163
22165
22165
22166
22168
22169
22169
22169
22169
22170
22170
22171
22174
22176
22177
22177
22178
22178
22182
22186
22187
22189
22189
22190
22190
22191
22194
22197
22198
22200
22203
22204
22204
22206
22206
22208
22210
22212
22213
22214
22218
22224
22224
22228
22231
22231
22233
22235
22235
22240
22242
22242
22242
22243
22245
22248
22250
22250
22251
22251
22252
22252
22253
22257
22257
22259
22260
22262
22263
22263
22265
22265
22267
22274
22274
22279
22279
22280
22280
22281
22281
22282
22288
22292
22294
22294
22296
22296
22297
22299
22300
22301
22302
22304
22304
22306
22306
22306
22306
22307
22307
22308
22311
22311
22312
22313
22315
22317
22318
22318
22318
22324
22324
22326
22329
22333
22334
22335
22337
22338
22339
22340
22341
22346
22346
22346
22346
22347
22348
22349
22351
22355
22355
22355
22357
22357
22358
22362
22362
22363
22364
22364
22364
22364
22367
22367
22368
22369
22370
22373
22376
22377
22381
22383
22384
22385
22385
22387
22389
22389
22390
22391
22391
22391
22392
22393
22394
22394
22397
22401
22401
22404
22408
22408
22408
22411
22412
22412
22415
22417
22418
22419
22421
22422
22422
22423
22424
22424
22428
22428
22428
22429
22431
22432
22433
22433
22434
22434
22438
22439
22439
22440
22442
22445
22446
22448
22448
22448
22450
22451
22452
22452
22453
22455
22456
22456
22457
22459
22460
22460
22462
22464
22465
22466
22466
22467
22469
22470
22470
22473
22474
22478
22478
22479
22479
22480
22480
22480
22482
22483
22484
22484
22486
22486
22486
22487
22488
22489
22491
22491
22493
22493
22495
22496
22497
22498
22500
22502
22503
22504
22504
22505
22507
22507
22508
22508
22510
22511
22515
22515
22515
22517
22517
22520
22523
22523
22525
22527
22527
22528
22530
22531
22532
22533
22535
22535
22536
22538
22538
22540
22541
22541
22547
22550
22550
22553
22553
22554
22557
22559
22563
22564
22565
22566
22567
22567
22569
22571
22571
22573
22573
22575
22576
22578
22579
22580
22582
22584
22587
22589
22590
22592
22594
22595
22596
22598
22599
22601
22603
22606
22606
22607
22608
22609
22612
22612
22615
22616
22616
22618
22619
22621
22626
22627
22627
22627
22628
22630
22631
22633
22633
22635
22637
22638
22641
22648
22648
22652
22652
22653
22654
22654
22655
22658
22658
22659
22660
22663
22664
22666
22667
22668
22669
22671
22673
22674
22675
22675
22677
22679
22680
22681
22681
22681
22682
22682
22684
22685
22685
22686
22687
22689
22689
22690
22691
22691
22691
22692
22692
22693
22697
22698
22699
22702
22702
22705
22705
22706
22706
22707
22710
22710
22715
22716
22717
22717
22723
22723
22724
22725
22726
22727
22728
22728
22730
22730
22731
22732
22733
22733
22734
22736
22738
22739
22740
22741
22742
22742
22743
22743
22744
22745
22746
22748
22749
22751
22754
22757
22758
22760
22760
22762
22762
22764
22765
22768
22768
22769
22770
22773
22775
22775
22777
22777
22779
22781
22781
22782
22783
22783
22786
22787
22788
22789
22790
22795
22795
22795
22796
22796
22797
22798
22800
22804
22809
22811
22812
22813
22815
22815
22816
22817
22819
22820
22820
22821
22822
22825
22828
22828
22830
22830
22830
22831
22833
22835
22839
22839
22840
22842
22842
22843
22845
22846
22847
22847
22848
22850
22851
22852
22853
22853
22854
22855
22856
22862
22864
22868
22870
22870
22871
22873
22874
22875
22878
22879
22880
22882
22883
22886
22886
22889
22890
22890
22893
22893
22897
22898
22899
22899
22901
22902
22902
22903
22903
22906
22906
22907
22908
22910
22912
22913
22913
22915
22915
22916
22917
22919
22919
22925
22925
22926
22926
22931
22932
22934
22935
22936
22936
22936
22937
22940
22941
22941
22942
22943
22946
22947
22947
22949
22950
22950
22951
22953
22956
22956
22957
22958
22958
22959
22960
22962
22966
22967
22974
22975
22980
22983
22985
22987
22988
22989
22989
22990
22992
22992
22993
22993
22994
22994
22996
23002
23002
23002
23002
23003
23006
23007
23012
23012
23014
23017
23020
23020
23025
23025
23028
23029
23030
23030
23031
23031
23031
23032
23032
23032
23032
23033
23033
23037
23039
23039
23040
23043
23047
23047
23047
23049
23049
23049
23050
23050
23051
23052
23052
23054
23057
23059
23060
23061
23062
23065
23069
23070
23072
23073
23073
23073
23073
23075
23075
23075
23077
23077
23078
23078
23079
23079
23081
23083
23084
23085
23086
23087
23089
23090
23093
23096
23096
23096
23098
23101
23103
23104
23105
23106
23106
23107
23111
23111
23112
23112
23113
23115
23117
23120
23123
23123
23128
23128
23129
23129
23130
23133
23134
23136
23142
23143
23143
23144
23144
23145
23145
23147
23147
23148
23148
23150
23150
23154
23155
23155
23159
23159
23160
23161
23161
23162
23163
23164
23164
23167
23167
23172
23174
23174
23177
23179
23187
23189
23190
23190
23190
23196
23196
23197
23197
23200
23200
23201
23202
23202
23203
23205
23207
23214
23215
23216
23219
23220
23223
23226
23226
23227
23227
23227
23229
23229
23232
23235
23235
23236
23236
23238
23239
23239
23241
23241
23243
23246
23247
23248
23248
23248
23248
23251
23252
23252
23252
23253
23255
23259
23259
23260
23261
23262
23262
23262
23262
23263
23263
23264
23265
23268
23269
23269
23269
23269
23269
23270
23271
23272
23274
23276
23276
23277
23280
23280
23283
23284
23285
23287
23288
23288
23290
23290
23291
23294
23295
23297
23300
23301
23301
23303
23305
23308
23310
23310
23312
23312
23313
23318
23318
23321
23325
23325
23325
23328
23328
23328
23329
23330
23332
23333
23338
23339
23339
23340
23341
23344
23345
23346
23346
23347
23348
23349
23350
23351
23353
23356
23356
23357
23357
23358
23360
23361
23362
23364
23365
23366
23368
23368
23372
23373
23375
23375
23376
23377
23379
23380
23380
23382
23383
23383
23387
23391
23391
23391
23396
23399
23399
23399
23399
23400
23400
23403
23407
23407
23409
23409
23410
23411
23411
23412
23413
23413
23415
23416
23417
23418
23419
23423
23424
23424
23425
23427
23428
23429
23434
23434
23437
23437
23438
23438
23440
23441
23442
23443
23443
23445
23446
23447
23447
23448
23449
23451
23453
23453
23456
23458
23459
23461
23464
23464
23465
23465
23467
23468
23468
23468
23470
23470
23473
23474
23480
23480
23482
23484
23484
23487
23491
23493
23494
23495
23501
23507
23508
23508
23509
23512
23514
23516
23519
23524
23528
23528
23529
23529
23530
23534
23534
23534
23536
23537
23539
23539
23541
23544
23545
23545
23550
23550
23550
23550
23552
23553
23553
23556
23557
23557
23558
23563
23565
23566
23566
23568
23568
23568
23569
23572
23574
23575
23575
23576
23576
23576
23577
23578
23579
23581
23581
23582
23583
23583
23584
23585
23585
23586
23586
23588
23590
23591
23591
23592
23596
23597
23598
23599
23603
23604
23606
23607
23607
23611
23612
23613
23613
23614
23616
23616
23618
23618
23621
23622
23622
23623
23626
23626
23626
23626
23628
23629
23631
23634
23635
23635
23636
23636
23639
23639
23639
23642
23642
23643
23646
23648
23651
23652
23655
23656
23658
23659
23660
23661
23662
23663
23664
23671
23672
23673
23673
23674
23676
23678
23679
23684
23685
23686
23687
23688
23693
23696
23697
23698
23698
23702
23702
23704
23705
23711
23711
23722
23722
23723
23723
23725
23725
23726
23726
23728
23728
23730
23733
23733
23734
23734
23735
23736
23737
23738
23739
23742
23743
23744
23744
23745
23747
23749
23750
23751
23755
23755
23756
23757
23759
23760
23761
23762
23768
23769
23771
23771
23776
23777
23778
23778
23780
23781
23783
23786
23786
23786
23788
23788
23789
23789
23789
23790
23790
23792
23793
23795
23795
23795
23795
23797
23798
23800
23800
23802
23802
23803
23805
23805
23806
23807
23807
23809
23810
23810
23814
23821
23823
23825
23826
23826
23827
23827
23829
23831
23831
23833
23835
23836
23836
23838
23839
23840
23841
23846
23846
23851
23851
23853
23853
23857
23857
23861
23863
23865
23865
23866
23866
23869
23869
23869
23873
23875
23876
23879
23880
23880
23881
23882
23885
23885
23886
23888
23888
23889
23890
23890
23891
23892
23892
23900
23904
23904
23906
23909
23911
23916
23917
23919
23920
23921
23923
23927
23927
23929
23929
23934
23935
23936
23941
23942
23947
23948
23948
23949
23950
23951
23951
23952
23953
23953
23954
23955
23956
23958
23959
23962
23962
23962
23963
23967
23967
23968
23968
23970
23971
23971
23972
23972
23974
23975
23975
23975
23976
23977
23978
23978
23980
23982
23985
23989
23991
23994
23994
23995
23995
23997
23997
24000
24002
24003
24004
24006
24007
24010
24011
24011
24012
24012
24018
24020
24022
24023
24024
24025
24027
24027
24030
24030
24030
24032
24033
24033
24033
24035
24037
24038
24039
24041
24042
24043
24047
24047
24047
24048
24049
24049
24050
24050
24051
24051
24052
24053
24055
24056
24059
24060
24060
24061
24061
24061
24061
24061
24062
24064
24064
24066
24068
24069
24069
24070
24070
24070
24070
24074
24075
24075
24077
24077
24077
24079
24081
24081
24082
24083
24084
24087
24090
24091
24092
24093
24093
24095
24095
24096
24096
24097
24098
24098
24098
24098
24100
24100
24101
24104
24105
24106
24108
24109
24110
24114
24117
24120
24121
24121
24121
24122
24128
24132
24136
24136
24139
24143
24143
24149
24152
24152
24156
24156
24159
24159
24159
24160
24162
24163
24165
24166
24166
24167
24170
24172
24173
24176
24180
24182
24183
24183
24183
24187
24189
24190
24190
24190
24191
24192
24192
24193
24193
24194
24197
24202
24204
24204
24205
24205
24206
24207
24207
24207
24207
24209
24210
24211
24212
24212
24212
24212
24212
24213
24215
24216
24218
24219
24220
24221
24223
24224
24225
24228
24229
24231
24236
24236
24237
24239
24239
24240
24243
24244
24246
24246
24247
24249
24251
24252
24254
24256
24257
24257
24257
24257
24260
24261
24261
24263
24264
24266
24272
24273
24274
24277
24278
24278
24278
24283
24286
24291
24291
24293
24294
24296
24297
24298
24298
24298
24299
24301
24302
24303
24304
24304
24304
24306
24309
24311
24313
24313
24314
24317
24323
24323
24326
24327
24328
24328
24329
24329
24329
24332
24333
24334
24334
24336
24337
24338
24339
24341
24341
24341
24342
24342
24343
24343
24344
24344
24345
24350
24351
24352
24353
24354
24357
24359
24361
24361
24362
24363
24367
24368
24370
24370
24376
24378
24381
24381
24385
24385
24386
24387
24387
24388
24389
24390
24392
24394
24395
24396
24396
24397
24401
24401
24403
24405
24408
24408
24409
24411
24412
24413
24415
24416
24416
24417
24420
24422
24424
24424
24425
24426
24427
24429
24429
24431
24432
24433
24435
24435
24436
24436
24441
24445
24447
24449
24450
24450
24451
24452
24452
24452
24452
24452
24453
24456
24456
24458
24462
24464
24464
24465
24466
24467
24470
24470
24472
24473
24475
24475
24475
24480
24480
24484
24484
24484
24487
24491
24494
24495
24495
24497
24498
24499
24501
24502
24502
24505
24507
24509
24509
24509
24509
24510
24511
24511
24512
24516
24521
24523
24524
24525
24527
24528
24530
24532
24534
24535
24535
24536
24541
24544
24544
24545
24546
24548
24548
24549
24550
24550
24551
24554
24556
24558
24558
24560
24560
24560
24561
24561
24565
24566
24566
24567
24568
24568
24570
24570
24572
24575
24577
24579
24583
24585
24587
24587
24588
24591
24591
24597
24598
24598
24602
24604
24605
24605
24605
24605
24606
24611
24611
24613
24615
24616
24617
24617
24619
24619
24621
24623
24623
24624
24626
24628
24630
24630
24632
24633
24634
24634
24635
24636
24638
24638
24638
24638
24640
24642
24643
24645
24645
24648
24648
24648
24653
24655
24658
24658
24659
24659
24661
24662
24662
24665
24667
24668
24669
24669
24670
24671
24672
24673
24673
24675
24676
24677
24677
24678
24680
24681
24681
24683
24686
24686
24687
24688
24689
24692
24694
24694
24694
24697
24698
24698
24701
24701
24701
24702
24702
24703
24706
24706
24707
24708
24708
24709
24710
24713
24714
24714
24718
24719
24719
24720
24722
24723
24724
24727
24727
24728
24729
24730
24733
24733
24735
24738
24739
24740
24742
24742
24742
24743
24743
24743
24744
24744
24745
24750
24752
24753
24753
24754
24755
24756
24759
24760
24761
24761
24762
24762
24763
24763
24766
24769
24771
24772
24775
24780
24780
24781
24782
24782
24783
24785
24786
24789
24790
24792
24794
24795
24795
24797
24797
24798
24800
24802
24806
24807
24809
24809
24810
24811
24811
24811
24814
24815
24816
24819
24819
24822
24825
24825
24826
24826
24828
24831
24832
24832
24833
24835
24835
24835
24837
24838
24839
24840
24840
24842
24843
24843
24844
24844
24851
24851
24852
24854
24855
24858
24858
24860
24860
24861
24863
24863
24864
24864
24867
24869
24869
24872
24872
24874
24877
24877
24877
24882
24883
24884
24884
24885
24885
24885
24885
24885
24887
24888
24889
24892
24892
24892
24892
24899
24900
24901
24902
24903
24904
24904
24905
24906
24907
24907
24908
24909
24911
24911
24915
24918
24918
24918
24919
24919
24926
24926
24927
24931
24931
24932
24934
24936
24938
24938
24939
24939
24940
24942
24943
24944
24945
24946
24946
24946
24948
24949
24949
24952
24954
24955
24956
24956
24957
24958
24962
24963
24963
24963
24966
24967
24970
24972
24973
24976
24977
24977
24978
24981
24981
24982
24982
24982
24983
24984
24986
24987
24988
24989
24989
24990
24995
24995
24996
24998
24998
24999
25000
25002
25004
25005
25006
25007
25007
25007
25008
25009
25014
25016
25017
25018
25018
25021
25022
25023
25024
25025
25026
25027
25028
25031
25034
25034
25035
25036
25039
25040
25040
25040
25041
25042
25043
25044
25047
25050
25051
25052
25052
25054
25054
25057
25058
25059
25059
25060
25061
25061
25062
25063
25063
25063
25065
25066
25066
25066
25066
25066
25067
25069
25071
25071
25072
25073
25073
25074
25075
25077
25082
25083
25083
25085
25085
25087
25087
25089
25089
25091
25091
25092
25094
25094
25094
25095
25095
25097
25099
25100
25102
25103
25105
25107
25108
25108
25109
25114
25115
25115
25118
25119
25124
25124
25124
25125
25125
25125
25126
25126
25126
25130
25133
25134
25134
25136
25138
25143
25143
25143
25145
25145
25146
25146
25147
25148
25150
25151
25152
25152
25155
25155
25156
25156
25156
25156
25157
25157
25157
25158
25158
25159
25161
25163
25165
25167
25168
25175
25175
25176
25177
25178
25183
25185
25186
25187
25188
25189
25191
25192
25193
25193
25194
25194
25194
25194
25196
25197
25197
25198
25203
25208
25209
25211
25215
25217
25217
25222
25222
25224
25224
25224
25226
25227
25228
25228
25229
25231
25231
25232
25235
25235
25235
25238
25239
25240
25240
25243
25244
25244
25244
25246
25247
25248
25249
25250
25251
25252
25253
25253
25254
25254
25256
25257
25261
25261
25262
25266
25266
25268
25271
25272
25272
25272
25274
25275
25275
25276
25277
25278
25278
25284
25285
25288
25289
25289
25292
25294
25294
25294
25294
25297
25297
25300
25302
25302
25304
25310
25313
25316
25319
25319
25319
25320
25320
25321
25322
25322
25324
25325
25325
25328
25328
25329
25329
25332
25333
25337
25338
25338
25338
25340
25342
25342
25343
25343
25343
25354
25354
25355
25356
25356
25358
25359
25361
25366
25369
25373
25374
25375
25375
25375
25377
25379
25380
25381
25382
25383
25385
25388
25388
25389
25391
25391
25393
25393
25396
25397
25399
25400
25401
25404
25404
25405
25406
25406
25407
25408
25412
25413
25413
25413
25414
25415
25416
25418
25419
25419
25419
25420
25421
25423
25425
25427
25427
25427
25432
25433
25433
25435
25436
25436
25437
25438
25439
25440
25441
25441
25441
25442
25443
25444
25446
25447
25447
25448
25451
25451
25452
25453
25453
25453
25453
25453
25454
25455
25455
25455
25456
25460
25461
25462
25463
25463
25467
25468
25470
25472
25473
25475
25475
25476
25477
25478
25485
25485
25486
25487
25488
25488
25488
25489
25489
25490
25491
25494
25495
25496
25496
25497
25497
25498
25499
25501
25502
25508
25508
25510
25511
25511
25512
25514
25514
25515
25516
25519
25522
25523
25526
25527
25528
25530
25534
25535
25535
25536
25536
25537
25538
25538
25539
25543
25544
25544
25545
25545
25546
25548
25549
25549
25551
25551
25553
25554
25556
25558
25560
25560
25564
25565
25565
25566
25569
25569
25569
25570
25570
25577
25577
25578
25579
25580
25580
25581
25581
25583
25585
25588
25590
25592
25593
25595
25596
25596
25597
25599
25599
25599
25603
25605
25606
25607
25607
25608
25611
25612
25612
25617
25617
25623
25623
25624
25628
25628
25630
25632
25632
25637
25638
25640
25642
25642
25643
25643
25645
25646
25646
25648
25649
25650
25651
25652
25654
25656
25657
25657
25658
25658
25661
25662
25663
25663
25664
25664
25665
25666
25668
25668
25671
25672
25673
25673
25675
25676
25676
25677
25677
25684
25684
25685
25686
25688
25690
25694
25697
25698
25699
25699
25700
25700
25701
25701
25702
25702
25703
25707
25707
25707
25707
25707
25708
25708
25711
25711
25712
25713
25717
25718
25719
25720
25727
25727
25727
25730
25730
25731
25732
25734
25734
25735
25737
25737
25738
25738
25739
25740
25741
25742
25743
25744
25746
25747
25747
25748
25755
25757
25758
25758
25759
25761
25765
25765
25768
25770
25777
25778
25779
25782
25783
25783
25785
25789
25791
25795
25798
25799
25800
25801
25803
25806
25806
25807
25807
25808
25808
25809
25812
25815
25818
25821
25823
25825
25829
25831
25836
25841
25841
25841
25845
25845
25846
25846
25847
25848
25848
25851
25851
25851
25851
25853
25854
25855
25856
25857
25857
25858
25858
25859
25859
25859
25861
25864
25865
25866
25867
25867
25874
25874
25878
25878
25883
25885
25886
25888
25890
25891
25894
25896
25896
25898
25899
25904
25906
25908
25908
25909
25909
25911
25912
25914
25914
25915
25915
25916
25921
25922
25922
25923
25925
25926
25926
25929
25930
25931
25931
25932
25933
25934
25935
25936
25937
25938
25944
25945
25946
25947
25947
25948
25955
25959
25959
25960
25960
25962
25962
25964
25964
25967
25967
25969
25971
25974
25975
25976
25976
25978
25978
25979
25980
25984
25986
25987
25987
25987
25988
25989
25991
25995
25997
25999
25999
26000
26002
26003
26003
26005
26005
26005
26007
26007
26008
26009
26012
26014
26015
26018
26018
26019
26019
26020
26020
26021
26023
26024
26024
26024
26024
26027
26027
26028
26029
26030
26031
26034
26038
26039
26040
26041
26041
26043
26046
26047
26047
26047
26048
26048
26050
26051
26052
26054
26055
26056
26056
26059
26059
26059
26060
26060
26061
26063
26065
26066
26068
26069
26071
26071
26073
26073
26073
26075
26075
26076
26079
26079
26081
26081
26083
26083
26083
26084
26085
26087
26088
26088
26091
26092
26092
26093
26093
26094
26094
26096
26098
26099
26100
26102
26102
26104
26104
26104
26104
26107
26108
26108
26109
26109
26110
26114
26115
26116
26117
26120
26120
26121
26123
26124
26125
26125
26125
26126
26128
26131
26132
26135
26135
26137
26137
26138
26140
26140
26141
26143
26150
26150
26154
26155
26156
26156
26158
26159
26161
26163
26163
26164
26166
26167
26167
26169
26169
26169
26170
26173
26173
26174
26174
26176
26178
26184
26184
26184
26185
26186
26187
26187
26189
26191
26191
26192
26193
26194
26195
26203
26205
26205
26207
26207
26208
26209
26211
26215
26217
26217
26218
26219
26219
26219
26223
26226
26228
26229
26230
26233
26235
26236
26236
26237
26238
26239
26241
26249
26249
26252
26253
26253
26253
26256
26261
26263
26264
26264
26265
26266
26267
26269
26269
26271
26273
26273
26274
26274
26277
26280
26280
26283
26284
26288
26289
26289
26290
26292
26293
26293
26295
26298
26298
26299
26301
26302
26302
26303
26305
26305
26307
26308
26309
26309
26310
26313
26313
26315
26315
26316
26317
26322
26324
26324
26326
26327
26329
26330
26333
26334
26336
26338
26339
26340
26340
26341
26343
26346
26347
26348
26350
26351
26353
26354
26355
26356
26357
26358
26359
26362
26364
26365
26367
26367
26367
26367
26368
26369
26370
26370
26373
26375
26375
26375
26376
26378
26379
26381
26383
26386
26388
26389
26390
26392
26392
26393
26393
26396
26397
26400
26401
26402
26402
26404
26405
26407
26408
26409
26409
26411
26412
26412
26412
26412
26413
26413
26414
26414
26415
26416
26417
26420
26421
26423
26425
26427
26428
26428
26430
26432
26432
26432
26433
26434
26436
26437
26437
26438
26438
26439
26440
26440
26441
26442
26444
26445
26445
26447
26448
26449
26450
26453
26455
26457
26457
26460
26460
26460
26461
26462
26463
26463
26465
26467
26468
26469
26469
26471
26471
26474
26474
26475
26475
26475
26477
26479
26479
26479
26479
26479
26482
26483
26484
26484
26485
26486
26487
26487
26488
26489
26490
26490
26492
26492
26494
26494
26495
26496
26496
26497
26498
26499
26499
26499
26501
26502
26503
26503
26505
26506
26506
26507
26509
26510
26513
26513
26517
26517
26518
26521
26522
26522
26522
26523
26525
26526
26528
26529
26529
26532
26532
26533
26534
26535
26537
26537
26538
26541
26542
26543
26546
26546
26552
26552
26553
26556
26558
26559
26560
26560
26561
26561
26562
26566
26567
26567
26567
26567
26567
26571
26572
26572
26573
26573
26574
26575
26575
26577
26580
26582
26582
26583
26583
26585
26585
26585
26586
26587
26588
26588
26590
26591
26597
26598
26599
26601
26604
26604
26605
26608
26609
26614
26615
26616
26618
26622
26622
26623
26627
26627
26628
26628
26630
26631
26636
26636
26638
26641
26644
26645
26646
26647
26649
26650
26650
26651
26652
26653
26653
26654
26655
26655
26655
26657
26659
26659
26660
26661
26661
26661
26661
26662
26665
26665
26667
26668
26668
26674
26676
26676
26677
26678
26678
26680
26684
26684
26684
26686
26687
26687
26687
26691
26692
26692
26693
26697
26698
26700
26704
26704
26706
26708
26710
26713
26715
26716
26716
26717
26719
26719
26719
26720
26720
26723
26723
26723
26726
26726
26727
26729
26730
26730
26731
26735
26736
26740
26744
26746
26747
26747
26747
26748
26748
26750
26750
26752
26753
26755
26755
26755
26755
26757
26759
26761
26762
26763
26764
26764
26764
26765
26765
26765
26766
26767
26767
26769
26770
26772
26773
26773
26776
26779
26780
26780
26781
26782
26782
26783
26784
26784
26784
26786
26786
26786
26788
26789
26792
26795
26795
26796
26797
26798
26799
26799
26804
26817
26821
26822
26823
26824
26825
26827
26828
26828
26829
26831
26835
26835
26838
26838
26838
26841
26841
26842
26842
26843
26843
26845
26846
26847
26847
26849
26850
26852
26854
26856
26857
26858
26859
26859
26860
26861
26862
26868
26871
26871
26871
26872
26873
26873
26873
26875
26876
26878
26878
26879
26879
26880
26883
26884
26885
26885
26885
26885
26886
26887
26887
26889
26889
26889
26890
26891
26891
26892
26892
26893
26896
26896
26896
26897
26899
26903
26904
26904
26907
26907
26907
26908
26908
26910
26910
26911
26912
26912
26913
26914
26916
26917
26918
26920
26921
26921
26922
26922
26923
26924
26925
26929
26930
26930
26931
26933
26933
26933
26934
26938
26939
26939
26942
26942
26943
26946
26947
26948
26949
26949
26949
26951
26953
26957
26958
26958
26959
26960
26960
26962
26962
26965
26965
26966
26966
26967
26971
26972
26973
26974
26979
26980
26981
26983
26984
26991
26991
26993
26993
26998
26999
27001
27001
27001
27002
27004
27004
27005
27008
27008
27009
27009
27009
27013
27014
27016
27017
27017
27017
27018
27019
27019
27020
27022
27022
27024
27026
27027
27029
27030
27031
27033
27040
27040
27040
27041
27043
27044
27044
27045
27046
27046
27047
27047
27049
27049
27049
27049
27050
27050
27050
27051
27054
27054
27057
27058
27058
27060
27062
27062
27063
27066
27067
27067
27071
27071
27079
27080
27080
27082
27083
27086
27091
27092
27092
27092
27093
27099
27100
27100
27101
27102
27102
27104
27105
27110
27113
27113
27116
27118
27118
27119
27122
27126
27127
27128
27128
27130
27131
27133
27134
27135
27136
27137
27137
27138
27141
27142
27142
27144
27144
27145
27146
27147
27147
27150
27150
27151
27151
27152
27152
27152
27153
27154
27154
27154
27155
27159
27159
27160
27161
27162
27164
27166
27166
27166
27166
27166
27166
27169
27169
27171
27173
27174
27174
27174
27177
27177
27178
27179
27179
27179
27181
27183
27183
27184
27185
27187
27190
27192
27193
27195
27195
27195
27196
27198
27200
27201
27202
27203
27207
27207
27211
27216
27217
27219
27220
27220
27221
27221
27221
27222
27226
27227
27228
27228
27231
27233
27233
27236
27236
27237
27237
27239
27243
27244
27244
27245
27246
27247
27248
27251
27253
27253
27254
27258
27260
27267
27269
27270
27271
27271
27272
27275
27276
27281
27281
27283
27284
27284
27286
27289
27290
27293
27295
27295
27295
27295
27298
27299
27300
27301
27301
27307
27308
27308
27310
27311
27311
27313
27316
27320
27321
27322
27324
27325
27326
27326
27327
27327
27328
27328
27331
27333
27333
27334
27335
27338
27338
27339
27340
27341
27342
27344
27344
27346
27348
27350
27351
27353
27355
27356
27359
27362
27363
27364
27365
27365
27367
27367
27368
27368
27368
27369
27369
27371
27372
27373
27373
27373
27374
27375
27378
27380
27381
27381
27381
27381
27381
27383
27383
27383
27383
27384
27384
27385
27386
27387
27387
27390
27391
27391
27391
27395
27396
27397
27398
27398
27402
27404
27405
27406
27406
27408
27409
27413
27413
27414
27414
27417
27418
27420
27420
27421
27421
27423
27424
27425
27425
27426
27427
27428
27430
27431
27433
27433
27434
27435
27436
27436
27437
27438
27439
27439
27440
27440
27442
27443
27445
27449
27450
27450
27459
27461
27462
27463
27464
27464
27465
27466
27467
27468
27468
27468
27470
27473
27473
27474
27474
27475
27476
27476
27476
27478
27479
27479
27480
27482
27482
27484
27485
27486
27487
27488
27489
27490
27492
27496
27497
27499
27499
27504
27504
27504
27505
27505
27507
27507
27507
27508
27508
27509
27509
27511
27512
27512
27513
27513
27513
27513
27515
27518
27519
27520
27522
27524
27524
27528
27529
27530
27531
27531
27531
27531
27532
27532
27532
27534
27535
27535
27540
27542
27543
27545
27546
27547
27547
27547
27548
27549
27551
27552
27555
27555
27555
27558
27559
27559
27560
27561
27561
27561
27561
27563
27565
27567
27568
27568
27568
27574
27574
27576
27576
27579
27579
27579
27581
27583
27588
27589
27589
27590
27591
27593
27593
27594
27594
27595
27599
27599
27604
27606
27614
27614
27618
27619
27619
27622
27625
27625
27626
27627
27628
27628
27629
27630
27634
27635
27636
27637
27640
27640
27640
27642
27642
27642
27645
27645
27645
27645
27645
27646
27647
27648
27648
27648
27651
27653
27654
27654
27655
27655
27655
27656
27657
27660
27660
27662
27663
27665
27666
27667
27668
27668
27670
27672
27673
27675
27677
27677
27677
27680
27682
27682
27684
27686
27686
27688
27689
27689
27690
27691
27693
27694
27695
27696
27696
27698
27699
27700
27701
27701
27703
27708
27708
27708
27708
27713
27716
27716
27718
27718
27721
27722
27727
27727
27729
27730
27730
27731
27732
27732
27732
27734
27736
27737
27738
27739
27740
27745
27746
27746
27746
27748
27751
27751
27754
27754
27755
27758
27758
27762
27764
27767
27769
27769
27780
27785
27785
27786
27786
27787
27789
27789
27791
27794
27795
27795
27798
27798
27798
27801
27801
27801
27801
27802
27802
27803
27804
27805
27806
27806
27807
27811
27814
27814
27817
27818
27819
27819
27820
27823
27823
27825
27825
27827
27829
27830
27830
27831
27831
27831
27832
27832
27834
27834
27836
27837
27838
27839
27843
27851
27851
27852
27852
27853
27854
27854
27855
27856
27857
27858
27859
27863
27863
27867
27867
27868
27868
27870
27870
27870
27870
27871
27871
27874
27875
27875
27878
27879
27879
27880
27883
27884
27885
27887
27888
27889
27889
27889
27890
27890
27897
27899
27900
27902
27902
27903
27903
27907
27913
27916
27918
27919
27921
27921
27922
27922
27924
27925
27926
27926
27927
27927
27928
27928
27929
27931
27933
27934
27936
27938
27938
27942
27943
27943
27943
27944
27944
27947
27948
27949
27954
27956
27957
27958
27959
27961
27961
27961
27962
27967
27968
27968
27968
27969
27972
27974
27975
27976
27977
27979
27979
27982
27985
27986
27986
27987
27989
27997
27998
27999
28002
28002
28003
28005
28007
28009
28009
28012
28013
28014
28018
28020
28022
28023
28025
28026
28026
28027
28028
28029
28029
28030
28031
28031
28031
28032
28034
28035
28035
28036
28036
28040
28043
28044
28045
28046
28046
28047
28048
28049
28049
28050
28052
28053
28054
28056
28057
28058
28059
28060
28061
28063
28063
28064
28068
28071
28072
28072
28077
28081
28081
28082
28083
28083
28085
28085
28086
28086
28087
28088
28088
28088
28089
28090
28091
28094
28094
28094
28097
28097
28098
28098
28102
28103
28105
28105
28106
28106
28108
28109
28110
28112
28113
28115
28117
28118
28121
28123
28123
28124
28124
28129
28130
28130
28133
28135
28135
28136
28137
28138
28139
28139
28141
28142
28145
28146
28146
28147
28153
28154
28155
28155
28159
28159
28160
28162
28162
28163
28165
28165
28165
28168
28170
28170
28174
28174
28175
28176
28176
28178
28180
28181
28182
28182
28183
28184
28184
28186
28186
28187
28187
28187
28188
28191
28191
28191
28192
28193
28193
28197
28198
28199
28199
28199
28200
28203
28203
28203
28204
28208
28209
28211
28212
28213
28215
28216
28217
28217
28219
28221
28222
28223
28226
28226
28227
28228
28228
28229
28240
28241
28242
28242
28242
28242
28242
28243
28243
28244
28245
28246
28247
28249
28249
28250
28250
28253
28253
28254
28255
28258
28258
28259
28260
28262
28263
28264
28264
28264
28266
28266
28268
28269
28272
28277
28279
28280
28281
28281
28282
28284
28286
28287
28288
28290
28291
28292
28294
28294
28298
28299
28300
28301
28302
28303
28304
28305
28306
28311
28313
28314
28315
28317
28317
28317
28320
28321
28323
28324
28324
28334
28335
28337
28340
28340
28341
28341
28342
28342
28343
28346
28346
28349
28351
28352
28352
28352
28356
28359
28359
28362
28364
28364
28366
28366
28367
28370
28372
28372
28372
28373
28373
28375
28375
28376
28378
28382
28382
28384
28385
28386
28387
28387
28387
28388
28389
28390
28392
28395
28397
28398
28398
28398
28399
28399
28401
28401
28401
28402
28403
28403
28407
28407
28407
28411
28413
28413
28414
28414
28415
28417
28419
28420
28421
28421
28424
28424
28424
28427
28427
28429
28430
28430
28431
28438
28439
28439
28442
28443
28445
28447
28448
28449
28450
28454
28454
28455
28455
28455
28456
28456
28456
28458
28465
28468
28469
28471
28474
28475
28476
28476
28478
28479
28482
28484
28484
28485
28486
28486
28488
28488
28490
28493
28496
28499
28499
28499
28500
28501
28504
28507
28511
28512
28512
28515
28517
28517
28519
28519
28520
28521
28522
28522
28523
28523
28526
28526
28527
28527
28527
28528
28529
28530
28532
28532
28535
28536
28536
28539
28541
28542
28550
28552
28553
28553
28555
28556
28557
28565
28566
28567
28571
28571
28573
28573
28573
28582
28583
28584
28585
28587
28588
28588
28590
28591
28591
28591
28592
28593
28595
28595
28597
28599
28600
28600
28601
28604
28611
28611
28612
28612
28612
28613
28615
28616
28616
28617
28618
28619
28620
28620
28620
28624
28625
28626
28627
28632
28636
28638
28641
28644
28644
28646
28646
28646
28647
28647
28648
28650
28651
28651
28651
28654
28655
28656
28657
28662
28663
28665
28669
28670
28670
28670
28671
28674
28674
28676
28677
28677
28678
28679
28681
28682
28688
28691
28695
28697
28700
28700
28700
28700
28702
28703
28704
28705
28708
28708
28708
28710
28710
28713
28715
28715
28716
28717
28720
28720
28721
28722
28722
28725
28725
28726
28727
28729
28730
28730
28731
28732
28732
28732
28734
28735
28736
28736
28736
28737
28739
28741
28741
28741
28745
28745
28746
28746
28747
28751
28752
28752
28754
28755
28755
28756
28757
28758
28758
28759
28761
28761
28762
28762
28764
28769
28769
28769
28771
28774
28774
28775
28777
28779
28780
28781
28782
28782
28782
28783
28785
28786
28792
28793
28793
28793
28794
28796
28797
28798
28800
28801
28802
28803
28803
28806
28809
28810
28810
28811
28815
28815
28816
28821
28822
28823
28825
28826
28826
28831
28831
28833
28837
28837
28840
28842
28843
28844
28844
28845
28846
28846
28849
28850
28851
28851
28852
28853
28853
28854
28855
28856
28861
28861
28862
28863
28863
28866
28867
28868
28868
28874
28877
28879
28879
28880
28880
28880
28881
28882
28885
28887
28889
28889
28890
28891
28893
28896
28902
28902
28903
28903
28904
28904
28904
28905
28905
28906
28907
28909
28909
28911
28911
28912
28913
28916
28918
28918
28923
28924
28924
28926
28927
28928
28933
28935
28937
28943
28944
28946
28946
28947
28948
28952
28952
28952
28953
28954
28956
28956
28957
28959
28961
28963
28965
28972
28973
28973
28973
28974
28977
28979
28980
28985
28986
28986
28987
28990
28990
28991
28992
28993
28994
28995
28995
28996
29002
29003
29004
29004
29008
29008
29009
29010
29011
29015
29018
29020
29021
29021
29024
29025
29029
29033
29036
29037
29038
29040
29043
29043
29049
29050
29050
29051
29051
29052
29056
29059
29064
29066
29068
29071
29075
29075
29075
29077
29078
29081
29083
29084
29085
29085
29087
29088
29088
29090
29091
29092
29093
29094
29095
29095
29095
29096
29100
29101
29101
29103
29104
29107
29107
29107
29111
29113
29114
29115
29118
29119
29119
29121
29121
29122
29122
29122
29123
29125
29125
29127
29129
29131
29132
29135
29135
29136
29136
29137
29138
29138
29138
29139
29139
29140
29142
29144
29151
29152
29159
29161
29162
29164
29165
29168
29170
29172
29172
29172
29173
29173
29176
29176
29176
29178
29179
29179
29180
29182
29185
29188
29190
29190
29191
29193
29195
29200
29201
29201
29202
29204
29205
29206
29206
29206
29207
29207
29212
29213
29214
29214
29215
29217
29220
29221
29222
29223
29224
29228
29228
29229
29231
29232
29232
29233
29234
29234
29234
29236
29236
29238
29241
29242
29243
29243
29244
29245
29246
29248
29251
29255
29257
29259
29259
29260
29263
29265
29266
29268
29268
29269
29270
29271
29272
29272
29272
29274
29274
29276
29277
29277
29278
29278
29279
29281
29283
29284
29289
29294
29295
29296
29296
29297
29301
29301
29302
29302
29308
29310
29318
29318
29319
29319
29319
29320
29321
29321
29322
29322
29323
29323
29324
29326
29327
29327
29328
29330
29330
29331
29332
29332
29333
29334
29338
29339
29340
29340
29341
29345
29346
29347
29349
29350
29353
29354
29356
29356
29357
29357
29358
29358
29359
29359
29359
29361
29363
29363
29368
29370
29371
29373
29374
29376
29376
29377
29379
29381
29382
29384
29386
29386
29386
29386
29387
29388
29390
29393
29393
29396
29396
29396
29396
29398
29398
29401
29401
29402
29402
29405
29406
29410
29410
29410
29413
29416
29416
29417
29419
29419
29421
29422
29422
29422
29423
29426
29426
29427
29428
29431
29434
29434
29436
29438
29438
29438
29439
29442
29442
29443
29445
29447
29447
29447
29448
29451
29452
29452
29455
29456
29456
29457
29463
29463
29465
29466
29471
29471
29472
29473
29476
29477
29478
29479
29479
29481
29482
29483
29484
29484
29486
29490
29490
29491
29491
29492
29496
29500
29500
29502
29502
29502
29502
29506
29506
29507
29508
29510
29510
29511
29516
29517
29519
29519
29520
29521
29522
29522
29529
29530
29532
29535
29536
29536
29537
29538
29538
29540
29541
29545
29548
29551
29555
29557
29557
29558
29559
29561
29561
29564
29565
29573
29575
29575
29579
29581
29581
29582
29582
29582
29583
29584
29586
29588
29588
29588
29589
29589
29590
29590
29593
29595
29596
29597
29598
29599
29599
29601
29604
29605
29606
29607
29610
29611
29612
29613
29613
29613
29615
29618
29618
29619
29619
29620
29621
29622
29623
29625
29625
29627
29628
29632
29632
29632
29634
29634
29635
29635
29636
29636
29636
29638
29639
29639
29641
29641
29642
29643
29643
29645
29646
29647
29648
29649
29649
29651
29653
29653
29654
29655
29656
29659
29661
29663
29663
29663
29663
29665
29665
29666
29668
29669
29669
29670
29670
29671
29672
29672
29672
29672
29673
29676
29678
29681
29681
29681
29682
29685
29686
29686
29686
29687
29689
29689
29690
29691
29695
29696
29696
29702
29704
29705
29707
29709
29711
29711
29712
29712
29715
29715
29715
29715
29717
29718
29719
29724
29726
29731
29732
29732
29733
29733
29736
29737
29738
29739
29741
29744
29746
29746
29747
29748
29749
29749
29750
29751
29752
29753
29754
29755
29756
29756
29756
29761
29761
29762
29763
29764
29764
29765
29767
29770
29772
29772
29773
29774
29776
29776
29776
29776
29777
29777
29777
29778
29778
29779
29779
29781
29785
29788
29788
29789
29791
29791
29793
29794
29795
29795
29796
29804
29806
29807
29810
29810
29812
29814
29814
29816
29817
29817
29820
29821
29821
29823
29823
29825
29827
29828
29829
29829
29832
29838
29839
29840
29840
29840
29843
29843
29845
29846
29847
29849
29850
29852
29852
29854
29857
29859
29860
29860
29860
29863
29863
29863
29864
29865
29867
29868
29869
29870
29872
29873
29873
29874
29874
29875
29875
29880
29882
29883
29883
29885
29885
29885
29886
29886
29886
29888
29889
29890
29890
29890
29892
29894
29897
29899
29900
29901
29903
29903
29903
29904
29906
29907
29908
29909
29909
29911
29912
29912
29913
29914
29915
29915
29920
29926
29926
29926
29927
29930
29931
29931
29932
29935
29942
29942
29944
29945
29945
29945
29945
29946
29948
29949
29949
29949
29949
29951
29951
29953
29953
29953
29955
29955
29955
29956
29956
29958
29959
29962
29962
29963
29965
29967
29969
29969
29970
29970
29973
29973
29974
29977
29978
29978
29978
29979
29980
29982
29983
29984
29985
29986
29986
29987
29988
29989
29992
29993
29994
29997
30000
30000
30004
30005
30008
30009
30009
30010
30010
30011
30011
30017
30019
30019
30021
30022
30024
30025
30026
30027
30027
30028
30028
30030
30030
30031
30033
30033
30036
30038
30039
30040
30041
30042
30042
30046
30047
30049
30049
30052
30053
30054
30055
30058
30059
30061
30063
30063
30064
30065
30067
30069
30071
30072
30074
30077
30079
30080
30081
30081
30083
30087
30088
30089
30090
30091
30093
30093
30095
30096
30096
30098
30098
30099
30101
30101
30105
30106
30107
30107
30109
30112
30115
30115
30118
30118
30123
30124
30129
30133
30134
30137
30140
30142
30143
30143
30148
30148
30151
30153
30154
30156
30157
30164
30168
30169
30169
30169
30170
30171
30171
30172
30173
30175
30176
30180
30184
30185
30185
30185
30186
30186
30187
30188
30188
30188
30189
30190
30191
30192
30194
30203
30204
30204
30205
30205
30205
30206
30206
30208
30213
30213
30217
30218
30220
30221
30221
30221
30222
30223
30225
30229
30231
30234
30236
30237
30237
30238
30242
30245
30245
30249
30249
30250
30251
30251
30251
30251
30253
30254
30255
30255
30256
30256
30264
30265
30266
30267
30267
30269
30269
30271
30272
30273
30274
30275
30277
30279
30284
30285
30286
30287
30288
30288
30289
30291
30294
30296
30297
30298
30300
30301
30302
30302
30303
30305
30306
30309
30310
30311
30313
30315
30316
30317
30317
30318
30319
30320
30320
30320
30321
30321
30322
30323
30326
30327
30331
30331
30333
30335
30335
30335
30335
30336
30337
30339
30341
30344
30345
30346
30346
30349
30349
30350
30356
30356
30356
30359
30359
30362
30362
30362
30362
30362
30364
30365
30366
30366
30366
30367
30368
30368
30370
30371
30374
30375
30378
30378
30378
30378
30380
30381
30386
30387
30387
30389
30392
30394
30396
30396
30397
30399
30399
30400
30401
30401
30402
30405
30406
30409
30412
30414
30414
30417
30417
30419
30420
30420
30421
30424
30425
30426
30428
30429
30430
30430
30435
30435
30435
30439
30441
30444
30445
30448
30450
30451
30452
30452
30453
30454
30454
30458
30458
30459
30460
30460
30461
30461
30462
30463
30467
30470
30470
30472
30473
30475
30475
30477
30482
30482
30483
30485
30486
30488
30490
30491
30494
30495
30498
30498
30499
30501
30502
30503
30504
30505
30506
30506
30507
30509
30512
30512
30514
30517
30519
30519
30519
30524
30526
30532
30532
30532
30534
30535
30535
30538
30539
30540
30542
30542
30544
30545
30547
30548
30548
30549
30551
30556
30557
30557
30561
30562
30564
30565
30565
30566
30568
30571
30573
30573
30574
30579
30579
30579
30579
30581
30581
30582
30583
30583
30584
30587
30587
30587
30587
30587
30589
30589
30589
30593
30595
30595
30599
30601
30601
30602
30604
30604
30607
30610
30612
30613
30613
30613
30613
30614
30615
30615
30619
30619
30619
30622
30623
30623
30626
30626
30628
30628
30629
30631
30633
30635
30638
30638
30643
30643
30644
30644
30645
30645
30647
30649
30653
30654
30655
30655
30656
30661
30661
30663
30663
30663
30663
30664
30664
30665
30667
30668
30670
30671
30672
30672
30672
30672
30676
30677
30678
30683
30686
30686
30686
30690
30690
30691
30692
30693
30693
30693
30694
30701
30701
30704
30705
30706
30709
30712
30712
30713
30713
30716
30716
30717
30717
30719
30720
30720
30721
30722
30726
30729
30730
30731
30731
30733
30733
30733
30736
30737
30738
30739
30740
30742
30747
30748
30748
30749
30752
30753
30755
30756
30757
30758
30758
30760
30760
30761
30766
30769
30770
30771
30771
30772
30772
30773
30773
30774
30775
30775
30775
30778
30779
30780
30781
30782
30783
30786
30788
30795
30797
30798
30798
30799
30799
30799
30799
30801
30802
30802
30802
30803
30812
30812
30813
30817
30817
30817
30818
30818
30821
30822
30822
30823
30824
30825
30827
30827
30829
30833
30833
30833
30836
30837
30837
30837
30838
30839
30840
30841
30841
30843
30843
30844
30845
30845
30845
30847
30847
30847
30848
30851
30857
30860
30860
30860
30861
30862
30866
30866
30867
30867
30868
30868
30869
30870
30870
30871
30872
30873
30873
30874
30877
30877
30879
30879
30880
30884
30887
30888
30888
30889
30890
30890
30891
30892
30893
30893
30894
30894
30898
30898
30900
30904
30904
30906
30908
30908
30911
30914
30914
30916
30919
30921
30922
30923
30925
30926
30926
30927
30928
30928
30928
30929
30931
30932
30934
30934
30936
30940
30940
30940
30940
30942
30945
30945
30945
30946
30951
30952
30952
30955
30955
30955
30958
30959
30962
30966
30968
30970
30976
30977
30982
30984
30985
30985
30985
30987
30989
30990
30990
30993
30995
30995
30996
30997
30997
30997
30997
30997
30999
31000
31003
31003
31004
31005
31005
31005
31006
31006
31007
31007
31008
31008
31010
31012
31013
31015
31016
31019
31020
31020
31020
31020
31021
31021
31022
31023
31023
31025
31026
31027
31027
31029
31030
31030
31035
31037
31040
31041
31041
31042
31042
31043
31043
31044
31045
31045
31048
31048
31049
31053
31053
31054
31055
31055
31055
31058
31060
31061
31062
31062
31064
31064
31066
31068
31070
31072
31074
31075
31076
31077
31077
31077
31081
31082
31083
31085
31085
31087
31088
31089
31090
31092
31092
31093
31093
31094
31096
31097
31098
31098
31103
31104
31105
31108
31108
31110
31110
31111
31112
31114
31114
31114
31116
31118
31118
31118
31119
31119
31121
31122
31122
31122
31125
31130
31130
31130
31131
31132
31132
31132
31133
31133
31134
31135
31135
31136
31138
31142
31142
31142
31143
31144
31144
31145
31147
31149
31151
31151
31154
31157
31159
31166
31168
31169
31172
31173
31176
31177
31177
31178
31179
31179
31181
31181
31183
31183
31185
31185
31186
31189
31189
31192
31195
31196
31198
31201
31201
31203
31203
31204
31204
31205
31205
31207
31208
31210
31210
31210
31211
31213
31213
31214
31215
31217
31229
31233
31235
31235
31236
31237
31238
31239
31240
31240
31241
31243
31244
31246
31248
31248
31249
31250
31251
31252
31257
31257
31261
31263
31263
31264
31264
31265
31265
31267
31268
31268
31269
31270
31270
31276
31277
31280
31280
31282
31283
31283
31284
31285
31286
31286
31286
31289
31293
31295
31296
31300
31302
31303
31303
31305
31309
31310
31310
31310
31311
31311
31311
31311
31313
31313
31315
31315
31316
31316
31317
31317
31317
31318
31319
31320
31320
31321
31321
31321
31322
31325
31325
31329
31330
31331
31332
31334
31335
31335
31336
31337
31337
31338
31340
31340
31341
31342
31345
31345
31346
31349
31350
31353
31354
31355
31356
31363
31364
31364
31365
31366
31367
31367
31369
31369
31370
31371
31372
31374
31374
31375
31376
31382
31384
31385
31386
31387
31392
31393
31395
31396
31396
31398
31400
31400
31405
31406
31407
31407
31410
31411
31416
31416
31417
31419
31421
31422
31423
31425
31426
31428
31429
31435
31435
31440
31442
31443
31443
31445
31445
31447
31447
31448
31448
31448
31450
31452
31452
31455
31459
31459
31461
31461
31461
31462
31463
31464
31465
31466
31466
31467
31470
31470
31470
31474
31477
31480
31480
31481
31484
31486
31488
31488
31491
31491
31492
31494
31494
31498
31499
31499
31500
31501
31501
31501
31503
31503
31503
31504
31506
31506
31508
31509
31510
31511
31513
31513
31514
31516
31516
31516
31518
31519
31519
31520
31520
31521
31525
31527
31529
31533
31535
31536
31536
31537
31537
31539
31541
31545
31546
31547
31549
31551
31553
31554
31555
31556
31559
31559
31561
31562
31563
31564
31564
31565
31567
31568
31568
31568
31573
31574
31576
31576
31576
31579
31579
31581
31581
31582
31584
31585
31585
31590
31591
31592
31595
31596
31596
31602
31602
31604
31607
31608
31608
31608
31609
31610
31611
31612
31613
31613
31618
31619
31622
31623
31624
31626
31626
31629
31632
31635
31637
31640
31643
31644
31647
31648
31649
31649
31650
31652
31656
31657
31657
31659
31660
31662
31663
31663
31664
31665
31665
31666
31666
31668
31668
31670
31671
31671
31671
31673
31675
31676
31678
31678
31679
31680
31684
31685
31685
31688
31689
31690
31693
31694
31696
31700
31701
31701
31701
31702
31703
31704
31704
31707
31711
31711
31712
31713
31715
31717
31718
31718
31719
31720
31721
31723
31723
31726
31729
31729
31730
31731
31731
31734
31734
31735
31735
31737
31737
31737
31738
31740
31742
31742
31744
31744
31744
31745
31746
31747
31749
31752
31753
31754
31757
31757
31757
31758
31759
31762
31762
31763
31765
31765
31767
31768
31771
31773
31773
31773
31775
31776
31777
31780
31787
31788
31794
31795
31798
31800
31800
31801
31802
31802
31802
31803
31803
31803
31806
31807
31808
31808
31811
31814
31815
31816
31817
31817
31818
31820
31821
31821
31822
31823
31823
31824
31828
31829
31829
31831
31831
31833
31837
31838
31840
31841
31842
31842
31842
31843
31846
31846
31846
31846
31847
31848
31848
31849
31849
31849
31850
31853
31854
31855
31856
31858
31858
31859
31859
31860
31861
31863
31865
31869
31869
31871
31872
31873
31874
31875
31875
31878
31880
31880
31881
31882
31883
31884
31885
31886
31888
31889
31890
31890
31891
31892
31893
31893
31893
31894
31895
31895
31899
31900
31900
31902
31904
31905
31906
31907
31907
31910
31910
31910
31916
31918
31920
31922
31922
31923
31924
31926
31926
31928
31930
31931
31931
31931
31931
31934
31941
31942
31945
31945
31945
31945
31946
31946
31946
31947
31948
31949
31950
31951
31954
31956
31957
31959
31960
31961
31962
31964
31964
31964
31964
31966
31969
31969
31970
31971
31973
31974
31976
31977
31979
31980
31980
31981
31981
31982
31983
31983
31985
31987
31988
31988
31990
31990
31991
31991
31991
31996
31996
31997
31999
32000
32000
32000
32001
32002
32007
32009
32009
32009
32011
32012
32014
32016
32016
32016
32016
32018
32020
32022
32023
32023
32023
32024
32024
32024
32025
32025
32026
32029
32029
32030
32031
32032
32033
32033
32034
32037
32038
32038
32039
32039
32040
32041
32042
32043
32044
32046
32048
32050
32050
32053
32054
32054
32055
32056
32058
32058
32059
32059
32060
32060
32060
32062
32064
32067
32068
32069
32070
32072
32075
32075
32076
32077
32079
32080
32081
32081
32082
32083
32084
32085
32085
32086
32087
32089
32089
32090
32090
32090
32091
32093
32094
32095
32096
32096
32098
32098
32102
32103
32106
32106
32107
32108
32108
32116
32116
32116
32123
32124
32124
32124
32125
32127
32127
32128
32128
32131
32132
32133
32133
32133
32133
32137
32142
32143
32143
32143
32144
32144
32145
32146
32148
32148
32149
32149
32151
32151
32151
32152
32152
32153
32153
32153
32155
32155
32157
32157
32158
32162
32163
32163
32163
32163
32164
32164
32165
32165
32171
32171
32172
32176
32176
32179
32182
32184
32187
32189
32190
32191
32192
32192
32193
32194
32197
32198
32198
32201
32205
32206
32212
32212
32212
32212
32215
32216
32216
32217
32219
32222
32222
32223
32224
32225
32226
32229
32229
32230
32234
32238
32242
32245
32248
32248
32250
32250
32251
32254
32254
32258
32260
32261
32262
32263
32263
32264
32265
32269
32270
32270
32270
32271
32273
32279
32281
32283
32286
32289
32291
32291
32291
32292
32293
32293
32293
32297
32297
32298
32299
32300
32302
32302
32304
32304
32305
32306
32306
32306
32308
32310
32310
32311
32312
32315
32319
32322
32323
32324
32325
32325
32328
32329
32330
32333
32334
32334
32336
32339
32339
32340
32341
32342
32342
32347
32349
32351
32351
32351
32354
32354
32354
32354
32355
32355
32355
32356
32357
32358
32359
32359
32360
32363
32363
32365
32365
32366
32369
32370
32370
32370
32371
32373
32374
32376
32380
32380
32380
32381
32382
32383
32384
32384
32385
32385
32385
32387
32390
32390
32391
32391
32391
32392
32392
32392
32393
32394
32395
32397
32398
32399
32400
32402
32405
32405
32405
32407
32410
32411
32411
32416
32416
32418
32421
32421
32421
32423
32424
32425
32425
32427
32427
32434
32436
32437
32437
32440
32441
32441
32444
32448
32448
32448
32450
32452
32453
32456
32458
32459
32460
32462
32468
32468
32469
32471
32472
32477
32478
32480
32480
32480
32480
32482
32482
32485
32486
32486
32487
32489
32489
32492
32492
32495
32495
32497
32500
32501
32501
32502
32503
32503
32508
32508
32509
32510
32513
32515
32516
32520
32520
32522
32523
32524
32528
32529
32529
32533
32533
32533
32534
32534
32535
32535
32536
32536
32538
32539
32539
32544
32545
32547
32548
32550
32551
32553
32554
32555
32555
32557
32558
32559
32559
32560
32561
32561
32563
32565
32566
32569
32573
32573
32574
32575
32576
32576
32576
32577
32578
32578
32581
32581
32583
32585
32585
32588
32590
32590
32591
32592
32593
32593
32595
32597
32599
32599
32602
32603
32604
32604
32605
32606
32609
32609
32609
32610
32615
32618
32618
32618
32619
32619
32621
32622
32624
32625
32625
32625
32625
32628
32631
32632
32633
32634
32634
32635
32638
32640
32641
32641
32643
32643
32643
32645
32648
32652
32652
32653
32654
32654
32655
32661
32662
32662
32665
32666
32667
32668
32669
32674
32674
32676
32677
32678
32679
32679
32680
32681
32681
32682
32683
32686
32689
32691
32692
32693
32693
32694
32695
32697
32697
32700
32701
32701
32701
32701
32701
32703
32704
32704
32705
32706
32709
32710
32712
32712
32712
32713
32714
32714
32715
32715
32715
32719
32720
32721
32723
32724
32724
32725
32726
32727
32728
32728
32729
32730
32730
32732
32732
32733
32735
32735
32737
32737
32738
32740
32740
32743
32744
32744
32745
32746
32746
32747
32748
32749
32753
32754
32755
32760
32760
32762
32762
32767
32767
32767
32769
32769
32771
32772
32778
32779
32780
32780
32781
32781
32781
32782
32782
32784
32784
32789
32789
32793
32793
32794
32794
32796
32798
32799
32800
32801
32802
32802
32802
32805
32807
32808
32809
32809
32810
32813
32813
32813
32817
32818
32820
32820
32821
32823
32823
32827
32828
32831
32832
32834
32834
32840
32840
32840
32842
32846
32846
32850
32852
32853
32855
32855
32856
32856
32856
32857
32858
32858
32858
32859
32860
32861
32861
32861
32866
32867
32867
32868
32869
32871
32871
32873
32873
32874
32874
32874
32875
32876
32876
32876
32877
32877
32878
32878
32879
32879
32881
32881
32881
32882
32882
32884
32885
32886
32888
32889
32890
32894
32896
32896
32897
32897
32898
32899
32900
32900
32901
32902
32905
32905
32909
32910
32911
32914
32914
32915
32916
32917
32917
32920
32923
32926
32926
32927
32927
32928
32929
32932
32933
32934
32937
32937
32942
32944
32946
32946
32946
32946
32947
32948
32949
32951
32953
32953
32953
32956
32961
32961
32965
32969
32970
32970
32970
32970
32970
32971
32971
32971
32973
32974
32974
32976
32980
32980
32981
32985
32990
32992
32993
32995
32996
32996
32996
32997
32998
32998
33001
33005
33006
33006
33006
33009
33009
33014
33014
33014
33019
33019
33020
33022
33025
33026
33026
33026
33026
33029
33029
33030
33031
33033
33033
33034
33035
33041
33044
33045
33045
33048
33049
33049
33049
33050
33050
33050
33051
33052
33052
33052
33053
33057
33062
33062
33063
33066
33068
33068
33070
33071
33072
33072
33073
33075
33077
33080
33083
33083
33086
33088
33089
33090
33091
33092
33093
33095
33095
33095
33095
33096
33100
33100
33104
33108
33108
33111
33113
33113
33114
33117
33118
33118
33119
33123
33125
33126
33127
33128
33128
33129
33130
33131
33132
33133
33135
33136
33139
33139
33141
33143
33145
33145
33146
33147
33148
33149
33149
33152
33152
33153
33154
33160
33161
33161
33163
33163
33164
33164
33165
33165
33165
33165
33166
33166
33167
33167
33169
33171
33173
33174
33175
33176
33176
33177
33178
33179
33181
33183
33184
33187
33187
33188
33189
33190
33191
33192
33193
33193
33193
33197
33199
33201
33201
33201
33202
33202
33202
33203
33203
33204
33204
33207
33210
33211
33212
33213
33214
33214
33215
33216
33216
33217
33219
33221
33221
33225
33227
33227
33230
33232
33237
33238
33238
33239
33244
33244
33246
33247
33248
33248
33249
33250
33250
33250
33251
33252
33252
33252
33253
33253
33254
33254
33256
33258
33258
33258
33259
33259
33261
33261
33262
33263
33264
33267
33269
33269
33269
33269
33269
33269
33270
33272
33273
33274
33274
33278
33279
33279
33281
33281
33283
33283
33285
33286
33287
33292
33293
33294
33296
33297
33299
33299
33302
33304
33307
33308
33308
33310
33310
33312
33315
33317
33318
33319
33320
33323
33327
33328
33329
33330
33334
33334
33335
33337
33338
33339
33340
33341
33341
33341
33343
33343
33347
33347
33348
33352
33352
33353
33355
33357
33357
33357
33358
33358
33360
33361
33361
33364
33365
33366
33367
33368
33369
33370
33370
33372
33372
33373
33373
33376
33379
33380
33380
33382
33382
33384
33384
33384
33386
33386
33390
33394
33396
33404
33405
33408
33408
33408
33409
33410
33410
33412
33413
33413
33414
33416
33417
33418
33420
33423
33425
33426
33427
33430
33431
33432
33434
33434
33436
33437
33437
33441
33445
33446
33447
33448
33448
33449
33450
33450
33451
33452
33452
33453
33454
33454
33456
33461
33462
33462
33462
33464
33464
33464
33466
33469
33470
33472
33472
33472
33472
33473
33473
33474
33474
33474
33478
33478
33480
33480
33480
33480
33481
33483
33485
33489
33489
33490
33491
33492
33496
33498
33500
33504
33506
33507
33508
33509
33510
33511
33514
33518
33523
33523
33524
33524
33526
33527
33527
33528
33531
33532
33534
33536
33540
33540
33540
33542
33543
33545
33545
33546
33546
33547
33547
33547
33548
33548
33549
33551
33556
33556
33556
33556
33560
33561
33562
33564
33564
33566
33566
33566
33569
33571
33572
33572
33573
33575
33577
33580
33581
33581
33581
33582
33583
33583
33584
33586
33586
33586
33587
33588
33588
33589
33589
33589
33593
33594
33596
33597
33598
33600
33600
33601
33604
33609
33609
33610
33611
33613
33618
33622
33622
33625
33625
33626
33631
33631
33633
33635
33635
33636
33637
33637
33638
33639
33639
33641
33641
33642
33642
33643
33646
33646
33647
33649
33653
33654
33657
33657
33659
33660
33661
33661
33662
33663
33664
33666
33667
33669
33670
33671
33671
33674
33675
33677
33677
33678
33678
33679
33680
33683
33685
33687
33687
33687
33687
33689
33691
33693
33694
33697
33697
33697
33698
33698
33699
33699
33701
33701
33703
33705
33706
33707
33708
33708
33713
33713
33714
33720
33721
33722
33722
33728
33731
33734
33736
33745
33745
33748
33748
33748
33750
33751
33752
33753
33755
33756
33757
33758
33758
33759
33759
33760
33760
33763
33765
33767
33768
33768
33771
33771
33771
33771
33771
33771
33772
33773
33774
33774
33778
33778
33779
33779
33779
33779
33781
33783
33786
33790
33790
33791
33792
33792
33793
33795
33795
33796
33797
33797
33797
33797
33798
33800
33803
33805
33805
33806
33809
33812
33813
33813
33816
33818
33818
33819
33819
33819
33820
33820
33822
33823
33823
33824
33824
33825
33826
33827
33828
33828
33829
33830
33831
33832
33833
33833
33834
33835
33838
33838
33838
33839
33840
33840
33843
33846
33847
33848
33849
33851
33852
33852
33859
33861
33863
33864
33864
33864
33867
33868
33870
33872
33874
33874
33877
33877
33878
33880
33881
33882
33883
33888
33894
33896
33896
33898
33900
33901
33902
33902
33903
33903
33905
33906
33909
33909
33910
33910
33915
33915
33918
33918
33919
33920
33924
33925
33925
33925
33927
33927
33927
33928
33929
33931
33931
33931
33932
33933
33936
33936
33937
33937
33942
33944
33945
33947
33949
33949
33950
33951
33952
33952
33954
33954
33957
33959
33959
33960
33962
33962
33963
33964
33965
33966
33967
33969
33970
33970
33971
33972
33972
33973
33973
33979
33980
33981
33982
33985
33988
33991
33993
33995
33996
33998
33999
34000
34001
34008
34010
34011
34012
34015
34016
34017
34019
34027
34033
34035
34036
34036
34040
34041
34044
34045
34046
34047
34047
34048
34049
34050
34054
34055
34056
34060
34062
34070
34070
34071
34071
34071
34073
34073
34075
34076
34079
34080
34081
34083
34086
34086
34087
34089
34091
34091
34091
34099
34102
34103
34106
34106
34108
34108
34110
34111
34111
34111
34113
34113
34113
34115
34115
34117
34120
34123
34123
34123
34124
34124
34125
34126
34127
34129
34130
34131
34132
34134
34135
34138
34139
34140
34140
34141
34143
34145
34145
34146
34146
34149
34150
34151
34152
34153
34154
34155
34155
34156
34158
34158
34160
34161
34161
34161
34163
34167
34168
34168
34169
34170
34171
34172
34175
34177
34178
34179
34180
34182
34183
34184
34184
34186
34186
34188
34188
34192
34196
34197
34198
34199
34199
34199
34199
34201
34201
34207
34210
34211
34213
34215
34216
34217
34217
34217
34220
34224
34225
34231
34231
34232
34239
34241
34243
34243
34244
34244
34244
34247
34247
34248
34251
34251
34256
34259
34259
34260
34260
34262
34262
34264
34266
34267
34268
34268
34269
34270
34272
34273
34273
34275
34276
34279
34279
34280
34280
34281
34285
34287
34289
34289
34292
34293
34293
34293
34295
34297
34298
34300
34301
34304
34305
34305
34307
34307
34309
34311
34311
34312
34313
34317
34318
34320
34321
34322
34323
34324
34328
34329
34329
34330
34332
34332
34334
34335
34337
34338
34338
34339
34340
34342
34349
34350
34351
34351
34352
34353
34355
34356
34358
34359
34361
34362
34364
34365
34365
34365
34368
34370
34370
34370
34371
34371
34373
34374
34375
34377
34377
34377
34377
34378
34378
34382
34384
34385
34385
34385
34390
34394
34399
34399
34399
34400
34401
34404
34408
34408
34410
34414
34421
34426
34426
34426
34426
34427
34428
34429
34430
34430
34430
34432
34435
34436
34437
34437
34437
34440
34443
34444
34447
34448
34449
34450
34454
34455
34455
34455
34457
34457
34457
34461
34462
34464
34465
34465
34470
34471
34471
34472
34473
34473
34474
34475
34475
34477
34478
34479
34479
34480
34482
34482
34483
34483
34483
34484
34485
34486
34487
34489
34489
34493
34494
34494
34496
34497
34497
34501
34501
34502
34504
34505
34506
34507
34510
34513
34517
34517
34517
34519
34520
34522
34523
34524
34525
34526
34526
34527
34528
34529
34530
34535
34535
34535
34535
34536
34538
34538
34539
34539
34541
34542
34546
34546
34546
34547
34548
34550
34550
34553
34555
34555
34556
34557
34559
34562
34562
34562
34563
34564
34564
34567
34568
34569
34570
34570
34570
34570
34571
34571
34572
34573
34574
34575
34575
34575
34576
34578
34582
34584
34585
34588
34592
34594
34595
34595
34596
34598
34598
34599
34599
34601
34601
34602
34602
34604
34607
34608
34608
34608
34611
34612
34613
34613
34615
34615
34615
34616
34620
34622
34625
34625
34626
34628
34628
34628
34630
34631
34631
34631
34631
34632
34633
34633
34635
34636
34636
34636
34638
34638
34639
34639
34640
34641
34644
34644
34645
34645
34646
34647
34647
34649
34650
34650
34652
34653
34656
34658
34658
34660
34660
34663
34665
34668
34670
34672
34676
34677
34678
34678
34678
34680
34680
34681
34683
34685
34688
34688
34690
34692
34693
34694
34694
34695
34695
34699
34700
34700
34700
34700
34700
34701
34702
34702
34704
34704
34709
34710
34714
34717
34718
34722
34725
34725
34726
34729
34733
34734
34735
34736
34737
34739
34740
34741
34742
34744
34745
34745
34745
34747
34751
34751
34751
34752
34754
34756
34758
34762
34762
34765
34766
34767
34770
34770
34772
34774
34777
34777
34780
34781
34783
34785
34786
34786
34789
34790
34790
34792
34793
34794
34796
34797
34798
34798
34798
34799
34803
34803
34804
34805
34806
34806
34808
34810
34811
34812
34815
34815
34816
34817
34820
34821
34823
34827
34827
34828
34828
34831
34831
34832
34833
34833
34834
34838
34840
34840
34842
34844
34845
34850
34850
34851
34852
34854
34855
34856
34858
34859
34863
34864
34865
34865
34866
34866
34866
34870
34871
34871
34874
34876
34882
34883
34884
34886
34886
34886
34888
34889
34891
34896
34897
34899
34899
34900
34902
34902
34903
34903
34903
34903
34904
34907
34907
34909
34910
34911
34911
34912
34915
34916
34917
34918
34919
34920
34927
34930
34931
34931
34931
34932
34935
34935
34935
34939
34939
34939
34940
34942
34943
34943
34944
34945
34946
34950
34950
34951
34951
34954
34956
34956
34960
34963
34963
34963
34965
34965
34967
34969
34969
34969
34973
34975
34977
34978
34978
34978
34979
34979
34980
34983
34983
34983
34983
34985
34985
34988
34992
34993
34993
34993
34994
34997
35004
35005
35006
35007
35008
35008
35011
35011
35012
35013
35014
35014
35014
35018
35020
35020
35027
35029
35029
35031
35032
35033
35033
35035
35037
35038
35039
35040
35042
35047
35049
35051
35052
35053
35055
35056
35056
35059
35061
35068
35068
35069
35070
35070
35072
35072
35074
35074
35075
35076
35076
35079
35079
35079
35081
35081
35082
35086
35086
35089
35090
35090
35091
35093
35095
35096
35096
35097
35106
35106
35107
35108
35108
35110
35110
35110
35114
35115
35117
35117
35118
35119
35121
35123
35125
35125
35127
35128
35130
35130
35131
35133
35136
35137
35138
35138
35140
35140
35143
35144
35144
35145
35146
35147
35148
35148
35150
35150
35153
35153
35156
35165
35169
35172
35174
35174
35175
35176
35179
35179
35181
35182
35183
35187
35187
35189
35191
35193
35195
35196
35197
35199
35199
35199
35203
35207
35207
35208
35209
35210
35210
35211
35214
35214
35215
35215
35216
35216
35218
35218
35222
35222
35225
35225
35226
35226
35226
35228
35230
35230
35235
35237
35238
35238
35239
35244
35247
35248
35256
35256
35257
35258
35258
35259
35260
35261
35262
35263
35265
35265
35265
35266
35269
35269
35270
35271
35274
35275
35276
35276
35276
35278
35281
35282
35286
35287
35291
35294
35294
35294
35295
35296
35296
35298
35298
35301
35303
35304
35305
35305
35306
35306
35306
35307
35308
35308
35314
35315
35316
35317
35318
35318
35318
35318
35318
35319
35319
35321
35321
35326
35328
35334
35335
35338
35342
35344
35346
35346
35346
35348
35348
35348
35350
35351
35356
35358
35361
35363
35364
35364
35365
35366
35368
35369
35370
35370
35372
35372
35372
35373
35375
35375
35376
35377
35378
35379
35380
35380
35382
35382
35382
35383
35384
35386
35387
35390
35390
35390
35391
35391
35391
35393
35393
35395
35395
35397
35398
35398
35398
35398
35400
35400
35402
35407
35408
35410
35412
35412
35414
35415
35416
35417
35417
35418
35419
35419
35420
35421
35421
35422
35425
35426
35427
35428
35428
35430
35430
35436
35437
35440
35442
35443
35446
35447
35447
35448
35451
35455
35456
35457
35459
35459
35460
35462
35462
35464
35465
35470
35471
35472
35476
35478
35478
35479
35480
35480
35482
35487
35488
35489
35491
35492
35494
35494
35494
35495
35496
35496
35497
35497
35497
35498
35499
35499
35500
35501
35503
35505
35509
35511
35513
35521
35522
35523
35524
35526
35527
35529
35530
35530
35530
35531
35532
35532
35532
35533
35533
35534
35535
35535
35536
35536
35536
35537
35542
35542
35544
35546
35546
35546
35546
35548
35550
35550
35551
35551
35554
35554
35554
35555
35555
35558
35559
35560
35564
35564
35565
35570
35575
35577
35578
35578
35579
35582
35583
35583
35584
35584
35584
35586
35593
35593
35593
35597
35598
35601
35602
35602
35603
35603
35606
35607
35610
35615
35617
35618
35619
35619
35619
35621
35621
35622
35624
35625
35625
35626
35628
35631
35632
35636
35637
35637
35638
35638
35639
35639
35645
35646
35653
35653
35654
35658
35660
35660
35662
35664
35666
35667
35667
35668
35669
35673
35674
35675
35676
35677
35678
35680
35681
35681
35683
35684
35684
35688
35688
35689
35692
35696
35700
35702
35704
35704
35706
35707
35707
35710
35711
35713
35716
35717
35721
35722
35722
35724
35724
35725
35726
35726
35727
35728
35728
35729
35729
35729
35730
35730
35730
35730
35731
35732
35732
35734
35734
35734
35736
35741
35742
35743
35748
35749
35750
35752
35752
35752
35753
35753
35754
35756
35757
35760
35760
35761
35762
35763
35763
35765
35769
35769
35771
35773
35774
35774
35774
35775
35775
35777
35777
35778
35779
35783
35784
35785
35785
35787
35788
35789
35789
35790
35790
35791
35795
35796
35796
35802
35804
35806
35807
35807
35808
35809
35809
35809
35810
35811
35814
35815
35816
35817
35818
35819
35819
35820
35820
35820
35822
35823
35824
35825
35825
35827
35829
35829
35831
35832
35832
35833
35835
35835
35837
35844
35845
35847
35852
35852
35854
35855
35855
35855
35855
35856
35861
35863
35863
35864
35866
35869
35873
35874
35876
35878
35879
35879
35879
35880
35883
35884
35884
35886
35887
35889
35892
35894
35896
35897
35900
35903
35903
35907
35907
35908
35909
35909
35911
35913
35913
35914
35916
35919
35922
35923
35924
35926
35927
35929
35930
35932
35933
35935
35939
35940
35942
35942
35943
35947
35949
35950
35955
35956
35957
35957
35958
35959
35959
35965
35966
35967
35967
35967
35974
35977
35978
35979
35979
35985
35986
35988
35988
35990
35990
35991
35992
35996
36001
36001
36002
36002
36004
36005
36007
36008
36009
36011
36012
36012
36014
36015
36017
36017
36018
36019
36019
36019
36020
36020
36020
36021
36021
36022
36023
36026
36026
36028
36029
36031
36031
36033
36033
36033
36033
36034
36034
36035
36036
36038
36038
36041
36042
36043
36046
36051
36054
36054
36056
36056
36056
36061
36064
36065
36065
36067
36067
36068
36069
36069
36070
36070
36071
36071
36073
36073
36075
36076
36076
36076
36080
36080
36083
36085
36085
36086
36087
36087
36089
36090
36091
36096
36098
36099
36102
36104
36104
36106
36107
36107
36110
36110
36115
36116
36116
36117
36120
36120
36121
36122
36123
36125
36126
36127
36127
36127
36128
36128
36129
36129
36130
36130
36130
36134
36134
36136
36138
36138
36139
36139
36141
36144
36145
36147
36147
36150
36154
36154
36155
36156
36160
36161
36161
36164
36165
36166
36166
36167
36167
36168
36169
36170
36170
36177
36179
36181
36181
36181
36182
36182
36183
36187
36188
36189
36189
36190
36190
36190
36191
36194
36196
36198
36199
36200
36203
36203
36203
36203
36210
36211
36212
36213
36216
36218
36219
36220
36221
36221
36221
36225
36226
36227
36229
36230
36232
36233
36233
36235
36236
36237
36239
36240
36240
36241
36241
36242
36242
36244
36245
36245
36246
36248
36248
36251
36253
36256
36256
36258
36259
36259
36259
36259
36262
36263
36263
36263
36265
36266
36267
36268
36268
36270
36271
36275
36276
36277
36279
36280
36283
36284
36285
36288
36290
36290
36291
36294
36294
36297
36299
36299
36300
36300
36301
36302
36303
36304
36304
36308
36309
36310
36310
36312
36313
36316
36316
36316
36317
36319
36322
36324
36325
36325
36326
36326
36327
36329
36330
36330
36331
36333
36336
36337
36338
36340
36340
36343
36344
36345
36345
36345
36346
36346
36346
36348
36348
36349
36350
36351
36353
36354
36354
36355
36356
36357
36357
36360
36361
36362
36362
36365
36368
36368
36368
36369
36370
36371
36371
36372
36373
36374
36375
36376
36377
36379
36381
36381
36382
36384
36384
36387
36388
36390
36391
36395
36395
36397
36397
36398
36401
36402
36403
36403
36404
36404
36408
36408
36409
36409
36410
36411
36413
36413
36413
36415
36416
36416
36421
36422
36422
36424
36428
36431
36432
36432
36433
36433
36434
36434
36435
36436
36438
36439
36439
36440
36440
36442
36443
36445
36445
36446
36449
36449
36452
36453
36453
36454
36454
36454
36455
36455
36456
36460
36460
36462
36462
36462
36465
36465
36466
36467
36473
36473
36475
36476
36476
36480
36480
36485
36486
36487
36488
36489
36493
36494
36494
36495
36495
36496
36497
36497
36498
36500
36502
36503
36503
36504
36506
36511
36512
36514
36516
36517
36517
36519
36519
36522
36523
36524
36526
36527
36528
36529
36531
36532
36533
36533
36533
36535
36536
36536
36536
36537
36537
36537
36542
36544
36544
36546
36547
36547
36548
36550
36551
36551
36553
36553
36556
36556
36557
36557
36558
36559
36559
36560
36560
36561
36564
36569
36571
36571
36572
36573
36576
36579
36579
36579
36583
36583
36586
36587
36588
36588
36590
36590
36592
36592
36598
36598
36601
36602
36604
36607
36607
36607
36611
36612
36614
36615
36616
36619
36619
36619
36621
36623
36624
36624
36628
36629
36633
36637
36637
36639
36640
36640
36641
36641
36642
36642
36642
36646
36647
36648
36649
36650
36651
36651
36654
36654
36656
36656
36657
36661
36661
36664
36666
36667
36671
36673
36673
36674
36676
36679
36679
36679
36681
36681
36682
36685
36685
36685
36686
36686
36690
36692
36693
36694
36696
36697
36697
36698
36698
36699
36699
36700
36702
36704
36705
36708
36710
36711
36712
36712
36716
36717
36718
36719
36722
36723
36724
36726
36727
36728
36730
36731
36734
36734
36736
36738
36738
36739
36740
36741
36742
36744
36745
36745
36746
36747
36750
36751
36752
36752
36754
36754
36756
36757
36757
36759
36759
36764
36764
36764
36764
36768
36771
36773
36773
36773
36776
36777
36778
36779
36781
36785
36786
36787
36790
36790
36790
36793
36797
36797
36799
36799
36800
36800
36800
36801
36801
36801
36804
36805
36806
36806
36807
36807
36807
36809
36809
36810
36811
36814
36815
36815
36816
36817
36818
36819
36820
36824
36832
36834
36835
36837
36837
36837
36838
36839
36841
36842
36843
36844
36844
36845
36847
36849
36850
36851
36853
36854
36855
36859
36860
36860
36860
36861
36862
36862
36864
36865
36866
36868
36870
36870
36870
36870
36872
36873
36873
36877
36879
36881
36881
36882
36882
36883
36884
36885
36885
36890
36890
36890
36892
36892
36893
36893
36895
36895
36896
36896
36897
36898
36898
36902
36903
36907
36908
36908
36908
36910
36912
36915
36915
36919
36920
36920
36920
36921
36923
36925
36925
36925
36926
36930
36932
36932
36933
36938
36940
36942
36946
36947
36948
36949
36952
36953
36954
36954
36954
36955
36955
36955
36958
36959
36959
36962
36963
36963
36964
36967
36967
36968
36969
36971
36972
36972
36974
36975
36976
36976
36977
36978
36978
36978
36979
36980
36983
36983
36983
36985
36985
36987
36990
36993
36994
36995
36996
36999
37000
37001
37001
37003
37004
37007
37008
37009
37010
37011
37013
37015
37017
37019
37023
37025
37028
37029
37030
37030
37032
37034
37037
37038
37040
37041
37042
37042
37043
37046
37046
37048
37048
37049
37050
37051
37052
37053
37053
37053
37054
37054
37056
37058
37063
37065
37066
37067
37068
37068
37069
37070
37071
37073
37078
37081
37082
37083
37083
37085
37088
37092
37097
37099
37100
37102
37102
37104
37105
37107
37109
37109
37113
37114
37114
37115
37119
37122
37122
37123
37125
37125
37127
37127
37129
37133
37133
37133
37134
37135
37136
37136
37137
37138
37139
37139
37139
37140
37141
37142
37145
37146
37149
37151
37153
37154
37155
37160
37160
37161
37162
37163
37163
37164
37164
37164
37166
37167
37167
37169
37171
37173
37173
37175
37177
37179
37184
37184
37186
37186
37188
37194
37194
37196
37197
37197
37198
37202
37203
37204
37206
37207
37208
37209
37213
37214
37217
37217
37218
37218
37221
37221
37222
37222
37223
37223
37223
37223
37224
37225
37229
37231
37232
37235
37236
37238
37241
37242
37243
37245
37247
37250
37250
37251
37251
37253
37257
37258
37259
37260
37260
37261
37265
37265
37267
37268
37271
37271
37273
37273
37275
37275
37276
37277
37277
37278
37280
37281
37281
37282
37284
37286
37288
37288
37289
37291
37292
37293
37293
37294
37295
37296
37297
37297
37299
37299
37300
37302
37302
37304
37304
37304
37305
37306
37307
37322
37324
37325
37325
37326
37327
37329
37332
37332
37333
37334
37335
37337
37338
37339
37342
37342
37344
37347
37347
37348
37349
37350
37352
37356
37356
37357
37358
37361
37362
37365
37366
37370
37370
37371
37373
37373
37374
37376
37377
37378
37379
37379
37379
37381
37383
37384
37385
37389
37389
37391
37391
37392
37392
37393
37394
37395
37396
37397
37402
37402
37402
37402
37404
37406
37407
37412
37413
37414
37416
37419
37420
37421
37422
37424
37425
37428
37428
37428
37429
37430
37430
37431
37433
37436
37437
37440
37440
37441
37442
37442
37443
37447
37449
37449
37449
37449
37455
37456
37456
37457
37459
37460
37464
37468
37468
37470
37474
37475
37475
37476
37477
37477
37478
37484
37484
37486
37488
37489
37489
37491
37493
37494
37495
37503
37506
37508
37510
37511
37512
37512
37512
37512
37514
37515
37517
37522
37523
37526
37528
37529
37530
37530
37534
37535
37539
37540
37542
37543
37544
37546
37547
37548
37549
37550
37550
37551
37552
37552
37555
37557
37558
37559
37561
37563
37564
37564
37565
37566
37569
37569
37569
37570
37570
37571
37572
37574
37578
37578
37579
37580
37580
37580
37581
37582
37584
37586
37589
37589
37589
37589
37593
37593
37593
37594
37596
37597
37597
37599
37600
37600
37601
37601
37605
37607
37608
37609
37609
37610
37610
37610
37614
37617
37619
37619
37620
37621
37628
37629
37631
37633
37633
37634
37635
37636
37637
37637
37638
37643
37645
37647
37648
37648
37648
37648
37649
37649
37650
37652
37659
37660
37660
37661
37661
37662
37663
37665
37666
37670
37671
37678
37679
37681
37681
37688
37689
37689
37689
37690
37695
37698
37699
37699
37701
37702
37705
37705
37706
37708
37709
37711
37714
37716
37716
37717
37719
37720
37720
37720
37720
37723
37724
37724
37726
37727
37728
37731
37732
37733
37734
37734
37734
37737
37737
37740
37741
37741
37742
37744
37750
37751
37751
37751
37755
37756
37756
37758
37758
37759
37759
37760
37760
37761
37762
37763
37764
37767
37769
37776
37782
37783
37785
37786
37790
37791
37792
37792
37792
37793
37793
37793
37794
37798
37799
37799
37800
37801
37801
37804
37805
37805
37810
37811
37813
37815
37816
37816
37817
37818
37818
37820
37821
37822
37823
37824
37827
37828
37828
37829
37832
37833
37834
37834
37835
37837
37839
37841
37844
37844
37844
37844
37844
37846
37848
37848
37849
37850
37851
37852
37854
37855
37856
37856
37857
37858
37861
37862
37872
37872
37873
37873
37876
37876
37877
37878
37879
37879
37880
37883
37884
37884
37884
37885
37886
37888
37889
37890
37894
37894
37894
37895
37896
37896
37896
37898
37899
37902
37903
37904
37904
37904
37904
37905
37906
37907
37909
37909
37909
37910
37917
37918
37919
37920
37921
37922
37924
37925
37925
37926
37928
37929
37929
37930
37932
37932
37932
37933
37933
37935
37939
37939
37940
37943
37946
37948
37949
37953
37954
37955
37957
37957
37958
37960
37961
37961
37963
37964
37964
37970
37971
37976
37977
37978
37981
37981
37982
37984
37987
37987
37987
37988
37988
37996
37996
37999
38002
38005
38005
38006
38006
38007
38009
38009
38011
38011
38014
38015
38016
38019
38019
38020
38021
38021
38021
38025
38027
38028
38029
38029
38030
38030
38033
38034
38034
38036
38036
38037
38040
38040
38042
38043
38044
38044
38045
38045
38047
38047
38049
38050
38051
38051
38053
38054
38057
38057
38059
38059
38061
38061
38062
38064
38064
38067
38069
38070
38071
38075
38075
38079
38079
38081
38081
38084
38087
38087
38088
38090
38091
38092
38093
38094
38096
38098
38098
38099
38101
38102
38102
38103
38103
38104
38105
38105
38105
38106
38106
38109
38111
38111
38111
38112
38113
38116
38116
38118
38119
38121
38121
38121
38121
38122
38125
38125
38126
38128
38128
38131
38131
38137
38137
38140
38140
38141
38141
38146
38147
38148
38151
38154
38157
38161
38167
38169
38170
38170
38176
38176
38180
38180
38183
38183
38183
38186
38186
38188
38188
38192
38192
38193
38194
38195
38196
38197
38197
38198
38199
38201
38201
38203
38203
38204
38206
38206
38208
38208
38210
38211
38212
38213
38213
38214
38214
38215
38219
38219
38220
38222
38223
38224
38225
38225
38228
38228
38229
38232
38233
38236
38236
38239
38243
38246
38249
38251
38251
38253
38254
38255
38259
38262
38263
38263
38269
38271
38272
38272
38273
38273
38275
38277
38277
38277
38277
38278
38281
38282
38283
38284
38284
38287
38289
38289
38290
38290
38290
38291
38292
38292
38292
38293
38293
38294
38294
38295
38297
38301
38306
38306
38307
38311
38314
38314
38315
38318
38320
38322
38322
38325
38328
38328
38329
38329
38330
38331
38331
38333
38335
38338
38340
38340
38342
38345
38347
38349
38351
38353
38356
38357
38358
38359
38360
38360
38361
38362
38363
38364
38365
38368
38369
38369
38369
38371
38379
38379
38382
38385
38387
38392
38394
38395
38395
38396
38397
38397
38400
38402
38403
38406
38406
38408
38409
38409
38409
38409
38410
38411
38412
38414
38414
38415
38418
38418
38423
38423
38425
38426
38428
38429
38433
38435
38436
38437
38439
38440
38440
38440
38442
38444
38445
38446
38449
38449
38450
38453
38454
38455
38455
38455
38457
38457
38461
38462
38463
38463
38463
38464
38465
38466
38466
38466
38468
38472
38473
38476
38477
38478
38479
38480
38480
38482
38484
38487
38487
38489
38491
38491
38492
38494
38495
38496
38496
38496
38496
38497
38498
38498
38501
38501
38501
38502
38505
38510
38511
38512
38512
38512
38513
38514
38514
38516
38518
38519
38519
38520
38522
38522
38524
38524
38526
38526
38526
38527
38529
38530
38530
38531
38533
38537
38537
38539
38540
38541
38542
38543
38543
38544
38545
38546
38546
38547
38550
38552
38552
38553
38554
38554
38554
38556
38557
38557
38557
38558
38558
38560
38564
38565
38567
38568
38570
38571
38573
38575
38575
38581
38583
38583
38583
38586
38587
38587
38588
38588
38589
38589
38590
38590
38590
38593
38594
38598
38600
38603
38604
38605
38606
38609
38610
38610
38611
38612
38613
38613
38613
38613
38614
38615
38615
38616
38617
38617
38617
38619
38619
38620
38621
38621
38621
38624
38624
38626
38627
38627
38628
38629
38631
38631
38639
38639
38641
38643
38644
38644
38647
38648
38649
38649
38654
38656
38656
38657
38658
38658
38659
38659
38660
38661
38661
38666
38666
38666
38669
38669
38671
38675
38675
38676
38676
38679
38682
38686
38686
38690
38691
38692
38694
38698
38698
38700
38700
38701
38703
38704
38707
38710
38710
38711
38712
38713
38713
38718
38720
38720
38722
38724
38724
38724
38730
38730
38731
38732
38735
38736
38737
38741
38742
38746
38746
38746
38746
38747
38749
38750
38751
38755
38756
38757
38760
38761
38762
38762
38764
38764
38764
38765
38766
38769
38770
38775
38777
38784
38785
38785
38789
38793
38797
38799
38801
38801
38802
38802
38803
38804
38804
38806
38807
38807
38809
38810
38811
38812
38813
38813
38814
38816
38818
38819
38820
38820
38821
38823
38825
38825
38826
38826
38829
38832
38832
38832
38833
38833
38833
38834
38834
38836
38839
38840
38842
38842
38843
38845
38846
38846
38848
38849
38851
38853
38853
38854
38854
38858
38858
38860
38865
38866
38867
38867
38867
38871
38876
38879
38880
38881
38883
38885
38886
38888
38889
38889
38890
38893
38895
38895
38897
38898
38899
38899
38901
38902
38905
38906
38906
38906
38909
38911
38911
38911
38911
38912
38913
38914
38914
38915
38916
38916
38919
38920
38920
38921
38924
38928
38929
38932
38932
38933
38936
38936
38939
38939
38946
38949
38954
38955
38955
38957
38961
38961
38965
38965
38966
38966
38967
38968
38970
38970
38970
38972
38972
38973
38973
38973
38977
38977
38979
38979
38980
38980
38981
38983
38983
38983
38984
38985
38986
38987
38988
38988
38992
38993
38994
38996
38996
38996
38999
39001
39001
39004
39005
39009
39010
39013
39015
39016
39017
39018
39019
39021
39022
39023
39023
39023
39026
39027
39031
39031
39032
39034
39034
39036
39036
39037
39038
39040
39041
39044
39044
39045
39045
39046
39046
39048
39049
39050
39050
39051
39052
39052
39055
39055
39056
39058
39058
39059
39060
39063
39063
39064
39066
39072
39072
39074
39074
39074
39075
39078
39082
39083
39084
39086
39088
39089
39092
39094
39095
39096
39100
39100
39100
39103
39104
39107
39108
39108
39111
39112
39117
39120
39121
39126
39126
39126
39126
39128
39129
39132
39132
39132
39132
39134
39134
39137
39139
39140
39143
39148
39149
39149
39149
39151
39154
39155
39156
39156
39160
39161
39161
39163
39165
39165
39166
39172
39173
39173
39174
39174
39176
39179
39180
39180
39182
39186
39189
39190
39190
39190
39191
39197
39197
39198
39203
39204
39205
39205
39205
39209
39212
39212
39218
39219
39220
39222
39222
39222
39224
39225
39226
39230
39230
39230
39231
39235
39236
39237
39243
39243
39245
39247
39249
39251
39252
39252
39252
39253
39259
39260
39260
39260
39261
39263
39266
39267
39271
39271
39271
39272
39272
39273
39273
39274
39275
39275
39275
39277
39278
39280
39281
39282
39282
39286
39286
39288
39290
39291
39291
39292
39292
39292
39293
39293
39298
39298
39302
39303
39304
39304
39305
39306
39306
39308
39308
39309
39310
39311
39312
39312
39313
39315
39315
39316
39317
39318
39321
39324
39326
39327
39328
39328
39329
39330
39330
39330
39331
39331
39331
39332
39332
39335
39339
39340
39341
39344
39348
39350
39351
39353
39354
39355
39356
39357
39360
39360
39360
39362
39362
39363
39363
39366
39368
39368
39368
39372
39374
39374
39375
39375
39376
39378
39380
39382
39382
39383
39383
39387
39389
39393
39394
39394
39395
39398
39400
39402
39403
39403
39405
39405
39405
39406
39407
39407
39407
39407
39408
39409
39409
39410
39410
39412
39413
39413
39413
39415
39415
39419
39420
39421
39424
39425
39425
39427
39429
39433
39435
39438
39438
39438
39439
39441
39443
39444
39445
39446
39448
39449
39451
39452
39453
39454
39456
39457
39457
39460
39460
39462
39463
39464
39467
39467
39468
39468
39469
39469
39469
39470
39475
39479
39480
39481
39482
39483
39487
39488
39492
39492
39494
39495
39496
39496
39497
39499
39501
39503
39507
39508
39510
39513
39514
39517
39518
39520
39520
39521
39522
39524
39524
39527
39532
39532
39532
39532
39536
39537
39538
39542
39543
39543
39545
39547
39549
39549
39551
39551
39552
39553
39553
39553
39554
39555
39556
39557
39559
39561
39563
39563
39565
39566
39567
39567
39570
39571
39571
39573
39573
39576
39576
39577
39578
39578
39579
39582
39583
39584
39585
39586
39588
39592
39593
39595
39595
39597
39597
39598
39600
39600
39601
39602
39604
39605
39606
39607
39608
39608
39611
39613
39614
39615
39616
39616
39618
39621
39628
39628
39630
39631
39634
39634
39635
39636
39638
39638
39640
39641
39642
39643
39644
39646
39646
39646
39647
39649
39649
39649
39651
39653
39653
39654
39655
39657
39658
39660
39663
39664
39666
39666
39667
39667
39668
39669
39670
39670
39671
39672
39674
39676
39677
39677
39677
39678
39680
39683
39683
39684
39684
39685
39688
39689
39690
39691
39692
39695
39698
39698
39699
39699
39709
39712
39713
39714
39714
39717
39718
39719
39722
39723
39723
39724
39726
39726
39729
39729
39732
39733
39735
39735
39737
39739
39739
39739
39741
39743
39746
39747
39747
39752
39760
39760
39760
39764
39768
39771
39772
39773
39775
39775
39776
39778
39780
39781
39783
39790
39795
39796
39796
39796
39799
39800
39800
39801
39801
39801
39801
39801
39802
39802
39806
39807
39807
39808
39809
39810
39811
39814
39822
39823
39823
39827
39828
39829
39829
39830
39832
39832
39833
39840
39841
39842
39847
39847
39847
39850
39853
39855
39856
39858
39859
39860
39860
39860
39862
39866
39867
39868
39868
39868
39868
39869
39872
39872
39876
39877
39880
39882
39882
39882
39883
39883
39883
39885
39885
39887
39891
39891
39893
39893
39894
39895
39897
39898
39899
39901
39901
39901
39902
39904
39904
39905
39905
39905
39905
39908
39909
39910
39911
39912
39913
39915
39917
39919
39919
39922
39924
39926
39927
39929
39932
39935
39935
39936
39938
39939
39942
39944
39946
39947
39950
39951
39951
39952
39953
39955
39958
39960
39960
39960
39964
39965
39965
39969
39973
39973
39974
39980
39981
39984
39991
39992
39992
39993
39993
39994
39995
39996
39997
39998
40000
40001
40006
40006
40007
40007
40009
40009
40010
40011
40011
40014
40017
40018
40019
40020
40020
40020
40022
40022
40025
40026
40026
40027
40028
40029
40031
40038
40039
40039
40040
40041
40041
40041
40042
40042
40043
40043
40044
40044
40047
40049
40050
40050
40056
40056
40056
40056
40058
40060
40061
40064
40065
40068
40069
40069
40070
40070
40072
40078
40081
40082
40082
40083
40083
40087
40088
40088
40089
40090
40093
40094
40094
40095
40096
40096
40097
40099
40102
40103
40106
40108
40108
40111
40112
40114
40114
40114
40114
40115
40115
40115
40116
40118
40118
40119
40119
40121
40121
40123
40123
40125
40126
40131
40131
40132
40137
40138
40138
40138
40139
40140
40140
40140
40142
40144
40144
40151
40152
40153
40157
40158
40160
40162
40162
40164
40164
40165
40166
40166
40167
40168
40168
40170
40170
40170
40171
40172
40174
40174
40179
40179
40181
40184
40189
40191
40191
40198
40203
40206
40206
40206
40207
40208
40208
40210
40210
40211
40212
40212
40214
40215
40215
40216
40218
40222
40222
40222
40224
40226
40226
40228
40233
40234
40235
40236
40236
40236
40236
40238
40239
40240
40241
40242
40242
40243
40246
40247
40249
40253
40258
40259
40263
40264
40265
40265
40267
40268
40268
40269
40270
40271
40271
40271
40272
40274
40281
40281
40282
40282
40282
40284
40289
40289
40290
40291
40292
40292
40293
40294
40295
40296
40297
40298
40298
40298
40300
40301
40304
40305
40306
40307
40308
40310
40310
40310
40312
40313
40317
40318
40318
40319
40319
40320
40322
40322
40323
40324
40325
40328
40331
40331
40338
40338
40341
40342
40343
40343
40344
40345
40345
40346
40346
40347
40348
40348
40350
40350
40351
40352
40353
40353
40354
40357
40357
40358
40360
40361
40361
40363
40364
40365
40365
40366
40370
40371
40376
40380
40380
40385
40389
40390
40393
40393
40394
40395
40396
40398
40403
40403
40405
40407
40410
40410
40410
40411
40414
40415
40418
40419
40420
40420
40422
40427
40430
40434
40434
40434
40435
40436
40437
40438
40438
40438
40439
40439
40440
40440
40441
40442
40444
40445
40448
40449
40451
40451
40451
40454
40454
40456
40458
40458
40458
40461
40461
40464
40465
40465
40466
40468
40469
40469
40469
40469
40470
40470
40471
40471
40471
40473
40474
40474
40475
40476
40477
40482
40483
40484
40486
40486
40487
40489
40491
40492
40492
40494
40494
40495
40496
40496
40499
40500
40502
40503
40504
40506
40507
40511
40513
40515
40515
40520
40522
40522
40526
40528
40528
40529
40529
40530
40530
40531
40533
40533
40534
40538
40540
40542
40543
40543
40544
40545
40547
40547
40548
40549
40550
40551
40552
40552
40552
40554
40556
40556
40556
40558
40560
40560
40564
40566
40569
40570
40570
40571
40571
40573
40574
40580
40580
40581
40582
40583
40584
40584
40586
40586
40588
40590
40591
40591
40591
40591
40592
40592
40592
40594
40594
40598
40599
40601
40602
40605
40606
40608
40608
40611
40611
40611
40613
40613
40616
40616
40617
40621
40626
40627
40628
40628
40628
40631
40633
40635
40635
40636
40637
40638
40641
40644
40644
40645
40648
40653
40654
40654
40656
40656
40657
40660
40661
40661
40662
40663
40666
40666
40669
40670
40670
40673
40674
40675
40678
40678
40679
40680
40680
40681
40683
40683
40683
40683
40685
40685
40687
40689
40689
40690
40691
40691
40693
40693
40694
40695
40697
40698
40701
40701
40703
40706
40708
40709
40710
40710
40715
40715
40717
40719
40719
40721
40722
40722
40724
40725
40726
40727
40727
40727
40732
40735
40736
40739
40743
40744
40745
40745
40745
40746
40751
40752
40752
40753
40753
40755
40757
40759
40761
40761
40762
40765
40768
40769
40769
40769
40770
40770
40771
40772
40772
40774
40774
40774
40774
40775
40777
40778
40779
40786
40787
40788
40789
40790
40791
40791
40792
40792
40793
40793
40794
40796
40796
40797
40798
40800
40800
40800
40801
40802
40803
40805
40806
40806
40806
40806
40806
40807
40807
40807
40808
40809
40809
40812
40812
40813
40813
40814
40815
40815
40816
40818
40824
40826
40832
40835
40836
40838
40839
40840
40840
40841
40842
40842
40843
40846
40849
40855
40856
40857
40858
40860
40861
40862
40863
40863
40867
40867
40868
40868
40869
40869
40871
40873
40874
40875
40876
40877
40878
40881
40882
40883
40884
40884
40888
40890
40890
40891
40892
40892
40892
40894
40896
40896
40898
40900
40900
40902
40902
40902
40907
40907
40908
40908
40910
40912
40913
40914
40915
40915
40916
40920
40923
40923
40925
40927
40927
40928
40928
40930
40931
40932
40936
40938
40939
40940
40941
40944
40945
40947
40947
40950
40950
40952
40954
40954
40955
40957
40958
40958
40959
40961
40963
40965
40965
40965
40966
40966
40969
40969
40970
40971
40975
40975
40975
40975
40980
40981
40981
40983
40983
40989
40990
40991
40994
40997
40999
40999
41000
41002
41003
41004
41005
41005
41006
41007
41007
41008
41009
41010
41012
41013
41013
41013
41014
41016
41019
41021
41022
41023
41024
41026
41026
41028
41028
41036
41038
41043
41044
41045
41045
41046
41046
41046
41046
41050
41052
41054
41054
41056
41056
41057
41058
41059
41059
41059
41060
41062
41069
41070
41071
41071
41071
41073
41074
41075
41076
41077
41078
41083
41085
41086
41086
41086
41088
41090
41093
41093
41094
41094
41095
41095
41096
41096
41097
41098
41099
41099
41101
41101
41104
41105
41109
41110
41111
41113
41114
41114
41118
41119
41120
41122
41124
41124
41125
41126
41127
41127
41130
41131
41131
41132
41135
41135
41139
41140
41141
41142
41143
41144
41144
41146
41146
41147
41149
41155
41162
41162
41162
41163
41164
41167
41170
41173
41174
41179
41180
41180
41180
41181
41181
41181
41185
41185
41185
41186
41187
41187
41190
41192
41192
41197
41197
41198
41199
41200
41201
41201
41201
41201
41201
41204
41205
41206
41209
41210
41210
41211
41212
41213
41214
41215
41216
41219
41219
41223
41227
41228
41228
41228
41229
41232
41234
41234
41243
41243
41244
41246
41246
41247
41247
41249
41250
41254
41256
41256
41258
41258
41260
41263
41264
41265
41265
41266
41266
41266
41269
41269
41269
41273
41278
41278
41279
41279
41280
41280
41283
41284
41284
41286
41287
41290
41290
41291
41293
41297
41298
41300
41301
41302
41304
41304
41305
41305
41307
41307
41307
41309
41310
41310
41313
41315
41316
41316
41316
41318
41323
41323
41323
41325
41326
41327
41330
41332
41332
41332
41333
41336
41339
41342
41346
41348
41349
41350
41350
41351
41353
41354
41355
41357
41357
41363
41363
41364
41366
41367
41368
41369
41369
41370
41372
41373
41375
41375
41376
41377
41378
41380
41381
41381
41382
41386
41387
41387
41387
41387
41388
41393
41394
41396
41397
41397
41398
41399
41399
41400
41400
41400
41401
41401
41402
41404
41406
41406
41409
41411
41415
41417
41417
41417
41419
41419
41419
41420
41423
41424
41424
41424
41425
41425
41428
41428
41429
41430
41431
41431
41433
41433
41433
41437
41438
41443
41443
41444
41444
41445
41446
41449
41451
41453
41454
41455
41456
41457
41458
41461
41463
41464
41464
41468
41469
41471
41471
41472
41473
41474
41474
41476
41476
41478
41480
41482
41482
41485
41486
41486
41486
41488
41489
41489
41491
41491
41494
41494
41499
41499
41502
41504
41505
41507
41514
41516
41516
41517
41519
41522
41524
41526
41528
41530
41533
41536
41536
41540
41541
41542
41543
41544
41544
41545
41545
41548
41551
41552
41553
41553
41556
41556
41562
41562
41569
41571
41575
41578
41578
41579
41580
41581
41581
41581
41582
41590
41590
41591
41592
41595
41595
41599
41599
41600
41601
41601
41605
41609
41609
41610
41611
41614
41618
41618
41620
41621
41621
41622
41624
41625
41626
41627
41628
41631
41635
41637
41637
41643
41645
41646
41647
41647
41649
41649
41654
41661
41663
41664
41666
41666
41667
41668
41669
41669
41671
41672
41673
41673
41675
41676
41677
41679
41680
41680
41680
41682
41685
41685
41687
41688
41689
41696
41696
41696
41697
41699
41699
41700
41703
41705
41705
41706
41706
41707
41708
41709
41710
41711
41712
41715
41716
41717
41717
41717
41717
41717
41718
41719
41721
41722
41722
41723
41726
41726
41727
41728
41728
41729
41730
41730
41733
41733
41735
41735
41737
41738
41739
41740
41740
41741
41742
41745
41745
41747
41748
41748
41748
41748
41748
41749
41752
41753
41753
41753
41755
41755
41756
41756
41758
41758
41763
41764
41768
41768
41771
41772
41772
41773
41774
41774
41778
41778
41780
41781
41782
41786
41786
41790
41791
41791
41793
41795
41795
41796
41797
41797
41797
41801
41801
41802
41804
41805
41805
41808
41808
41810
41811
41811
41816
41817
41817
41820
41821
41821
41823
41825
41828
41831
41831
41833
41834
41834
41835
41836
41836
41837
41839
41840
41842
41844
41846
41847
41847
41847
41848
41848
41850
41850
41858
41860
41860
41861
41862
41863
41864
41865
41866
41867
41867
41870
41871
41872
41872
41873
41875
41875
41876
41876
41877
41877
41877
41878
41881
41883
41883
41884
41886
41887
41890
41891
41893
41894
41894
41895
41897
41897
41898
41903
41906
41906
41907
41908
41909
41909
41910
41911
41912
41912
41913
41914
41914
41919
41919
41922
41922
41925
41925
41926
41927
41927
41927
41929
41930
41931
41932
41932
41936
41939
41943
41943
41943
41943
41943
41944
41944
41944
41945
41945
41947
41947
41951
41952
41952
41954
41954
41955
41961
41962
41965
41967
41969
41969
41971
41972
41972
41973
41973
41974
41974
41977
41977
41978
41980
41984
41984
41984
41985
41986
41989
41995
41995
41997
41997
41997
41998
41998
42000
42002
42005
42005
42005
42006
42006
42007
42007
42008
42011
42011
42011
42012
42012
42013
42013
42015
42015
42018
42018
42019
42020
42021
42024
42026
42031
42032
42032
42035
42036
42039
42041
42047
42047
42050
42051
42052
42052
42053
42054
42056
42057
42063
42064
42064
42067
42067
42068
42071
42071
42071
42071
42071
42073
42073
42077
42080
42081
42081
42083
42083
42085
42085
42088
42088
42089
42092
42092
42094
42095
42097
42101
42101
42103
42108
42109
42110
42113
42115
42116
42117
42118
42122
42125
42126
42126
42126
42127
42131
42132
42132
42133
42133
42134
42136
42137
42139
42140
42141
42144
42144
42145
42146
42146
42146
42148
42149
42150
42150
42153
42155
42156
42160
42160
42161
42161
42163
42163
42165
42167
42167
42168
42168
42168
42169
42169
42171
42173
42173
42174
42174
42176
42179
42181
42182
42186
42186
42188
42189
42189
42191
42192
42195
42195
42195
42198
42200
42203
42204
42205
42207
42207
42208
42209
42211
42212
42212
42213
42213
42216
42216
42217
42222
42222
42224
42226
42226
42226
42227
42229
42229
42231
42231
42232
42234
42234
42235
42235
42238
42239
42241
42243
42244
42247
42249
42250
42251
42251
42251
42252
42252
42253
42255
42255
42255
42255
42256
42257
42260
42261
42263
42265
42270
42272
42276
42276
42277
42279
42280
42283
42283
42284
42288
42289
42289
42290
42294
42295
42295
42297
42297
42298
42302
42304
42305
42305
42308
42310
42311
42313
42315
42316
42318
42318
42320
42321
42322
42324
42326
42326
42326
42329
42330
42332
42333
42333
42334
42336
42337
42339
42340
42341
42342
42343
42343
42344
42345
42346
42350
42351
42352
42354
42354
42357
42358
42360
42361
42364
42365
42366
42368
42368
42368
42368
42369
42372
42373
42374
42375
42378
42378
42380
42382
42384
42386
42390
42390
42392
42395
42395
42396
42398
42399
42400
42401
42402
42404
42405
42407
42408
42408
42412
42412
42414
42414
42415
42421
42422
42423
42423
42425
42427
42427
42429
42429
42431
42432
42433
42434
42434
42436
42436
42438
42444
42447
42448
42448
42448
42449
42450
42456
42461
42461
42463
42465
42466
42466
42466
42466
42469
42470
42475
42477
42480
42481
42482
42483
42483
42485
42489
42489
42490
42491
42492
42493
42495
42498
42499
42503
42504
42505
42506
42506
42513
42514
42514
42515
42517
42519
42520
42520
42520
42521
42524
42524
42529
42530
42531
42532
42534
42535
42535
42535
42538
42540
42540
42540
42540
42544
42546
42546
42547
42548
42549
42550
42551
42555
42556
42557
42558
42560
42561
42561
42561
42562
42563
42568
42568
42568
42568
42568
42569
42570
42571
42572
42573
42577
42577
42578
42580
42583
42583
42584
42584
42594
42595
42596
42598
42598
42600
42601
42601
42603
42603
42604
42605
42607
42607
42608
42608
42609
42610
42612
42613
42614
42615
42618
42618
42620
42622
42622
42622
42624
42626
42626
42631
42632
42638
42638
42638
42641
42641
42642
42644
42644
42645
42647
42648
42650
42653
42655
42656
42657
42658
42659
42660
42663
42663
42664
42667
42667
42669
42669
42672
42675
42677
42677
42677
42682
42684
42687
42688
42688
42688
42690
42690
42692
42692
42693
42695
42695
42697
42701
42702
42703
42703
42703
42705
42706
42707
42711
42711
42711
42711
42711
42712
42713
42714
42717
42720
42720
42722
42722
42722
42724
42725
42727
42727
42729
42729
42730
42733
42733
42735
42736
42736
42738
42738
42738
42738
42739
42740
42740
42740
42740
42743
42745
42749
42751
42752
42753
42753
42754
42758
42759
42761
42761
42761
42764
42764
42765
42769
42772
42772
42773
42774
42774
42774
42776
42781
42781
42782
42783
42786
42786
42790
42791
42792
42794
42794
42794
42794
42795
42796
42798
42801
42801
42806
42806
42807
42807
42808
42809
42810
42811
42813
42816
42817
42818
42819
42820
42821
42821
42825
42826
42826
42829
42831
42831
42835
42835
42835
42837
42842
42842
42844
42845
42848
42851
42851
42853
42853
42854
42858
42858
42859
42862
42862
42863
42864
42865
42866
42867
42868
42873
42873
42874
42874
42876
42877
42878
42878
42879
42882
42884
42888
42889
42890
42894
42895
42895
42898
42899
42901
42905
42906
42907
42910
42911
42913
42914
42914
42916
42918
42919
42920
42920
42920
42921
42921
42922
42922
42923
42924
42925
42925
42928
42930
42931
42931
42932
42932
42936
42936
42938
42941
42941
42942
42943
42944
42945
42946
42949
42949
42950
42950
42952
42954
42955
42955
42956
42957
42965
42966
42967
42969
42971
42971
42972
42972
42976
42978
42979
42981
42981
42981
42982
42983
42983
42983
42984
42985
42985
42988
42989
42991
42992
42993
42994
42996
42996
42999
43000
43001
43001
43002
43002
43005
43007
43008
43010
43010
43011
43011
43012
43014
43014
43015
43020
43020
43024
43024
43027
43028
43029
43031
43031
43032
43039
43042
43044
43045
43045
43047
43047
43049
43053
43056
43057
43059
43060
43061
43062
43064
43064
43065
43067
43069
43070
43071
43073
43073
43075
43076
43077
43077
43078
43079
43084
43089
43089
43089
43091
43092
43095
43095
43095
43101
43103
43104
43105
43110
43111
43111
43111
43112
43113
43115
43116
43117
43123
43124
43126
43127
43128
43130
43131
43131
43132
43132
43133
43134
43134
43137
43137
43139
43140
43140
43140
43140
43141
43143
43145
43147
43148
43150
43151
43152
43152
43153
43155
43156
43156
43156
43158
43159
43161
43161
43162
43162
43164
43165
43166
43169
43169
43169
43169
43170
43170
43170
43174
43175
43178
43180
43182
43182
43187
43188
43188
43192
43193
43195
43196
43198
43198
43198
43203
43205
43209
43213
43213
43213
43213
43216
43217
43217
43220
43220
43221
43228
43229
43229
43230
43231
43231
43236
43236
43237
43237
43239
43240
43240
43241
43241
43243
43244
43246
43248
43248
43248
43248
43250
43250
43251
43255
43257
43257
43257
43258
43259
43261
43262
43268
43268
43269
43269
43271
43273
43279
43279
43281
43283
43284
43285
43286
43290
43293
43293
43293
43294
43294
43294
43295
43296
43299
43303
43303
43303
43306
43310
43310
43313
43313
43314
43315
43316
43316
43318
43320
43324
43326
43326
43328
43328
43328
43329
43330
43333
43333
43333
43337
43338
43338
43340
43342
43344
43345
43349
43349
43354
43355
43357
43358
43360
43362
43364
43366
43368
43371
43371
43371
43372
43372
43373
43373
43374
43374
43377
43378
43381
43382
43385
43385
43386
43387
43389
43389
43390
43391
43393
43394
43398
43400
43400
43401
43401
43401
43403
43404
43404
43408
43408
43409
43410
43411
43413
43413
43416
43417
43418
43418
43418
43419
43420
43420
43422
43423
43426
43428
43428
43430
43430
43431
43431
43432
43433
43433
43433
43434
43435
43435
43436
43436
43439
43439
43439
43440
43441
43445
43446
43448
43452
43456
43457
43458
43462
43462
43463
43464
43465
43466
43466
43471
43472
43474
43474
43476
43479
43479
43480
43481
43482
43484
43485
43486
43486
43488
43490
43493
43493
43498
43498
43499
43501
43503
43503
43506
43507
43508
43512
43512
43519
43522
43523
43527
43528
43529
43530
43532
43534
43535
43536
43536
43539
43539
43540
43543
43546
43548
43549
43551
43553
43553
43555
43556
43556
43557
43558
43559
43559
43560
43561
43562
43563
43564
43567
43567
43569
43570
43572
43574
43577
43578
43582
43582
43589
43591
43592
43594
43596
43596
43597
43597
43598
43598
43598
43600
43600
43601
43603
43609
43610
43612
43613
43615
43615
43617
43618
43619
43621
43627
43627
43629
43629
43630
43631
43634
43636
43636
43640
43641
43642
43643
43643
43644
43644
43644
43645
43646
43647
43647
43649
43649
43651
43654
43655
43656
43657
43657
43659
43660
43660
43662
43663
43663
43664
43664
43665
43666
43666
43666
43667
43668
43671
43673
43673
43674
43674
43675
43677
43678
43679
43686
43691
43692
43692
43693
43694
43694
43697
43699
43702
43702
43703
43704
43705
43707
43708
43708
43710
43711
43714
43716
43718
43718
43719
43719
43719
43723
43723
43723
43723
43724
43724
43726
43727
43727
43730
43730
43731
43732
43732
43734
43735
43736
43736
43737
43740
43741
43742
43750
43751
43753
43755
43757
43758
43760
43764
43765
43774
43774
43775
43776
43776
43778
43782
43782
43782
43783
43783
43784
43784
43785
43789
43790
43791
43791
43792
43796
43796
43796
43797
43797
43798
43799
43800
43801
43802
43802
43803
43803
43804
43806
43809
43811
43813
43821
43822
43822
43822
43824
43826
43826
43827
43828
43829
43830
43830
43831
43832
43833
43834
43834
43835
43836
43836
43836
43836
43837
43838
43840
43843
43846
43849
43851
43857
43857
43865
43870
43871
43873
43875
43879
43879
43881
43882
43885
43886
43888
43888
43889
43890
43891
43893
43894
43897
43897
43900
43901
43902
43902
43902
43903
43904
43905
43908
43908
43909
43915
43916
43917
43917
43918
43918
43918
43919
43921
43922
43923
43926
43927
43928
43928
43929
43930
43930
43932
43933
43933
43934
43935
43936
43938
43939
43940
43940
43941
43943
43949
43954
43954
43955
43955
43956
43958
43958
43958
43959
43959
43959
43961
43961
43961
43963
43965
43967
43968
43969
43969
43970
43970
43970
43975
43976
43978
43978
43979
43980
43982
43983
43983
43983
43984
43985
43986
43989
43990
43992
43994
43994
43995
43998
43998
44001
44002
44004
44011
44012
44012
44015
44017
44021
44022
44023
44027
44027
44030
44034
44034
44034
44035
44035
44036
44039
44039
44041
44041
44042
44042
44043
44044
44045
44046
44047
44047
44048
44049
44050
44051
44051
44053
44057
44058
44059
44061
44062
44063
44065
44065
44065
44067
44068
44068
44069
44072
44072
44078
44078
44078
44079
44079
44080
44083
44083
44083
44084
44086
44087
44088
44090
44091
44091
44092
44093
44093
44094
44096
44098
44099
44101
44101
44102
44102
44104
44104
44105
44108
44115
44116
44122
44122
44122
44122
44124
44124
44126
44128
44135
44135
44138
44139
44139
44142
44142
44144
44145
44146
44147
44150
44150
44151
44151
44152
44154
44155
44156
44156
44157
44158
44158
44159
44159
44160
44160
44161
44164
44164
44170
44170
44170
44170
44172
44172
44174
44174
44175
44175
44175
44176
44176
44177
44179
44180
44180
44180
44184
44186
44189
44190
44190
44190
44195
44195
44196
44197
44199
44199
44199
44200
44200
44203
44203
44204
44205
44206
44208
44210
44210
44213
44215
44219
44221
44221
44222
44223
44224
44224
44225
44226
44226
44229
44230
44231
44234
44235
44235
44236
44236
44237
44237
44243
44244
44244
44246
44247
44249
44249
44249
44250
44250
44250
44251
44254
44254
44255
44256
44259
44259
44259
44265
44266
44267
44268
44269
44271
44271
44272
44273
44274
44276
44277
44283
44284
44286
44287
44288
44291
44291
44295
44296
44296
44296
44297
44297
44300
44300
44301
44302
44306
44306
44308
44309
44309
44311
44312
44317
44317
44318
44322
44323
44325
44328
44329
44334
44336
44340
44342
44347
44349
44349
44350
44351
44352
44355
44356
44358
44359
44359
44360
44360
44361
44362
44365
44368
44368
44368
44368
44369
44370
44372
44372
44373
44374
44374
44375
44375
44377
44377
44378
44378
44381
44382
44382
44384
44387
44387
44392
44394
44396
44398
44398
44398
44399
44400
44401
44402
44403
44404
44406
44406
44407
44408
44409
44410
44411
44412
44413
44414
44414
44416
44417
44418
44419
44420
44420
44423
44423
44423
44423
44425
44425
44427
44430
44431
44432
44433
44435
44437
44438
44440
44440
44442
44442
44449
44453
44453
44455
44456
44457
44457
44460
44461
44461
44466
44467
44467
44469
44473
44473
44474
44474
44474
44478
44478
44479
44479
44481
44482
44483
44483
44484
44486
44486
44488
44489
44490
44491
44492
44493
44496
44497
44501
44501
44502
44502
44504
44506
44509
44512
44514
44514
44514
44514
44515
44517
44518
44520
44520
44522
44524
44524
44525
44525
44526
44527
44528
44530
44531
44532
44533
44534
44536
44536
44540
44542
44542
44542
44542
44543
44544
44544
44544
44544
44547
44550
44552
44553
44553
44555
44556
44561
44562
44562
44562
44564
44565
44566
44566
44567
44568
44570
44570
44571
44571
44572
44573
44573
44575
44576
44577
44579
44579
44581
44582
44582
44582
44584
44584
44585
44585
44586
44588
44588
44590
44590
44591
44593
44597
44601
44603
44604
44604
44604
44604
44604
44604
44605
44605
44605
44609
44610
44611
44612
44612
44612
44612
44613
44616
44616
44617
44619
44621
44625
44627
44630
44630
44631
44632
44632
44633
44633
44634
44636
44638
44639
44641
44641
44642
44644
44647
44652
44653
44653
44653
44654
44662
44663
44663
44664
44665
44665
44666
44666
44667
44668
44669
44675
44675
44677
44678
44679
44679
44683
44685
44687
44690
44690
44690
44691
44692
44693
44694
44695
44697
44702
44702
44703
44705
44705
44705
44706
44708
44709
44709
44710
44711
44711
44712
44713
44715
44715
44715
44717
44717
44718
44718
44719
44720
44724
44725
44730
44731
44731
44733
44735
44737
44738
44739
44739
44739
44742
44745
44745
44745
44746
44749
44749
44751
44754
44754
44755
44757
44758
44760
44761
44762
44763
44763
44764
44767
44770
44770
44772
44773
44774
44775
44781
44786
44787
44788
44789
44792
44792
44797
44802
44802
44804
44804
44805
44806
44807
44808
44809
44810
44810
44812
44812
44814
44816
44816
44817
44818
44818
44818
44819
44820
44821
44822
44823
44830
44832
44833
44833
44833
44838
44838
44839
44840
44841
44843
44843
44844
44847
44850
44850
44850
44851
44852
44852
44853
44854
44855
44856
44857
44857
44858
44859
44861
44863
44868
44870
44871
44871
44871
44871
44871
44873
44875
44878
44879
44879
44885
44886
44887
44887
44887
44887
44888
44889
44889
44890
44896
44897
44898
44898
44899
44904
44905
44906
44908
44908
44908
44912
44916
44921
44922
44924
44927
44929
44931
44932
44933
44935
44935
44935
44935
44936
44937
44938
44940
44941
44942
44943
44946
44947
44947
44948
44950
44952
44952
44952
44952
44953
44953
44954
44954
44957
44959
44960
44961
44962
44962
44963
44966
44967
44971
44971
44973
44975
44977
44978
44979
44982
44983
44984
44986
44986
44987
44991
44992
44992
44993
44994
44995
44999
45000
45002
45003
45004
45006
45009
45009
45010
45013
45014
45015
45017
45017
45018
45023
45024
45025
45025
45026
45026
45028
45029
45029
45030
45030
45032
45033
45035
45036
45036
45036
45038
45038
45039
45040
45042
45043
45043
45044
45046
45047
45049
45049
45050
45051
45052
45053
45056
45057
45057
45059
45062
45063
45063
45064
45064
45065
45067
45068
45071
45072
45074
45074
45076
45076
45076
45078
45079
45080
45081
45081
45082
45083
45086
45086
45087
45088
45088
45088
45089
45090
45090
45092
45094
45097
45098
45098
45099
45101
45102
45103
45104
45104
45105
45105
45107
45107
45108
45109
45111
45112
45114
45114
45115
45116
45118
45118
45120
45120
45122
45124
45125
45125
45126
45126
45129
45129
45133
45135
45136
45137
45139
45141
45142
45142
45143
45144
45145
45146
45146
45146
45148
45152
45154
45154
45159
45161
45161
45162
45163
45164
45165
45169
45174
45176
45176
45176
45176
45177
45177
45180
45180
45183
45188
45188
45188
45189
45189
45191
45192
45194
45194
45196
45196
45197
45198
45198
45198
45199
45201
45203
45203
45204
45205
45206
45211
45217
45217
45218
45218
45219
45222
45226
45227
45227
45227
45229
45233
45235
45235
45235
45243
45243
45244
45248
45249
45249
45252
45254
45256
45256
45258
45258
45258
45261
45270
45272
45272
45275
45275
45275
45277
45279
45282
45283
45283
45284
45285
45290
45295
45297
45298
45301
45301
45302
45304
45305
45306
45309
45309
45310
45314
45316
45316
45316
45317
45318
45318
45326
45331
45331
45332
45333
45333
45335
45335
45338
45339
45339
45340
45342
45343
45345
45345
45345
45346
45346
45348
45351
45352
45354
45354
45357
45358
45359
45360
45361
45364
45364
45365
45366
45368
45369
45370
45371
45372
45372
45372
45376
45380
45380
45384
45386
45387
45392
45397
45397
45397
45401
45401
45402
45403
45405
45405
45405
45405
45406
45408
45408
45410
45414
45414
45416
45417
45418
45418
45419
45419
45419
45421
45421
45424
45424
45427
45429
45430
45436
45437
45438
45439
45441
45441
45442
45442
45443
45443
45443
45444
45444
45449
45450
45452
45454
45455
45455
45459
45465
45465
45467
45471
45472
45473
45477
45477
45478
45483
45484
45485
45486
45489
45491
45491
45493
45493
45495
45498
45498
45498
45499
45501
45502
45504
45508
45509
45510
45511
45511
45514
45516
45516
45516
45516
45518
45518
45519
45519
45521
45522
45522
45522
45526
45528
45528
45529
45532
45533
45534
45536
45536
45541
45544
45546
45547
45548
45551
45552
45555
45556
45557
45558
45562
45562
45563
45563
45565
45566
45568
45570
45574
45574
45575
45576
45577
45578
45579
45580
45580
45581
45583
45583
45584
45588
45589
45590
45592
45596
45596
45597
45597
45597
45599
45600
45601
45603
45603
45604
45605
45608
45609
45610
45613
45613
45614
45616
45618
45621
45624
45629
45630
45632
45633
45633
45634
45634
45635
45636
45638
45638
45639
45640
45640
45641
45641
45643
45645
45646
45648
45651
45652
45652
45655
45655
45659
45659
45659
45661
45662
45662
45662
45664
45664
45665
45666
45667
45668
45668
45671
45672
45674
45675
45675
45677
45677
45678
45679
45679
45681
45683
45684
45685
45686
45687
45687
45688
45688
45689
45689
45689
45690
45690
45691
45691
45692
45692
45693
45694
45694
45695
45696
45700
45701
45702
45703
45703
45704
45706
45706
45707
45711
45711
45711
45713
45713
45715
45716
45717
45718
45718
45719
45719
45723
45723
45727
45728
45730
45731
45732
45733
45735
45736
45739
45739
45740
45741
45741
45741
45741
45743
45745
45746
45749
45749
45750
45752
45752
45753
45754
45754
45757
45759
45761
45761
45762
45762
45764
45765
45765
45766
45770
45770
45771
45772
45774
45775
45776
45777
45780
45781
45783
45784
45785
45785
45786
45787
45788
45790
45791
45792
45794
45796
45799
45799
45800
45801
45802
45804
45808
45809
45809
45810
45811
45811
45812
45812
45814
45815
45817
45819
45820
45820
45821
45823
45824
45828
45832
45833
45835
45836
45836
45838
45841
45841
45842
45844
45846
45848
45849
45850
45852
45853
45855
45857
45860
45862
45865
45866
45867
45869
45870
45871
45871
45873
45873
45875
45876
45878
45878
45879
45880
45881
45881
45881
45881
45884
45884
45885
45886
45887
45888
45889
45890
45893
45894
45899
45902
45903
45908
45908
45910
45911
45912
45916
45917
45917
45918
45920
45920
45921
45922
45924
45924
45925
45926
45929
45930
45930
45934
45935
45935
45937
45937
45937
45944
45945
45945
45946
45946
45946
45947
45951
45952
45952
45954
45955
45955
45955
45958
45959
45961
45961
45961
45963
45963
45966
45967
45968
45971
45973
45974
45977
45978
45979
45979
45980
45980
45982
45985
45985
45986
45989
45991
45993
45994
46000
46009
46013
46014
46014
46015
46018
46018
46018
46021
46023
46024
46025
46027
46029
46030
46035
46036
46036
46036
46037
46038
46042
46042
46042
46042
46044
46046
46046
46047
46048
46048
46050
46050
46052
46053
46054
46058
46059
46059
46060
46060
46061
46061
46062
46063
46064
46065
46065
46068
46070
46071
46072
46072
46073
46073
46073
46073
46078
46079
46079
46082
46084
46085
46085
46086
46088
46090
46091
46091
46093
46095
46095
46096
46097
46097
46098
46098
46098
46099
46099
46100
46101
46103
46103
46104
46109
46110
46110
46111
46111
46113
46114
46114
46115
46115
46117
46117
46118
46118
46118
46119
46122
46124
46124
46125
46126
46127
46130
46140
46143
46143
46144
46144
46147
46148
46150
46150
46153
46156
46157
46161
46162
46164
46168
46169
46170
46171
46171
46172
46172
46173
46174
46174
46177
46178
46178
46184
46186
46187
46187
46187
46189
46189
46190
46191
46192
46194
46195
46195
46197
46197
46198
46200
46200
46205
46205
46206
46209
46209
46210
46210
46211
46213
46213
46214
46214
46217
46220
46221
46222
46224
46224
46225
46227
46228
46229
46231
46232
46232
46233
46235
46237
46239
46240
46241
46242
46242
46242
46243
46244
46248
46248
46249
46251
46252
46252
46253
46253
46253
46256
46257
46259
46260
46264
46268
46268
46269
46270
46272
46272
46278
46279
46285
46285
46285
46286
46286
46286
46287
46288
46291
46292
46294
46295
46296
46296
46297
46297
46298
46299
46300
46301
46301
46302
46302
46302
46303
46305
46306
46306
46309
46310
46311
46313
46314
46314
46316
46316
46318
46323
46324
46324
46329
46330
46332
46333
46333
46335
46337
46337
46339
46340
46340
46341
46342
46342
46347
46348
46348
46349
46349
46350
46353
46355
46356
46357
46357
46358
46358
46360
46360
46360
46361
46362
46362
46363
46363
46365
46367
46368
46369
46370
46371
46372
46377
46378
46379
46379
46381
46383
46385
46385
46388
46390
46390
46392
46393
46393
46396
46399
46400
46406
46407
46410
46413
46413
46413
46414
46415
46416
46416
46416
46419
46419
46422
46422
46423
46425
46425
46426
46427
46428
46429
46430
46430
46431
46433
46433
46433
46434
46434
46435
46435
46438
46440
46441
46444
46444
46448
46449
46449
46450
46454
46455
46456
46456
46457
46458
46460
46463
46464
46465
46468
46468
46469
46470
46472
46472
46474
46475
46475
46475
46475
46477
46477
46477
46479
46485
46485
46487
46487
46488
46490
46491
46492
46493
46493
46494
46495
46495
46497
46498
46500
46504
46507
46507
46509
46513
46514
46514
46516
46517
46518
46518
46518
46518
46519
46519
46520
46520
46523
46524
46525
46525
46526
46527
46527
46527
46528
46530
46532
46533
46533
46535
46538
46540
46540
46541
46543
46544
46547
46547
46550
46550
46550
46550
46551
46552
46554
46554
46555
46557
46557
46558
46562
46562
46564
46565
46566
46567
46568
46568
46572
46574
46574
46574
46574
46577
46582
46584
46584
46585
46586
46587
46588
46589
46592
46592
46592
46595
46595
46598
46598
46601
46602
46603
46605
46606
46607
46610
46613
46614
46614
46615
46616
46616
46617
46618
46619
46619
46621
46622
46623
46623
46623
46624
46624
46624
46627
46630
46630
46631
46631
46631
46632
46633
46634
46635
46640
46640
46640
46642
46642
46646
46647
46648
46650
46650
46650
46652
46653
46653
46653
46653
46658
46659
46659
46659
46660
46660
46662
46663
46663
46664
46665
46665
46668
46668
46668
46669
46672
46673
46673
46674
46675
46677
46677
46680
46682
46682
46683
46685
46687
46692
46695
46697
46698
46699
46700
46701
46701
46704
46705
46706
46706
46710
46712
46715
46716
46716
46716
46717
46720
46721
46721
46721
46722
46725
46725
46725
46727
46728
46728
46729
46730
46730
46732
46733
46734
46735
46735
46738
46739
46742
46742
46743
46743
46743
46743
46744
46745
46751
46755
46758
46759
46761
46765
46768
46769
46770
46770
46771
46771
46772
46774
46774
46775
46775
46777
46778
46780
46780
46787
46788
46791
46791
46792
46792
46793
46793
46794
46795
46796
46797
46798
46800
46800
46806
46807
46807
46808
46808
46808
46808
46810
46810
46812
46812
46812
46812
46812
46812
46813
46814
46816
46817
46818
46818
46823
46827
46827
46828
46829
46830
46831
46831
46832
46834
46835
46837
46838
46841
46842
46843
46843
46845
46846
46848
46848
46849
46850
46851
46851
46853
46855
46856
46857
46858
46858
46859
46859
46862
46863
46864
46867
46868
46868
46869
46869
46870
46871
46874
46876
46878
46878
46880
46880
46882
46883
46884
46885
46886
46887
46889
46890
46891
46897
46897
46899
46900
46901
46901
46903
46904
46906
46907
46911
46911
46911
46911
46914
46914
46915
46916
46916
46917
46917
46918
46919
46925
46926
46927
46928
46932
46933
46934
46934
46936
46936
46936
46940
46941
46942
46944
46944
46946
46948
46952
46954
46956
46959
46961
46962
46962
46966
46967
46968
46969
46969
46970
46971
46971
46972
46976
46983
46984
46985
46986
46987
46987
46987
46989
46989
46991
46993
46994
46994
46995
46995
46995
46998
46998
46999
46999
47001
47004
47005
47008
47008
47009
47010
47010
47010
47012
47015
47016
47016
47016
47018
47021
47021
47021
47021
47023
47024
47026
47026
47029
47029
47030
47034
47039
47041
47042
47045
47045
47046
47046
47047
47049
47050
47050
47050
47051
47052
47053
47053
47058
47060
47061
47061
47062
47067
47069
47076
47078
47078
47079
47079
47080
47082
47083
47084
47088
47089
47091
47093
47098
47103
47104
47107
47111
47111
47114
47114
47116
47117
47119
47119
47120
47120
47121
47121
47125
47125
47125
47126
47127
47129
47130
47130
47131
47131
47135
47137
47143
47144
47144
47144
47145
47145
47145
47146
47146
47147
47148
47149
47151
47152
47152
47152
47152
47155
47155
47157
47159
47161
47161
47162
47162
47164
47165
47171
47171
47173
47173
47175
47176
47176
47177
47178
47180
47180
47180
47181
47182
47185
47187
47187
47188
47190
47192
47193
47194
47195
47195
47196
47197
47199
47200
47200
47202
47202
47203
47203
47204
47204
47207
47209
47211
47216
47217
47218
47218
47220
47220
47220
47221
47222
47226
47226
47231
47231
47231
47233
47234
47235
47236
47236
47239
47240
47240
47240
47241
47244
47247
47251
47253
47253
47254
47255
47257
47259
47260
47261
47262
47262
47264
47264
47264
47265
47267
47268
47268
47271
47272
47272
47274
47275
47275
47275
47280
47285
47286
47288
47290
47290
47293
47295
47296
47297
47298
47299
47299
47300
47300
47301
47301
47303
47303
47304
47305
47307
47307
47308
47310
47310
47314
47315
47317
47319
47320
47321
47322
47324
47325
47326
47328
47328
47329
47331
47332
47333
47339
47343
47343
47343
47345
47346
47347
47349
47352
47353
47354
47354
47356
47357
47357
47357
47358
47358
47359
47363
47363
47363
47365
47367
47367
47369
47370
47371
47374
47375
47376
47376
47379
47381
47382
47382
47382
47384
47384
47384
47385
47386
47386
47389
47390
47391
47391
47392
47392
47393
47394
47398
47399
47399
47399
47401
47402
47408
47411
47413
47414
47418
47418
47419
47419
47424
47426
47427
47429
47429
47431
47431
47432
47434
47435
47435
47436
47436
47439
47439
47440
47440
47441
47442
47443
47445
47446
47446
47446
47448
47450
47451
47453
47454
47455
47455
47457
47458
47458
47460
47462
47465
47466
47466
47467
47468
47470
47470
47470
47471
47473
47473
47474
47474
47475
47476
47476
47477
47478
47478
47479
47480
47481
47481
47482
47482
47485
47485
47486
47487
47487
47488
47489
47489
47490
47491
47492
47493
47493
47494
47498
47499
47500
47504
47504
47507
47508
47508
47509
47512
47514
47514
47517
47521
47522
47523
47523
47525
47526
47526
47527
47529
47530
47531
47534
47536
47537
47539
47541
47542
47543
47545
47545
47545
47545
47546
47546
47546
47549
47550
47552
47554
47556
47556
47558
47560
47562
47564
47566
47566
47569
47570
47572
47572
47574
47574
47576
47580
47581
47582
47584
47584
47584
47584
47585
47585
47585
47587
47587
47590
47592
47593
47595
47595
47596
47596
47596
47598
47598
47599
47602
47607
47611
47613
47613
47614
47614
47620
47620
47620
47621
47621
47621
47622
47622
47624
47625
47626
47626
47627
47630
47631
47631
47632
47636
47638
47642
47645
47645
47646
47646
47648
47648
47648
47651
47652
47652
47653
47654
47655
47656
47657
47657
47658
47658
47660
47662
47662
47663
47665
47667
47667
47668
47669
47669
47670
47670
47670
47670
47671
47671
47675
47675
47677
47679
47683
47684
47684
47685
47685
47687
47688
47688
47688
47688
47689
47689
47690
47690
47690
47691
47692
47696
47700
47704
47705
47705
47706
47706
47708
47708
47710
47711
47714
47714
47716
47716
47718
47721
47721
47724
47725
47725
47728
47728
47728
47731
47731
47732
47733
47741
47742
47743
47744
47744
47746
47746
47747
47747
47748
47749
47750
47751
47752
47754
47754
47754
47755
47755
47756
47758
47758
47758
47758
47759
47762
47762
47763
47763
47764
47765
47765
47765
47767
47769
47769
47771
47771
47771
47772
47773
47774
47775
47775
47777
47777
47778
47778
47779
47780
47780
47780
47781
47781
47783
47783
47784
47786
47789
47791
47796
47799
47801
47805
47805
47806
47807
47808
47812
47816
47816
47817
47818
47818
47819
47820
47821
47822
47823
47826
47827
47827
47831
47831
47833
47836
47836
47837
47839
47840
47840
47840
47842
47842
47842
47843
47843
47844
47845
47846
47849
47850
47851
47854
47855
47855
47855
47856
47859
47862
47863
47864
47865
47866
47877
47878
47882
47882
47885
47887
47887
47888
47890
47892
47892
47894
47895
47895
47896
47897
47899
47899
47899
47900
47900
47900
47903
47903
47904
47904
47905
47906
47906
47906
47906
47907
47908
47908
47911
47911
47912
47914
47916
47917
47919
47919
47919
47921
47921
47923
47923
47928
47928
47929
47931
47931
47933
47933
47938
47941
47944
47944
47944
47945
47947
47949
47950
47950
47951
47953
47955
47955
47956
47956
47957
47959
47959
47960
47961
47961
47962
47964
47965
47968
47968
47972
47973
47974
47974
47974
47974
47974
47975
47976
47979
47981
47981
47985
47985
47986
47986
47988
47989
47989
47990
47995
47997
47998
47999
47999
48002
48003
48003
48007
48009
48009
48009
48011
48011
48012
48015
48017
48018
48020
48021
48024
48026
48026
48027
48029
48030
48032
48033
48033
48034
48034
48034
48036
48037
48038
48042
48044
48048
48048
48049
48050
48051
48051
48053
48054
48055
48057
48057
48057
48058
48060
48061
48063
48064
48064
48064
48065
48066
48066
48067
48067
48068
48068
48071
48072
48073
48074
48075
48075
48077
48078
48079
48081
48082
48082
48084
48084
48085
48086
48087
48087
48088
48089
48090
48092
48092
48095
48096
48096
48096
48096
48097
48099
48099
48101
48102
48103
48104
48104
48105
48105
48106
48107
48108
48108
48108
48112
48112
48116
48117
48118
48119
48121
48122
48123
48123
48124
48124
48124
48125
48125
48125
48126
48129
48129
48130
48130
48131
48131
48135
48136
48138
48140
48140
48144
48144
48144
48147
48148
48149
48152
48153
48154
48155
48157
48157
48159
48159
48160
48160
48161
48162
48167
48169
48169
48170
48170
48173
48174
48175
48175
48176
48176
48182
48184
48186
48187
48189
48190
48190
48196
48196
48197
48198
48199
48200
48201
48201
48203
48204
48204
48205
48206
48206
48207
48207
48209
48212
48212
48213
48213
48213
48213
48216
48218
48219
48221
48222
48223
48230
48232
48232
48234
48234
48235
48235
48237
48238
48239
48239
48242
48244
48245
48248
48253
48254
48256
48258
48259
48260
48261
48263
48263
48264
48268
48268
48268
48269
48270
48271
48273
48273
48274
48280
48281
48281
48284
48285
48285
48285
48285
48286
48287
48288
48289
48290
48292
48293
48294
48295
48296
48297
48298
48302
48302
48305
48305
48305
48308
48308
48309
48309
48311
48311
48311
48312
48312
48312
48312
48313
48313
48314
48314
48317
48317
48317
48321
48321
48321
48322
48322
48322
48323
48323
48323
48325
48325
48326
48332
48332
48333
48335
48336
48338
48338
48341
48341
48341
48342
48343
48343
48343
48344
48346
48348
48349
48350
48354
48355
48355
48359
48361
48365
48368
48371
48372
48372
48374
48374
48375
48375
48376
48380
48381
48383
48386
48388
48391
48392
48393
48394
48394
48396
48396
48396
48401
48402
48404
48405
48408
48408
48408
48410
48414
48414
48415
48415
48416
48416
48417
48418
48419
48419
48420
48423
48426
48427
48428
48429
48430
48431
48431
48439
48439
48440
48440
48444
48444
48445
48446
48447
48451
48462
48462
48462
48463
48465
48465
48466
48466
48468
48469
48472
48472
48474
48475
48475
48477
48478
48479
48483
48485
48487
48488
48489
48490
48491
48492
48492
48492
48492
48493
48494
48497
48498
48501
48501
48502
48502
48503
48503
48504
48505
48505
48507
48507
48510
48510
48515
48515
48519
48520
48520
48520
48522
48522
48526
48527
48529
48529
48530
48535
48536
48539
48541
48541
48541
48542
48544
48544
48545
48547
48548
48548
48548
48549
48551
48551
48552
48555
48558
48561
48563
48564
48567
48567
48568
48568
48568
48571
48571
48573
48574
48576
48577
48580
48584
48586
48586
48587
48588
48588
48588
48589
48589
48589
48590
48590
48592
48592
48592
48595
48596
48596
48596
48598
48599
48599
48601
48601
48605
48606
48608
48610
48611
48613
48613
48615
48615
48619
48619
48619
48620
48621
48622
48624
48624
48624
48625
48628
48628
48630
48632
48643
48643
48644
48645
48646
48648
48650
48650
48652
48653
48655
48655
48657
48658
48658
48661
48662
48665
48667
48668
48668
48670
48672
48676
48676
48679
48680
48682
48682
48682
48683
48683
48683
48683
48684
48686
48687
48687
48689
48691
48693
48697
48699
48699
48703
48704
48704
48705
48709
48709
48713
48713
48716
48718
48719
48722
48724
48724
48727
48727
48728
48728
48733
48733
48735
48736
48737
48737
48739
48744
48745
48745
48748
48749
48750
48751
48751
48752
48754
48755
48756
48759
48761
48763
48764
48764
48765
48769
48770
48771
48772
48773
48776
48776
48776
48778
48779
48781
48782
48782
48784
48784
48785
48787
48787
48788
48789
48789
48792
48792
48793
48793
48795
48796
48796
48796
48798
48798
48800
48800
48801
48801
48802
48802
48803
48806
48806
48806
48807
48807
48815
48816
48821
48821
48822
48822
48823
48824
48824
48827
48830
48832
48833
48834
48834
48834
48836
48838
48839
48839
48840
48840
48841
48842
48843
48844
48846
48846
48847
48849
48850
48851
48852
48859
48860
48861
48862
48862
48864
48865
48866
48866
48867
48867
48868
48868
48869
48871
48874
48875
48875
48880
48880
48881
48882
48885
48886
48886
48887
48887
48887
48887
48888
48889
48891
48893
48893
48894
48894
48896
48896
48897
48897
48898
48899
48899
48901
48904
48905
48906
48906
48908
48914
48915
48917
48917
48919
48920
48920
48922
48922
48923
48924
48924
48926
48928
48928
48929
48931
48933
48935
48936
48937
48937
48939
48939
48941
48942
48942
48942
48943
48943
48944
48945
48946
48950
48951
48955
48957
48957
48957
48960
48960
48961
48962
48963
48964
48964
48966
48967
48970
48971
48973
48976
48986
48986
48987
48989
48989
48989
48990
48992
48993
48993
48996
48997
48997
48997
48999
48999
49001
49001
49002
49003
49004
49004
49007
49009
49011
49013
49017
49018
49019
49019
49019
49020
49021
49021
49022
49025
49027
49027
49029
49029
49032
49033
49034
49037
49038
49039
49042
49042
49042
49044
49046
49046
49049
49052
49054
49056
49058
49062
49063
49063
49064
49065
49069
49069
49071
49073
49073
49074
49074
49076
49077
49079
49079
49080
49081
49081
49082
49083
49084
49084
49086
49088
49090
49094
49096
49097
49099
49099
49100
49100
49103
49105
49107
49108
49109
49110
49111
49112
49112
49114
49115
49116
49118
49122
49123
49124
49126
49128
49129
49130
49131
49133
49133
49133
49134
49135
49136
49138
49138
49138
49140
49143
49144
49148
49151
49152
49152
49152
49152
49155
49156
49157
49158
49158
49159
49162
49162
49163
49164
49168
49168
49169
49171
49172
49172
49174
49175
49176
49177
49181
49182
49182
49184
49184
49185
49186
49188
49189
49190
49196
49199
49200
49200
49201
49201
49202
49203
49203
49208
49209
49213
49215
49215
49215
49216
49216
49216
49217
49218
49219
49221
49225
49226
49226
49227
49234
49234
49234
49234
49234
49236
49239
49240
49244
49247
49248
49250
49250
49252
49252
49252
49253
49257
49258
49258
49259
49263
49263
49264
49265
49265
49265
49266
49266
49266
49266
49267
49268
49270
49270
49270
49273
49275
49282
49283
49283
49284
49284
49284
49284
49287
49288
49289
49289
49291
49291
49292
49295
49296
49297
49298
49302
49303
49303
49304
49305
49306
49306
49306
49309
49310
49312
49314
49315
49316
49316
49316
49316
49316
49317
49319
49320
49322
49322
49322
49323
49323
49323
49325
49325
49326
49326
49327
49328
49329
49331
49333
49334
49335
49335
49336
49336
49338
49339
49339
49341
49342
49343
49343
49344
49346
49349
49350
49350
49350
49350
49351
49351
49351
49352
49352
49354
49354
49359
49361
49361
49362
49363
49364
49364
49364
49365
49365
49365
49367
49367
49369
49370
49371
49372
49372
49373
49376
49377
49377
49377
49380
49381
49383
49383
49384
49388
49388
49389
49390
49391
49392
49395
49396
49396
49399
49399
49399
49400
49400
49404
49404
49405
49406
49406
49406
49406
49407
49407
49408
49409
49411
49412
49412
49416
49418
49419
49419
49422
49427
49429
49430
49432
49432
49434
49435
49436
49436
49437
49437
49441
49442
49443
49444
49445
49445
49446
49447
49448
49449
49451
49452
49454
49455
49458
49459
49459
49459
49459
49460
49462
49463
49465
49466
49466
49468
49469
49469
49470
49474
49474
49475
49477
49477
49478
49480
49480
49481
49486
49487
49488
49488
49488
49489
49489
49489
49490
49494
49494
49494
49496
49496
49498
49498
49498
49499
49500
49502
49507
49507
49510
49513
49516
49519
49520
49520
49520
49520
49521
49521
49522
49523
49526
49528
49529
49530
49534
49535
49537
49537
49544
49545
49545
49552
49553
49553
49555
49555
49555
49555
49555
49556
49556
49557
49557
49558
49558
49559
49562
49563
49563
49567
49567
49570
49571
49573
49573
49575
49577
49579
49579
49583
49586
49587
49587
49587
49587
49587
49589
49589
49594
49595
49595
49599
49599
49600
49601
49601
49602
49603
49603
49614
49616
49618
49618
49623
49623
49623
49626
49627
49629
49631
49632
49636
49636
49636
49638
49638
49644
49644
49646
49647
49648
49651
49652
49653
49653
49654
49655
49656
49657
49657
49658
49658
49659
49660
49661
49663
49664
49666
49667
49668
49668
49669
49669
49671
49673
49674
49675
49675
49676
49678
49679
49682
49682
49683
49683
49683
49688
49688
49690
49691
49692
49694
49696
49702
49703
49704
49704
49706
49706
49706
49706
49708
49709
49710
49710
49710
49711
49711
49713
49714
49714
49715
49715
49716
49719
49721
49721
49723
49724
49726
49727
49729
49730
49733
49733
49735
49736
49738
49741
49741
49742
49746
49746
49746
49748
49748
49748
49749
49751
49752
49753
49765
49765
49766
49766
49767
49768
49768
49768
49770
49770
49771
49777
49778
49779
49779
49779
49780
49780
49781
49785
49785
49789
49789
49790
49790
49791
49791
49792
49792
49794
49798
49800
49807
49807
49809
49809
49809
49810
49812
49812
49813
49814
49814
49816
49819
49819
49822
49824
49824
49826
49828
49832
49832
49833
49836
49840
49842
49842
49846
49847
49847
49848
49848
49849
49849
49850
49853
49853
49853
49853
49854
49857
49858
49860
49861
49862
49865
49867
49869
49873
49874
49877
49878
49882
49885
49885
49885
49887
49892
49893
49893
49895
49895
49896
49896
49897
49900
49902
49902
49906
49909
49911
49913
49915
49915
49915
49916
49917
49919
49921
49922
49923
49924
49925
49925
49927
49930
49930
49932
49934
49934
49938
49939
49948
49949
49950
49950
49950
49952
49952
49954
49956
49958
49962
49963
49965
49968
49968
49971
49971
49971
49972
49976
49979
49979
49980
49981
49982
49984
49985
49986
49986
49987
49988
49989
49991
49992
49994
49996
49997
49998
50002
50003
50004
50005
50005
50007
50007
50008
50009
50011
50012
50013
50016
50019
50019
50020
50025
50027
50028
50029
50030
50031
50031
50031
50032
50032
50034
50035
50036
50036
50037
50037
50038
50038
50041
50043
50044
50045
50045
50046
50047
50048
50048
50048
50050
50050
50050
50050
50053
50054
50057
50057
50057
50057
50058
50058
50058
50061
50064
50066
50066
50067
50067
50071
50071
50073
50074
50076
50076
50077
50077
50077
50079
50082
50083
50083
50084
50084
50084
50085
50085
50086
50087
50088
50089
50089
50091
50092
50092
50095
50099
50100
50101
50104
50104
50105
50105
50109
50113
50114
50115
50116
50120
50121
50122
50128
50128
50129
50129
50130
50132
50132
50133
50135
50136
50137
50144
50144
50146
50148
50149
50150
50151
50154
50155
50156
50157
50159
50160
50167
50167
50168
50168
50168
50171
50171
50172
50172
50172
50179
50181
50182
50182
50182
50183
50184
50186
50187
50190
50192
50197
50199
50199
50201
50201
50201
50201
50202
50203
50204
50205
50207
50209
50211
50212
50214
50215
50218
50218
50220
50222
50224
50225
50225
50226
50227
50227
50227
50227
50227
50228
50228
50229
50230
50230
50231
50231
50233
50234
50239
50240
50241
50244
50244
50246
50246
50246
50246
50247
50248
50250
50250
50251
50251
50252
50254
50255
50255
50255
50256
50257
50258
50258
50259
50259
50260
50261
50261
50263
50264
50267
50267
50268
50269
50274
50277
50277
50277
50278
50279
50280
50280
50281
50283
50284
50284
50288
50289
50289
50289
50290
50292
50294
50296
50297
50298
50299
50300
50301
50302
50302
50304
50305
50307
50307
50309
50310
50310
50311
50313
50317
50317
50318
50319
50321
50322
50325
50326
50327
50328
50329
50329
50332
50332
50333
50333
50335
50336
50338
50339
50340
50343
50343
50343
50348
50348
50349
50350
50350
50351
50354
50354
50356
50357
50357
50360
50361
50366
50369
50370
50371
50371
50372
50375
50375
50375
50377
50380
50381
50383
50387
50387
50387
50389
50389
50389
50390
50391
50392
50392
50393
50394
50394
50396
50397
50397
50399
50399
50401
50402
50402
50404
50404
50405
50405
50408
50410
50410
50411
50413
50415
50416
50418
50418
50418
50419
50419
50422
50423
50423
50424
50427
50427
50428
50428
50431
50433
50435
50436
50438
50439
50439
50443
50448
50449
50450
50450
50451
50451
50454
50460
50460
50460
50462
50466
50467
50467
50467
50467
50470
50470
50470
50470
50472
50473
50475
50475
50477
50479
50479
50480
50480
50481
50482
50482
50482
50487
50487
50490
50496
50498
50501
50503
50504
50507
50507
50513
50516
50516
50519
50520
50521
50521
50526
50528
50531
50532
50533
50534
50538
50538
50538
50543
50544
50548
50551
50552
50553
50553
50554
50555
50557
50557
50559
50559
50561
50561
50561
50563
50565
50566
50568
50568
50571
50577
50577
50578
50580
50580
50581
50583
50583
50583
50584
50584
50585
50588
50590
50590
50592
50593
50593
50593
50594
50596
50598
50598
50601
50601
50603
50605
50605
50608
50609
50609
50610
50613
50614
50614
50614
50615
50616
50620
50620
50620
50621
50623
50623
50626
50632
50632
50635
50635
50636
50636
50636
50638
50639
50640
50641
50642
50646
50648
50652
50652
50654
50655
50657
50658
50658
50659
50659
50660
50662
50662
50663
50663
50663
50664
50664
50667
50667
50669
50669
50670
50671
50671
50672
50676
50676
50676
50677
50677
50679
50680
50681
50683
50683
50684
50684
50687
50690
50692
50693
50695
50696
50697
50697
50699
50701
50704
50705
50710
50710
50712
50715
50716
50717
50719
50719
50722
50722
50723
50725
50726
50727
50734
50735
50740
50741
50743
50744
50744
50745
50746
50748
50748
50749
50749
50752
50753
50755
50755
50756
50756
50757
50758
50765
50765
50766
50767
50767
50769
50769
50770
50775
50775
50778
50778
50780
50780
50780
50781
50783
50783
50784
50784
50786
50787
50787
50791
50792
50793
50793
50795
50797
50798
50799
50799
50801
50801
50803
50805
50806
50808
50810
50812
50812
50814
50814
50814
50818
50819
50819
50821
50826
50827
50829
50829
50832
50833
50833
50834
50835
50836
50836
50836
50839
50840
50840
50840
50841
50842
50843
50844
50849
50850
50850
50850
50851
50852
50852
50855
50856
50857
50857
50857
50858
50859
50860
50861
50863
50865
50868
50871
50872
50872
50872
50876
50877
50879
50880
50882
50883
50886
50887
50888
50888
50888
50889
50889
50889
50889
50894
50896
50897
50897
50897
50897
50898
50899
50901
50903
50904
50904
50905
50906
50906
50907
50909
50910
50913
50914
50915
50915
50916
50916
50916
50918
50919
50920
50921
50923
50924
50924
50924
50927
50927
50928
50928
50928
50932
50933
50935
50935
50938
50939
50939
50939
50939
50946
50946
50946
50946
50947
50948
50948
50952
50952
50954
50954
50956
50956
50958
50959
50960
50962
50962
50964
50964
50965
50966
50966
50967
50968
50969
50969
50972
50975
50976
50980
50980
50982
50983
50983
50985
50987
50991
50994
50995
50996
50997
50998
51001
51002
51002
51003
51003
51005
51005
51007
51009
51010
51010
51011
51012
51018
51018
51019
51020
51021
51022
51025
51026
51028
51028
51030
51030
51030
51032
51034
51036
51036
51037
51037
51039
51039
51039
51041
51041
51041
51043
51045
51046
51052
51052
51054
51054
51055
51055
51055
51056
51057
51060
51063
51063
51064
51065
51066
51066
51066
51069
51071
51071
51072
51074
51074
51075
51075
51077
51079
51081
51082
51084
51085
51086
51087
51093
51093
51095
51096
51098
51099
51099
51101
51102
51104
51105
51107
51107
51107
51108
51109
51109
51111
51112
51113
51113
51113
51114
51115
51115
51118
51119
51120
51121
51122
51125
51128
51128
51130
51133
51136
51137
51137
51138
51138
51141
51141
51141
51142
51143
51143
51144
51148
51153
51154
51155
51155
51158
51159
51159
51163
51166
51166
51168
51169
51170
51171
51173
51173
51176
51178
51179
51179
51184
51186
51188
51189
51191
51193
51194
51198
51200
51209
51210
51211
51214
51214
51218
51219
51220
51221
51224
51226
51228
51233
51237
51237
51238
51239
51239
51240
51240
51240
51243
51245
51246
51247
51248
51248
51248
51249
51250
51250
51252
51253
51256
51256
51257
51257
51260
51263
51264
51264
51268
51269
51270
51272
51273
51274
51275
51276
51277
51277
51280
51281
51284
51284
51285
51286
51288
51288
51290
51290
51291
51292
51293
51295
51298
51298
51299
51302
51303
51304
51306
51306
51309
51313
51313
51313
51313
51319
51321
51322
51323
51324
51326
51327
51327
51327
51330
51330
51334
51334
51336
51337
51337
51337
51338
51339
51340
51342
51345
51350
51351
51354
51355
51356
51357
51357
51358
51359
51360
51363
51365
51365
51366
51367
51372
51374
51376
51376
51376
51376
51377
51381
51383
51385
51386
51389
51390
51391
51391
51392
51392
51393
51394
51395
51398
51400
51401
51403
51403
51410
51410
51411
51411
51411
51413
51419
51420
51420
51423
51425
51426
51427
51428
51430
51432
51434
51435
51437
51437
51439
51441
51441
51445
51446
51448
51448
51448
51450
51452
51453
51454
51456
51456
51460
51461
51462
51463
51464
51464
51469
51470
51470
51472
51474
51476
51479
51480
51486
51488
51488
51488
51491
51493
51495
51499
51499
51501
51502
51502
51503
51504
51504
51506
51507
51508
51508
51509
51514
51515
51516
51517
51523
51524
51525
51526
51527
51529
51529
51530
51531
51533
51533
51534
51535
51536
51537
51538
51539
51541
51542
51543
51543
51546
51547
51547
51549
51549
51549
51551
51553
51554
51555
51557
51558
51560
51564
51565
51565
51565
51565
51566
51569
51569
51576
51577
51577
51578
51579
51581
51582
51582
51584
51584
51586
51587
51588
51589
51590
51592
51593
51594
51594
51595
51596
51598
51599
51600
51601
51602
51605
51607
51607
51608
51610
51611
51612
51614
51616
51617
51620
51622
51622
51623
51624
51625
51627
51627
51632
51632
51634
51635
51635
51637
51638
51639
51639
51640
51643
51644
51644
51644
51645
51646
51646
51648
51648
51653
51654
51654
51655
51655
51656
51659
51660
51660
51660
51662
51662
51666
51667
51668
51669
51670
51671
51672
51673
51673
51675
51676
51677
51678
51679
51680
51681
51683
51685
51685
51686
51688
51688
51688
51689
51690
51690
51691
51692
51692
51692
51693
51693
51695
51699
51703
51709
51709
51710
51710
51712
51712
51713
51716
51717
51717
51717
51718
51719
51722
51723
51724
51726
51729
51730
51730
51735
51736
51737
51738
51739
51741
51742
51743
51744
51750
51751
51751
51752
51754
51755
51755
51756
51758
51760
51760
51763
51765
51766
51768
51768
51770
51773
51774
51774
51774
51776
51778
51780
51785
51790
51799
51799
51800
51801
51805
51806
51807
51808
51809
51819
51820
51821
51822
51822
51823
51825
51826
51826
51827
51829
51832
51836
51836
51838
51839
51839
51840
51840
51840
51842
51844
51845
51846
51849
51853
51853
51854
51854
51854
51854
51857
51858
51859
51861
51865
51866
51867
51869
51872
51872
51874
51876
51877
51878
51878
51879
51880
51882
51882
51883
51885
51885
51889
51889
51889
51890
51891
51892
51892
51894
51896
51897
51899
51902
51902
51905
51911
51912
51912
51913
51913
51913
51913
51914
51914
51918
51918
51919
51919
51920
51920
51922
51923
51926
51928
51928
51930
51932
51932
51936
51937
51937
51938
51939
51939
51940
51940
51940
51941
51943
51946
51947
51948
51948
51952
51952
51954
51956
51959
51959
51959
51961
51963
51964
51965
51966
51968
51969
51975
51975
51977
51977
51978
51979
51980
51980
51981
51982
51982
51987
51987
51991
51993
51994
51994
51995
51995
51997
51998
52001
52001
52004
52005
52005
52006
52006
52007
52007
52008
52008
52010
52012
52014
52016
52017
52018
52020
52022
52023
52025
52026
52029
52030
52031
52031
52034
52037
52037
52037
52038
52038
52039
52040
52043
52043
52043
52044
52045
52046
52048
52050
52053
52053
52057
52058
52061
52062
52063
52063
52065
52066
52068
52069
52069
52069
52070
52071
52074
52074
52075
52075
52076
52076
52079
52079
52079
52080
52081
52081
52083
52084
52084
52085
52085
52088
52088
52090
52090
52092
52093
52095
52096
52097
52097
52101
52102
52102
52103
52105
52106
52106
52107
52111
52113
52113
52116
52116
52117
52118
52120
52121
52122
52122
52122
52130
52130
52130
52131
52133
52133
52136
52138
52139
52141
52141
52143
52143
52143
52148
52151
52152
52153
52154
52156
52161
52161
52162
52162
52163
52164
52165
52166
52166
52166
52171
52173
52174
52178
52179
52180
52182
52184
52185
52186
52188
52189
52189
52191
52191
52191
52192
52193
52193
52194
52196
52199
52199
52200
52200
52201
52202
52203
52205
52205
52206
52207
52207
52208
52211
52213
52214
52215
52215
52217
52220
52223
52224
52225
52227
52227
52228
52228
52232
52233
52237
52238
52241
52241
52242
52243
52243
52246
52247
52248
52248
52249
52250
52250
52250
52250
52251
52252
52253
52253
52254
52255
52257
52257
52261
52262
52262
52263
52269
52272
52272
52274
52276
52278
52283
52283
52284
52286
52286
52287
52289
52290
52290
52296
52298
52298
52299
52299
52302
52303
52304
52308
52310
52310
52313
52314
52314
52317
52317
52320
52323
52323
52324
52326
52326
52328
52329
52332
52332
52333
52334
52335
52338
52339
52339
52339
52341
52341
52342
52342
52344
52346
52349
52350
52353
52353
52354
52355
52356
52357
52357
52358
52359
52362
52362
52364
52365
52366
52366
52369
52370
52370
52374
52379
52382
52382
52385
52386
52386
52387
52388
52389
52390
52391
52391
52393
52397
52398
52401
52402
52402
52403
52406
52407
52407
52410
52411
52411
52416
52418
52419
52419
52422
52423
52424
52424
52425
52425
52429
52429
52432
52432
52435
52436
52436
52438
52440
52440
52441
52442
52442
52446
52447
52451
52452
52453
52454
52455
52457
52459
52460
52462
52464
52465
52467
52468
52469
52469
52469
52470
52470
52472
52472
52474
52474
52475
52476
52477
52478
52478
52479
52479
52479
52479
52480
52480
52482
52482
52483
52484
52487
52487
52487
52490
52492
52493
52494
52495
52496
52497
52497
52498
52500
52503
52504
52505
52505
52507
52507
52507
52508
52509
52511
52512
52512
52513
52513
52513
52514
52515
52516
52518
52520
52520
52523
52524
52526
52528
52529
52533
52534
52535
52535
52535
52536
52536
52537
52538
52538
52540
52540
52544
52545
52548
52550
52550
52552
52553
52557
52562
52564
52567
52567
52568
52568
52571
52571
52574
52576
52580
52580
52580
52580
52583
52586
52588
52589
52589
52590
52591
52591
52592
52592
52593
52594
52595
52596
52598
52598
52599
52601
52601
52602
52603
52604
52605
52605
52605
52605
52607
52608
52609
52611
52612
52612
52613
52614
52621
52623
52624
52626
52627
52628
52629
52632
52634
52635
52636
52636
52637
52638
52639
52639
52640
52643
52645
52645
52646
52646
52647
52648
52649
52650
52650
52650
52654
52655
52656
52656
52656
52660
52661
52665
52668
52669
52670
52671
52673
52677
52678
52679
52680
52680
52682
52683
52683
52685
52687
52689
52690
52691
52693
52693
52693
52695
52695
52697
52697
52700
52704
52705
52706
52708
52710
52711
52713
52715
52716
52716
52717
52719
52719
52721
52722
52723
52724
52725
52726
52728
52729
52729
52729
52733
52739
52740
52741
52741
52742
52742
52744
52745
52745
52748
52752
52752
52752
52753
52755
52755
52759
52763
52763
52764
52764
52764
52765
52765
52767
52767
52769
52770
52772
52772
52773
52773
52774
52779
52780
52780
52781
52783
52784
52787
52789
52789
52792
52793
52793
52795
52796
52797
52797
52798
52801
52805
52806
52806
52806
52807
52807
52810
52812
52812
52813
52813
52815
52815
52816
52816
52817
52818
52818
52820
52821
52822
52824
52827
52829
52832
52832
52833
52833
52834
52834
52836
52838
52843
52844
52846
52847
52847
52847
52848
52851
52852
52854
52856
52859
52862
52862
52864
52864
52864
52864
52865
52866
52871
52871
52876
52876
52878
52879
52882
52883
52884
52885
52886
52887
52887
52888
52891
52892
52894
52894
52896
52897
52899
52902
52905
52906
52907
52909
52909
52910
52911
52912
52913
52913
52914
52915
52915
52918
52920
52920
52923
52925
52925
52925
52927
52927
52928
52933
52934
52935
52937
52937
52938
52941
52942
52944
52946
52947
52950
52951
52953
52954
52954
52954
52955
52955
52956
52958
52959
52959
52960
52960
52962
52965
52965
52965
52966
52966
52968
52968
52969
52969
52969
52972
52976
52976
52978
52979
52984
52984
52985
52986
52986
52990
52991
52992
52995
52996
52998
52999
53000
53001
53004
53004
53004
53005
53010
53010
53012
53017
53018
53018
53018
53021
53022
53022
53024
53024
53026
53027
53028
53029
53030
53033
53035
53037
53038
53039
53041
53041
53042
53042
53042
53046
53047
53054
53055
53055
53056
53059
53060
53060
53062
53062
53065
53065
53067
53069
53069
53070
53070
53070
53071
53072
53073
53073
53074
53075
53075
53077
53077
53077
53077
53078
53079
53080
53081
53082
53090
53093
53105
53106
53106
53109
53109
53110
53112
53113
53113
53117
53118
53119
53119
53120
53120
53121
53125
53125
53127
53128
53129
53132
53134
53134
53135
53135
53136
53138
53139
53141
53143
53143
53148
53150
53150
53153
53155
53157
53157
53160
53160
53162
53163
53164
53165
53169
53170
53174
53176
53179
53181
53184
53185
53185
53186
53187
53187
53189
53190
53191
53193
53194
53195
53201
53202
53202
53202
53202
53202
53203
53204
53204
53204
53205
53206
53207
53209
53211
53211
53212
53215
53215
53218
53221
53223
53225
53226
53226
53226
53227
53228
53228
53229
53229
53234
53235
53235
53239
53246
53246
53246
53248
53251
53251
53252
53252
53253
53256
53257
53258
53258
53261
53262
53262
53264
53265
53265
53266
53270
53272
53272
53277
53277
53277
53278
53279
53283
53285
53285
53286
53290
53290
53292
53293
53293
53297
53297
53298
53299
53303
53303
53304
53304
53304
53306
53307
53308
53309
53309
53310
53312
53312
53324
53325
53325
53325
53327
53328
53330
53330
53331
53333
53334
53337
53340
53340
53341
53344
53347
53347
53348
53349
53350
53350
53352
53352
53354
53354
53356
53357
53357
53358
53358
53358
53359
53359
53360
53362
53362
53363
53363
53365
53365
53365
53365
53366
53367
53371
53371
53371
53371
53372
53373
53374
53377
53378
53378
53378
53379
53382
53383
53384
53384
53384
53386
53386
53386
53387
53387
53388
53388
53389
53389
53390
53395
53397
53400
53401
53402
53402
53403
53403
53404
53404
53405
53408
53409
53414
53417
53417
53418
53419
53420
53423
53424
53426
53427
53429
53433
53435
53435
53436
53437
53437
53437
53438
53438
53440
53441
53442
53445
53446
53450
53450
53450
53452
53456
53457
53460
53460
53464
53465
53466
53469
53470
53470
53472
53473
53477
53482
53484
53487
53488
53489
53491
53495
53496
53496
53499
53499
53501
53502
53503
53504
53504
53505
53508
53513
53515
53515
53515
53516
53517
53517
53521
53521
53524
53525
53525
53527
53531
53535
53535
53536
53539
53540
53540
53545
53546
53547
53552
53552
53553
53554
53556
53558
53560
53560
53560
53564
53564
53567
53571
53571
53572
53573
53576
53577
53578
53579
53579
53580
53580
53581
53581
53583
53583
53583
53583
53584
53584
53584
53591
53593
53597
53600
53601
53601
53601
53602
53603
53605
53609
53609
53610
53614
53614
53614
53615
53616
53618
53622
53623
53624
53625
53629
53632
53634
53635
53635
53636
53640
53641
53643
53643
53644
53644
53645
53646
53646
53646
53646
53647
53649
53651
53651
53652
53653
53653
53654
53656
53663
53664
53666
53668
53668
53668
53672
53674
53676
53677
53678
53679
53680
53681
53682
53682
53684
53684
53686
53686
53687
53687
53687
53688
53689
53689
53690
53691
53692
53693
53693
53697
53698
53700
53701
53701
53701
53710
53710
53710
53714
53715
53715
53715
53719
53719
53720
53721
53722
53723
53727
53730
53732
53733
53733
53735
53738
53739
53739
53739
53741
53741
53741
53742
53742
53747
53747
53747
53747
53750
53753
53754
53759
53761
53762
53763
53764
53764
53765
53765
53767
53768
53768
53770
53773
53773
53774
53774
53775
53776
53776
53777
53779
53784
53784
53785
53789
53789
53790
53790
53792
53793
53794
53795
53795
53795
53795
53796
53796
53797
53799
53799
53800
53800
53802
53803
53804
53807
53808
53809
53813
53816
53817
53817
53820
53822
53825
53826
53827
53828
53828
53829
53830
53832
53833
53833
53836
53836
53836
53837
53840
53841
53841
53843
53844
53846
53847
53852
53856
53857
53861
53863
53864
53865
53865
53865
53866
53866
53868
53871
53872
53873
53875
53875
53879
53880
53880
53880
53881
53882
53886
53886
53888
53891
53893
53894
53895
53895
53897
53897
53898
53900
53902
53905
53906
53907
53910
53911
53912
53914
53917
53918
53919
53921
53922
53923
53924
53926
53931
53933
53935
53938
53940
53942
53943
53945
53945
53947
53947
53950
53953
53954
53954
53954
53955
53955
53957
53957
53957
53958
53959
53960
53961
53962
53963
53963
53965
53966
53968
53968
53968
53968
53968
53970
53971
53974
53979
53982
53983
53984
53989
53989
53990
53990
53993
53993
53999
53999
54001
54001
54004
54004
54005
54006
54006
54009
54011
54013
54014
54014
54015
54020
54021
54021
54022
54022
54024
54024
54025
54026
54027
54027
54027
54028
54028
54028
54029
54031
54031
54033
54033
54033
54036
54036
54037
54039
54040
54041
54041
54044
54044
54045
54047
54050
54050
54050
54051
54054
54054
54055
54055
54056
54056
54057
54057
54058
54059
54062
54066
54066
54067
54069
54073
54075
54079
54080
54081
54081
54082
54083
54084
54084
54086
54088
54089
54091
54092
54092
54093
54094
54094
54094
54095
54096
54097
54098
54099
54106
54106
54107
54107
54108
54108
54111
54113
54114
54117
54118
54118
54121
54122
54123
54123
54127
54128
54130
54130
54132
54134
54137
54139
54140
54140
54140
54141
54142
54142
54144
54146
54147
54148
54150
54150
54152
54153
54153
54155
54160
54165
54169
54169
54169
54171
54172
54174
54176
54177
54177
54177
54179
54181
54181
54187
54187
54188
54188
54190
54192
54193
54193
54195
54196
54200
54200
54202
54203
54204
54204
54206
54206
54207
54208
54209
54209
54213
54215
54218
54218
54220
54220
54221
54221
54223
54224
54225
54226
54229
54232
54234
54235
54237
54238
54239
54239
54245
54246
54248
54248
54249
54249
54251
54253
54253
54256
54256
54257
54257
54257
54257
54259
54260
54261
54262
54262
54262
54262
54264
54265
54265
54267
54268
54274
54274
54277
54279
54279
54280
54280
54281
54285
54286
54289
54290
54291
54292
54295
54297
54297
54297
54298
54298
54300
54301
54303
54304
54304
54305
54305
54306
54307
54310
54312
54315
54316
54321
54322
54323
54324
54324
54326
54328
54330
54331
54332
54333
54334
54336
54336
54338
54341
54342
54342
54344
54346
54348
54354
54354
54355
54355
54356
54356
54358
54358
54358
54359
54360
54361
54362
54362
54362
54366
54369
54370
54373
54375
54376
54378
54379
54379
54380
54380
54382
54386
54388
54392
54394
54397
54402
54406
54406
54409
54409
54411
54413
54416
54418
54419
54420
54420
54421
54421
54424
54427
54428
54432
54432
54435
54435
54442
54442
54443
54444
54446
54447
54449
54457
54459
54459
54459
54459
54460
54461
54464
54465
54465
54465
54467
54467
54468
54471
54474
54478
54480
54481
54481
54481
54484
54484
54488
54488
54489
54489
54491
54491
54492
54496
54497
54497
54500
54500
54505
54507
54509
54509
54510
54512
54512
54513
54516
54518
54520
54522
54524
54524
54525
54525
54526
54527
54530
54534
54536
54536
54538
54540
54541
54545
54547
54548
54550
54550
54551
54552
54553
54554
54554
54558
54560
54563
54564
54564
54564
54566
54567
54572
54572
54575
54575
54578
54579
54579
54581
54581
54581
54582
54583
54583
54584
54584
54585
54585
54585
54585
54586
54586
54587
54589
54589
54593
54593
54594
54594
54594
54595
54598
54601
54602
54602
54604
54606
54606
54606
54608
54610
54610
54611
54611
54613
54616
54620
54621
54621
54622
54627
54627
54627
54627
54629
54629
54629
54629
54631
54632
54633
54635
54635
54636
54636
54641
54641
54641
54642
54644
54645
54645
54646
54646
54646
54646
54648
54649
54651
54652
54652
54653
54658
54661
54661
54662
54662
54663
54664
54665
54665
54667
54669
54669
54670
54671
54674
54675
54678
54680
54681
54684
54686
54686
54687
54688
54689
54695
54696
54696
54696
54697
54698
54699
54699
54701
54703
54703
54705
54705
54705
54705
54708
54709
54709
54709
54710
54710
54712
54712
54713
54714
54719
54722
54726
54727
54728
54729
54730
54731
54731
54734
54739
54742
54743
54748
54749
54749
54749
54751
54753
54753
54754
54754
54754
54755
54755
54759
54760
54760
54760
54762
54764
54764
54764
54766
54768
54769
54769
54769
54769
54770
54771
54771
54772
54772
54772
54774
54774
54776
54779
54779
54780
54782
54783
54783
54785
54787
54791
54793
54793
54794
54798
54799
54799
54800
54803
54803
54805
54807
54807
54808
54808
54809
54810
54810
54812
54815
54816
54817
54817
54821
54822
54823
54823
54823
54824
54829
54830
54830
54831
54832
54833
54833
54834
54836
54838
54839
54839
54841
54842
54843
54843
54845
54846
54847
54847
54848
54849
54849
54850
54852
54854
54857
54858
54859
54859
54861
54861
54862
54863
54865
54866
54866
54867
54868
54868
54868
54869
54869
54869
54870
54871
54873
54873
54873
54873
54878
54879
54879
54882
54882
54883
54886
54886
54888
54888
54891
54893
54895
54897
54897
54898
54901
54902
54904
54905
54906
54908
54909
54910
54910
54915
54916
54917
54919
54919
54919
54921
54922
54923
54923
54923
54924
54925
54926
54927
54927
54929
54931
54931
54932
54934
54935
54940
54940
54941
54943
54948
54949
54950
54952
54956
54957
54960
54960
54960
54960
54962
54962
54963
54964
54968
54968
54969
54969
54971
54972
54978
54979
54984
54984
54986
54991
54993
54994
54995
54996
54998
54998
54999
54999
55001
55002
55003
55004
55005
55005
55007
55008
55008
55009
55010
55012
55012
55013
55014
55015
55018
55020
55021
55022
55022
55023
55024
55025
55027
55028
55032
55034
55034
55035
55035
55036
55038
55039
55040
55040
55040
55041
55041
55042
55043
55044
55045
55050
55050
55051
55053
55054
55055
55056
55056
55057
55058
55059
55059
55060
55063
55064
55064
55066
55066
55067
55067
55068
55072
55075
55076
55076
55077
55077
55078
55078
55081
55082
55083
55083
55084
55087
55088
55089
55093
55093
55094
55094
55094
55095
55098
55101
55103
55104
55105
55106
55106
55106
55107
55107
55111
55113
55115
55118
55119
55120
55121
55122
55124
55124
55127
55127
55130
55131
55131
55131
55133
55135
55137
55139
55140
55142
55142
55143
55146
55152
55152
55152
55154
55155
55155
55156
55156
55159
55159
55159
55159
55160
55160
55161
55162
55162
55167
55168
55168
55168
55171
55172
55172
55172
55175
55176
55178
55178
55178
55179
55181
55182
55183
55184
55187
55188
55192
55194
55195
55196
55196
55198
55200
55200
55202
55203
55203
55204
55205
55207
55207
55207
55209
55209
55213
55213
55215
55220
55220
55221
55222
55225
55225
55226
55226
55231
55231
55231
55231
55233
55235
55237
55238
55239
55239
55241
55241
55243
55243
55243
55244
55246
55246
55247
55248
55248
55251
55252
55252
55253
55254
55255
55257
55257
55259
55260
55260
55260
55263
55267
55270
55271
55272
55272
55272
55278
55279
55280
55281
55281
55282
55284
55288
55292
55293
55300
55301
55302
55302
55304
55307
55307
55309
55310
55311
55314
55314
55315
55315
55316
55316
55317
55318
55318
55320
55320
55321
55322
55324
55326
55327
55328
55328
55329
55330
55332
55334
55337
55339
55339
55342
55346
55346
55351
55352
55352
55354
55355
55357
55362
55362
55363
55363
55366
55366
55369
55371
55374
55376
55378
55379
55380
55383
55386
55386
55387
55388
55389
55391
55393
55394
55396
55396
55396
55397
55398
55399
55399
55402
55403
55403
55405
55407
55407
55408
55408
55409
55411
55411
55411
55412
55413
55414
55416
55417
55421
55422
55424
55428
55431
55432
55432
55433
55434
55435
55437
55439
55439
55440
55440
55440
55442
55442
55443
55444
55447
55447
55448
55448
55448
55448
55450
55451
55454
55457
55457
55458
55462
55464
55469
55469
55471
55474
55475
55477
55478
55478
55478
55479
55480
55481
55481
55481
55483
55484
55484
55488
55489
55490
55490
55492
55494
55495
55495
55496
55496
55497
55498
55501
55502
55503
55504
55504
55505
55506
55511
55511
55512
55513
55513
55514
55515
55519
55521
55521
55522
55522
55523
55523
55524
55524
55526
55530
55531
55532
55533
55533
55534
55535
55535
55536
55537
55538
55538
55538
55543
55545
55547
55548
55552
55553
55554
55554
55555
55557
55560
55560
55561
55565
55565
55568
55571
55571
55573
55576
55578
55578
55579
55579
55580
55581
55583
55584
55587
55589
55589
55591
55592
55592
55593
55594
55594
55594
55596
55597
55598
55600
55602
55602
55604
55605
55607
55608
55610
55611
55611
55613
55613
55613
55614
55614
55615
55615
55616
55617
55619
55620
55623
55623
55624
55625
55626
55627
55628
55628
55630
55634
55634
55635
55635
55636
55636
55637
55638
55638
55638
55640
55640
55641
55642
55643
55644
55651
55653
55653
55653
55656
55658
55658
55661
55661
55665
55665
55665
55666
55666
55668
55669
55670
55672
55672
55673
55675
55676
55681
55682
55682
55684
55684
55686
55689
55689
55689
55690
55691
55692
55694
55695
55695
55696
55698
55698
55699
55703
55703
55708
55710
55711
55713
55714
55714
55715
55717
55718
55718
55721
55721
55724
55725
55726
55729
55729
55729
55730
55731
55732
55732
55733
55738
55740
55744
55744
55746
55747
55749
55750
55750
55751
55752
55752
55753
55754
55756
55758
55759
55759
55760
55760
55762
55763
55763
55769
55770
55770
55776
55777
55778
55779
55779
55780
55781
55781
55787
55788
55790
55791
55794
55794
55795
55795
55796
55799
55804
55806
55806
55806
55809
55810
55810
55810
55811
55811
55812
55812
55813
55815
55819
55820
55827
55827
55828
55835
55836
55840
55843
55843
55848
55850
55851
55851
55852
55853
55853
55854
55854
55855
55856
55856
55857
55861
55863
55865
55868
55868
55869
55871
55875
55879
55883
55888
55891
55892
55896
55901
55902
55902
55903
55903
55908
55908
55908
55909
55910
55910
55910
55911
55912
55912
55913
55914
55918
55919
55919
55920
55922
55924
55925
55926
55928
55930
55931
55932
55932
55934
55935
55935
55936
55936
55936
55939
55940
55941
55942
55945
55945
55946
55946
55947
55950
55951
55955
55957
55961
55962
55966
55967
55967
55970
55970
55972
55973
55973
55976
55977
55977
55977
55979
55979
55979
55980
55981
55984
55984
55985
55985
55986
55992
55993
55998
56000
56000
56007
56009
56009
56010
56013
56013
56015
56021
56021
56023
56024
56024
56024
56025
56025
56026
56026
56027
56030
56031
56032
56034
56034
56035
56036
56037
56038
56039
56041
56042
56043
56045
56047
56048
56049
56049
56050
56051
56051
56053
56054
56056
56059
56060
56060
56061
56061
56062
56062
56065
56067
56068
56071
56074
56076
56076
56078
56078
56081
56081
56083
56084
56085
56087
56088
56088
56089
56091
56092
56092
56093
56100
56102
56103
56105
56107
56109
56110
56112
56115
56115
56117
56118
56123
56124
56124
56126
56127
56127
56129
56130
56133
56133
56135
56135
56135
56137
56141
56145
56146
56149
56150
56150
56151
56151
56152
56153
56154
56155
56155
56158
56167
56169
56174
56177
56178
56179
56179
56180
56180
56181
56183
56184
56189
56189
56190
56191
56195
56197
56198
56200
56201
56202
56203
56208
56212
56213
56215
56216
56217
56217
56220
56221
56223
56223
56226
56229
56230
56231
56232
56233
56234
56234
56236
56237
56239
56239
56245
56247
56249
56250
56252
56253
56254
56258
56258
56259
56260
56262
56265
56265
56267
56269
56269
56271
56272
56273
56274
56274
56274
56276
56276
56277
56277
56278
56278
56280
56280
56281
56282
56285
56286
56287
56287
56288
56289
56291
56292
56297
56298
56299
56300
56301
56303
56304
56306
56306
56308
56311
56312
56315
56315
56316
56317
56318
56319
56321
56321
56322
56322
56323
56324
56327
56327
56328
56331
56331
56331
56332
56332
56334
56334
56335
56336
56336
56338
56339
56339
56341
56344
56345
56345
56348
56350
56351
56354
56354
56354
56356
56359
56360
56360
56361
56363
56365
56366
56367
56367
56367
56371
56373
56375
56376
56380
56381
56383
56384
56386
56386
56388
56390
56391
56391
56396
56397
56398
56398
56399
56403
56403
56404
56407
56410
56410
56410
56411
56413
56413
56416
56417
56419
56420
56424
56427
56427
56430
56433
56434
56434
56436
56436
56437
56440
56441
56442
56445
56446
56446
56447
56447
56448
56448
56449
56449
56451
56453
56454
56455
56456
56457
56461
56464
56465
56465
56466
56468
56468
56469
56469
56470
56471
56474
56475
56477
56481
56482
56483
56485
56485
56487
56488
56492
56493
56495
56495
56495
56497
56498
56500
56500
56500
56500
56502
56503
56504
56504
56504
56505
56505
56507
56511
56512
56514
56516
56517
56517
56520
56521
56522
56522
56523
56523
56523
56525
56529
56529
56531
56532
56534
56534
56536
56541
56542
56543
56544
56544
56546
56547
56549
56554
56555
56555
56556
56557
56558
56558
56558
56563
56569
56572
56573
56573
56576
56576
56577
56577
56579
56579
56580
56581
56583
56584
56587
56588
56590
56590
56592
56593
56594
56595
56595
56595
56596
56599
56601
56603
56607
56609
56609
56609
56609
56610
56613
56615
56615
56616
56617
56619
56620
56624
56625
56629
56630
56631
56631
56632
56633
56633
56634
56636
56636
56636
56636
56637
56640
56641
56642
56643
56643
56646
56647
56647
56651
56651
56652
56652
56654
56657
56657
56658
56658
56660
56660
56663
56664
56667
56671
56675
56676
56677
56679
56680
56682
56683
56684
56686
56689
56690
56690
56693
56694
56696
56696
56697
56697
56698
56701
56702
56704
56705
56707
56707
56707
56708
56709
56709
56713
56714
56714
56716
56719
56723
56724
56725
56729
56729
56732
56733
56734
56734
56739
56739
56742
56743
56747
56750
56750
56752
56752
56752
56754
56754
56757
56757
56760
56760
56761
56762
56763
56764
56765
56769
56769
56770
56770
56771
56772
56775
56776
56777
56778
56778
56778
56781
56782
56785
56785
56789
56791
56791
56798
56798
56798
56801
56802
56802
56806
56808
56811
56811
56814
56814
56815
56815
56816
56817
56817
56818
56819
56820
56821
56822
56824
56827
56828
56828
56828
56830
56832
56833
56836
56836
56838
56840
56841
56842
56843
56843
56843
56844
56846
56847
56848
56849
56850
56852
56855
56858
56859
56862
56864
56864
56866
56867
56870
56874
56876
56877
56880
56880
56881
56881
56884
56886
56886
56886
56887
56887
56887
56888
56889
56890
56890
56893
56893
56893
56894
56895
56896
56896
56900
56902
56902
56902
56903
56904
56905
56905
56906
56909
56909
56912
56916
56916
56917
56917
56917
56922
56923
56923
56923
56924
56927
56928
56929
56930
56935
56936
56936
56938
56938
56941
56941
56943
56945
56948
56951
56953
56953
56953
56954
56956
56958
56959
56960
56961
56963
56964
56964
56966
56966
56972
56973
56973
56973
56977
56981
56981
56981
56984
56984
56984
56985
56986
56990
56994
56994
56997
56998
56999
57003
57004
57004
57005
57007
57008
57010
57010
57014
57014
57018
57018
57020
57026
57028
57028
57030
57032
57035
57038
57038
57038
57040
57042
57043
57043
57046
57047
57048
57051
57051
57054
57056
57057
57057
57057
57059
57061
57061
57062
57063
57063
57064
57064
57067
57071
57072
57072
57073
57073
57074
57074
57075
57079
57079
57080
57084
57084
57085
57090
57092
57093
57093
57093
57095
57097
57097
57097
57098
57099
57108
57108
57109
57111
57112
57113
57114
57115
57115
57116
57117
57117
57118
57122
57125
57126
57128
57130
57130
57131
57131
57132
57134
57134
57135
57135
57137
57137
57138
57139
57141
57142
57143
57145
57146
57147
57147
57149
57151
57151
57151
57152
57152
57158
57160
57160
57160
57164
57164
57168
57168
57169
57169
57170
57171
57171
57172
57172
57173
57174
57174
57177
57177
57178
57178
57180
57180
57188
57190
57190
57193
57196
57196
57196
57201
57201
57207
57208
57212
57212
57214
57215
57217
57217
57220
57223
57225
57225
57226
57227
57227
57228
57229
57230
57230
57230
57230
57232
57233
57233
57234
57236
57236
57236
57236
57236
57238
57241
57242
57243
57243
57244
57245
57245
57246
57246
57247
57247
57249
57250
57252
57252
57253
57253
57254
57255
57256
57257
57258
57259
57259
57260
57262
57263
57266
57267
57267
57268
57268
57271
57273
57276
57276
57277
57278
57280
57280
57281
57284
57285
57285
57285
57285
57286
57287
57288
57289
57290
57291
57292
57293
57293
57294
57295
57298
57299
57299
57301
57301
57301
57303
57304
57306
57307
57307
57308
57309
57312
57313
57313
57314
57317
57318
57319
57319
57321
57321
57323
57324
57326
57329
57331
57336
57337
57339
57340
57341
57342
57342
57343
57348
57348
57348
57351
57353
57355
57355
57356
57357
57358
57360
57362
57363
57363
57363
57364
57365
57369
57370
57372
57372
57374
57374
57379
57380
57386
57388
57390
57393
57393
57394
57396
57399
57399
57399
57401
57404
57406
57406
57408
57408
57410
57412
57413
57415
57417
57420
57422
57427
57428
57431
57431
57432
57435
57438
57439
57441
57445
57445
57447
57449
57452
57453
57453
57454
57455
57460
57463
57463
57463
57464
57464
57465
57466
57468
57469
57471
57471
57471
57475
57475
57475
57476
57481
57481
57482
57486
57488
57488
57490
57490
57491
57492
57493
57495
57497
57498
57499
57505
57506
57508
57508
57508
57510
57511
57513
57513
57515
57515
57520
57521
57523
57525
57527
57528
57529
57530
57530
57533
57533
57540
57540
57540
57542
57542
57544
57546
57546
57547
57547
57549
57552
57553
57553
57554
57557
57560
57560
57562
57564
57564
57567
57567
57567
57567
57568
57568
57569
57569
57570
57572
57573
57577
57582
57586
57588
57588
57591
57593
57594
57596
57597
57597
57598
57598
57599
57601
57602
57603
57605
57605
57605
57607
57609
57611
57612
57612
57613
57613
57613
57614
57614
57615
57617
57617
57618
57623
57624
57628
57630
57631
57631
57632
57632
57634
57637
57639
57643
57644
57644
57646
57648
57651
57654
57656
57656
57659
57659
57660
57661
57662
57665
57665
57666
57670
57671
57671
57672
57672
57673
57673
57674
57675
57677
57679
57680
57680
57681
57682
57682
57683
57686
57686
57687
57689
57694
57696
57698
57699
57700
57701
57703
57705
57706
57706
57711
57714
57714
57715
57716
57717
57718
57719
57721
57722
57722
57723
57724
57728
57729
57730
57731
57733
57734
57736
57736
57737
57738
57739
57741
57742
57744
57744
57745
57747
57747
57754
57756
57758
57761
57763
57764
57765
57766
57767
57768
57768
57769
57769
57773
57773
57773
57774
57775
57776
57776
57777
57778
57781
57782
57782
57782
57783
57783
57784
57789
57789
57792
57792
57792
57799
57800
57801
57801
57803
57806
57806
57806
57808
57808
57810
57810
57812
57814
57815
57816
57817
57818
57819
57820
57822
57822
57822
57823
57824
57824
57825
57825
57826
57827
57827
57828
57829
57829
57834
57836
57838
57841
57847
57847
57848
57850
57850
57851
57854
57855
57857
57857
57857
57858
57858
57860
57861
57861
57861
57863
57864
57865
57865
57868
57874
57876
57876
57876
57877
57879
57881
57881
57883
57884
57885
57887
57888
57889
57890
57891
57892
57893
57896
57896
57897
57897
57898
57899
57900
57900
57900
57900
57901
57902
57904
57910
57912
57917
57919
57921
57922
57924
57926
57927
57928
57928
57929
57929
57930
57930
57932
57934
57934
57935
57935
57935
57938
57944
57945
57948
57951
57954
57955
57957
57957
57958
57958
57959
57963
57963
57963
57964
57967
57968
57972
57977
57978
57978
57978
57979
57980
57984
57987
57989
57990
57990
57993
57994
57996
57999
58000
58001
58002
58003
58003
58003
58009
58009
58009
58010
58011
58013
58015
58015
58018
58020
58021
58021
58027
58033
58034
58035
58037
58040
58040
58042
58043
58044
58045
58050
58050
58052
58056
58056
58056
58057
58057
58057
58059
58065
58066
58066
58068
58069
58072
58073
58075
58075
58077
58080
58081
58082
58082
58083
58083
58084
58084
58085
58089
58090
58090
58091
58092
58093
58095
58099
58103
58106
58110
58111
58114
58118
58119
58120
58121
58122
58122
58123
58123
58126
58129
58129
58130
58130
58132
58133
58134
58134
58135
58136
58145
58151
58152
58153
58154
58157
58160
58161
58162
58162
58166
58168
58168
58169
58170
58172
58173
58174
58175
58178
58178
58179
58181
58181
58181
58182
58182
58186
58192
58192
58192
58192
58193
58195
58197
58197
58198
58203
58207
58209
58216
58216
58218
58218
58218
58219
58219
58220
58222
58222
58224
58226
58230
58230
58231
58232
58238
58243
58245
58246
58246
58248
58248
58250
58250
58251
58252
58252
58253
58259
58260
58261
58262
58263
58263
58263
58265
58265
58267
58270
58270
58271
58272
58274
58275
58276
58281
58283
58285
58285
58285
58288
58288
58288
58289
58290
58291
58292
58293
58297
58298
58301
58305
58305
58305
58307
58307
58309
58310
58310
58311
58312
58312
58312
58313
58313
58314
58315
58319
58320
58320
58321
58321
58322
58323
58324
58325
58326
58327
58331
58332
58333
58334
58334
58339
58340
58341
58341
58343
58346
58348
58351
58351
58351
58352
58353
58356
58359
58359
58360
58361
58362
58366
58366
58366
58369
58369
58370
58372
58375
58375
58377
58377
58379
58379
58379
58380
58381
58382
58383
58384
58384
58386
58390
58390
58390
58390
58392
58397
58398
58399
58400
58400
58401
58402
58402
58404
58408
58412
58414
58417
58417
58417
58418
58421
58423
58425
58425
58425
58427
58427
58427
58428
58429
58429
58431
58431
58432
58434
58436
58437
58439
58440
58442
58443
58444
58444
58444
58447
58449
58450
58450
58451
58451
58453
58453
58453
58453
58454
58455
58456
58457
58458
58460
58460
58463
58465
58466
58466
58467
58468
58471
58471
58472
58472
58473
58474
58478
58479
58479
58480
58486
58486
58486
58487
58491
58498
58499
58500
58501
58501
58504
58504
58505
58505
58505
58506
58507
58507
58509
58509
58511
58512
58516
58517
58517
58517
58517
58518
58520
58521
58523
58524
58526
58526
58526
58528
58528
58530
58532
58534
58537
58537
58539
58539
58543
58545
58548
58550
58550
58550
58550
58550
58550
58554
58556
58562
58563
58564
58565
58566
58568
58570
58570
58573
58574
58580
58581
58581
58582
58585
58585
58587
58591
58591
58593
58595
58596
58598
58598
58599
58601
58601
58602
58602
58604
58610
58611
58615
58616
58617
58620
58623
58624
58626
58628
58629
58629
58631
58633
58634
58635
58636
58637
58640
58640
58643
58643
58644
58647
58650
58652
58652
58653
58654
58657
58658
58658
58661
58661
58662
58664
58665
58665
58666
58666
58667
58667
58673
58673
58674
58678
58679
58679
58684
58684
58685
58686
58686
58687
58687
58691
58692
58692
58692
58695
58696
58696
58696
58696
58698
58701
58702
58703
58709
58709
58709
58709
58711
58715
58715
58716
58717
58717
58721
58724
58726
58727
58728
58728
58730
58732
58732
58733
58733
58734
58736
58736
58738
58740
58740
58742
58744
58744
58746
58746
58747
58747
58748
58755
58756
58757
58757
58757
58758
58758
58759
58760
58761
58762
58762
58763
58764
58765
58767
58768
58770
58771
58771
58773
58774
58774
58775
58776
58777
58778
58778
58782
58786
58789
58792
58793
58794
58798
58800
58801
58802
58804
58807
58809
58810
58814
58814
58816
58819
58822
58824
58824
58825
58825
58826
58833
58835
58836
58836
58838
58842
58842
58845
58846
58847
58848
58849
58850
58850
58851
58851
58851
58854
58855
58855
58855
58856
58859
58860
58860
58862
58865
58868
58873
58874
58876
58881
58882
58882
58882
58882
58883
58885
58885
58887
58888
58891
58891
58892
58893
58893
58893
58894
58896
58896
58899
58900
58904
58909
58910
58910
58912
58914
58915
58915
58916
58917
58917
58917
58918
58924
58924
58924
58924
58924
58925
58929
58930
58931
58932
58935
58935
58936
58940
58941
58942
58944
58950
58951
58954
58954
58955
58955
58956
58956
58961
58962
58964
58967
58967
58967
58967
58968
58970
58971
58971
58972
58974
58975
58976
58976
58976
58978
58978
58979
58979
58982
58985
58986
58986
58986
58990
58990
58991
58992
58992
58993
58995
58996
58998
58999
59003
59005
59006
59008
59009
59011
59012
59014
59015
59019
59021
59021
59021
59022
59023
59024
59026
59027
59029
59029
59031
59031
59035
59037
59038
59039
59039
59040
59041
59041
59045
59048
59048
59051
59053
59054
59054
59055
59056
59058
59059
59061
59061
59063
59063
59063
59065
59066
59066
59066
59067
59069
59070
59071
59074
59076
59076
59077
59078
59080
59081
59081
59081
59081
59083
59085
59085
59085
59086
59086
59087
59094
59097
59100
59100
59103
59103
59104
59104
59107
59110
59113
59116
59119
59120
59120
59122
59126
59127
59127
59128
59128
59131
59134
59134
59136
59136
59137
59138
59138
59138
59139
59143
59144
59150
59150
59150
59152
59152
59156
59156
59157
59158
59160
59161
59161
59161
59162
59162
59164
59164
59165
59166
59166
59168
59169
59169
59169
59171
59172
59173
59174
59175
59178
59180
59181
59181
59181
59183
59185
59185
59186
59187
59188
59191
59191
59192
59192
59193
59194
59194
59196
59196
59198
59198
59198
59199
59201
59202
59203
59203
59204
59205
59205
59206
59207
59210
59210
59213
59214
59215
59215
59216
59216
59216
59217
59217
59218
59218
59219
59220
59222
59222
59224
59225
59226
59229
59230
59231
59232
59234
59239
59239
59241
59242
59243
59244
59244
59245
59245
59246
59250
59251
59251
59252
59253
59254
59254
59262
59263
59264
59265
59265
59266
59266
59267
59270
59270
59271
59272
59274
59275
59275
59276
59277
59279
59280
59281
59281
59284
59285
59288
59289
59290
59291
59291
59292
59294
59295
59296
59297
59299
59299
59300
59304
59310
59310
59312
59313
59315
59317
59317
59319
59320
59321
59322
59324
59324
59327
59328
59335
59336
59338
59339
59343
59343
59345
59346
59348
59349
59352
59354
59355
59356
59357
59358
59360
59361
59364
59367
59368
59368
59368
59368
59369
59370
59371
59372
59373
59374
59374
59375
59377
59379
59380
59382
59382
59382
59383
59384
59384
59385
59385
59389
59390
59390
59391
59391
59394
59395
59395
59398
59398
59402
59403
59403
59404
59404
59406
59406
59408
59410
59410
59411
59411
59413
59414
59417
59419
59420
59421
59424
59426
59428
59430
59431
59432
59432
59433
59434
59439
59440
59442
59444
59445
59446
59447
59448
59451
59451
59452
59453
59463
59464
59465
59465
59465
59465
59468
59469
59469
59471
59471
59473
59476
59476
59476
59479
59480
59482
59483
59483
59483
59486
59490
59491
59492
59493
59495
59495
59496
59497
59497
59497
59499
59502
59502
59504
59506
59507
59507
59509
59509
59511
59513
59514
59516
59518
59520
59522
59522
59526
59527
59527
59528
59530
59531
59532
59532
59533
59533
59538
59538
59539
59541
59549
59554
59555
59555
59558
59562
59564
59565
59567
59570
59570
59571
59571
59572
59572
59574
59578
59580
59581
59582
59582
59583
59585
59589
59589
59590
59590
59598
59598
59599
59600
59600
59602
59604
59606
59608
59608
59608
59608
59609
59613
59615
59617
59618
59618
59619
59621
59621
59622
59626
59626
59628
59628
59628
59629
59629
59630
59631
59633
59635
59636
59637
59639
59642
59642
59643
59644
59646
59647
59647
59648
59650
59650
59650
59652
59653
59655
59655
59659
59662
59662
59662
59663
59664
59664
59664
59665
59666
59667
59668
59668
59670
59670
59671
59672
59673
59675
59677
59678
59679
59680
59681
59683
59685
59689
59689
59691
59692
59695
59698
59703
59704
59705
59705
59706
59706
59708
59708
59709
59710
59710
59712
59713
59714
59715
59715
59715
59718
59720
59722
59722
59724
59729
59731
59732
59737
59739
59739
59741
59741
59743
59745
59747
59748
59753
59757
59758
59760
59761
59762
59763
59764
59765
59766
59767
59768
59770
59771
59772
59772
59773
59775
59777
59778
59779
59782
59782
59783
59787
59788
59789
59790
59791
59793
59794
59794
59797
59798
59798
59804
59804
59805
59806
59808
59809
59809
59811
59813
59814
59814
59814
59818
59820
59821
59822
59825
59826
59829
59830
59834
59836
59837
59840
59842
59842
59843
59843
59845
59847
59847
59847
59850
59851
59852
59852
59855
59856
59858
59859
59859
59859
59861
59861
59862
59863
59864
59864
59864
59865
59866
59868
59869
59870
59871
59871
59872
59873
59873
59874
59875
59876
59876
59877
59878
59879
59879
59881
59881
59882
59885
59886
59887
59888
59890
59891
59891
59891
59892
59892
59893
59893
59894
59895
59895
59895
59896
59897
59897
59898
59898
59900
59900
59901
59905
59905
59905
59905
59905
59905
59908
59909
59911
59911
59915
59915
59915
59915
59916
59916
59917
59919
59920
59923
59924
59925
59926
59926
59930
59931
59931
59932
59935
59935
59935
59936
59937
59938
59938
59952
59958
59959
59959
59960
59963
59964
59965
59966
59968
59969
59971
59975
59976
59977
59977
59978
59980
59981
59982
59983
59984
59985
59985
59989
59989
59989
59994
59995
59996
59997
59998
59998
59999
60000
60002
60002
60002
60002
60005
60005
60005
60006
60007
60010
60017
60018
60020
60020
60021
60021
60023
60026
60026
60028
60029
60029
60029
60029
60030
60031
60031
60032
60034
60034
60035
60035
60035
60035
60035
60036
60037
60041
60041
60042
60042
60043
60045
60046
60046
60048
60050
60051
60051
60053
60054
60056
60057
60057
60057
60059
60061
60061
60063
60064
60066
60066
60067
60068
60069
60069
60070
60075
60075
60079
60080
60082
60083
60085
60086
60086
60089
60090
60090
60091
60092
60092
60092
60095
60095
60095
60095
60096
60101
60102
60103
60104
60105
60108
60108
60111
60112
60114
60114
60116
60117
60122
60122
60122
60122
60124
60124
60124
60125
60125
60125
60125
60126
60126
60127
60127
60129
60130
60130
60131
60132
60133
60134
60137
60138
60139
60139
60140
60141
60142
60150
60151
60152
60152
60152
60154
60155
60155
60157
60159
60165
60165
60166
60166
60167
60168
60168
60169
60170
60170
60171
60172
60172
60173
60174
60179
60181
60182
60182
60183
60183
60184
60184
60185
60186
60189
60190
60190
60191
60192
60195
60197
60197
60198
60199
60200
60200
60202
60203
60204
60206
60206
60207
60208
60208
60209
60211
60211
60213
60216
60219
60220
60221
60221
60222
60223
60223
60223
60224
60225
60225
60231
60232
60234
60234
60235
60236
60238
60238
60238
60240
60241
60249
60253
60255
60255
60255
60257
60257
60258
60258
60259
60261
60261
60265
60266
60275
60277
60278
60280
60281
60283
60283
60284
60284
60285
60286
60287
60287
60288
60288
60289
60289
60290
60290
60290
60291
60291
60292
60293
60295
60295
60296
60297
60297
60298
60298
60298
60301
60302
60304
60304
60305
60305
60305
60305
60309
60310
60311
60311
60314
60315
60316
60321
60324
60324
60325
60325
60326
60326
60326
60326
60327
60327
60328
60328
60329
60329
60331
60331
60332
60333
60333
60333
60334
60336
60336
60337
60339
60339
60340
60340
60340
60340
60343
60343
60344
60345
60345
60346
60348
60349
60352
60356
60358
60362
60362
60364
60365
60366
60366
60366
60367
60367
60370
60371
60375
60376
60377
60382
60394
60395
60395
60395
60398
60399
60400
60402
60403
60404
60405
60405
60406
60408
60409
60411
60412
60412
60413
60414
60416
60416
60417
60418
60418
60419
60421
60422
60423
60423
60423
60423
60424
60426
60428
60429
60430
60431
60433
60437
60438
60441
60442
60443
60450
60450
60452
60452
60454
60456
60456
60457
60460
60462
60464
60468
60469
60470
60471
60471
60474
60474
60474
60477
60478
60479
60479
60480
60480
60482
60484
60484
60485
60487
60489
60489
60492
60497
60500
60501
60501
60502
60506
60507
60507
60508
60510
60510
60511
60511
60513
60513
60515
60515
60516
60518
60518
60520
60523
60523
60524
60526
60527
60529
60529
60529
60530
60532
60534
60534
60535
60535
60536
60538
60538
60539
60540
60541
60543
60544
60545
60545
60545
60546
60546
60547
60548
60550
60550
60550
60554
60555
60555
60556
60557
60557
60560
60561
60561
60562
60564
60565
60565
60568
60570
60572
60574
60576
60577
60577
60579
60580
60581
60583
60584
60586
60591
60592
60595
60596
60597
60598
60600
60600
60602
60602
60602
60602
60603
60603
60604
60604
60605
60605
60606
60606
60609
60609
60610
60613
60614
60615
60615
60617
60619
60620
60625
60625
60625
60625
60626
60628
60629
60629
60630
60630
60630
60631
60631
60633
60635
60636
60637
60638
60640
60641
60643
60644
60645
60649
60651
60652
60654
60655
60655
60657
60657
60658
60658
60661
60663
60663
60663
60664
60665
60665
60665
60666
60666
60667
60669
60669
60671
60671
60672
60673
60676
60676
60677
60677
60677
60681
60683
60683
60684
60687
60688
60688
60688
60689
60690
60692
60694
60696
60700
60703
60705
60707
60711
60714
60717
60720
60721
60722
60722
60725
60727
60728
60729
60732
60733
60733
60735
60737
60738
60740
60740
60741
60742
60743
60744
60745
60746
60748
60749
60750
60750
60752
60753
60755
60757
60758
60761
60761
60763
60763
60763
60763
60763
60766
60767
60768
60769
60771
60774
60774
60775
60779
60779
60780
60781
60781
60784
60787
60787
60787
60788
60789
60791
60795
60796
60798
60798
60799
60801
60802
60802
60804
60805
60806
60806
60806
60809
60809
60810
60811
60812
60813
60813
60814
60816
60821
60822
60823
60823
60823
60827
60828
60829
60830
60830
60831
60832
60833
60834
60835
60835
60836
60836
60837
60838
60839
60841
60841
60844
60846
60847
60849
60850
60852
60853
60853
60855
60855
60855
60856
60856
60857
60858
60859
60859
60860
60861
60861
60861
60861
60864
60865
60866
60869
60871
60871
60871
60871
60873
60873
60875
60876
60880
60883
60883
60884
60885
60886
60887
60887
60891
60893
60895
60898
60901
60902
60902
60902
60904
60904
60906
60910
60912
60915
60917
60917
60921
60922
60925
60930
60930
60932
60933
60935
60938
60939
60940
60940
60940
60940
60941
60943
60948
60951
60952
60952
60954
60955
60955
60956
60957
60958
60959
60960
60960
60960
60960
60965
60965
60969
60970
60971
60971
60973
60975
60977
60977
60978
60979
60984
60986
60987
60987
60992
60993
60994
60995
60996
60997
60998
60998
60999
61003
61003
61005
61006
61006
61007
61007
61009
61010
61012
61014
61015
61016
61016
61017
61017
61018
61020
61020
61024
61026
61027
61027
61027
61027
61028
61031
61033
61033
61034
61037
61037
61037
61038
61041
61041
61043
61044
61044
61045
61045
61047
61049
61050
61051
61053
61058
61061
61063
61064
61068
61070
61072
61073
61075
61075
61078
61079
61080
61082
61083
61085
61085
61086
61088
61089
61091
61092
61096
61097
61099
61100
61100
61104
61105
61106
61106
61107
61107
61107
61110
61111
61111
61112
61114
61119
61120
61120
61122
61123
61124
61127
61127
61128
61129
61129
61129
61132
61133
61134
61139
61139
61139
61140
61140
61143
61143
61147
61148
61149
61149
61150
61151
61151
61151
61153
61154
61155
61157
61159
61160
61160
61161
61162
61163
61164
61168
61168
61169
61171
61172
61172
61173
61173
61175
61177
61177
61177
61179
61181
61183
61183
61185
61187
61188
61188
61189
61189
61189
61193
61193
61193
61196
61198
61199
61201
61202
61202
61204
61206
61207
61211
61212
61213
61215
61215
61216
61218
61218
61220
61221
61223
61223
61224
61225
61226
61226
61226
61230
61230
61231
61231
61233
61233
61236
61237
61238
61243
61243
61243
61246
61249
61250
61251
61252
61253
61254
61254
61254
61255
61257
61257
61258
61259
61261
61261
61261
61263
61263
61264
61267
61268
61270
61271
61272
61275
61276
61277
61279
61279
61280
61281
61281
61284
61286
61291
61292
61293
61293
61294
61295
61297
61297
61302
61303
61304
61304
61305
61305
61307
61311
61312
61314
61315
61318
61318
61321
61321
61321
61321
61325
61326
61327
61327
61331
61332
61334
61338
61338
61346
61346
61355
61356
61357
61358
61359
61359
61362
61364
61365
61365
61366
61371
61374
61375
61375
61376
61376
61376
61381
61382
61385
61385
61386
61387
61389
61390
61390
61401
61401
61405
61405
61405
61407
61407
61408
61408
61410
61414
61415
61417
61417
61419
61422
61423
61424
61427
61429
61429
61431
61432
61434
61435
61435
61436
61436
61437
61438
61439
61439
61440
61441
61442
61443
61444
61444
61447
61449
61450
61453
61455
61459
61460
61461
61462
61464
61466
61467
61469
61470
61470
61470
61470
61472
61472
61473
61474
61474
61474
61475
61477
61477
61479
61480
61484
61487
61487
61489
61494
61497
61497
61498
61499
61501
61502
61502
61504
61505
61507
61509
61510
61511
61513
61514
61516
61517
61518
61520
61520
61522
61522
61522
61523
61525
61532
61533
61533
61534
61535
61536
61536
61540
61541
61542
61542
61545
61545
61548
61551
61553
61554
61559
61561
61561
61562
61562
61563
61565
61566
61570
61570
61571
61572
61572
61573
61574
61574
61576
61576
61576
61578
61580
61580
61581
61583
61591
61592
61594
61596
61596
61596
61597
61600
61606
61606
61607
61610
61617
61619
61621
61626
61627
61628
61628
61629
61629
61631
61631
61631
61632
61632
61633
61634
61635
61636
61637
61637
61638
61638
61640
61640
61640
61640
61641
61642
61642
61643
61645
61645
61645
61646
61649
61650
61650
61650
61651
61652
61653
61654
61654
61655
61659
61660
61660
61660
61661
61668
61668
61668
61669
61670
61670
61672
61675
61676
61677
61681
61686
61688
61688
61690
61691
61693
61694
61696
61699
61701
61702
61702
61704
61705
61706
61708
61709
61710
61710
61710
61711
61713
61714
61714
61715
61719
61720
61721
61723
61725
61725
61726
61726
61730
61732
61735
61736
61736
61736
61738
61738
61739
61740
61741
61742
61743
61743
61743
61744
61744
61745
61752
61754
61754
61758
61759
61760
61760
61760
61766
61767
61767
61769
61772
61776
61777
61777
61777
61779
61779
61779
61779
61784
61790
61791
61792
61792
61794
61796
61796
61798
61799
61801
61804
61806
61807
61808
61809
61809
61810
61811
61812
61812
61813
61815
61817
61823
61825
61826
61828
61829
61832
61832
61834
61835
61837
61837
61839
61841
61843
61844
61845
61846
61846
61846
61848
61849
61849
61851
61852
61854
61854
61854
61855
61857
61858
61858
61859
61859
61861
61863
61866
61866
61866
61867
61868
61878
61879
61885
61890
61890
61890
61890
61892
61892
61895
61896
61896
61896
61896
61897
61897
61899
61901
61902
61906
61907
61907
61908
61909
61912
61912
61913
61915
61917
61917
61918
61919
61920
61922
61925
61926
61928
61932
61932
61933
61934
61935
61937
61939
61939
61940
61941
61943
61943
61944
61946
61949
61952
61954
61958
61959
61959
61960
61961
61962
61964
61965
61969
61970
61972
61972
61976
61976
61977
61979
61979
61981
61981
61983
61983
61983
61984
61986
61986
61989
61990
61990
61991
61991
61995
61996
61997
61998
62000
62001
62002
62003
62004
62004
62007
62010
62011
62013
62014
62014
62015
62015
62015
62017
62017
62018
62023
62025
62025
62027
62028
62028
62029
62030
62031
62033
62034
62035
62035
62036
62037
62044
62047
62049
62052
62054
62055
62057
62060
62065
62065
62065
62066
62067
62067
62068
62068
62068
62068
62069
62070
62070
62071
62072
62072
62078
62079
62085
62087
62089
62090
62093
62101
62102
62102
62106
62107
62109
62110
62114
62115
62115
62116
62118
62118
62119
62119
62120
62120
62123
62124
62125
62125
62126
62126
62127
62128
62128
62130
62131
62132
62135
62136
62140
62140
62143
62143
62143
62144
62145
62145
62146
62146
62147
62154
62158
62160
62169
62169
62169
62172
62172
62172
62173
62173
62174
62174
62175
62175
62177
62177
62179
62180
62181
62181
62182
62185
62186
62186
62188
62191
62192
62192
62192
62196
62197
62198
62199
62199
62199
62200
62202
62206
62209
62212
62213
62216
62216
62217
62220
62223
62224
62225
62226
62228
62229
62230
62231
62233
62233
62234
62234
62234
62234
62236
62237
62237
62237
62239
62241
62244
62245
62245
62255
62256
62256
62257
62259
62261
62262
62262
62264
62265
62265
62268
62270
62272
62273
62273
62274
62274
62276
62276
62278
62278
62281
62282
62283
62285
62292
62294
62297
62299
62300
62301
62301
62303
62304
62306
62308
62309
62310
62310
62311
62311
62312
62314
62316
62316
62317
62324
62326
62326
62328
62329
62330
62334
62335
62336
62338
62339
62341
62341
62343
62347
62349
62350
62350
62351
62351
62355
62355
62355
62356
62356
62358
62360
62363
62364
62365
62366
62366
62368
62369
62370
62370
62370
62370
62371
62373
62375
62376
62382
62383
62387
62391
62391
62391
62391
62394
62394
62394
62396
62397
62400
62401
62401
62402
62406
62412
62414
62416
62417
62419
62419
62419
62423
62424
62426
62428
62429
62430
62431
62431
62431
62432
62433
62433
62433
62434
62434
62435
62437
62437
62438
62440
62441
62442
62443
62444
62445
62445
62445
62446
62446
62446
62449
62449
62451
62451
62451
62452
62452
62454
62455
62457
62458
62461
62462
62463
62465
62466
62467
62467
62467
62473
62473
62473
62474
62474
62475
62481
62483
62484
62485
62486
62486
62487
62489
62490
62491
62492
62492
62492
62493
62493
62494
62495
62497
62497
62498
62499
62499
62504
62504
62508
62509
62509
62509
62510
62512
62513
62514
62514
62514
62516
62517
62518
62519
62520
62522
62523
62524
62527
62527
62528
62530
62532
62532
62532
62533
62533
62534
62534
62537
62537
62546
62547
62548
62552
62556
62556
62557
62557
62559
62562
62563
62563
62565
62566
62567
62568
62569
62573
62574
62576
62576
62577
62578
62579
62580
62581
62581
62583
62584
62587
62588
62591
62592
62594
62596
62598
62602
62603
62603
62605
62606
62609
62610
62610
62611
62612
62614
62616
62617
62619
62621
62621
62625
62626
62631
62631
62634
62635
62636
62636
62637
62642
62643
62643
62645
62645
62647
62647
62651
62651
62651
62651
62653
62653
62653
62653
62654
62655
62656
62660
62660
62661
62667
62668
62669
62670
62670
62671
62671
62676
62677
62678
62678
62679
62683
62684
62686
62688
62689
62690
62693
62694
62694
62695
62696
62699
62700
62700
62700
62702
62704
62704
62705
62706
62706
62706
62708
62708
62708
62709
62709
62710
62713
62715
62717
62719
62721
62721
62724
62724
62726
62726
62727
62728
62729
62730
62732
62734
62735
62736
62737
62738
62738
62740
62742
62743
62743
62744
62744
62746
62749
62750
62751
62756
62758
62758
62759
62759
62763
62766
62766
62767
62769
62769
62771
62772
62772
62775
62777
62777
62781
62783
62784
62786
62789
62790
62790
62793
62794
62797
62798
62799
62800
62800
62803
62809
62810
62811
62812
62816
62819
62819
62819
62821
62822
62834
62835
62837
62838
62839
62841
62843
62844
62845
62846
62847
62849
62849
62850
62853
62854
62856
62857
62858
62858
62859
62860
62862
62863
62863
62865
62866
62868
62870
62871
62872
62873
62873
62876
62876
62876
62877
62879
62881
62882
62883
62885
62887
62891
62891
62892
62892
62893
62899
62899
62902
62904
62904
62905
62906
62907
62907
62909
62911
62912
62912
62918
62918
62919
62920
62920
62920
62923
62924
62926
62926
62926
62928
62930
62930
62932
62932
62933
62933
62935
62937
62937
62939
62940
62940
62941
62942
62943
62944
62944
62945
62949
62951
62951
62952
62953
62953
62954
62955
62956
62957
62961
62962
62963
62965
62966
62970
62970
62971
62971
62971
62975
62977
62979
62980
62980
62980
62980
62981
62984
62984
62985
62985
62986
62987
62991
62991
62991
63000
63000
63001
63004
63004
63005
63005
63008
63009
63011
63013
63014
63015
63016
63017
63019
63020
63022
63022
63024
63027
63029
63029
63030
63032
63032
63032
63033
63033
63033
63038
63042
63043
63043
63044
63046
63049
63051
63053
63055
63055
63058
63059
63060
63061
63061
63062
63063
63065
63065
63067
63067
63070
63072
63073
63073
63074
63074
63077
63078
63079
63079
63080
63082
63082
63085
63086
63087
63090
63090
63091
63091
63092
63098
63100
63102
63102
63103
63103
63104
63104
63105
63105
63105
63107
63107
63108
63115
63116
63118
63122
63129
63130
63130
63131
63131
63131
63131
63132
63132
63133
63136
63136
63137
63138
63141
63143
63145
63147
63148
63150
63151
63151
63153
63154
63154
63157
63157
63158
63159
63159
63162
63162
63163
63163
63166
63168
63170
63171
63171
63176
63177
63178
63178
63179
63181
63181
63181
63182
63182
63186
63186
63186
63187
63187
63188
63190
63191
63191
63193
63194
63195
63198
63199
63200
63205
63206
63207
63208
63209
63211
63216
63216
63216
63217
63219
63220
63223
63224
63225
63226
63227
63228
63229
63230
63231
63231
63231
63233
63234
63235
63237
63237
63237
63237
63238
63242
63243
63244
63245
63246
63247
63249
63249
63250
63253
63255
63255
63256
63261
63266
63267
63268
63269
63270
63273
63273
63273
63274
63275
63276
63276
63277
63283
63284
63286
63287
63290
63291
63294
63296
63296
63297
63297
63298
63301
63302
63303
63305
63305
63306
63309
63311
63312
63316
63316
63319
63321
63322
63324
63326
63327
63327
63329
63334
63335
63335
63336
63336
63338
63339
63340
63340
63341
63342
63342
63342
63342
63343
63345
63346
63350
63352
63353
63353
63353
63353
63360
63361
63362
63362
63362
63366
63368
63369
63370
63373
63375
63375
63377
63377
63378
63379
63380
63381
63381
63385
63388
63389
63391
63393
63393
63393
63400
63401
63402
63403
63404
63404
63406
63407
63409
63410
63410
63410
63411
63411
63412
63414
63415
63415
63415
63415
63416
63417
63422
63423
63426
63428
63435
63435
63437
63438
63438
63438
63439
63440
63441
63442
63443
63445
63446
63448
63450
63450
63451
63453
63454
63454
63455
63458
63461
63463
63465
63466
63468
63468
63469
63469
63470
63470
63473
63474
63474
63474
63474
63475
63476
63476
63476
63480
63480
63480
63485
63485
63486
63488
63490
63491
63491
63492
63492
63493
63494
63496
63496
63498
63504
63506
63506
63506
63508
63508
63510
63511
63511
63514
63520
63522
63522
63524
63525
63530
63532
63534
63535
63535
63535
63535
63535
63536
63539
63539
63541
63542
63542
63543
63543
63544
63544
63544
63546
63549
63550
63551
63554
63556
63556
63556
63556
63556
63558
63559
63560
63562
63562
63565
63567
63567
63567
63567
63570
63574
63574
63575
63576
63576
63576
63577
63578
63581
63583
63585
63585
63591
63591
63591
63592
63593
63595
63596
63598
63600
63601
63602
63603
63607
63609
63611
63612
63612
63616
63620
63624
63625
63626
63627
63629
63632
63633
63635
63636
63638
63640
63640
63642
63643
63645
63656
63656
63658
63658
63660
63662
63662
63662
63663
63665
63670
63670
63672
63673
63673
63676
63676
63676
63678
63679
63679
63680
63680
63685
63687
63688
63689
63690
63690
63690
63691
63691
63693
63698
63700
63701
63701
63702
63703
63703
63704
63708
63710
63712
63714
63715
63716
63717
63717
63719
63721
63722
63722
63723
63724
63725
63725
63725
63726
63727
63729
63730
63731
63731
63733
63733
63736
63737
63738
63739
63739
63743
63744
63744
63744
63744
63745
63745
63746
63748
63748
63751
63751
63751
63752
63754
63755
63756
63757
63760
63760
63762
63762
63763
63763
63764
63765
63766
63766
63767
63768
63771
63774
63781
63782
63783
63784
63787
63787
63787
63789
63790
63791
63793
63794
63794
63795
63797
63799
63800
63806
63807
63808
63809
63810
63811
63812
63812
63813
63815
63818
63821
63821
63822
63822
63824
63825
63827
63827
63828
63830
63830
63830
63831
63831
63832
63833
63836
63837
63838
63839
63839
63840
63841
63842
63842
63844
63844
63845
63845
63847
63848
63849
63851
63852
63853
63855
63857
63859
63860
63863
63864
63865
63865
63867
63867
63872
63872
63874
63874
63874
63879
63882
63882
63883
63887
63889
63890
63891
63891
63895
63895
63896
63897
63898
63902
63905
63907
63908
63909
63909
63911
63916
63916
63917
63918
63919
63919
63921
63923
63923
63925
63926
63928
63929
63930
63934
63934
63936
63939
63939
63940
63940
63941
63946
63946
63947
63948
63948
63949
63949
63949
63950
63950
63953
63957
63958
63960
63963
63964
63968
63969
63969
63971
63971
63972
63972
63973
63976
63976
63977
63978
63979
63979
63980
63980
63982
63982
63982
63985
63986
63989
63991
63993
63993
63994
63994
63994
63994
63995
63997
63999
64000
64001
64003
64003
64004
64005
64006
64008
64009
64010
64013
64014
64016
64016
64017
64018
64018
64020
64021
64022
64023
64024
64026
64027
64027
64029
64030
64031
64031
64035
64037
64037
64038
64040
64041
64042
64048
64049
64051
64054
64059
64060
64061
64061
64063
64070
64075
64075
64076
64076
64077
64080
64081
64081
64086
64086
64086
64087
64087
64088
64089
64089
64090
64090
64090
64090
64092
64092
64092
64092
64097
64099
64100
64100
64101
64102
64103
64105
64107
64110
64112
64113
64115
64115
64119
64120
64123
64124
64124
64124
64125
64126
64130
64130
64130
64131
64134
64134
64137
64138
64139
64141
64143
64143
64145
64146
64147
64148
64150
64151
64152
64152
64152
64153
64153
64154
64156
64156
64158
64159
64159
64164
64167
64169
64170
64171
64172
64172
64175
64176
64177
64178
64179
64180
64180
64182
64183
64184
64185
64186
64186
64189
64189
64193
64193
64193
64193
64193
64194
64194
64195
64197
64198
64200
64200
64201
64202
64203
64203
64206
64207
64208
64212
64212
64214
64217
64218
64219
64220
64220
64226
64227
64230
64230
64230
64232
64235
64236
64236
64236
64238
64238
64238
64241
64242
64242
64244
64245
64246
64247
64247
64248
64248
64250
64250
64251
64253
64260
64261
64264
64265
64269
64271
64272
64275
64275
64276
64276
64277
64277
64278
64280
64281
64283
64286
64286
64288
64290
64290
64294
64295
64296
64298
64298
64301
64301
64303
64303
64307
64308
64309
64310
64310
64311
64313
64314
64316
64316
64316
64318
64320
64321
64322
64325
64327
64331
64335
64340
64345
64346
64348
64350
64356
64356
64356
64357
64358
64359
64360
64361
64364
64364
64366
64366
64369
64371
64372
64372
64374
64376
64377
64378
64379
64381
64382
64383
64383
64389
64389
64390
64391
64393
64393
64393
64395
64396
64396
64398
64398
64399
64400
64401
64404
64405
64406
64408
64409
64412
64413
64413
64415
64416
64417
64417
64419
64423
64425
64427
64429
64430
64430
64431
64431
64434
64434
64435
64435
64436
64440
64441
64441
64442
64442
64445
64448
64449
64449
64451
64451
64451
64452
64452
64454
64456
64456
64462
64462
64462
64463
64463
64464
64464
64465
64466
64467
64467
64469
64471
64471
64474
64477
64483
64483
64484
64485
64487
64488
64488
64490
64492
64492
64494
64494
64496
64498
64499
64499
64500
64503
64504
64504
64505
64508
64511
64513
64513
64514
64518
64520
64520
64521
64521
64522
64525
64525
64525
64525
64526
64527
64528
64529
64529
64531
64533
64533
64535
64536
64536
64536
64537
64537
64537
64538
64540
64540
64542
64544
64545
64546
64546
64548
64549
64550
64552
64556
64556
64557
64559
64560
64560
64562
64562
64562
64565
64566
64568
64569
64569
64570
64573
64573
64574
64581
64582
64582
64583
64585
64585
64585
64585
64586
64587
64589
64589
64591
64591
64593
64596
64598
64600
64600
64601
64601
64605
64609
64609
64612
64613
64614
64614
64615
64615
64617
64617
64618
64618
64618
64621
64622
64623
64623
64624
64626
64626
64627
64627
64627
64627
64629
64630
64630
64631
64632
64632
64634
64641
64641
64641
64644
64646
64647
64649
64649
64651
64657
64658
64659
64660
64661
64662
64663
64665
64667
64667
64668
64670
64671
64674
64675
64676
64677
64684
64685
64686
64686
64686
64688
64691
64692
64692
64693
64693
64693
64694
64694
64695
64696
64697
64701
64706
64708
64709
64709
64710
64711
64712
64712
64712
64712
64714
64715
64717
64719
64719
64719
64721
64722
64722
64727
64728
64730
64730
64731
64733
64734
64735
64737
64737
64740
64742
64742
64743
64746
64746
64747
64747
64748
64750
64753
64755
64757
64758
64758
64759
64759
64760
64760
64763
64765
64767
64768
64769
64769
64769
64769
64770
64771
64774
64774
64775
64777
64777
64777
64778
64778
64778
64778
64779
64781
64783
64783
64783
64784
64785
64786
64787
64790
64790
64791
64792
64792
64793
64794
64794
64795
64795
64797
64800
64800
64801
64802
64805
64805
64805
64809
64809
64810
64810
64810
64813
64815
64815
64816
64822
64823
64824
64825
64825
64828
64828
64829
64832
64833
64833
64834
64835
64835
64836
64839
64840
64840
64841
64842
64842
64843
64844
64845
64845
64850
64851
64852
64853
64854
64854
64855
64856
64857
64857
64858
64861
64862
64862
64863
64863
64864
64866
64868
64868
64873
64877
64880
64881
64881
64882
64882
64882
64882
64887
64888
64888
64890
64890
64891
64891
64891
64892
64893
64894
64895
64895
64896
64898
64898
64899
64900
64901
64902
64902
64904
64905
64907
64907
64908
64909
64909
64910
64910
64911
64917
64918
64918
64918
64918
64919
64920
64920
64923
64926
64927
64929
64930
64931
64931
64933
64934
64934
64935
64936
64938
64939
64944
64944
64945
64945
64948
64950
64954
64954
64956
64956
64957
64960
64963
64965
64965
64965
64966
64968
64969
64970
64972
64973
64974
64975
64977
64977
64978
64979
64980
64980
64985
64986
64988
64989
64991
64993
64993
64993
64995
64996
64996
64997
64997
64999
65000
65001
65005
65005
65006
65009
65013
65014
65014
65015
65019
65020
65022
65023
65024
65026
65028
65029
65029
65029
65031
65031
65034
65034
65035
65036
65036
65040
65041
65042
65043
65046
65049
65050
65055
65055
65055
65055
65057
65057
65061
65064
65066
65067
65070
65073
65073
65075
65075
65077
65077
65078
65078
65079
65080
65081
65082
65083
65084
65084
65088
65089
65091
65093
65093
65097
65097
65099
65101
65101
65101
65104
65107
65109
65110
65110
65111
65111
65112
65112
65114
65116
65116
65118
65118
65119
65121
65122
65126
65126
65126
65126
65127
65129
65129
65130
65131
65133
65134
65135
65137
65137
65137
65138
65138
65140
65145
65145
65146
65150
65151
65155
65155
65155
65158
65158
65163
65163
65165
65168
65171
65172
65172
65174
65174
65174
65177
65178
65179
65179
65181
65182
65183
65183
65184
65185
65185
65186
65188
65189
65190
65192
65195
65199
65200
65201
65202
65204
65206
65206
65209
65212
65212
65213
65214
65215
65215
65215
65215
65219
65220
65221
65223
65225
65226
65227
65228
65228
65229
65230
65230
65231
65231
65233
65235
65235
65238
65240
65240
65241
65241
65242
65244
65244
65246
65248
65248
65249
65252
65253
65253
65256
65257
65259
65261
65261
65262
65265
65268
65273
65274
65274
65277
65279
65280
65281
65282
65284
65287
65287
65290
65291
65293
65294
65294
65296
65298
65298
65298
65299
65299
65302
65307
65307
65309
65309
65310
65318
65319
65321
65323
65323
65325
65326
65328
65329
65330
65330
65331
65333
65333
65334
65335
65337
65338
65339
65339
65340
65341
65343
65344
65344
65344
65345
65347
65347
65348
65348
65351
65352
65355
65356
65356
65358
65359
65359
65363
65364
65364
65364
65366
65367
65368
65370
65371
65372
65372
65373
65374
65375
65375
65377
65380
65382
65382
65383
65388
65392
65392
65394
65394
65395
65396
65396
65399
65400
65401
65403
65404
65404
65404
65404
65407
65410
65413
65413
65414
65418
65422
65423
65423
65423
65424
65425
65426
65426
65426
65427
65427
65427
65428
65430
65430
65430
65431
65432
65433
65434
65434
65434
65435
65436
65439
65439
65440
65442
65445
65450
65450
65451
65452
65452
65452
65453
65453
65453
65455
65457
65458
65459
65463
65464
65464
65468
65468
65472
65472
65474
65475
65476
65476
65477
65478
65478
65479
65481
65481
65483
65483
65485
65486
65488
65490
65493
65495
65495
65495
65496
65496
65496
65500
65500
65502
65505
65506
65508
65508
65512
65513
65513
65514
65515
65515
65517
65522
65522
65522
65524
65524
65528
65529
65529
65530
65531
65532
65536
65536
65540
65542
65543
65544
65546
65547
65550
65551
65553
65553
65558
65559
65560
65561
65562
65564
65565
65565
65565
65567
65572
65573
65573
65575
65575
65576
65577
65579
65582
65585
65589
65590
65591
65591
65592
65592
65593
65596
65597
65597
65599
65600
65603
65603
65604
65604
65606
65610
65612
65614
65620
65621
65623
65625
65625
65627
65629
65629
65631
65631
65632
65632
65635
65636
65637
65638
65639
65642
65645
65645
65647
65649
65649
65652
65652
65654
65656
65658
65661
65661
65662
65667
65670
65671
65671
65671
65673
65673
65673
65673
65674
65675
65675
65677
65681
65683
65684
65685
65686
65686
65687
65688
65690
65690
65691
65693
65694
65695
65695
65701
65702
65703
65703
65705
65705
65706
65708
65710
65710
65711
65714
65715
65716
65716
65719
65719
65724
65726
65735
65736
65737
65737
65739
65739
65740
65740
65740
65740
65740
65742
65743
65744
65744
65745
65748
65748
65750
65754
65754
65754
65756
65756
65757
65758
65760
65762
65764
65765
65767
65769
65772
65773
65774
65776
65776
65778
65779
65781
65784
65784
65786
65788
65789
65789
65791
65793
65797
65799
65801
65802
65805
65805
65806
65807
65808
65810
65811
65811
65820
65821
65824
65824
65833
65833
65835
65836
65836
65837
65839
65840
65841
65842
65842
65843
65845
65846
65850
65851
65852
65853
65854
65854
65854
65856
65856
65857
65860
65860
65862
65865
65866
65868
65868
65868
65869
65872
65873
65874
65874
65874
65876
65880
65881
65883
65883
65885
65886
65886
65887
65890
65891
65892
65895
65898
65898
65898
65899
65904
65905
65908
65908
65910
65914
65914
65915
65915
65916
65916
65919
65919
65919
65924
65925
65929
65929
65932
65933
65933
65934
65935
65936
65936
65937
65938
65939
65940
65943
65943
65944
65945
65945
65946
65947
65950
65951
65955
65956
65957
65958
65959
65959
65961
65961
65961
65962
65962
65963
65964
65965
65965
65966
65967
65968
65971
65971
65971
65972
65972
65976
65976
65976
65978
65985
65988
65988
65989
65989
65989
65990
65991
65991
65994
66007
66007
66010
66012
66013
66013
66013
66016
66017
66018
66018
66019
66019
66022
66023
66023
66028
66029
66030
66031
66033
66038
66039
66039
66041
66041
66041
66046
66046
66048
66048
66049
66050
66052
66053
66054
66054
66055
66055
66056
66056
66062
66064
66064
66066
66066
66067
66071
66072
66073
66075
66080
66081
66081
66082
66086
66088
66089
66090
66091
66092
66093
66097
66098
66100
66102
66104
66105
66108
66109
66109
66115
66115
66115
66115
66117
66117
66118
66120
66120
66124
66127
66130
66130
66132
66133
66135
66135
66139
66139
66142
66142
66142
66145
66145
66146
66150
66150
66150
66154
66154
66155
66156
66159
66160
66160
66162
66163
66163
66164
66165
66167
66167
66170
66170
66171
66172
66174
66174
66175
66175
66177
66177
66179
66179
66179
66179
66181
66182
66183
66183
66186
66186
66186
66187
66188
66188
66189
66190
66190
66195
66196
66198
66199
66201
66203
66203
66204
66205
66206
66207
66207
66211
66211
66212
66213
66214
66214
66215
66215
66218
66218
66220
66220
66223
66224
66224
66226
66228
66228
66228
66229
66230
66230
66232
66233
66235
66235
66237
66237
66237
66238
66238
66239
66240
66241
66242
66242
66243
66243
66244
66245
66247
66252
66255
66255
66260
66263
66268
66268
66272
66274
66274
66275
66275
66278
66284
66286
66286
66287
66288
66288
66289
66289
66290
66299
66299
66300
66302
66303
66304
66307
66309
66310
66312
66313
66313
66315
66317
66319
66319
66321
66321
66324
66325
66328
66330
66331
66331
66331
66332
66332
66336
66336
66337
66339
66343
66346
66349
66350
66352
66352
66354
66354
66356
66363
66364
66365
66365
66366
66366
66366
66368
66370
66372
66375
66376
66379
66380
66381
66381
66382
66382
66382
66383
66386
66387
66387
66388
66390
66390
66391
66393
66395
66395
66396
66398
66400
66400
66402
66402
66405
66408
66409
66409
66410
66411
66411
66413
66414
66415
66418
66418
66419
66420
66424
66426
66426
66428
66429
66430
66432
66432
66433
66433
66436
66436
66436
66437
66439
66440
66441
66441
66443
66446
66447
66448
66451
66451
66452
66452
66454
66454
66454
66455
66457
66459
66459
66460
66465
66465
66465
66466
66466
66467
66468
66468
66470
66472
66473
66473
66473
66474
66474
66480
66481
66481
66482
66491
66496
66497
66500
66500
66501
66502
66502
66504
66507
66507
66508
66508
66509
66509
66510
66511
66513
66513
66513
66514
66521
66521
66524
66524
66525
66526
66526
66526
66526
66527
66529
66529
66529
66530
66533
66535
66535
66537
66538
66541
66543
66544
66545
66545
66545
66547
66547
66547
66549
66549
66550
66551
66552
66553
66553
66554
66555
66558
66558
66559
66559
66560
66563
66564
66566
66566
66566
66568
66568
66570
66571
66572
66573
66574
66575
66576
66576
66577
66577
66578
66581
66583
66584
66585
66586
66587
66589
66589
66594
66594
66595
66597
66597
66598
66599
66601
66601
66601
66601
66602
66602
66603
66606
66610
66612
66616
66616
66618
66621
66621
66623
66623
66624
66625
66625
66625
66625
66628
66635
66635
66638
66640
66640
66640
66641
66643
66643
66645
66646
66647
66648
66649
66650
66651
66653
66656
66657
66657
66658
66659
66660
66661
66664
66664
66666
66667
66667
66668
66671
66673
66673
66674
66676
66678
66679
66682
66685
66687
66689
66691
66692
66695
66696
66696
66696
66698
66699
66699
66700
66700
66701
66703
66709
66711
66711
66712
66715
66721
66721
66722
66724
66725
66729
66729
66733
66734
66734
66735
66737
66738
66738
66740
66743
66746
66749
66751
66752
66753
66754
66754
66759
66759
66759
66761
66761
66763
66763
66768
66769
66769
66771
66772
66772
66775
66781
66782
66783
66785
66785
66785
66786
66786
66786
66786
66787
66787
66789
66789
66790
66791
66791
66792
66793
66793
66794
66795
66796
66797
66798
66798
66798
66799
66801
66801
66801
66802
66804
66811
66811
66813
66814
66814
66814
66814
66816
66816
66816
66817
66820
66820
66822
66823
66825
66825
66826
66827
66827
66829
66830
66830
66833
66833
66833
66833
66836
66836
66836
66839
66840
66841
66842
66845
66847
66851
66852
66856
66856
66862
66862
66863
66863
66870
66870
66871
66874
66876
66878
66878
66878
66878
66879
66880
66880
66885
66886
66886
66887
66887
66888
66889
66890
66891
66892
66892
66893
66894
66895
66897
66900
66900
66901
66901
66904
66904
66910
66911
66912
66912
66912
66913
66914
66917
66918
66919
66921
66923
66925
66927
66927
66933
66935
66935
66936
66936
66936
66938
66940
66942
66942
66946
66947
66948
66951
66960
66960
66965
66967
66972
66972
66973
66974
66974
66978
66978
66979
66981
66981
66982
66983
66985
66990
66990
66991
66994
66998
67000
67003
67003
67004
67004
67004
67006
67008
67010
67010
67010
67011
67011
67016
67016
67023
67024
67024
67025
67026
67027
67029
67032
67033
67036
67039
67040
67040
67040
67041
67043
67044
67045
67046
67047
67051
67052
67052
67052
67052
67053
67053
67054
67054
67055
67056
67057
67057
67058
67062
67062
67065
67067
67068
67068
67068
67074
67075
67076
67076
67077
67079
67079
67080
67081
67082
67082
67082
67083
67087
67087
67091
67091
67094
67095
67096
67096
67096
67096
67096
67097
67098
67098
67099
67099
67101
67101
67102
67102
67102
67104
67104
67104
67107
67108
67109
67111
67111
67112
67112
67112
67114
67114
67115
67116
67116
67117
67118
67118
67120
67120
67125
67127
67127
67127
67127
67128
67128
67129
67129
67130
67130
67130
67131
67133
67138
67139
67140
67141
67142
67143
67144
67145
67150
67151
67152
67153
67153
67153
67154
67154
67158
67158
67163
67163
67169
67170
67170
67171
67174
67176
67177
67177
67178
67178
67179
67179
67180
67180
67183
67184
67184
67186
67189
67189
67190
67191
67193
67193
67194
67196
67196
67197
67198
67199
67199
67200
67200
67201
67205
67205
67206
67206
67206
67206
67207
67209
67209
67214
67216
67217
67218
67218
67218
67219
67219
67222
67222
67222
67223
67224
67224
67228
67230
67235
67236
67239
67240
67242
67242
67242
67246
67246
67253
67253
67254
67258
67259
67260
67261
67262
67262
67263
67264
67264
67266
67266
67266
67267
67267
67268
67270
67270
67271
67271
67273
67275
67276
67276
67277
67277
67277
67277
67280
67283
67284
67284
67288
67290
67293
67295
67295
67296
67297
67298
67299
67300
67301
67306
67307
67307
67307
67312
67312
67313
67320
67320
67321
67322
67324
67325
67326
67328
67328
67329
67329
67329
67330
67332
67332
67332
67332
67333
67334
67335
67336
67336
67339
67341
67343
67344
67344
67344
67344
67348
67349
67352
67353
67355
67356
67357
67359
67361
67363
67365
67365
67367
67369
67370
67371
67371
67372
67372
67374
67376
67380
67381
67384
67387
67388
67390
67391
67394
67396
67398
67398
67401
67402
67405
67406
67407
67409
67414
67416
67416
67417
67418
67419
67421
67422
67422
67424
67424
67425
67426
67428
67429
67431
67432
67434
67434
67438
67442
67443
67443
67445
67447
67449
67449
67451
67454
67454
67455
67457
67458
67459
67462
67462
67466
67468
67471
67473
67478
67479
67479
67481
67482
67483
67484
67484
67484
67486
67486
67488
67493
67499
67499
67499
67499
67502
67502
67505
67507
67509
67511
67511
67513
67514
67515
67517
67519
67519
67520
67520
67520
67526
67529
67529
67531
67537
67538
67538
67540
67540
67541
67542
67542
67547
67547
67547
67548
67548
67549
67549
67551
67552
67553
67554
67558
67559
67560
67560
67561
67563
67564
67565
67565
67566
67567
67573
67576
67578
67580
67581
67581
67584
67585
67585
67586
67588
67589
67591
67592
67593
67595
67595
67597
67600
67601
67603
67604
67605
67605
67605
67606
67607
67609
67612
67614
67616
67616
67617
67620
67622
67623
67623
67623
67626
67626
67627
67627
67628
67630
67630
67632
67633
67634
67640
67643
67645
67646
67648
67649
67651
67653
67653
67653
67659
67661
67662
67663
67666
67667
67667
67669
67669
67670
67672
67673
67673
67674
67675
67676
67677
67678
67680
67681
67685
67686
67687
67687
67688
67689
67690
67692
67694
67696
67697
67698
67700
67702
67703
67707
67712
67712
67713
67713
67714
67717
67720
67720
67722
67723
67726
67727
67727
67727
67728
67728
67729
67729
67730
67731
67733
67733
67733
67733
67735
67737
67738
67742
67745
67748
67749
67749
67749
67750
67751
67752
67752
67754
67757
67761
67762
67765
67767
67768
67769
67772
67773
67773
67776
67778
67778
67780
67780
67782
67783
67784
67785
67787
67788
67788
67789
67790
67792
67792
67794
67794
67795
67797
67800
67800
67800
67800
67800
67801
67802
67803
67804
67804
67804
67804
67805
67810
67810
67811
67811
67812
67815
67817
67817
67821
67822
67823
67823
67824
67826
67826
67826
67829
67829
67829
67831
67832
67833
67836
67838
67838
67840
67843
67843
67843
67844
67845
67845
67850
67851
67852
67853
67854
67854
67854
67856
67856
67859
67859
67862
67864
67865
67865
67867
67868
67869
67869
67874
67875
67876
67877
67881
67881
67882
67882
67883
67886
67893
67893
67895
67896
67896
67897
67897
67899
67899
67900
67905
67907
67909
67911
67917
67919
67919
67923
67924
67928
67932
67932
67933
67933
67934
67935
67936
67936
67936
67936
67937
67940
67944
67945
67947
67948
67951
67952
67952
67952
67954
67954
67955
67955
67956
67956
67957
67959
67961
67962
67963
67963
67963
67964
67969
67979
67979
67980
67980
67982
67982
67983
67985
67986
67986
67988
67989
67989
67990
67991
67992
67996
67996
67996
67997
67999
68002
68003
68003
68004
68004
68005
68006
68010
68010
68010
68011
68012
68014
68021
68022
68024
68026
68028
68030
68032
68033
68033
68036
68040
68045
68047
68048
68049
68049
68050
68051
68051
68052
68054
68056
68057
68058
68058
68060
68061
68062
68063
68063
68065
68066
68069
68069
68070
68070
68071
68071
68072
68077
68080
68081
68081
68083
68083
68083
68084
68085
68086
68086
68088
68089
68090
68090
68090
68090
68093
68094
68095
68096
68098
68098
68098
68098
68099
68100
68100
68100
68104
68104
68104
68112
68114
68115
68117
68118
68122
68122
68122
68124
68125
68125
68125
68127
68128
68131
68132
68134
68135
68136
68139
68140
68142
68144
68144
68145
68145
68146
68149
68150
68150
68151
68151
68152
68153
68153
68154
68154
68154
68154
68156
68156
68156
68164
68166
68167
68169
68169
68170
68171
68173
68174
68176
68176
68178
68179
68181
68182
68184
68186
68187
68188
68188
68188
68191
68192
68192
68192
68192
68193
68194
68194
68196
68197
68198
68199
68200
68200
68201
68203
68203
68205
68205
68206
68207
68208
68209
68209
68211
68211
68212
68212
68213
68213
68214
68214
68215
68215
68218
68219
68220
68220
68220
68221
68221
68224
68224
68224
68226
68227
68228
68231
68232
68233
68234
68235
68235
68238
68238
68243
68244
68245
68247
68249
68250
68250
68251
68252
68255
68255
68256
68257
68257
68258
68260
68260
68260
68260
68261
68262
68262
68264
68266
68266
68271
68271
68271
68272
68275
68275
68275
68276
68277
68281
68282
68283
68285
68288
68289
68291
68291
68291
68291
68292
68293
68293
68294
68294
68295
68296
68298
68298
68299
68300
68302
68305
68305
68307
68309
68309
68310
68312
68312
68316
68317
68320
68321
68322
68322
68323
68327
68327
68328
68330
68330
68331
68336
68337
68343
68343
68344
68344
68345
68345
68347
68347
68347
68348
68350
68350
68351
68353
68355
68358
68358
68359
68360
68362
68362
68366
68369
68370
68370
68370
68371
68372
68372
68373
68374
68374
68375
68377
68377
68379
68381
68385
68387
68387
68388
68389
68394
68396
68396
68398
68399
68400
68400
68401
68402
68403
68404
68405
68407
68407
68407
68409
68410
68410
68414
68416
68418
68419
68419
68420
68420
68422
68422
68422
68423
68423
68424
68424
68425
68426
68427
68427
68428
68429
68432
68433
68436
68436
68436
68437
68445
68446
68450
68451
68454
68456
68457
68458
68462
68463
68467
68467
68467
68469
68472
68472
68473
68478
68479
68480
68480
68481
68482
68482
68483
68484
68484
68485
68486
68489
68490
68491
68492
68497
68498
68498
68498
68500
68500
68502
68504
68505
68505
68505
68507
68510
68510
68511
68511
68513
68516
68517
68517
68518
68522
68522
68525
68528
68531
68532
68536
68537
68542
68543
68544
68545
68546
68546
68548
68550
68551
68553
68556
68557
68559
68559
68560
68563
68563
68563
68570
68570
68571
68572
68574
68574
68582
68584
68584
68587
68588
68589
68589
68589
68593
68597
68599
68600
68602
68603
68603
68605
68605
68606
68606
68607
68608
68608
68609
68610
68612
68612
68614
68614
68615
68617
68617
68617
68618
68618
68619
68620
68620
68623
68626
68627
68628
68628
68629
68629
68632
68634
68635
68637
68637
68637
68640
68641
68642
68642
68643
68644
68647
68648
68649
68650
68651
68655
68658
68660
68660
68662
68663
68664
68668
68670
68672
68673
68673
68674
68676
68680
68681
68682
68683
68686
68689
68689
68690
68694
68697
68698
68699
68700
68701
68702
68703
68709
68709
68710
68710
68710
68711
68712
68714
68715
68720
68723
68724
68725
68726
68726
68727
68732
68734
68735
68735
68735
68737
68739
68739
68741
68741
68742
68742
68743
68745
68746
68747
68748
68749
68750
68750
68754
68754
68758
68760
68761
68764
68764
68764
68765
68765
68770
68772
68773
68774
68774
68775
68777
68778
68778
68779
68780
68781
68784
68787
68787
68788
68791
68792
68792
68794
68795
68796
68802
68802
68802
68804
68807
68808
68808
68809
68810
68811
68811
68811
68812
68813
68815
68815
68819
68820
68821
68821
68822
68824
68825
68825
68826
68827
68827
68828
68830
68830
68831
68831
68832
68835
68835
68838
68844
68845
68845
68845
68846
68847
68849
68850
68851
68853
68853
68855
68856
68858
68858
68858
68861
68863
68863
68863
68867
68868
68869
68870
68871
68874
68877
68877
68878
68878
68879
68880
68881
68883
68885
68886
68888
68889
68889
68890
68893
68893
68897
68898
68898
68899
68899
68901
68903
68903
68903
68906
68908
68909
68911
68911
68911
68912
68912
68914
68914
68915
68915
68916
68917
68919
68919
68921
68922
68924
68925
68926
68927
68929
68931
68932
68932
68934
68937
68939
68940
68941
68943
68945
68947
68950
68950
68951
68954
68954
68954
68955
68956
68957
68957
68959
68959
68962
68965
68966
68967
68968
68969
68972
68972
68975
68975
68977
68978
68978
68981
68983
68988
68989
68989
68990
68990
68991
68997
68997
68998
69001
69002
69003
69005
69005
69005
69007
69008
69009
69011
69012
69014
69014
69018
69019
69020
69020
69024
69026
69027
69031
69031
69033
69035
69035
69035
69036
69037
69038
69038
69039
69040
69040
69041
69041
69044
69045
69048
69051
69051
69055
69056
69058
69059
69061
69062
69062
69063
69064
69068
69069
69070
69070
69071
69071
69077
69077
69078
69081
69083
69083
69083
69084
69087
69089
69090
69091
69095
69098
69099
69099
69104
69106
69106
69108
69110
69111
69113
69114
69114
69117
69117
69117
69119
69119
69122
69125
69126
69129
69129
69130
69132
69135
69135
69137
69140
69141
69142
69143
69143
69144
69146
69153
69154
69155
69156
69156
69157
69157
69161
69162
69162
69163
69165
69166
69166
69167
69167
69167
69168
69168
69169
69173
69174
69174
69177
69177
69178
69181
69182
69187
69188
69189
69192
69193
69199
69199
69201
69203
69204
69205
69206
69208
69209
69209
69210
69211
69212
69213
69215
69225
69225
69229
69229
69230
69232
69232
69234
69236
69237
69237
69238
69239
69239
69239
69241
69241
69242
69244
69246
69246
69247
69249
69249
69251
69253
69255
69255
69256
69256
69257
69258
69259
69259
69259
69260
69262
69263
69263
69266
69267
69269
69269
69272
69275
69275
69276
69277
69277
69277
69281
69283
69283
69285
69286
69288
69288
69288
69291
69291
69292
69293
69293
69293
69295
69296
69297
69298
69298
69300
69301
69303
69306
69306
69307
69307
69307
69309
69309
69311
69311
69312
69312
69313
69314
69314
69317
69318
69322
69324
69325
69325
69330
69330
69331
69331
69332
69332
69332
69333
69334
69334
69335
69336
69337
69337
69337
69339
69339
69341
69343
69344
69347
69349
69349
69350
69351
69351
69353
69353
69353
69354
69358
69359
69361
69362
69362
69363
69367
69368
69369
69374
69376
69379
69379
69380
69381
69383
69384
69385
69390
69391
69393
69394
69404
69404
69405
69405
69407
69407
69407
69408
69409
69409
69412
69417
69417
69419
69420
69422
69423
69426
69427
69431
69433
69434
69436
69436
69442
69444
69444
69444
69449
69450
69451
69451
69451
69452
69453
69453
69453
69453
69454
69463
69464
69465
69465
69467
69474
69481
69487
69488
69490
69491
69496
69496
69497
69498
69498
69500
69503
69504
69506
69506
69507
69508
69514
69516
69517
69517
69517
69517
69518
69519
69519
69521
69525
69530
69533
69533
69534
69535
69537
69538
69538
69539
69540
69540
69540
69542
69543
69544
69545
69545
69549
69552
69552
69552
69555
69558
69558
69558
69560
69560
69561
69562
69562
69563
69564
69564
69565
69565
69566
69567
69568
69569
69569
69569
69570
69571
69572
69572
69572
69575
69576
69577
69581
69581
69584
69584
69585
69585
69587
69589
69591
69595
69595
69597
69597
69597
69597
69598
69599
69600
69600
69600
69601
69601
69602
69602
69603
69605
69606
69606
69607
69608
69613
69615
69619
69620
69622
69623
69623
69626
69627
69628
69630
69631
69632
69634
69635
69635
69637
69640
69647
69649
69650
69650
69653
69654
69655
69657
69657
69658
69659
69659
69663
69663
69664
69664
69666
69667
69668
69670
69671
69672
69673
69674
69675
69675
69676
69676
69678
69681
69683
69684
69685
69686
69687
69687
69689
69693
69696
69697
69702
69704
69706
69706
69709
69712
69712
69713
69714
69717
69720
69720
69721
69721
69722
69723
69723
69725
69733
69734
69735
69735
69736
69737
69738
69744
69745
69749
69749
69751
69752
69756
69756
69756
69757
69760
69760
69760
69761
69761
69762
69763
69766
69768
69770
69774
69775
69776
69776
69778
69779
69781
69781
69784
69789
69789
69791
69792
69795
69797
69797
69799
69803
69804
69804
69804
69805
69807
69812
69813
69816
69817
69817
69817
69818
69818
69819
69824
69829
69832
69832
69837
69838
69838
69840
69843
69843
69844
69849
69851
69852
69860
69863
69864
69865
69866
69871
69872
69874
69874
69875
69877
69877
69877
69881
69884
69884
69885
69886
69886
69886
69889
69889
69890
69890
69890
69891
69892
69892
69894
69894
69894
69895
69895
69896
69896
69897
69898
69898
69900
69902
69905
69905
69908
69908
69912
69915
69915
69915
69917
69920
69925
69926
69928
69929
69931
69933
69934
69934
69935
69935
69935
69936
69938
69938
69939
69940
69940
69940
69941
69944
69944
69945
69945
69947
69949
69952
69953
69953
69953
69953
69954
69954
69955
69955
69955
69955
69956
69957
69957
69958
69959
69960
69963
69964
69969
69971
69973
69975
69975
69976
69977
69977
69978
69981
69981
69982
69983
69985
69988
69989
69992
69993
69994
69994
69995
69997
69998
69999
70007
70008
70008
70011
70011
70012
70012
70015
70016
70016
70017
70017
70018
70019
70020
70021
70022
70025
70025
70025
70025
70026
70026
70027
70027
70029
70031
70033
70033
70035
70035
70038
70038
70039
70040
70041
70041
70044
70047
70048
70048
70050
70051
70053
70053
70056
70060
70061
70066
70067
70069
70070
70070
70071
70071
70071
70077
70078
70081
70081
70084
70084
70084
70086
70087
70088
70091
70092
70094
70094
70094
70095
70097
70097
70098
70100
70101
70101
70104
70105
70106
70106
70107
70108
70113
70114
70114
70116
70119
70120
70124
70125
70125
70126
70127
70128
70130
70130
70131
70132
70139
70140
70142
70142
70145
70147
70147
70151
70156
70157
70165
70165
70167
70168
70169
70171
70173
70175
70176
70177
70177
70177
70179
70181
70181
70183
70184
70184
70187
70189
70191
70191
70192
70193
70194
70194
70196
70196
70197
70197
70198
70198
70199
70203
70203
70203
70209
70211
70211
70211
70211
70211
70211
70212
70214
70215
70215
70218
70218
70219
70219
70221
70222
70223
70224
70226
70228
70229
70231
70233
70235
70236
70245
70246
70248
70249
70249
70250
70252
70252
70253
70255
70256
70256
70256
70259
70260
70263
70269
70269
70271
70272
70274
70274
70275
70275
70284
70285
70286
70287
70289
70289
70293
70294
70296
70296
70296
70302
70305
70307
70308
70308
70308
70315
70315
70318
70321
70322
70323
70324
70324
70327
70327
70337
70338
70339
70342
70343
70343
70343
70344
70345
70345
70346
70349
70349
70350
70351
70351
70351
70354
70354
70362
70370
70371
70374
70379
70379
70381
70381
70385
70387
70390
70391
70392
70393
70393
70393
70394
70394
70394
70395
70395
70396
70397
70398
70399
70399
70399
70400
70401
70402
70402
70402
70404
70407
70413
70414
70415
70417
70421
70422
70424
70424
70425
70425
70425
70426
70436
70440
70441
70442
70442
70444
70446
70447
70448
70448
70449
70449
70450
70451
70453
70456
70458
70459
70460
70462
70463
70463
70464
70464
70466
70471
70472
70472
70473
70474
70475
70479
70480
70481
70482
70483
70484
70484
70484
70484
70486
70486
70487
70488
70488
70489
70490
70492
70493
70493
70494
70494
70495
70495
70496
70499
70501
70501
70502
70503
70504
70504
70509
70512
70512
70513
70514
70517
70519
70519
70519
70520
70521
70523
70524
70527
70527
70529
70529
70529
70530
70530
70530
70531
70532
70532
70533
70534
70534
70535
70535
70535
70540
70540
70546
70550
70552
70553
70554
70554
70558
70558
70559
70561
70561
70561
70562
70563
70564
70565
70566
70566
70567
70568
70569
70577
70578
70579
70583
70590
70593
70593
70597
70601
70601
70602
70609
70609
70609
70610
70611
70611
70612
70615
70615
70617
70618
70619
70619
70622
70622
70623
70624
70625
70626
70626
70627
70627
70627
70628
70629
70631
70631
70632
70632
70632
70633
70633
70633
70636
70639
70640
70641
70643
70644
70645
70645
70650
70656
70656
70656
70659
70659
70666
70666
70667
70669
70670
70671
70672
70672
70674
70674
70674
70675
70676
70677
70678
70678
70679
70683
70683
70684
70685
70685
70687
70692
70693
70694
70694
70697
70697
70697
70698
70700
70700
70700
70700
70700
70704
70704
70704
70710
70710
70712
70713
70715
70716
70717
70720
70720
70723
70726
70727
70731
70733
70734
70734
70737
70737
70738
70740
70741
70743
70743
70743
70746
70749
70750
70750
70750
70752
70752
70752
70755
70755
70760
70761
70762
70763
70766
70767
70767
70767
70771
70772
70775
70775
70777
70780
70781
70782
70782
70783
70785
70785
70787
70788
70788
70789
70790
70790
70792
70796
70799
70801
70802
70804
70807
70807
70809
70809
70812
70815
70815
70815
70818
70818
70818
70818
70821
70823
70823
70824
70829
70830
70831
70832
70832
70833
70833
70837
70839
70841
70841
70842
70842
70845
70847
70847
70850
70850
70852
70854
70855
70856
70857
70862
70867
70867
70870
70871
70872
70873
70873
70873
70877
70882
70883
70886
70887
70887
70889
70891
70892
70892
70892
70893
70894
70894
70904
70906
70906
70907
70907
70908
70908
70911
70912
70915
70915
70916
70918
70920
70920
70921
70922
70924
70926
70928
70928
70930
70934
70934
70936
70936
70937
70938
70939
70940
70940
70940
70942
70943
70943
70948
70948
70949
70950
70951
70952
70953
70953
70953
70955
70955
70956
70957
70959
70965
70966
70967
70968
70969
70969
70972
70973
70974
70979
70981
70982
70982
70984
70985
70986
70987
70988
70988
70989
70990
70990
70992
70993
70993
70997
70997
70999
71002
71005
71005
71006
71007
71008
71008
71009
71016
71017
71018
71018
71019
71021
71023
71023
71024
71027
71028
71028
71032
71033
71033
71034
71035
71036
71039
71040
71041
71043
71043
71044
71045
71045
71045
71047
71049
71049
71050
71051
71053
71054
71054
71055
71055
71058
71060
71061
71061
71064
71065
71066
71067
71068
71069
71070
71074
71074
71075
71076
71077
71078
71078
71079
71080
71080
71081
71082
71083
71083
71085
71086
71086
71086
71087
71087
71088
71091
71093
71096
71097
71101
71104
71104
71108
71110
71112
71116
71119
71119
71120
71121
71122
71123
71123
71126
71127
71131
71132
71132
71135
71136
71137
71137
71137
71138
71139
71141
71144
71145
71147
71148
71149
71151
71152
71152
71153
71153
71154
71155
71155
71155
71156
71157
71158
71160
71160
71160
71161
71162
71162
71163
71165
71165
71166
71167
71167
71168
71170
71171
71171
71173
71177
71177
71182
71182
71182
71183
71183
71187
71187
71188
71188
71189
71189
71190
71191
71191
71192
71195
71197
71197
71198
71198
71204
71205
71209
71210
71213
71216
71217
71218
71221
71221
71222
71223
71225
71225
71225
71227
71227
71228
71228
71228
71230
71234
71235
71235
71235
71237
71237
71237
71238
71240
71240
71241
71242
71243
71244
71244
71244
71246
71247
71250
71250
71250
71251
71255
71257
71257
71258
71263
71267
71268
71268
71270
71270
71272
71273
71274
71276
71277
71277
71278
71279
71279
71279
71280
71281
71281
71282
71284
71286
71289
71289
71293
71294
71296
71298
71298
71299
71300
71301
71302
71303
71303
71306
71306
71309
71312
71313
71313
71313
71314
71316
71316
71321
71322
71324
71324
71325
71328
71333
71334
71336
71337
71337
71341
71341
71342
71343
71344
71346
71347
71349
71350
71351
71351
71352
71352
71354
71354
71355
71356
71357
71361
71362
71364
71364
71366
71369
71371
71372
71374
71375
71376
71377
71378
71378
71382
71382
71383
71384
71385
71386
71389
71389
71392
71392
71393
71394
71394
71395
71396
71398
71399
71401
71406
71407
71407
71411
71413
71413
71415
71415
71415
71416
71419
71419
71420
71425
71426
71426
71426
71427
71428
71430
71432
71432
71432
71435
71436
71437
71438
71438
71440
71440
71441
71441
71442
71446
71447
71448
71449
71451
71452
71454
71455
71456
71456
71458
71459
71459
71462
71463
71464
71466
71466
71466
71468
71469
71471
71476
71477
71477
71477
71477
71477
71478
71478
71479
71480
71483
71483
71484
71484
71485
71488
71492
71492
71494
71496
71498
71499
71499
71500
71502
71503
71504
71507
71509
71512
71512
71515
71516
71516
71517
71522
71528
71529
71530
71531
71532
71535
71536
71536
71537
71537
71539
71540
71540
71546
71546
71550
71553
71553
71553
71558
71559
71562
71562
71563
71563
71564
71567
71568
71569
71569
71570
71570
71570
71571
71573
71573
71573
71575
71575
71578
71579
71581
71583
71583
71583
71586
71590
71590
71591
71592
71594
71597
71598
71598
71600
71600
71602
71605
71605
71607
71608
71611
71613
71615
71615
71616
71617
71617
71622
71625
71626
71630
71631
71631
71633
71635
71635
71638
71641
71641
71641
71643
71647
71648
71648
71654
71655
71660
71660
71661
71664
71664
71666
71667
71672
71674
71675
71675
71678
71678
71682
71683
71685
71686
71687
71687
71687
71688
71689
71690
71691
71694
71698
71699
71699
71703
71703
71704
71706
71707
71708
71709
71713
71715
71717
71720
71725
71727
71727
71728
71729
71731
71733
71737
71739
71741
71741
71741
71744
71745
71749
71749
71750
71750
71751
71751
71751
71752
71754
71754
71757
71757
71758
71762
71762
71767
71767
71767
71767
71769
71770
71772
71774
71778
71778
71781
71782
71783
71784
71785
71786
71786
71788
71790
71795
71796
71798
71801
71802
71804
71804
71806
71806
71807
71808
71811
71811
71812
71813
71813
71814
71815
71818
71819
71822
71822
71824
71826
71828
71828
71828
71831
71835
71835
71835
71835
71836
71837
71837
71839
71840
71840
71843
71845
71845
71845
71846
71849
71849
71850
71851
71853
71853
71855
71857
71857
71859
71860
71860
71865
71867
71868
71871
71876
71876
71876
71876
71878
71879
71879
71880
71880
71881
71881
71884
71885
71885
71886
71887
71889
71890
71893
71893
71894
71895
71896
71897
71898
71901
71901
71902
71903
71904
71907
71910
71912
71912
71913
71914
71917
71919
71920
71920
71921
71923
71923
71924
71925
71926
71926
71927
71929
71929
71929
71935
71937
71937
71937
71938
71942
71942
71944
71944
71945
71948
71950
71950
71952
71954
71954
71954
71955
71956
71957
71958
71962
71964
71966
71966
71968
71968
71968
71969
71972
71972
71972
71973
71974
71975
71976
71978
71978
71978
71979
71981
71983
71984
71984
71989
71993
71993
71994
71996
71997
71997
71998
72000
72001
72003
72004
72006
72006
72007
72010
72011
72011
72012
72015
72015
72015
72021
72022
72023
72025
72026
72027
72027
72028
72028
72030
72031
72031
72032
72034
72035
72036
72039
72040
72040
72040
72042
72043
72043
72043
72045
72046
72046
72056
72057
72057
72058
72059
72059
72060
72061
72063
72064
72065
72066
72068
72068
72068
72069
72069
72073
72075
72076
72076
72078
72082
72087
72088
72091
72092
72096
72097
72097
72098
72098
72098
72098
72099
72100
72100
72103
72105
72105
72106
72107
72108
72110
72110
72110
72111
72111
72112
72112
72116
72116
72117
72122
72123
72124
72124
72125
72125
72126
72128
72129
72130
72131
72131
72135
72136
72136
72138
72139
72144
72146
72147
72153
72154
72155
72156
72159
72159
72160
72160
72162
72164
72164
72166
72166
72168
72169
72169
72170
72173
72173
72176
72178
72178
72178
72181
72183
72185
72185
72186
72188
72191
72194
72195
72197
72197
72199
72200
72201
72201
72202
72207
72207
72207
72213
72215
72219
72222
72222
72223
72224
72228
72229
72233
72233
72236
72236
72238
72238
72239
72239
72239
72240
72242
72243
72244
72245
72248
72249
72249
72252
72252
72254
72255
72256
72258
72259
72261
72264
72264
72266
72267
72270
72272
72273
72274
72276
72277
72279
72282
72282
72282
72282
72285
72286
72286
72287
72287
72288
72288
72290
72292
72292
72295
72299
72302
72304
72306
72307
72308
72308
72309
72309
72309
72310
72311
72311
72311
72312
72313
72313
72313
72314
72315
72316
72319
72320
72320
72322
72324
72325
72325
72327
72328
72331
72331
72332
72336
72337
72338
72339
72339
72341
72349
72350
72350
72350
72351
72352
72354
72355
72356
72357
72360
72361
72362
72362
72363
72363
72367
72368
72368
72370
72372
72373
72377
72377
72378
72380
72380
72382
72386
72387
72387
72387
72392
72393
72393
72394
72397
72398
72400
72400
72400
72401
72406
72406
72406
72412
72413
72414
72415
72416
72417
72417
72418
72419
72421
72423
72423
72428
72429
72429
72430
72432
72432
72433
72433
72434
72437
72437
72446
72447
72448
72449
72450
72450
72453
72459
72460
72461
72462
72463
72465
72466
72467
72468
72469
72470
72470
72470
72470
72471
72473
72473
72475
72479
72479
72481
72486
72486
72487
72489
72490
72491
72495
72497
72498
72500
72503
72503
72504
72504
72504
72507
72507
72513
72515
72520
72523
72528
72528
72529
72531
72535
72536
72536
72543
72546
72551
72551
72554
72554
72554
72556
72558
72558
72563
72564
72564
72566
72567
72567
72571
72572
72574
72575
72576
72578
72578
72578
72580
72580
72580
72581
72581
72581
72582
72584
72585
72588
72589
72589
72589
72589
72592
72594
72595
72597
72601
72601
72602
72603
72604
72607
72608
72610
72611
72612
72613
72614
72614
72615
72616
72616
72619
72620
72621
72623
72624
72626
72626
72627
72632
72632
72633
72634
72634
72634
72636
72637
72640
72642
72642
72645
72649
72652
72652
72653
72654
72657
72658
72661
72663
72664
72665
72669
72671
72672
72673
72674
72675
72675
72676
72677
72678
72679
72679
72682
72683
72683
72683
72684
72685
72687
72690
72691
72691
72692
72693
72694
72696
72698
72703
72704
72706
72707
72707
72707
72708
72709
72709
72712
72715
72715
72720
72721
72722
72726
72728
72729
72731
72731
72733
72733
72736
72736
72740
72740
72740
72742
72745
72745
72746
72748
72749
72752
72756
72757
72758
72758
72759
72761
72761
72764
72766
72770
72770
72772
72772
72774
72780
72780
72781
72781
72782
72783
72784
72785
72785
72786
72788
72788
72788
72788
72789
72792
72793
72795
72796
72796
72798
72798
72802
72803
72804
72805
72807
72808
72809
72810
72814
72815
72817
72819
72819
72820
72820
72821
72824
72825
72826
72826
72826
72828
72828
72833
72834
72836
72838
72839
72839
72841
72843
72844
72846
72846
72846
72847
72848
72848
72852
72855
72856
72858
72863
72863
72864
72864
72867
72869
72871
72873
72874
72876
72877
72878
72878
72878
72878
72879
72880
72882
72883
72883
72883
72884
72885
72886
72887
72888
72891
72895
72896
72898
72899
72900
72902
72904
72907
72909
72910
72912
72912
72914
72914
72914
72915
72918
72919
72919
72922
72922
72928
72930
72930
72932
72932
72934
72934
72935
72940
72941
72941
72942
72943
72944
72944
72946
72946
72954
72954
72959
72960
72962
72964
72964
72964
72970
72970
72971
72971
72972
72973
72973
72976
72979
72983
72985
72985
72985
72986
72986
72987
72988
72988
72989
72990
72991
72991
72994
72995
72995
72996
72996
72998
72999
73001
73002
73003
73005
73006
73006
73006
73006
73008
73010
73010
73014
73017
73017
73017
73019
73020
73022
73023
73023
73024
73024
73025
73027
73029
73030
73031
73032
73032
73033
73034
73039
73039
73039
73046
73047
73047
73048
73049
73050
73050
73051
73052
73055
73057
73058
73058
73058
73058
73058
73059
73060
73063
73063
73064
73065
73065
73068
73070
73071
73071
73072
73075
73076
73077
73079
73079
73087
73088
73092
73094
73094
73095
73096
73097
73097
73098
73100
73104
73105
73106
73107
73108
73108
73109
73109
73110
73110
73110
73111
73111
73112
73113
73113
73114
73115
73115
73117
73117
73117
73117
73126
73126
73127
73128
73129
73131
73132
73136
73137
73138
73138
73141
73142
73143
73143
73145
73146
73146
73148
73150
73151
73152
73154
73155
73157
73157
73161
73162
73166
73166
73167
73167
73168
73172
73173
73175
73176
73178
73179
73179
73180
73183
73183
73185
73186
73186
73186
73187
73187
73187
73189
73189
73190
73190
73192
73195
73197
73197
73198
73198
73199
73201
73202
73203
73205
73205
73206
73206
73206
73207
73208
73211
73211
73212
73212
73215
73216
73216
73220
73220
73225
73226
73227
73228
73228
73231
73235
73237
73238
73240
73241
73243
73245
73246
73249
73251
73254
73254
73254
73255
73255
73256
73256
73256
73257
73257
73257
73258
73258
73260
73264
73265
73267
73269
73269
73269
73271
73271
73272
73275
73275
73276
73276
73277
73277
73278
73279
73280
73282
73283
73283
73286
73289
73289
73289
73290
73291
73294
73298
73300
73300
73301
73301
73302
73303
73304
73305
73307
73308
73308
73308
73309
73309
73311
73312
73315
73315
73315
73315
73320
73321
73322
73322
73324
73324
73325
73327
73328
73328
73330
73332
73333
73333
73333
73334
73344
73345
73346
73347
73349
73354
73354
73356
73358
73360
73360
73362
73363
73365
73365
73366
73368
73371
73371
73371
73372
73375
73377
73378
73378
73381
73381
73382
73382
73386
73387
73388
73389
73389
73390
73391
73391
73391
73393
73395
73397
73398
73401
73403
73405
73405
73406
73407
73409
73412
73414
73417
73417
73417
73418
73419
73419
73422
73422
73423
73423
73424
73427
73428
73428
73428
73430
73434
73437
73438
73439
73441
73441
73442
73444
73445
73447
73448
73449
73450
73450
73451
73451
73452
73453
73456
73457
73460
73460
73462
73462
73463
73463
73465
73466
73466
73468
73469
73470
73471
73471
73472
73473
73476
73478
73481
73481
73481
73483
73485
73485
73487
73488
73488
73491
73492
73492
73496
73499
73499
73501
73501
73501
73502
73502
73503
73504
73505
73507
73511
73513
73515
73518
73521
73522
73522
73523
73523
73525
73526
73527
73529
73529
73536
73538
73539
73539
73542
73543
73544
73545
73545
73545
73546
73546
73546
73548
73551
73552
73555
73558
73558
73559
73559
73560
73560
73560
73562
73563
73563
73566
73566
73567
73568
73568
73569
73570
73571
73572
73572
73573
73574
73574
73575
73577
73581
73585
73585
73591
73596
73596
73596
73598
73601
73602
73603
73603
73608
73609
73612
73614
73615
73616
73616
73618
73621
73622
73623
73623
73624
73624
73625
73626
73631
73631
73632
73632
73633
73633
73637
73638
73639
73639
73639
73639
73640
73640
73640
73644
73645
73646
73646
73648
73650
73651
73651
73652
73652
73653
73655
73659
73660
73661
73662
73663
73667
73668
73668
73671
73672
73672
73672
73673
73677
73677
73680
73681
73683
73683
73684
73692
73695
73696
73697
73699
73700
73700
73702
73703
73704
73706
73707
73707
73708
73710
73713
73714
73714
73716
73717
73718
73719
73720
73720
73720
73721
73721
73724
73724
73724
73724
73730
73731
73731
73733
73734
73736
73737
73739
73740
73742
73743
73745
73749
73752
73753
73757
73759
73760
73760
73763
73764
73765
73765
73766
73767
73767
73767
73770
73772
73773
73775
73776
73778
73780
73782
73785
73787
73790
73795
73796
73796
73797
73797
73798
73799
73800
73802
73802
73802
73804
73805
73807
73807
73807
73808
73808
73809
73810
73811
73817
73820
73822
73824
73825
73826
73827
73827
73829
73832
73835
73840
73843
73849
73849
73850
73854
73855
73856
73856
73856
73856
73857
73860
73861
73862
73863
73864
73865
73869
73870
73871
73871
73872
73875
73877
73882
73882
73886
73889
73893
73894
73895
73895
73896
73896
73897
73898
73898
73899
73901
73902
73902
73905
73905
73906
73909
73910
73913
73914
73914
73914
73917
73919
73919
73925
73926
73928
73928
73932
73933
73933
73933
73934
73935
73935
73936
73936
73937
73940
73940
73941
73942
73942
73944
73945
73945
73947
73947
73949
73950
73951
73951
73953
73954
73954
73954
73956
73958
73960
73963
73963
73965
73968
73971
73974
73975
73976
73976
73977
73977
73977
73977
73981
73981
73984
73986
73990
73991
73992
73992
73994
73995
74002
74003
74005
74006
74007
74009
74009
74010
74011
74012
74012
74013
74013
74014
74014
74014
74016
74018
74021
74024
74024
74025
74025
74025
74030
74030
74032
74032
74033
74033
74034
74036
74036
74038
74040
74041
74041
74043
74046
74047
74048
74049
74049
74049
74052
74052
74056
74056
74057
74063
74064
74064
74064
74067
74069
74072
74072
74073
74075
74077
74078
74081
74082
74082
74083
74087
74088
74090
74091
74092
74092
74098
74098
74101
74103
74104
74104
74105
74105
74107
74107
74108
74109
74110
74112
74113
74114
74114
74116
74116
74116
74116
74117
74117
74118
74122
74123
74127
74127
74128
74129
74129
74130
74130
74131
74132
74133
74135
74137
74138
74139
74141
74143
74144
74149
74152
74152
74154
74154
74155
74157
74160
74162
74162
74164
74169
74169
74171
74174
74174
74175
74175
74177
74180
74180
74182
74182
74183
74183
74185
74186
74187
74188
74188
74189
74189
74189
74191
74191
74192
74192
74194
74195
74196
74196
74197
74197
74197
74198
74198
74199
74199
74204
74208
74208
74209
74209
74210
74214
74214
74219
74221
74221
74229
74230
74230
74231
74231
74233
74234
74235
74237
74237
74238
74239
74239
74239
74240
74242
74244
74247
74248
74249
74249
74254
74255
74255
74257
74257
74259
74260
74260
74261
74261
74262
74262
74264
74267
74267
74267
74268
74268
74269
74270
74271
74273
74274
74275
74275
74280
74281
74281
74281
74282
74284
74284
74285
74287
74288
74290
74293
74295
74298
74301
74303
74308
74310
74311
74312
74313
74313
74315
74315
74315
74315
74315
74315
74319
74322
74324
74326
74326
74328
74330
74332
74332
74335
74336
74337
74339
74339
74339
74340
74341
74342
74343
74344
74346
74350
74350
74350
74353
74354
74354
74354
74354
74354
74355
74355
74356
74357
74359
74359
74360
74362
74363
74363
74365
74365
74367
74369
74371
74374
74375
74375
74376
74378
74381
74382
74386
74386
74387
74387
74387
74393
74394
74397
74401
74402
74403
74404
74406
74406
74407
74407
74408
74409
74412
74414
74415
74417
74418
74420
74423
74424
74425
74425
74427
74428
74428
74430
74430
74431
74432
74433
74433
74433
74434
74434
74437
74438
74439
74440
74443
74443
74444
74445
74446
74446
74446
74447
74448
74449
74451
74454
74454
74455
74458
74458
74460
74461
74461
74461
74464
74466
74470
74472
74472
74473
74476
74477
74477
74478
74479
74482
74484
74484
74484
74485
74487
74488
74489
74489
74489
74490
74490
74492
74493
74493
74498
74499
74500
74500
74500
74503
74503
74503
74506
74508
74508
74512
74512
74514
74514
74515
74517
74517
74517
74518
74522
74523
74524
74525
74526
74529
74529
74533
74537
74538
74538
74538
74540
74540
74541
74543
74544
74546
74547
74549
74549
74551
74555
74555
74557
74559
74559
74561
74563
74563
74564
74564
74564
74568
74568
74568
74568
74571
74571
74573
74573
74574
74576
74583
74583
74583
74585
74586
74588
74596
74599
74599
74604
74604
74605
74606
74607
74608
74608
74609
74610
74610
74613
74613
74616
74617
74617
74618
74620
74623
74623
74625
74627
74630
74631
74634
74634
74634
74635
74640
74644
74647
74651
74652
74657
74657
74659
74660
74660
74663
74665
74666
74667
74669
74669
74671
74672
74675
74676
74678
74681
74684
74687
74688
74695
74697
74700
74702
74707
74711
74716
74716
74717
74717
74718
74718
74721
74721
74722
74724
74724
74726
74729
74732
74733
74735
74737
74737
74739
74740
74740
74742
74745
74746
74747
74748
74750
74751
74752
74753
74756
74756
74757
74759
74764
74764
74768
74768
74770
74771
74772
74774
74775
74779
74782
74782
74784
74784
74784
74786
74787
74790
74790
74791
74793
74796
74797
74798
74799
74801
74804
74805
74808
74813
74815
74815
74819
74819
74820
74821
74822
74823
74824
74824
74824
74825
74829
74829
74831
74831
74831
74834
74834
74835
74837
74840
74841
74841
74841
74843
74843
74844
74844
74846
74846
74847
74847
74850
74852
74855
74855
74856
74856
74858
74858
74862
74862
74862
74863
74865
74867
74867
74867
74869
74870
74870
74872
74876
74877
74878
74878
74878
74880
74881
74881
74884
74885
74885
74888
74890
74894
74896
74896
74898
74898
74902
74903
74904
74905
74906
74910
74911
74916
74918
74919
74922
74923
74924
74926
74931
74932
74933
74938
74940
74941
74941
74942
74942
74944
74948
74948
74950
74951
74951
74953
74955
74955
74956
74956
74957
74958
74962
74962
74963
74963
74965
74965
74965
74967
74967
74969
74969
74971
74974
74975
74977
74979
74980
74981
74981
74985
74988
74989
74991
74992
74993
74997
74997
75000
75000
75002
75005
75005
75006
75006
75009
75010
75012
75016
75019
75020
75021
75021
75022
75024
75027
75027
75029
75029
75029
75030
75032
75033
75037
75039
75040
75040
75041
75042
75043
75044
75045
75045
75046
75047
75049
75050
75050
75051
75053
75055
75056
75057
75060
75061
75063
75065
75065
75066
75067
75067
75068
75070
75070
75070
75072
75074
75076
75077
75079
75083
75087
75090
75090
75091
75093
75095
75096
75098
75099
75100
75101
75102
75102
75105
75105
75106
75108
75108
75109
75109
75113
75115
75118
75121
75123
75124
75125
75126
75127
75129
75129
75131
75131
75133
75134
75134
75134
75134
75134
75135
75136
75137
75138
75139
75140
75144
75144
75145
75145
75146
75148
75150
75151
75151
75152
75153
75154
75155
75157
75162
75162
75164
75166
75168
75169
75170
75172
75173
75173
75174
75175
75176
75178
75180
75181
75184
75185
75186
75189
75190
75190
75194
75195
75196
75197
75197
75199
75199
75200
75201
75201
75202
75203
75204
75205
75206
75207
75209
75212
75213
75214
75215
75217
75217
75218
75222
75223
75223
75225
75226
75228
75230
75230
75231
75232
75233
75234
75235
75239
75241
75241
75241
75242
75254
75257
75257
75259
75259
75259
75261
75264
75265
75265
75268
75268
75269
75270
75270
75272
75272
75273
75273
75274
75274
75274
75275
75275
75276
75277
75277
75277
75279
75279
75281
75283
75283
75284
75286
75286
75287
75287
75291
75292
75294
75294
75297
75297
75299
75301
75303
75306
75309
75310
75311
75311
75315
75315
75317
75317
75317
75320
75320
75322
75327
75327
75329
75333
75336
75336
75337
75337
75338
75338
75339
75344
75344
75344
75345
75345
75345
75347
75347
75347
75349
75351
75352
75356
75356
75357
75359
75361
75362
75369
75369
75372
75375
75375
75378
75379
75382
75383
75385
75387
75390
75392
75393
75395
75396
75397
75399
75402
75404
75404
75405
75406
75407
75407
75409
75409
75412
75412
75414
75415
75416
75417
75417
75421
75422
75422
75422
75425
75426
75426
75427
75428
75431
75432
75435
75437
75439
75440
75441
75441
75442
75443
75444
75446
75446
75451
75451
75452
75455
75457
75464
75464
75471
75472
75472
75475
75477
75477
75480
75483
75485
75487
75489
75489
75490
75492
75493
75493
75494
75494
75495
75496
75497
75499
75499
75500
75502
75504
75505
75505
75506
75507
75509
75511
75511
75513
75516
75516
75516
75516
75518
75518
75518
75518
75518
75523
75525
75526
75526
75526
75533
75533
75534
75535
75537
75538
75541
75544
75544
75545
75545
75546
75550
75556
75559
75559
75561
75561
75563
75565
75565
75567
75571
75572
75572
75573
75573
75574
75576
75576
75578
75578
75579
75579
75580
75581
75581
75582
75585
75587
75588
75590
75591
75591
75597
75599
75601
75601
75603
75604
75609
75610
75610
75610
75610
75610
75610
75611
75611
75612
75613
75614
75619
75620
75620
75620
75622
75623
75624
75627
75627
75627
75631
75634
75637
75637
75638
75639
75640
75641
75643
75643
75645
75646
75647
75649
75651
75653
75653
75655
75656
75657
75660
75660
75662
75665
75666
75668
75669
75674
75680
75682
75685
75685
75688
75688
75689
75690
75690
75691
75692
75693
75695
75696
75698
75699
75700
75702
75703
75706
75706
75708
75708
75709
75710
75715
75716
75717
75718
75718
75718
75724
75726
75727
75727
75728
75729
75732
75732
75735
75737
75737
75738
75740
75740
75742
75744
75746
75749
75750
75751
75752
75753
75754
75754
75754
75754
75756
75757
75757
75757
75762
75765
75766
75767
75767
75769
75769
75769
75769
75769
75770
75770
75773
75774
75776
75776
75777
75779
75785
75785
75787
75789
75791
75791
75792
75792
75795
75797
75798
75799
75800
75800
75800
75801
75801
75802
75803
75804
75806
75806
75806
75810
75811
75811
75813
75813
75814
75814
75815
75815
75817
75819
75821
75823
75826
75828
75830
75832
75832
75833
75833
75834
75835
75837
75838
75839
75840
75840
75841
75844
75846
75849
75851
75852
75853
75853
75853
75853
75859
75859
75860
75862
75864
75867
75868
75869
75870
75872
75872
75873
75873
75874
75874
75876
75877
75878
75880
75881
75884
75885
75886
75888
75889
75890
75891
75891
75893
75895
75897
75897
75897
75898
75898
75899
75899
75899
75900
75901
75902
75904
75905
75906
75907
75909
75910
75911
75912
75912
75916
75918
75922
75924
75927
75929
75929
75932
75937
75939
75940
75942
75943
75944
75946
75946
75946
75947
75950
75950
75951
75951
75954
75955
75956
75957
75959
75960
75962
75962
75962
75963
75965
75966
75967
75968
75971
75977
75978
75982
75982
75983
75987
75987
75987
75990
75991
75996
75996
75996
75999
76000
76002
76002
76004
76004
76007
76008
76008
76009
76010
76011
76011
76012
76012
76013
76013
76016
76018
76018
76019
76024
76026
76026
76028
76028
76029
76032
76033
76033
76034
76037
76038
76038
76038
76039
76040
76041
76041
76045
76046
76049
76052
76053
76054
76055
76056
76057
76057
76059
76060
76060
76061
76065
76066
76069
76071
76075
76077
76079
76079
76080
76082
76083
76086
76088
76090
76093
76094
76094
76095
76097
76098
76099
76099
76100
76108
76110
76110
76112
76114
76115
76117
76123
76123
76124
76125
76127
76128
76130
76131
76131
76133
76135
76139
76141
76141
76142
76144
76144
76149
76152
76155
76156
76157
76157
76159
76161
76166
76168
76168
76170
76171
76173
76175
76176
76181
76182
76182
76183
76184
76185
76185
76186
76186
76188
76189
76191
76192
76193
76195
76195
76198
76201
76202
76202
76203
76205
76206
76207
76207
76208
76208
76211
76211
76212
76215
76216
76219
76220
76221
76222
76224
76231
76234
76235
76238
76239
76239
76240
76241
76241
76241
76242
76248
76254
76260
76260
76262
76262
76263
76265
76266
76266
76266
76267
76267
76268
76268
76268
76269
76269
76269
76270
76270
76270
76272
76272
76274
76274
76275
76280
76281
76282
76283
76284
76284
76289
76289
76290
76291
76294
76296
76298
76299
76299
76299
76300
76302
76302
76304
76305
76306
76307
76308
76312
76314
76314
76316
76318
76322
76322
76324
76324
76325
76328
76328
76329
76330
76330
76330
76332
76337
76342
76343
76343
76346
76348
76348
76348
76349
76349
76350
76354
76355
76357
76358
76359
76364
76367
76367
76367
76368
76369
76369
76374
76374
76375
76379
76381
76381
76381
76382
76383
76384
76387
76391
76392
76393
76397
76398
76398
76399
76399
76401
76401
76402
76403
76406
76407
76407
76407
76408
76410
76413
76415
76418
76419
76420
76421
76422
76422
76424
76424
76426
76430
76431
76432
76432
76439
76439
76440
76441
76441
76445
76447
76449
76450
76450
76450
76451
76451
76452
76454
76456
76457
76457
76458
76459
76459
76460
76460
76461
76461
76465
76467
76467
76467
76470
76470
76473
76473
76473
76473
76477
76478
76478
76480
76481
76482
76488
76488
76489
76491
76495
76495
76496
76496
76497
76498
76498
76499
76499
76500
76501
76502
76502
76502
76505
76505
76505
76506
76506
76507
76507
76509
76510
76510
76510
76512
76513
76515
76515
76520
76522
76523
76525
76527
76528
76529
76529
76533
76534
76536
76536
76537
76540
76540
76541
76542
76542
76543
76546
76546
76548
76549
76552
76556
76559
76561
76562
76563
76565
76566
76567
76568
76569
76570
76571
76574
76576
76577
76579
76581
76582
76582
76583
76587
76594
76595
76598
76599
76600
76603
76604
76605
76606
76606
76606
76608
76610
76614
76616
76616
76618
76618
76620
76620
76622
76623
76624
76625
76627
76630
76631
76631
76631
76633
76634
76634
76640
76641
76644
76645
76646
76647
76650
76650
76650
76653
76654
76656
76659
76661
76662
76667
76667
76672
76673
76674
76675
76676
76677
76678
76682
76682
76682
76683
76684
76685
76687
76688
76689
76693
76693
76694
76694
76695
76696
76696
76696
76700
76700
76706
76709
76709
76711
76712
76712
76715
76717
76717
76721
76721
76723
76724
76725
76725
76726
76733
76733
76734
76735
76737
76737
76737
76738
76738
76740
76740
76741
76742
76743
76744
76745
76749
76749
76750
76752
76754
76754
76758
76761
76762
76762
76763
76766
76766
76766
76767
76767
76768
76768
76769
76771
76772
76773
76773
76774
76775
76778
76780
76781
76781
76784
76787
76789
76791
76793
76793
76794
76794
76795
76798
76798
76799
76800
76801
76801
76802
76804
76804
76807
76808
76812
76816
76824
76825
76825
76826
76830
76832
76833
76833
76834
76840
76841
76845
76847
76847
76851
76852
76856
76856
76858
76859
76859
76860
76862
76862
76862
76865
76866
76866
76867
76868
76872
76873
76874
76875
76875
76877
76879
76879
76881
76881
76882
76882
76885
76889
76890
76891
76892
76892
76893
76894
76897
76898
76899
76901
76905
76908
76909
76912
76915
76915
76916
76922
76924
76927
76928
76930
76931
76933
76942
76944
76944
76946
76946
76946
76948
76948
76949
76951
76952
76952
76952
76954
76954
76955
76957
76957
76958
76960
76960
76960
76961
76963
76963
76965
76966
76966
76967
76970
76971
76971
76974
76974
76978
76984
76985
76985
76987
76987
76988
76989
76991
76992
76994
76994
76995
76995
76997
76997
76999
77003
77003
77004
77006
77006
77007
77007
77009
77010
77010
77011
77011
77012
77015
77016
77020
77023
77023
77024
77027
77028
77030
77035
77036
77039
77039
77040
77041
77041
77041
77041
77042
77042
77042
77044
77045
77049
77049
77050
77050
77051
77052
77052
77057
77058
77059
77060
77061
77063
77064
77065
77067
77067
77070
77071
77075
77077
77078
77078
77079
77083
77084
77087
77088
77088
77091
77092
77093
77093
77096
77098
77102
77104
77104
77108
77109
77109
77109
77111
77111
77112
77112
77113
77115
77115
77116
77120
77121
77123
77128
77134
77134
77135
77135
77139
77141
77142
77142
77144
77146
77146
77148
77148
77149
77151
77153
77155
77155
77156
77158
77160
77162
77162
77166
77169
77170
77174
77175
77176
77178
77181
77184
77185
77185
77186
77186
77190
77190
77193
77193
77194
77195
77196
77199
77199
77200
77201
77202
77206
77206
77206
77209
77210
77211
77211
77212
77213
77214
77214
77215
77217
77219
77219
77222
77223
77224
77226
77226
77227
77233
77234
77235
77237
77238
77239
77241
77242
77243
77244
77244
77244
77245
77246
77247
77249
77249
77250
77251
77253
77253
77254
77254
77254
77256
77256
77257
77258
77260
77263
77264
77265
77266
77268
77272
77272
77273
77275
77276
77276
77279
77280
77282
77282
77282
77282
77283
77284
77285
77285
77285
77288
77288
77291
77291
77293
77294
77294
77297
77299
77299
77301
77301
77302
77303
77306
77307
77308
77311
77311
77312
77317
77318
77320
77320
77321
77323
77324
77327
77328
77328
77329
77329
77333
77337
77337
77343
77344
77344
77345
77346
77348
77348
77348
77349
77352
77352
77353
77353
77354
77354
77355
77356
77356
77357
77359
77360
77360
77362
77364
77364
77371
77373
77373
77374
77377
77377
77382
77383
77385
77387
77388
77389
77390
77391
77394
77398
77403
77403
77405
77410
77410
77411
77411
77411
77412
77416
77416
77417
77422
77424
77425
77425
77427
77430
77430
77436
77437
77438
77438
77439
77441
77442
77443
77444
77447
77449
77450
77451
77453
77455
77457
77458
77458
77458
77459
77460
77460
77461
77461
77461
77462
77463
77463
77463
77467
77467
77470
77471
77471
77471
77476
77476
77479
77479
77480
77481
77484
77485
77485
77486
77488
77490
77494
77497
77498
77501
77502
77503
77504
77504
77505
77506
77507
77507
77508
77509
77510
77510
77510
77511
77512
77519
77519
77520
77521
77523
77523
77524
77524
77524
77527
77527
77527
77538
77539
77541
77545
77546
77547
77548
77550
77553
77558
77564
77564
77566
77566
77567
77569
77569
77570
77572
77572
77574
77575
77576
77576
77577
77579
77579
77579
77580
77580
77583
77584
77587
77589
77589
77595
77597
77598
77598
77600
77600
77600
77601
77601
77604
77605
77609
77610
77612
77613
77614
77615
77618
77618
77619
77621
77621
77621
77623
77624
77624
77624
77624
77624
77625
77628
77630
77631
77631
77632
77633
77634
77636
77637
77640
77641
77641
77646
77647
77647
77650
77650
77651
77651
77652
77654
77655
77655
77657
77658
77659
77660
77661
77663
77664
77666
77667
77668
77670
77670
77670
77671
77673
77674
77674
77675
77676
77678
77679
77679
77679
77680
77680
77681
77682
77683
77683
77683
77683
77687
77688
77689
77689
77691
77692
77697
77697
77697
77698
77698
77700
77703
77703
77704
77704
77705
77710
77710
77710
77711
77711
77712
77716
77718
77719
77720
77721
77721
77722
77726
77726
77727
77727
77728
77728
77729
77730
77730
77731
77733
77734
77734
77737
77737
77738
77738
77738
77739
77739
77740
77740
77742
77742
77743
77743
77745
77746
77747
77749
77752
77754
77756
77757
77761
77764
77765
77772
77772
77773
77774
77777
77778
77780
77781
77782
77782
77785
77786
77788
77791
77793
77795
77797
77798
77798
77798
77800
77802
77803
77805
77805
77806
77807
77807
77810
77810
77810
77810
77817
77819
77821
77823
77824
77826
77826
77827
77828
77829
77830
77830
77831
77831
77832
77833
77834
77838
77842
77844
77847
77849
77849
77850
77857
77858
77859
77860
77861
77862
77862
77863
77864
77868
77869
77871
77872
77873
77875
77876
77877
77880
77882
77886
77887
77888
77889
77889
77890
77890
77891
77891
77893
77896
77897
77900
77901
77905
77905
77907
77909
77910
77911
77913
77914
77915
77916
77917
77917
77917
77918
77919
77919
77920
77922
77922
77922
77923
77925
77926
77929
77929
77930
77933
77933
77934
77936
77937
77938
77938
77938
77940
77940
77941
77943
77944
77944
77947
77949
77949
77950
77954
77955
77956
77958
77959
77960
77961
77965
77965
77968
77969
77970
77970
77971
77972
77972
77975
77975
77976
77977
77977
77978
77978
77978
77982
77984
77985
77986
77987
77987
77988
77988
77989
77989
77993
77997
78000
78001
78002
78002
78005
78007
78008
78008
78009
78012
78012
78012
78013
78014
78014
78016
78019
78020
78023
78025
78025
78026
78026
78027
78027
78028
78028
78029
78029
78029
78032
78034
78034
78035
78035
78038
78044
78046
78047
78048
78050
78053
78053
78056
78058
78058
78058
78060
78061
78063
78063
78065
78068
78071
78072
78073
78073
78073
78074
78075
78077
78079
78081
78083
78083
78084
78084
78085
78086
78086
78086
78086
78090
78092
78094
78095
78096
78097
78098
78099
78104
78105
78106
78106
78108
78108
78108
78110
78111
78111
78113
78113
78114
78115
78115
78115
78119
78120
78124
78126
78130
78130
78131
78131
78131
78132
78132
78133
78133
78133
78135
78137
78137
78143
78144
78144
78146
78146
78146
78146
78152
78156
78158
78158
78158
78160
78161
78162
78165
78168
78168
78169
78169
78169
78170
78170
78170
78170
78172
78172
78174
78175
78175
78178
78180
78181
78183
78186
78191
78191
78192
78193
78194
78194
78194
78196
78197
78199
78200
78203
78204
78205
78206
78207
78207
78207
78207
78208
78209
78211
78212
78212
78213
78214
78215
78215
78216
78221
78221
78222
78222
78222
78223
78227
78227
78227
78231
78233
78234
78235
78237
78238
78239
78240
78240
78240
78242
78244
78246
78247
78249
78250
78252
78254
78254
78255
78256
78258
78259
78261
78262
78262
78262
78264
78265
78267
78267
78267
78269
78269
78272
78274
78277
78278
78278
78279
78279
78283
78286
78286
78288
78288
78290
78291
78293
78295
78296
78297
78298
78298
78298
78302
78302
78302
78303
78304
78304
78305
78305
78305
78307
78309
78310
78310
78310
78311
78312
78313
78316
78318
78318
78319
78323
78323
78324
78332
78333
78334
78335
78335
78335
78337
78338
78340
78340
78342
78346
78347
78349
78350
78351
78351
78352
78354
78354
78355
78356
78358
78358
78358
78359
78360
78363
78364
78364
78365
78366
78367
78368
78369
78370
78371
78373
78374
78376
78376
78377
78379
78381
78381
78381
78382
78384
78386
78386
78387
78388
78388
78390
78390
78391
78393
78394
78396
78398
78400
78401
78402
78402
78403
78403
78404
78406
78409
78411
78412
78412
78414
78414
78418
78429
78430
78431
78432
78433
78434
78434
78434
78434
78435
78436
78437
78437
78439
78440
78441
78443
78447
78447
78448
78449
78450
78450
78451
78451
78453
78455
78458
78458
78459
78460
78462
78464
78465
78465
78466
78466
78468
78468
78469
78469
78471
78472
78475
78476
78478
78480
78480
78480
78481
78481
78483
78483
78485
78485
78485
78486
78490
78491
78495
78496
78497
78499
78500
78500
78503
78503
78504
78504
78506
78512
78513
78515
78518
78519
78520
78520
78521
78523
78523
78523
78525
78525
78526
78526
78527
78527
78539
78539
78540
78540
78543
78543
78544
78544
78544
78545
78545
78545
78552
78554
78555
78558
78558
78560
78560
78561
78563
78565
78566
78568
78572
78574
78574
78575
78575
78576
78576
78577
78578
78583
78584
78585
78588
78589
78590
78590
78595
78597
78597
78597
78598
78601
78604
78607
78607
78607
78610
78612
78614
78614
78615
78616
78617
78620
78620
78622
78622
78624
78625
78625
78627
78627
78628
78628
78629
78630
78630
78634
78635
78637
78640
78643
78643
78644
78645
78647
78650
78651
78652
78652
78654
78654
78656
78657
78658
78659
78660
78660
78660
78664
78666
78667
78672
78673
78673
78675
78678
78682
78685
78685
78685
78695
78698
78699
78701
78705
78706
78706
78706
78707
78708
78710
78713
78715
78715
78719
78719
78720
78720
78720
78720
78721
78721
78722
78722
78723
78726
78727
78730
78732
78733
78735
78735
78736
78736
78738
78739
78739
78744
78745
78747
78749
78751
78751
78752
78753
78754
78756
78760
78761
78762
78762
78763
78765
78766
78766
78768
78768
78770
78772
78773
78774
78776
78778
78779
78786
78789
78791
78791
78791
78791
78794
78795
78797
78798
78799
78799
78801
78802
78803
78803
78805
78810
78811
78812
78813
78813
78814
78814
78816
78817
78820
78820
78821
78822
78822
78826
78826
78827
78827
78830
78831
78831
78832
78833
78835
78837
78837
78839
78839
78839
78841
78842
78842
78842
78843
78844
78847
78848
78850
78852
78853
78854
78855
78855
78855
78856
78856
78856
78862
78863
78866
78866
78869
78870
78872
78872
78875
78883
78884
78884
78886
78886
78888
78890
78890
78893
78893
78894
78898
78901
78904
78906
78908
78909
78910
78912
78912
78913
78917
78918
78919
78919
78920
78922
78923
78931
78934
78935
78936
78936
78938
78938
78938
78941
78944
78945
78947
78948
78950
78953
78953
78953
78955
78959
78962
78962
78964
78965
78966
78966
78967
78969
78970
78972
78973
78973
78975
78975
78979
78979
78980
78980
78985
78985
78987
78988
78990
78990
78991
78993
78995
78996
78997
78998
78999
79000
79000
79001
79001
79002
79004
79005
79005
79007
79007
79010
79012
79013
79013
79013
79014
79016
79016
79017
79023
79024
79025
79025
79026
79026
79027
79028
79029
79034
79036
79036
79038
79039
79040
79042
79044
79044
79045
79046
79046
79049
79049
79049
79049
79051
79052
79054
79057
79059
79060
79061
79061
79063
79069
79071
79071
79071
79073
79073
79073
79074
79074
79075
79078
79078
79080
79081
79083
79083
79084
79087
79087
79090
79090
79090
79092
79092
79093
79093
79093
79096
79099
79100
79105
79107
79108
79110
79112
79113
79116
79116
79117
79118
79120
79121
79123
79127
79127
79132
79143
79143
79144
79146
79148
79152
79153
79153
79155
79155
79158
79159
79160
79163
79168
79168
79170
79171
79174
79174
79179
79180
79183
79184
79184
79185
79186
79187
79188
79188
79189
79189
79190
79191
79191
79194
79196
79197
79199
79199
79201
79202
79203
79203
79204
79204
79207
79209
79212
79212
79214
79216
79217
79218
79219
79220
79221
79224
79225
79226
79226
79227
79231
79231
79235
79239
79241
79242
79243
79244
79245
79247
79248
79249
79249
79250
79251
79253
79254
79254
79256
79258
79259
79262
79262
79266
79267
79267
79268
79270
79272
79272
79273
79274
79274
79275
79276
79278
79279
79282
79283
79285
79286
79288
79291
79294
79297
79297
79298
79299
79299
79301
79301
79302
79302
79303
79305
79306
79308
79309
79313
79316
79317
79318
79319
79319
79319
79321
79323
79324
79326
79327
79330
79330
79335
79335
79340
79341
79344
79345
79349
79349
79349
79350
79350
79351
79351
79352
79352
79352
79356
79356
79357
79357
79359
79359
79361
79368
79369
79371
79374
79375
79375
79376
79376
79378
79379
79381
79381
79383
79384
79385
79394
79395
79396
79398
79399
79401
79402
79403
79404
79406
79409
79412
79412
79413
79415
79417
79419
79420
79422
79425
79427
79428
79430
79430
79431
79432
79434
79434
79435
79437
79437
79437
79438
79438
79438
79439
79439
79440
79441
79442
79442
79442
79442
79445
79445
79447
79450
79450
79451
79451
79451
79452
79453
79453
79461
79462
79462
79463
79464
79467
79468
79468
79470
79470
79470
79476
79479
79480
79481
79481
79485
79487
79488
79488
79489
79491
79493
79493
79493
79495
79495
79496
79496
79497
79497
79502
79504
79504
79504
79506
79507
79508
79510
79511
79511
79514
79515
79516
79516
79516
79518
79518
79522
79523
79525
79526
79526
79528
79532
79533
79534
79534
79535
79536
79542
79543
79544
79544
79546
79547
79548
79552
79554
79554
79559
79560
79560
79563
79563
79563
79564
79566
79567
79568
79575
79575
79576
79577
79578
79579
79580
79581
79581
79583
79584
79584
79586
79587
79588
79590
79590
79591
79595
79596
79597
79598
79601
79604
79615
79615
79616
79616
79619
79620
79621
79622
79624
79625
79627
79628
79629
79629
79630
79631
79634
79634
79635
79636
79636
79637
79637
79638
79638
79641
79642
79643
79643
79643
79646
79647
79647
79648
79651
79653
79653
79654
79657
79659
79660
79660
79661
79662
79662
79663
79664
79665
79665
79669
79670
79671
79671
79673
79673
79677
79678
79679
79680
79681
79683
79684
79684
79687
79687
79687
79689
79689
79689
79689
79691
79691
79692
79694
79696
79697
79699
79700
79700
79701
79701
79701
79704
79704
79705
79705
79705
79709
79709
79710
79710
79711
79712
79713
79713
79716
79717
79721
79721
79722
79724
79727
79728
79730
79731
79731
79732
79733
79734
79734
79735
79738
79738
79741
79741
79741
79742
79743
79744
79744
79748
79749
79752
79752
79758
79760
79763
79764
79764
79764
79764
79765
79765
79765
79765
79765
79766
79766
79767
79767
79770
79770
79775
79776
79777
79777
79777
79782
79784
79785
79788
79791
79792
79792
79795
79795
79798
79798
79800
79801
79801
79801
79801
79802
79804
79804
79808
79810
79811
79811
79812
79813
79814
79815
79817
79819
79822
79822
79823
79824
79824
79826
79826
79829
79829
79829
79830
79832
79836
79837
79837
79839
79839
79840
79840
79841
79843
79844
79845
79847
79849
79849
79849
79853
79854
79855
79856
79857
79857
79858
79861
79861
79862
79862
79863
79864
79866
79866
79867
79867
79867
79870
79872
79872
79874
79874
79876
79877
79878
79878
79882
79882
79887
79888
79890
79892
79893
79894
79895
79895
79896
79896
79896
79896
79899
79900
79902
79904
79906
79906
79907
79908
79909
79910
79911
79914
79914
79915
79917
79919
79920
79923
79924
79926
79926
79928
79933
79933
79934
79935
79935
79936
79938
79939
79939
79939
79940
79940
79941
79942
79942
79942
79944
79946
79947
79949
79949
79950
79958
79958
79958
79961
79963
79963
79964
79964
79969
79969
79969
79969
79971
79974
79974
79975
79976
79979
79981
79982
79983
79986
79986
79991
79991
79992
79992
79994
79995
79999
80003
80003
80004
80007
80007
80008
80010
80010
80012
80013
80014
80014
80014
80015
80016
80017
80019
80020
80020
80021
80021
80022
80023
80025
80026
80026
80029
80031
80032
80034
80035
80040
80041
80041
80041
80042
80042
80043
80046
80047
80047
80047
80048
80048
80049
80049
80051
80055
80057
80057
80060
80062
80066
80066
80066
80066
80067
80068
80069
80070
80071
80071
80071
80075
80075
80078
80079
80081
80083
80085
80087
80087
80087
80088
80091
80091
80093
80094
80096
80098
80100
80100
80101
80104
80109
80109
80114
80114
80118
80120
80120
80120
80122
80125
80126
80126
80127
80128
80130
80131
80132
80132
80134
80137
80138
80141
80142
80143
80143
80150
80152
80153
80153
80153
80154
80154
80154
80155
80155
80157
80158
80160
80160
80165
80168
80172
80173
80175
80176
80177
80177
80178
80179
80179
80179
80180
80180
80181
80184
80185
80185
80190
80190
80194
80196
80199
80199
80199
80199
80200
80201
80201
80202
80203
80204
80206
80208
80208
80208
80212
80213
80213
80219
80222
80223
80227
80228
80229
80229
80230
80232
80233
80233
80237
80238
80238
80239
80240
80240
80241
80241
80241
80244
80244
80244
80246
80246
80248
80250
80252
80252
80254
80255
80257
80257
80259
80260
80260
80260
80260
80262
80262
80264
80265
80266
80266
80267
80268
80271
80272
80272
80273
80273
80274
80276
80276
80276
80277
80279
80279
80280
80280
80281
80282
80282
80283
80284
80284
80285
80288
80288
80288
80293
80298
80299
80299
80300
80301
80302
80302
80306
80308
80309
80309
80311
80313
80314
80316
80316
80317
80317
80318
80319
80319
80319
80319
80322
80326
80327
80327
80328
80332
80333
80333
80334
80336
80337
80337
80337
80339
80342
80343
80344
80346
80348
80349
80352
80353
80355
80355
80355
80356
80356
80359
80360
80361
80366
80367
80369
80370
80371
80372
80372
80373
80375
80376
80377
80379
80379
80381
80382
80382
80385
80385
80385
80387
80387
80388
80389
80391
80392
80398
80400
80400
80400
80400
80403
80405
80405
80406
80406
80407
80407
80409
80410
80411
80414
80416
80416
80417
80417
80418
80418
80420
80421
80422
80427
80429
80430
80431
80434
80438
80438
80441
80441
80442
80443
80446
80446
80447
80451
80452
80452
80452
80453
80453
80458
80462
80463
80464
80466
80466
80467
80468
80468
80470
80471
80472
80473
80474
80475
80475
80475
80479
80480
80485
80485
80486
80486
80487
80489
80489
80493
80497
80497
80501
80501
80502
80503
80503
80504
80508
80508
80509
80513
80514
80515
80515
80516
80516
80517
80518
80518
80520
80522
80522
80523
80524
80526
80526
80530
80531
80535
80536
80538
80539
80541
80543
80544
80545
80546
80547
80547
80551
80552
80552
80552
80552
80553
80553
80554
80556
80557
80558
80561
80562
80563
80565
80568
80568
80569
80569
80569
80571
80572
80573
80574
80574
80575
80576
80578
80580
80582
80583
80583
80584
80585
80585
80587
80588
80589
80590
80591
80592
80592
80593
80594
80594
80596
80599
80600
80601
80601
80602
80602
80603
80603
80605
80607
80607
80607
80609
80610
80611
80612
80612
80613
80614
80615
80615
80616
80617
80618
80619
80620
80620
80621
80627
80630
80632
80634
80637
80642
80642
80643
80644
80644
80644
80645
80646
80648
80651
80652
80654
80654
80655
80655
80656
80657
80662
80663
80664
80664
80670
80674
80680
80681
80684
80689
80692
80692
80692
80694
80694
80695
80699
80699
80701
80702
80702
80703
80704
80705
80707
80707
80707
80708
80710
80711
80711
80714
80717
80717
80718
80726
80727
80727
80728
80731
80733
80733
80738
80740
80740
80742
80744
80744
80745
80747
80748
80751
80751
80753
80753
80755
80755
80755
80760
80761
80764
80767
80772
80773
80775
80778
80779
80780
80781
80781
80782
80783
80784
80785
80785
80787
80787
80788
80791
80791
80792
80792
80793
80793
80794
80795
80796
80797
80798
80798
80801
80802
80804
80805
80806
80808
80810
80811
80811
80812
80813
80815
80815
80818
80818
80820
80821
80822
80823
80823
80823
80826
80826
80827
80827
80828
80830
80830
80831
80832
80832
80832
80833
80836
80836
80836
80838
80840
80840
80845
80846
80849
80852
80852
80853
80856
80857
80857
80858
80858
80858
80859
80860
80861
80861
80861
80862
80862
80863
80865
80865
80865
80866
80869
80869
80869
80870
80870
80870
80870
80872
80873
80873
80874
80876
80879
80879
80881
80881
80881
80882
80885
80886
80888
80888
80894
80895
80895
80897
80898
80900
80900
80901
80901
80902
80903
80903
80905
80906
80907
80908
80909
80910
80911
80912
80913
80914
80914
80915
80915
80916
80916
80916
80917
80920
80920
80921
80921
80923
80925
80925
80926
80928
80928
80929
80929
80931
80931
80932
80932
80933
80935
80936
80937
80938
80938
80938
80938
80938
80942
80944
80947
80948
80949
80951
80953
80956
80959
80962
80962
80962
80963
80963
80964
80964
80966
80967
80968
80971
80973
80974
80975
80975
80975
80976
80976
80977
80980
80982
80984
80984
80985
80985
80986
80989
80991
80991
80995
80996
81000
81000
81000
81000
81002
81003
81004
81004
81005
81007
81007
81007
81008
81009
81012
81012
81013
81019
81020
81025
81026
81027
81027
81029
81029
81029
81031
81032
81032
81032
81032
81033
81034
81036
81038
81038
81039
81040
81040
81042
81044
81051
81053
81055
81058
81058
81060
81061
81063
81064
81065
81067
81067
81071
81072
81076
81076
81076
81079
81079
81082
81083
81083
81085
81085
81087
81089
81091
81092
81092
81095
81096
81096
81096
81100
81105
81107
81107
81109
81111
81112
81112
81112
81113
81114
81117
81117
81118
81118
81118
81120
81121
81121
81122
81122
81123
81125
81127
81128
81128
81129
81130
81130
81130
81132
81132
81133
81133
81135
81143
81143
81144
81144
81146
81147
81147
81148
81149
81149
81151
81153
81153
81155
81155
81155
81155
81156
81158
81162
81162
81163
81164
81165
81167
81168
81169
81170
81170
81171
81173
81175
81175
81178
81179
81180
81181
81181
81181
81182
81183
81184
81184
81185
81187
81192
81192
81193
81194
81195
81195
81196
81198
81199
81199
81201
81202
81202
81207
81210
81210
81215
81217
81217
81219
81222
81224
81227
81228
81233
81234
81236
81236
81238
81239
81243
81246
81246
81249
81250
81251
81251
81252
81252
81254
81255
81256
81261
81261
81264
81265
81269
81269
81270
81271
81271
81272
81278
81279
81279
81280
81284
81289
81290
81291
81293
81293
81297
81297
81302
81305
81307
81308
81310
81310
81312
81313
81314
81316
81317
81318
81320
81320
81321
81322
81324
81325
81326
81327
81329
81330
81330
81331
81334
81334
81334
81335
81338
81338
81339
81341
81341
81341
81342
81343
81345
81347
81348
81348
81348
81348
81349
81350
81352
81352
81352
81353
81355
81356
81359
81361
81362
81363
81365
81365
81365
81366
81367
81368
81369
81371
81371
81372
81373
81374
81375
81376
81379
81380
81382
81383
81384
81388
81389
81389
81390
81390
81391
81392
81392
81392
81392
81394
81396
81397
81398
81400
81400
81402
81402
81403
81403
81408
81409
81409
81410
81410
81412
81412
81413
81415
81416
81418
81418
81419
81419
81419
81421
81422
81424
81424
81424
81425
81426
81426
81427
81428
81429
81432
81433
81437
81439
81443
81444
81445
81445
81446
81448
81449
81451
81452
81454
81454
81454
81455
81458
81459
81462
81462
81462
81463
81467
81468
81468
81469
81469
81471
81471
81477
81478
81479
81479
81479
81480
81481
81485
81487
81488
81488
81488
81490
81490
81494
81494
81494
81494
81495
81496
81499
81510
81510
81513
81513
81514
81516
81518
81519
81521
81522
81522
81523
81525
81525
81528
81528
81529
81530
81530
81531
81532
81533
81534
81535
81537
81538
81539
81540
81542
81550
81553
81556
81558
81560
81562
81562
81563
81567
81567
81568
81570
81570
81571
81572
81572
81572
81573
81573
81574
81574
81575
81576
81576
81577
81577
81578
81579
81580
81580
81583
81583
81584
81584
81585
81585
81585
81585
81586
81587
81587
81589
81590
81591
81591
81591
81592
81593
81594
81594
81595
81600
81602
81604
81606
81607
81608
81610
81617
81617
81618
81619
81623
81626
81627
81628
81636
81638
81638
81639
81640
81641
81641
81643
81644
81645
81646
81646
81646
81647
81648
81648
81653
81654
81654
81654
81655
81655
81662
81663
81663
81664
81669
81669
81670
81671
81671
81673
81673
81675
81675
81677
81680
81680
81681
81681
81685
81686
81688
81688
81689
81690
81692
81698
81698
81698
81698
81699
81701
81702
81702
81704
81705
81706
81707
81707
81710
81711
81714
81714
81714
81717
81719
81720
81720
81720
81721
81723
81724
81725
81726
81728
81728
81729
81729
81731
81734
81735
81736
81736
81737
81737
81738
81739
81740
81740
81741
81742
81742
81742
81744
81747
81748
81749
81751
81753
81754
81757
81757
81757
81758
81759
81760
81761
81762
81764
81768
81769
81772
81772
81772
81776
81777
81780
81782
81784
81784
81786
81787
81788
81789
81790
81791
81794
81795
81795
81796
81796
81797
81798
81802
81805
81805
81807
81810
81811
81811
81813
81814
81815
81816
81817
81819
81820
81822
81822
81823
81828
81829
81829
81829
81830
81830
81832
81835
81836
81837
81838
81838
81839
81840
81842
81846
81847
81847
81847
81847
81849
81850
81851
81852
81855
81856
81857
81859
81862
81863
81866
81867
81867
81870
81870
81872
81872
81873
81873
81874
81874
81875
81876
81876
81879
81879
81879
81880
81881
81882
81883
81884
81884
81885
81887
81888
81889
81890
81890
81890
81890
81890
81894
81894
81895
81896
81896
81899
81899
81900
81900
81901
81907
81908
81908
81910
81915
81915
81917
81917
81918
81919
81919
81921
81921
81921
81921
81922
81923
81923
81925
81927
81930
81933
81934
81934
81935
81938
81939
81939
81940
81941
81946
81948
81950
81951
81951
81951
81952
81953
81954
81954
81955
81955
81957
81958
81959
81959
81961
81964
81967
81967
81968
81970
81972
81973
81974
81976
81977
81979
81983
81984
81985
81986
81987
81988
81991
81993
81993
81994
81994
81996
81997
81997
81998
81998
81998
82002
82003
82003
82005
82006
82007
82007
82008
82009
82010
82011
82012
82014
82015
82018
82020
82020
82025
82025
82025
82026
82026
82030
82031
82032
82032
82033
82033
82035
82035
82038
82039
82041
82042
82042
82042
82045
82046
82047
82051
82053
82054
82055
82056
82056
82057
82058
82060
82062
82063
82064
82066
82067
82068
82069
82070
82071
82072
82072
82074
82074
82076
82078
82079
82080
82080
82080
82080
82081
82081
82084
82084
82088
82089
82089
82090
82091
82091
82093
82096
82096
82097
82099
82106
82108
82109
82110
82112
82113
82113
82116
82117
82119
82119
82120
82121
82121
82123
82123
82125
82129
82129
82130
82131
82133
82133
82134
82136
82138
82141
82143
82145
82145
82147
82147
82152
82155
82157
82159
82159
82163
82164
82164
82165
82167
82168
82169
82169
82170
82171
82172
82174
82175
82178
82179
82180
82180
82182
82183
82184
82184
82185
82187
82188
82188
82190
82194
82196
82202
82202
82203
82204
82204
82205
82206
82208
82209
82211
82213
82214
82215
82219
82220
82220
82222
82226
82227
82229
82230
82233
82235
82236
82236
82238
82241
82244
82245
82245
82245
82247
82252
82254
82255
82258
82259
82262
82265
82268
82271
82275
82275
82277
82277
82277
82280
82280
82280
82280
82280
82283
82285
82286
82290
82292
82292
82292
82293
82294
82294
82295
82295
82297
82297
82298
82300
82301
82302
82303
82303
82304
82304
82305
82307
82308
82310
82311
82311
82315
82316
82316
82316
82319
82319
82320
82322
82323
82324
82332
82334
82334
82334
82335
82336
82336
82336
82337
82338
82339
82339
82340
82340
82344
82346
82348
82348
82349
82353
82355
82355
82355
82357
82358
82360
82362
82363
82365
82366
82367
82367
82369
82369
82370
82372
82372
82373
82374
82375
82378
82378
82379
82380
82381
82382
82382
82382
82384
82386
82386
82387
82389
82389
82391
82394
82395
82396
82396
82398
82398
82398
82400
82403
82403
82405
82410
82410
82411
82414
82419
82419
82420
82421
82421
82421
82421
82427
82428
82429
82430
82431
82431
82432
82434
82436
82438
82438
82439
82440
82440
82441
82444
82445
82446
82446
82447
82447
82448
82448
82448
82449
82452
82453
82455
82456
82456
82459
82461
82462
82464
82466
82467
82470
82471
82472
82472
82473
82475
82476
82477
82478
82481
82481
82482
82484
82485
82486
82489
82489
82491
82491
82492
82493
82494
82494
82496
82498
82499
82500
82500
82502
82502
82503
82503
82507
82508
82508
82508
82510
82510
82512
82512
82514
82514
82516
82519
82520
82523
82523
82523
82523
82524
82526
82528
82528
82529
82529
82530
82530
82531
82534
82534
82534
82535
82535
82538
82539
82541
82542
82542
82542
82544
82545
82545
82550
82551
82551
82553
82553
82554
82554
82555
82555
82556
82556
82560
82560
82561
82563
82564
82566
82567
82571
82573
82574
82575
82576
82579
82579
82579
82580
82581
82582
82582
82583
82585
82585
82587
82590
82591
82592
82594
82594
82595
82597
82598
82600
82601
82601
82604
82607
82608
82610
82611
82611
82612
82613
82614
82615
82617
82617
82619
82619
82621
82625
82629
82632
82635
82636
82642
82643
82644
82644
82644
82645
82646
82646
82647
82649
82651
82651
82653
82655
82656
82657
82658
82658
82658
82659
82659
82660
82663
82664
82664
82671
82672
82672
82672
82672
82673
82674
82674
82674
82675
82681
82683
82685
82685
82687
82688
82693
82694
82694
82697
82700
82701
82702
82704
82705
82705
82705
82707
82707
82711
82712
82712
82715
82716
82716
82716
82718
82719
82720
82720
82720
82721
82724
82724
82725
82725
82725
82726
82726
82727
82730
82732
82738
82740
82740
82740
82741
82741
82743
82745
82746
82749
82750
82754
82754
82755
82756
82758
82758
82758
82759
82760
82762
82763
82764
82765
82765
82765
82768
82768
82770
82771
82774
82774
82775
82777
82778
82778
82782
82783
82784
82784
82785
82787
82788
82789
82791
82793
82794
82794
82795
82796
82797
82798
82798
82798
82801
82805
82805
82806
82806
82807
82808
82809
82809
82809
82811
82812
82814
82815
82818
82821
82824
82825
82827
82828
82829
82831
82835
82838
82838
82839
82839
82840
82840
82842
82842
82846
82846
82851
82852
82852
82854
82855
82855
82861
82862
82866
82867
82868
82868
82869
82869
82871
82873
82874
82874
82876
82877
82878
82879
82882
82884
82886
82887
82887
82888
82890
82891
82892
82893
82893
82894
82894
82895
82896
82896
82897
82898
82900
82900
82902
82902
82905
82906
82906
82906
82908
82908
82909
82911
82911
82912
82912
82912
82912
82914
82918
82918
82918
82919
82921
82922
82923
82924
82927
82929
82930
82932
82934
82934
82937
82939
82940
82942
82944
82945
82945
82946
82948
82956
82959
82961
82961
82962
82962
82964
82964
82967
82968
82968
82972
82974
82974
82975
82975
82977
82977
82979
82980
82980
82980
82987
82988
82992
82995
82997
82997
83000
83002
83003
83004
83004
83004
83006
83008
83010
83010
83011
83013
83015
83017
83017
83017
83021
83021
83023
83023
83025
83026
83026
83027
83029
83033
83034
83034
83035
83037
83039
83042
83044
83045
83047
83049
83049
83051
83052
83057
83058
83058
83058
83059
83059
83060
83060
83062
83063
83064
83064
83065
83065
83065
83067
83067
83070
83070
83070
83071
83072
83073
83073
83074
83081
83081
83082
83087
83088
83088
83090
83094
83094
83097
83099
83099
83101
83103
83104
83104
83105
83105
83106
83106
83106
83107
83109
83112
83113
83113
83116
83116
83116
83117
83120
83121
83122
83122
83123
83125
83126
83128
83129
83129
83132
83135
83138
83140
83140
83140
83142
83144
83145
83147
83150
83151
83151
83153
83154
83155
83155
83156
83158
83159
83159
83161
83163
83164
83164
83166
83166
83167
83168
83169
83169
83169
83170
83170
83171
83172
83176
83181
83184
83187
83190
83194
83194
83195
83195
83196
83196
83197
83198
83198
83200
83201
83204
83205
83206
83207
83208
83208
83209
83211
83213
83214
83214
83215
83216
83217
83217
83222
83224
83225
83226
83228
83230
83231
83231
83238
83241
83242
83243
83243
83243
83243
83247
83252
83253
83255
83256
83256
83256
83260
83260
83261
83263
83265
83267
83269
83269
83270
83271
83275
83278
83278
83278
83280
83280
83282
83283
83284
83285
83285
83286
83290
83292
83298
83299
83302
83302
83305
83305
83306
83307
83307
83309
83309
83310
83311
83318
83320
83320
83323
83323
83324
83325
83325
83327
83327
83332
83333
83336
83339
83341
83344
83344
83345
83345
83346
83349
83349
83352
83352
83353
83353
83355
83356
83357
83358
83359
83361
83364
83366
83366
83366
83367
83368
83369
83369
83370
83371
83377
83381
83382
83383
83384
83388
83388
83388
83391
83396
83397
83399
83400
83401
83402
83402
83403
83405
83406
83406
83407
83411
83413
83415
83416
83417
83419
83420
83421
83424
83424
83425
83427
83427
83427
83428
83429
83429
83429
83429
83431
83433
83433
83434
83434
83436
83440
83441
83441
83442
83443
83445
83446
83449
83449
83450
83451
83452
83452
83452
83456
83457
83457
83458
83458
83459
83460
83462
83463
83463
83464
83466
83469
83471
83471
83474
83475
83476
83480
83482
83483
83486
83487
83492
83492
83492
83493
83496
83496
83498
83499
83500
83500
83501
83502
83503
83504
83504
83506
83507
83508
83508
83510
83510
83511
83513
83514
83514
83517
83517
83517
83518
83519
83520
83520
83521
83522
83523
83524
83525
83526
83526
83528
83528
83530
83532
83532
83533
83534
83534
83534
83536
83536
83538
83539
83542
83543
83544
83544
83544
83545
83549
83550
83551
83553
83554
83554
83555
83556
83557
83557
83557
83558
83558
83559
83561
83561
83565
83569
83569
83572
83574
83575
83575
83578
83584
83584
83584
83587
83588
83588
83589
83589
83589
83591
83591
83592
83594
83595
83595
83595
83596
83598
83600
83600
83600
83605
83605
83607
83607
83608
83608
83610
83611
83612
83614
83616
83617
83621
83623
83624
83624
83624
83625
83625
83626
83626
83632
83633
83636
83636
83636
83637
83637
83637
83639
83640
83640
83641
83642
83642
83645
83646
83647
83648
83649
83650
83655
83659
83661
83662
83664
83665
83665
83666
83666
83668
83671
83674
83674
83675
83677
83677
83680
83680
83681
83681
83681
83682
83683
83684
83685
83690
83690
83693
83694
83695
83695
83695
83697
83698
83699
83700
83701
83704
83704
83709
83709
83711
83712
83714
83718
83719
83721
83723
83724
83725
83725
83727
83729
83729
83731
83731
83733
83735
83736
83737
83738
83739
83742
83744
83746
83747
83750
83752
83757
83757
83760
83767
83769
83769
83770
83774
83775
83775
83776
83783
83784
83785
83787
83787
83788
83789
83790
83795
83797
83798
83798
83805
83807
83809
83809
83809
83811
83812
83812
83813
83817
83817
83818
83819
83820
83820
83823
83823
83823
83823
83824
83825
83826
83827
83828
83828
83832
83833
83835
83835
83835
83836
83837
83838
83838
83838
83838
83839
83839
83840
83840
83841
83841
83843
83843
83846
83846
83848
83848
83850
83850
83852
83853
83858
83859
83859
83863
83863
83865
83865
83865
83867
83868
83869
83869
83870
83871
83873
83873
83873
83876
83876
83878
83880
83880
83885
83885
83886
83888
83890
83893
83893
83896
83897
83897
83897
83898
83900
83901
83901
83902
83902
83903
83904
83904
83905
83906
83908
83910
83913
83914
83917
83918
83919
83919
83921
83922
83926
83927
83928
83928
83929
83930
83931
83932
83934
83934
83934
83935
83935
83936
83936
83937
83938
83939
83939
83942
83943
83945
83947
83950
83950
83951
83953
83956
83959
83959
83963
83963
83967
83969
83969
83970
83971
83973
83974
83975
83975
83976
83977
83977
83977
83977
83978
83980
83980
83980
83981
83981
83982
83985
83986
83986
83986
83987
83988
83988
83994
83996
84006
84010
84013
84016
84016
84017
84021
84021
84024
84025
84026
84031
84034
84035
84036
84037
84037
84037
84039
84040
84040
84041
84041
84044
84044
84046
84046
84048
84049
84049
84050
84050
84051
84052
84052
84053
84053
84054
84055
84055
84055
84057
84057
84057
84057
84063
84066
84069
84069
84071
84072
84073
84076
84076
84078
84079
84080
84083
84084
84088
84088
84089
84090
84091
84093
84093
84095
84096
84096
84097
84098
84100
84100
84101
84101
84103
84104
84105
84105
84106
84106
84106
84108
84109
84111
84111
84115
84115
84117
84117
84118
84119
84121
84122
84122
84122
84123
84124
84124
84126
84134
84135
84138
84139
84140
84144
84144
84145
84147
84149
84149
84151
84151
84151
84151
84152
84153
84154
84154
84155
84155
84156
84156
84160
84161
84164
84164
84165
84166
84166
84168
84170
84171
84171
84172
84175
84176
84177
84178
84181
84183
84186
84190
84192
84193
84193
84193
84193
84194
84194
84196
84197
84200
84200
84200
84200
84201
84202
84206
84209
84210
84211
84212
84213
84215
84215
84216
84217
84220
84224
84226
84227
84227
84229
84229
84230
84231
84231
84231
84231
84235
84236
84238
84239
84239
84245
84245
84247
84248
84249
84249
84251
84251
84253
84256
84257
84258
84262
84262
84263
84263
84267
84270
84271
84271
84276
84277
84277
84279
84280
84280
84280
84280
84283
84286
84286
84288
84288
84291
84292
84294
84295
84295
84296
84299
84300
84301
84301
84304
84305
84307
84307
84308
84310
84310
84312
84312
84313
84313
84316
84317
84321
84324
84325
84326
84327
84328
84330
84330
84331
84331
84331
84332
84333
84340
84340
84343
84346
84346
84346
84348
84348
84349
84350
84350
84359
84360
84361
84362
84362
84364
84364
84365
84367
84373
84373
84374
84375
84378
84383
84383
84385
84386
84386
84391
84397
84398
84398
84402
84402
84402
84402
84404
84404
84404
84406
84409
84409
84409
84409
84410
84410
84411
84413
84413
84414
84415
84416
84416
84417
84418
84418
84421
84423
84424
84424
84425
84426
84426
84426
84426
84427
84427
84428
84428
84429
84429
84430
84430
84436
84436
84438
84438
84439
84443
84444
84444
84445
84445
84447
84449
84452
84452
84453
84455
84455
84456
84456
84458
84460
84462
84463
84465
84466
84467
84469
84470
84472
84473
84476
84478
84479
84480
84480
84484
84486
84488
84491
84491
84491
84492
84496
84497
84500
84501
84502
84503
84503
84504
84505
84505
84505
84506
84508
84509
84510
84510
84517
84518
84518
84519
84520
84524
84527
84528
84528
84535
84536
84538
84539
84540
84540
84543
84543
84544
84544
84545
84545
84546
84547
84550
84551
84552
84552
84553
84553
84555
84558
84558
84558
84559
84561
84561
84562
84562
84563
84565
84567
84568
84568
84570
84571
84571
84572
84572
84577
84577
84579
84580
84580
84580
84580
84582
84582
84583
84585
84585
84586
84586
84587
84588
84588
84590
84590
84592
84594
84594
84596
84596
84596
84599
84600
84604
84605
84606
84610
84611
84611
84612
84615
84615
84617
84619
84623
84624
84625
84625
84626
84628
84629
84630
84631
84632
84633
84633
84633
84637
84638
84640
84640
84642
84642
84643
84643
84645
84646
84648
84648
84651
84651
84651
84654
84654
84655
84656
84657
84657
84657
84658
84659
84661
84661
84661
84662
84663
84665
84666
84666
84667
84667
84668
84668
84670
84670
84677
84677
84677
84679
84683
84683
84684
84689
84690
84690
84691
84693
84695
84696
84697
84698
84698
84698
84699
84705
84706
84707
84708
84712
84712
84713
84714
84715
84715
84715
84716
84718
84721
84721
84721
84723
84723
84723
84724
84725
84725
84728
84729
84729
84729
84730
84731
84733
84734
84735
84736
84736
84737
84737
84740
84741
84742
84744
84747
84752
84753
84753
84756
84757
84757
84757
84758
84758
84758
84763
84764
84764
84770
84772
84778
84780
84782
84787
84787
84787
84787
84788
84789
84789
84789
84791
84792
84793
84794
84796
84796
84797
84797
84798
84799
84799
84800
84801
84801
84807
84808
84809
84810
84811
84812
84812
84813
84813
84813
84814
84814
84814
84815
84815
84818
84819
84821
84823
84823
84825
84825
84825
84826
84827
84829
84829
84832
84834
84834
84836
84836
84837
84837
84838
84840
84840
84842
84847
84848
84848
84848
84850
84850
84851
84852
84852
84852
84854
84855
84856
84858
84859
84861
84865
84868
84868
84870
84871
84873
84877
84878
84878
84879
84882
84883
84884
84889
84889
84891
84893
84893
84893
84893
84894
84895
84895
84897
84898
84907
84908
84909
84912
84914
84922
84923
84924
84925
84926
84927
84927
84928
84928
84931
84932
84932
84934
84934
84934
84935
84936
84938
84939
84940
84940
84941
84944
84945
84946
84946
84947
84947
84948
84950
84953
84956
84959
84960
84961
84965
84970
84971
84974
84974
84975
84976
84976
84977
84978
84979
84980
84982
84983
84983
84989
84990
84991
84995
84995
84997
84997
84999
84999
84999
85000
85001
85001
85003
85007
85007
85007
85008
85008
85009
85009
85014
85015
85015
85015
85015
85017
85017
85018
85018
85021
85021
85022
85023
85024
85025
85026
85027
85027
85030
85035
85037
85037
85039
85040
85042
85044
85048
85052
85053
85054
85055
85055
85055
85056
85057
85058
85058
85059
85061
85063
85064
85067
85067
85068
85068
85071
85075
85076
85078
85080
85081
85083
85086
85088
85088
85090
85091
85092
85098
85098
85099
85102
85104
85110
85110
85110
85111
85113
85113
85115
85117
85118
85119
85119
85119
85119
85119
85121
85122
85122
85123
85123
85124
85124
85126
85126
85127
85127
85128
85129
85129
85130
85131
85131
85131
85132
85134
85135
85136
85136
85137
85137
85137
85140
85141
85145
85151
85152
85153
85153
85155
85155
85155
85157
85158
85159
85160
85161
85163
85163
85165
85166
85171
85173
85174
85175
85176
85176
85177
85179
85180
85182
85183
85183
85184
85184
85187
85188
85192
85193
85194
85195
85196
85196
85197
85199
85200
85200
85204
85206
85209
85210
85210
85211
85211
85213
85214
85216
85217
85217
85221
85221
85224
85224
85226
85227
85227
85227
85228
85229
85229
85230
85230
85231
85234
85236
85236
85236
85236
85236
85238
85240
85242
85245
85245
85246
85247
85250
85254
85255
85256
85256
85257
85262
85264
85265
85266
85266
85270
85271
85273
85274
85280
85280
85281
85281
85282
85285
85286
85289
85289
85291
85292
85292
85295
85296
85297
85297
85297
85299
85300
85304
85306
85307
85307
85310
85311
85311
85314
85316
85316
85318
85319
85319
85321
85321
85322
85323
85327
85327
85328
85328
85329
85330
85331
85333
85334
85335
85336
85336
85337
85337
85338
85338
85340
85341
85343
85343
85349
85353
85355
85359
85360
85361
85362
85362
85363
85363
85363
85364
85365
85367
85369
85371
85372
85372
85372
85373
85373
85374
85374
85375
85376
85379
85381
85382
85383
85383
85383
85384
85391
85397
85398
85401
85401
85404
85406
85407
85408
85409
85410
85410
85411
85414
85416
85416
85420
85421
85423
85423
85424
85426
85430
85430
85430
85432
85433
85436
85438
85439
85440
85442
85442
85447
85448
85450
85452
85453
85453
85455
85456
85456
85457
85458
85458
85460
85462
85463
85464
85464
85467
85468
85470
85471
85472
85472
85475
85475
85477
85478
85483
85483
85485
85486
85487
85487
85491
85491
85492
85493
85495
85495
85496
85496
85497
85499
85500
85501
85502
85503
85504
85504
85506
85507
85508
85509
85509
85511
85511
85512
85513
85513
85514
85516
85518
85519
85520
85521
85522
85523
85524
85524
85524
85527
85529
85529
85529
85531
85531
85532
85532
85533
85533
85537
85538
85539
85544
85545
85548
85550
85551
85553
85554
85555
85557
85558
85558
85559
85559
85559
85559
85560
85561
85563
85564
85564
85566
85567
85568
85570
85570
85572
85574
85575
85580
85580
85582
85583
85587
85588
85591
85593
85597
85597
85599
85600
85601
85601
85606
85606
85610
85611
85611
85611
85612
85613
85616
85616
85618
85618
85620
85620
85622
85624
85625
85625
85626
85626
85627
85628
85629
85630
85632
85634
85634
85635
85636
85638
85640
85640
85642
85643
85643
85644
85646
85646
85646
85647
85648
85648
85649
85651
85657
85659
85664
85666
85667
85669
85672
85673
85674
85675
85677
85677
85680
85681
85682
85683
85684
85687
85688
85688
85688
85689
85692
85692
85692
85695
85696
85697
85698
85701
85702
85706
85706
85707
85710
85710
85714
85717
85718
85722
85724
85725
85728
85729
85729
85731
85731
85732
85733
85737
85740
85740
85740
85742
85743
85743
85744
85746
85751
85754
85758
85759
85759
85760
85760
85763
85765
85770
85771
85772
85772
85774
85775
85778
85782
85783
85783
85784
85785
85785
85787
85792
85797
85799
85799
85799
85800
85801
85803
85804
85804
85805
85805
85805
85807
85809
85809
85809
85810
85812
85812
85814
85814
85815
85817
85819
85822
85823
85824
85828
85829
85829
85829
85830
85831
85831
85832
85834
85834
85836
85839
85839
85843
85843
85850
85852
85855
85856
85857
85858
85858
85860
85860
85862
85863
85866
85866
85867
85869
85872
85874
85874
85876
85882
85889
85890
85892
85897
85900
85901
85902
85903
85904
85904
85907
85907
85907
85908
85908
85909
85911
85911
85912
85914
85915
85915
85916
85918
85918
85919
85920
85921
85921
85922
85923
85927
85928
85929
85930
85932
85933
85934
85935
85935
85936
85938
85939
85939
85940
85941
85943
85950
85951
85951
85952
85952
85955
85955
85958
85965
85966
85974
85974
85977
85978
85982
85983
85984
85986
85988
85990
85992
85994
85995
85996
85997
85998
85998
85999
85999
86000
86000
86003
86003
86003
86004
86004
86005
86006
86009
86009
86010
86010
86010
86014
86017
86017
86017
86018
86018
86019
86019
86020
86021
86021
86022
86023
86024
86025
86028
86028
86029
86029
86030
86031
86033
86035
86038
86038
86039
86039
86039
86040
86042
86042
86045
86048
86048
86049
86053
86054
86054
86054
86057
86057
86059
86059
86061
86062
86064
86065
86066
86066
86067
86067
86069
86071
86072
86072
86074
86074
86077
86079
86081
86083
86083
86085
86086
86086
86087
86089
86092
86093
86093
86094
86095
86096
86096
86097
86097
86100
86100
86106
86108
86108
86109
86111
86111
86113
86113
86113
86114
86116
86118
86119
86119
86124
86125
86125
86126
86127
86128
86130
86131
86131
86135
86135
86135
86139
86140
86140
86140
86141
86142
86146
86148
86149
86150
86151
86154
86157
86158
86161
86163
86163
86164
86164
86166
86168
86168
86169
86171
86171
86172
86173
86177
86178
86178
86178
86179
86180
86180
86181
86181
86184
86184
86184
86185
86185
86186
86188
86191
86191
86193
86194
86196
86197
86199
86201
86202
86204
86207
86208
86208
86209
86210
86212
86212
86212
86213
86215
86216
86217
86218
86221
86223
86224
86224
86228
86229
86230
86231
86231
86232
86233
86239
86240
86241
86241
86242
86242
86242
86243
86243
86243
86243
86244
86244
86245
86246
86247
86247
86248
86248
86249
86249
86249
86249
86255
86256
86257
86258
86258
86259
86260
86263
86266
86266
86267
86269
86275
86277
86279
86280
86282
86282
86282
86284
86284
86284
86286
86287
86287
86288
86290
86291
86297
86297
86298
86298
86298
86301
86303
86303
86304
86306
86306
86306
86310
86312
86313
86316
86317
86320
86321
86321
86325
86325
86326
86326
86327
86333
86335
86336
86337
86338
86340
86341
86342
86344
86344
86346
86347
86348
86351
86352
86353
86354
86357
86357
86358
86359
86362
86363
86363
86363
86365
86371
86371
86375
86379
86381
86381
86382
86385
86387
86388
86388
86389
86390
86393
86394
86397
86398
86400
86402
86403
86404
86404
86406
86406
86409
86412
86412
86413
86415
86416
86416
86417
86419
86422
86423
86426
86427
86429
86429
86430
86431
86431
86431
86432
86432
86433
86435
86437
86438
86439
86439
86439
86440
86440
86442
86444
86444
86444
86445
86446
86446
86448
86450
86451
86455
86456
86457
86459
86463
86464
86464
86465
86465
86467
86471
86471
86472
86473
86474
86479
86481
86481
86485
86485
86486
86493
86494
86499
86499
86502
86504
86505
86506
86506
86506
86508
86509
86509
86509
86514
86516
86519
86520
86521
86523
86524
86524
86526
86526
86526
86529
86531
86532
86536
86537
86538
86539
86540
86541
86543
86544
86544
86545
86546
86547
86548
86550
86550
86555
86556
86557
86560
86561
86561
86561
86562
86562
86562
86562
86565
86565
86566
86566
86568
86570
86570
86571
86571
86571
86571
86573
86575
86576
86576
86578
86579
86584
86584
86584
86585
86589
86589
86589
86590
86590
86594
86597
86598
86598
86602
86604
86606
86606
86607
86608
86610
86611
86615
86615
86616
86616
86617
86618
86618
86618
86620
86620
86621
86622
86624
86625
86627
86628
86629
86633
86635
86636
86640
86640
86641
86641
86641
86641
86642
86644
86644
86645
86648
86650
86653
86653
86653
86653
86655
86656
86656
86657
86657
86657
86659
86659
86662
86665
86666
86667
86670
86671
86672
86673
86673
86674
86674
86676
86677
86677
86677
86678
86679
86681
86681
86685
86687
86689
86691
86691
86692
86693
86694
86694
86695
86699
86699
86700
86700
86701
86702
86703
86705
86705
86710
86712
86713
86716
86716
86717
86717
86718
86719
86721
86723
86723
86729
86730
86730
86733
86736
86736
86738
86739
86739
86744
86744
86746
86749
86752
86753
86754
86754
86756
86757
86757
86760
86760
86761
86762
86763
86765
86767
86767
86767
86767
86769
86769
86772
86772
86772
86775
86775
86777
86778
86780
86780
86781
86781
86786
86787
86789
86789
86789
86789
86790
86790
86792
86792
86793
86794
86795
86796
86798
86800
86800
86800
86802
86804
86805
86805
86806
86807
86808
86809
86809
86809
86810
86811
86812
86812
86812
86812
86813
86813
86816
86819
86820
86820
86821
86825
86826
86828
86828
86829
86829
86830
86832
86834
86834
86835
86837
86840
86845
86851
86852
86852
86853
86854
86856
86859
86862
86863
86863
86863
86865
86869
86871
86873
86874
86874
86874
86876
86877
86878
86879
86879
86880
86881
86881
86883
86883
86884
86884
86885
86885
86886
86886
86890
86891
86891
86891
86892
86898
86899
86901
86903
86904
86904
86907
86909
86909
86909
86911
86913
86915
86918
86919
86920
86920
86921
86922
86923
86925
86926
86927
86927
86928
86930
86931
86931
86931
86932
86932
86933
86933
86935
86935
86935
86935
86936
86937
86941
86942
86943
86943
86944
86948
86949
86952
86953
86953
86954
86956
86957
86958
86958
86958
86959
86961
86961
86961
86965
86966
86968
86969
86969
86971
86972
86972
86974
86975
86976
86976
86978
86979
86980
86982
86983
86983
86984
86984
86987
86989
86991
86991
86993
86996
86997
86998
87000
87001
87001
87002
87003
87004
87005
87006
87008
87008
87011
87011
87015
87016
87017
87017
87019
87019
87019
87021
87022
87023
87024
87025
87025
87026
87027
87027
87030
87031
87032
87032
87033
87035
87038
87039
87040
87040
87042
87043
87044
87044
87046
87047
87047
87047
87048
87050
87050
87050
87052
87053
87054
87057
87058
87061
87062
87064
87065
87066
87067
87068
87072
87074
87074
87077
87078
87079
87079
87080
87082
87082
87083
87087
87088
87090
87090
87091
87091
87092
87095
87097
87097
87098
87098
87098
87099
87101
87102
87103
87105
87107
87108
87109
87110
87113
87114
87115
87117
87118
87119
87121
87123
87124
87125
87126
87126
87127
87128
87129
87130
87132
87132
87134
87136
87137
87137
87138
87140
87141
87142
87142
87146
87147
87147
87148
87150
87151
87151
87151
87152
87153
87153
87155
87155
87156
87158
87160
87161
87161
87161
87162
87163
87164
87165
87166
87168
87168
87169
87171
87173
87179
87181
87181
87181
87182
87184
87186
87187
87188
87188
87188
87188
87189
87190
87190
87191
87191
87191
87193
87195
87195
87195
87198
87199
87200
87202
87205
87207
87209
87209
87212
87215
87215
87216
87217
87217
87218
87221
87223
87224
87224
87225
87225
87226
87229
87230
87231
87231
87232
87235
87239
87240
87240
87243
87244
87245
87248
87249
87249
87251
87251
87252
87253
87253
87255
87258
87262
87263
87264
87267
87269
87270
87270
87271
87272
87274
87276
87282
87283
87293
87293
87293
87294
87294
87294
87295
87296
87297
87299
87299
87300
87301
87304
87305
87306
87308
87309
87311
87316
87317
87320
87320
87321
87324
87324
87324
87326
87327
87327
87331
87332
87334
87336
87337
87338
87338
87338
87339
87339
87340
87343
87344
87345
87345
87348
87350
87351
87351
87353
87353
87354
87354
87354
87355
87356
87356
87358
87358
87359
87359
87359
87361
87363
87363
87364
87366
87370
87376
87377
87381
87383
87383
87383
87384
87388
87388
87388
87388
87388
87389
87390
87390
87391
87393
87393
87395
87396
87396
87398
87400
87400
87402
87404
87405
87406
87407
87407
87408
87410
87410
87410
87411
87411
87412
87412
87413
87414
87420
87422
87423
87423
87423
87425
87427
87429
87433
87433
87433
87433
87434
87434
87436
87437
87439
87440
87443
87445
87446
87447
87447
87447
87448
87449
87449
87449
87455
87459
87459
87462
87464
87464
87467
87472
87474
87476
87476
87476
87481
87484
87487
87487
87489
87490
87490
87492
87492
87493
87496
87496
87497
87497
87497
87502
87505
87505
87507
87510
87511
87512
87513
87513
87514
87515
87517
87517
87517
87519
87521
87522
87523
87524
87524
87524
87524
87525
87525
87526
87526
87526
87527
87528
87529
87530
87532
87533
87534
87537
87537
87539
87539
87539
87540
87540
87544
87544
87545
87545
87546
87546
87549
87550
87550
87552
87553
87554
87555
87555
87556
87557
87559
87562
87563
87563
87563
87564
87564
87565
87565
87567
87569
87574
87576
87577
87577
87579
87579
87580
87580
87581
87582
87583
87584
87587
87590
87593
87595
87597
87598
87600
87606
87610
87611
87616
87616
87617
87617
87618
87619
87624
87632
87635
87636
87637
87637
87640
87641
87642
87643
87644
87647
87647
87649
87652
87654
87654
87654
87655
87656
87656
87659
87660
87660
87661
87663
87665
87665
87665
87667
87669
87671
87672
87672
87674
87674
87677
87678
87682
87683
87683
87686
87687
87687
87690
87691
87691
87694
87697
87698
87699
87702
87702
87704
87706
87707
87708
87711
87711
87713
87717
87717
87719
87724
87725
87727
87731
87731
87732
87732
87737
87739
87739
87741
87741
87742
87743
87744
87745
87747
87748
87748
87749
87750
87752
87755
87757
87760
87762
87762
87762
87763
87765
87765
87765
87766
87766
87767
87771
87771
87772
87773
87773
87774
87777
87778
87779
87779
87782
87782
87783
87784
87785
87785
87787
87788
87788
87788
87789
87791
87791
87792
87793
87793
87794
87794
87795
87796
87797
87799
87800
87803
87803
87804
87805
87806
87808
87808
87809
87810
87811
87811
87812
87813
87816
87816
87816
87821
87822
87823
87828
87829
87831
87831
87832
87832
87834
87834
87836
87836
87840
87841
87841
87842
87843
87844
87844
87845
87848
87849
87853
87855
87858
87860
87861
87862
87865
87865
87866
87866
87867
87868
87870
87870
87871
87874
87875
87877
87881
87882
87883
87886
87886
87886
87887
87889
87889
87889
87890
87890
87891
87891
87896
87896
87898
87905
87905
87905
87905
87909
87912
87915
87915
87917
87918
87918
87919
87921
87922
87922
87925
87926
87926
87926
87926
87927
87928
87928
87929
87929
87930
87933
87934
87938
87939
87939
87940
87941
87942
87942
87943
87948
87949
87950
87953
87953
87954
87955
87955
87955
87955
87955
87956
87957
87961
87964
87969
87970
87971
87971
87975
87976
87976
87976
87976
87978
87979
87981
87981
87982
87983
87984
87984
87987
87988
87988
87990
87992
87993
87993
87994
87996
87997
87999
88003
88005
88008
88010
88011
88011
88012
88013
88013
88014
88015
88017
88018
88023
88023
88024
88027
88028
88032
88034
88035
88037
88037
88037
88037
88038
88039
88039
88040
88041
88041
88042
88044
88044
88045
88046
88046
88047
88048
88049
88049
88050
88051
88052
88053
88053
88054
88054
88054
88055
88056
88056
88059
88060
88060
88060
88060
88061
88062
88063
88068
88070
88070
88072
88074
88075
88075
88075
88076
88076
88077
88079
88081
88082
88083
88084
88084
88086
88086
88088
88090
88094
88094
88095
88097
88097
88098
88099
88100
88101
88105
88106
88106
88108
88109
88112
88113
88117
88118
88118
88118
88118
88119
88120
88123
88126
88133
88134
88136
88137
88138
88139
88140
88143
88145
88147
88147
88148
88149
88152
88158
88158
88159
88159
88160
88162
88163
88163
88163
88166
88167
88168
88169
88169
88170
88170
88173
88173
88174
88175
88176
88176
88177
88178
88178
88179
88179
88180
88180
88183
88184
88184
88187
88188
88190
88196
88197
88197
88197
88199
88200
88203
88203
88204
88204
88209
88209
88211
88212
88212
88213
88214
88215
88219
88222
88222
88223
88223
88225
88226
88227
88227
88229
88232
88233
88235
88238
88238
88239
88243
88243
88246
88247
88248
88248
88251
88252
88253
88253
88254
88255
88258
88260
88261
88267
88267
88268
88269
88270
88270
88272
88273
88274
88276
88277
88278
88278
88279
88280
88281
88281
88284
88288
88289
88290
88290
88291
88291
88292
88292
88295
88296
88296
88299
88299
88299
88301
88303
88303
88303
88306
88306
88306
88308
88309
88311
88311
88317
88319
88320
88320
88320
88322
88322
88325
88326
88326
88326
88327
88327
88328
88328
88330
88332
88333
88333
88334
88336
88337
88338
88343
88345
88346
88347
88348
88350
88351
88351
88352
88353
88359
88359
88360
88361
88363
88363
88364
88366
88366
88367
88369
88370
88371
88371
88372
88372
88372
88372
88372
88374
88377
88377
88381
88382
88386
88386
88386
88388
88389
88389
88389
88389
88395
88396
88398
88398
88400
88401
88402
88405
88408
88410
88413
88414
88414
88417
88417
88417
88418
88420
88421
88422
88423
88426
88427
88432
88432
88433
88433
88435
88439
88439
88440
88441
88441
88442
88442
88442
88442
88443
88444
88445
88446
88446
88448
88449
88450
88452
88454
88454
88454
88455
88456
88457
88461
88465
88465
88465
88466
88470
88470
88470
88471
88472
88473
88474
88477
88477
88477
88477
88479
88480
88481
88481
88482
88484
88484
88485
88487
88487
88488
88489
88491
88492
88493
88494
88495
88498
88499
88500
88502
88503
88503
88504
88505
88505
88507
88508
88509
88510
88510
88510
88510
88511
88512
88513
88514
88516
88518
88518
88520
88523
88527
88529
88529
88529
88530
88534
88536
88538
88538
88539
88540
88541
88543
88545
88547
88552
88553
88555
88556
88557
88560
88560
88564
88565
88568
88568
88568
88569
88570
88574
88576
88576
88577
88579
88580
88582
88582
88583
88585
88586
88587
88587
88588
88589
88593
88593
88594
88595
88595
88595
88600
88601
88605
88607
88616
88617
88617
88619
88621
88621
88622
88623
88623
88623
88624
88626
88627
88628
88628
88633
88634
88634
88634
88635
88636
88637
88638
88641
88642
88643
88644
88647
88651
88652
88653
88653
88655
88656
88656
88658
88658
88660
88662
88663
88665
88666
88666
88666
88668
88669
88670
88670
88670
88672
88673
88676
88679
88679
88680
88681
88683
88685
88687
88688
88690
88690
88692
88693
88693
88694
88696
88697
88698
88698
88698
88700
88701
88702
88704
88704
88705
88707
88708
88708
88709
88709
88710
88710
88712
88712
88714
88715
88715
88718
88720
88727
88727
88728
88730
88730
88733
88733
88734
88734
88735
88735
88736
88738
88739
88741
88741
88743
88743
88745
88745
88746
88748
88749
88749
88751
88752
88753
88755
88756
88756
88756
88756
88757
88757
88758
88758
88758
88760
88761
88761
88764
88765
88765
88765
88766
88769
88769
88771
88771
88773
88775
88776
88777
88777
88777
88778
88778
88779
88782
88782
88783
88783
88786
88788
88789
88790
88792
88794
88796
88797
88797
88799
88801
88801
88802
88802
88803
88803
88804
88805
88807
88808
88812
88814
88814
88815
88819
88821
88821
88823
88823
88824
88825
88825
88826
88826
88827
88827
88827
88827
88827
88830
88835
88836
88842
88842
88843
88846
88852
88856
88857
88861
88862
88863
88864
88864
88868
88870
88871
88871
88877
88882
88884
88884
88886
88887
88887
88889
88889
88891
88892
88894
88894
88895
88896
88898
88898
88898
88898
88898
88898
88898
88900
88901
88902
88902
88902
88903
88903
88904
88909
88910
88911
88912
88913
88915
88915
88918
88921
88924
88924
88925
88925
88930
88930
88930
88930
88936
88937
88940
88940
88940
88941
88944
88944
88950
88953
88955
88955
88961
88962
88963
88964
88966
88966
88974
88976
88978
88978
88979
88980
88982
88984
88986
88987
88988
88989
88989
88990
88991
88997
88997
88999
89003
89005
89007
89009
89011
89014
89014
89016
89016
89017
89019
89019
89026
89026
89027
89029
89029
89031
89032
89032
89032
89032
89033
89034
89036
89037
89037
89039
89043
89043
89044
89044
89045
89046
89046
89048
89048
89050
89053
89054
89055
89055
89056
89060
89061
89062
89062
89063
89068
89075
89075
89076
89076
89077
89078
89078
89082
89082
89085
89086
89086
89086
89087
89092
89093
89093
89093
89093
89094
89095
89096
89098
89098
89099
89099
89101
89102
89106
89110
89110
89110
89111
89114
89116
89116
89117
89118
89121
89125
89127
89131
89133
89135
89138
89138
89139
89139
89141
89143
89145
89145
89145
89146
89146
89149
89152
89153
89153
89153
89154
89155
89155
89156
89156
89159
89162
89163
89163
89164
89165
89165
89169
89171
89172
89172
89173
89174
89174
89175
89178
89178
89181
89182
89182
89183
89185
89187
89191
89192
89197
89197
89198
89199
89199
89201
89203
89206
89206
89207
89208
89213
89213
89215
89216
89216
89218
89219
89221
89224
89224
89225
89225
89227
89228
89229
89230
89231
89232
89233
89240
89240
89242
89243
89245
89246
89248
89249
89249
89250
89251
89254
89258
89259
89261
89263
89265
89267
89269
89270
89275
89275
89278
89284
89286
89288
89288
89292
89294
89298
89299
89299
89301
89302
89307
89307
89307
89308
89309
89309
89310
89311
89311
89312
89312
89312
89313
89313
89313
89313
89314
89315
89316
89317
89317
89319
89320
89321
89321
89323
89323
89324
89324
89332
89335
89338
89338
89339
89339
89342
89342
89344
89344
89344
89349
89349
89351
89354
89355
89355
89355
89358
89358
89358
89358
89359
89360
89362
89363
89364
89364
89365
89366
89367
89367
89368
89368
89371
89372
89372
89376
89377
89377
89378
89379
89379
89380
89381
89383
89383
89387
89388
89391
89391
89394
89394
89395
89396
89397
89397
89400
89400
89402
89404
89407
89410
89414
89414
89418
89419
89419
89420
89424
89424
89424
89425
89425
89426
89426
89430
89431
89432
89435
89436
89437
89440
89440
89441
89442
89447
89452
89452
89453
89453
89454
89455
89455
89457
89463
89464
89466
89469
89469
89469
89470
89472
89472
89475
89475
89476
89477
89478
89479
89479
89480
89481
89482
89484
89485
89485
89486
89487
89489
89490
89491
89491
89491
89493
89494
89494
89494
89497
89497
89498
89498
89499
89499
89502
89502
89503
89505
89506
89507
89510
89513
89515
89515
89515
89517
89518
89518
89523
89525
89526
89526
89527
89529
89529
89532
89533
89537
89537
89538
89539
89539
89540
89541
89541
89542
89545
89546
89546
89546
89548
89549
89550
89552
89552
89558
89561
89562
89564
89565
89565
89566
89567
89571
89572
89573
89574
89575
89577
89577
89578
89578
89584
89585
89586
89588
89592
89593
89596
89597
89598
89598
89599
89600
89601
89602
89604
89604
89605
89606
89608
89611
89612
89615
89616
89617
89617
89619
89620
89620
89621
89624
89624
89625
89628
89633
89636
89636
89639
89642
89644
89646
89648
89648
89649
89651
89651
89653
89653
89653
89654
89655
89657
89657
89659
89660
89660
89661
89662
89665
89666
89669
89669
89671
89672
89673
89673
89673
89673
89675
89679
89679
89680
89680
89683
89684
89684
89685
89686
89686
89686
89688
89688
89688
89688
89690
89691
89692
89692
89692
89692
89694
89695
89695
89697
89700
89700
89701
89701
89701
89703
89705
89705
89706
89707
89707
89709
89710
89710
89714
89715
89715
89716
89716
89716
89718
89718
89720
89721
89723
89723
89725
89725
89725
89727
89727
89729
89733
89739
89739
89739
89741
89741
89742
89742
89744
89748
89748
89750
89753
89755
89757
89757
89758
89759
89760
89762
89763
89763
89764
89764
89767
89768
89769
89775
89776
89777
89777
89779
89779
89781
89781
89782
89785
89788
89788
89789
89789
89790
89790
89791
89794
89797
89799
89801
89802
89803
89803
89805
89807
89811
89814
89816
89821
89822
89822
89824
89824
89825
89827
89828
89829
89830
89830
89831
89832
89833
89834
89834
89834
89835
89835
89836
89837
89837
89838
89838
89838
89842
89842
89843
89843
89847
89848
89848
89849
89849
89850
89852
89852
89854
89855
89857
89858
89860
89861
89862
89862
89863
89863
89866
89867
89867
89868
89870
89871
89873
89877
89877
89878
89878
89880
89883
89883
89888
89889
89889
89891
89892
89892
89892
89895
89895
89897
89897
89897
89898
89899
89900
89900
89904
89905
89905
89906
89907
89908
89909
89910
89910
89911
89911
89912
89913
89914
89915
89917
89918
89919
89919
89920
89922
89923
89925
89928
89929
89930
89931
89932
89935
89935
89937
89937
89938
89939
89942
89944
89947
89951
89953
89953
89955
89956
89956
89957
89959
89960
89961
89962
89963
89965
89968
89968
89969
89970
89972
89973
89976
89978
89978
89978
89979
89980
89980
89981
89982
89984
89987
89988
89989
89991
89993
89993
89994
89996
89997
90001
90003
90004
90004
90005
90005
90006
90009
90009
90010
90013
90014
90015
90015
90016
90016
90016
90019
90019
90020
90020
90023
90024
90024
90024
90025
90025
90027
90032
90033
90037
90037
90038
90039
90039
90040
90041
90043
90044
90045
90045
90046
90047
90048
90048
90051
90053
90053
90054
90055
90055
90057
90060
90060
90061
90062
90064
90064
90066
90067
90068
90068
90072
90075
90076
90077
90078
90083
90084
90086
90088
90090
90091
90098
90101
90103
90104
90104
90105
90106
90108
90112
90115
90115
90116
90117
90117
90117
90119
90119
90120
90124
90125
90125
90125
90126
90130
90132
90136
90137
90137
90138
90139
90140
90141
90142
90142
90143
90144
90145
90145
90145
90146
90147
90147
90148
90149
90158
90159
90161
90164
90164
90170
90177
90178
90178
90178
90182
90184
90187
90188
90194
90194
90194
90194
90196
90197
90198
90198
90200
90200
90202
90202
90202
90202
90204
90204
90206
90207
90207
90209
90210
90212
90215
90215
90215
90215
90216
90217
90218
90220
90222
90225
90228
90229
90229
90230
90230
90232
90234
90235
90236
90237
90239
90239
90239
90241
90243
90244
90244
90246
90246
90248
90248
90250
90251
90252
90254
90256
90256
90256
90256
90259
90260
90267
90270
90270
90271
90272
90272
90273
90275
90275
90275
90276
90277
90277
90277
90277
90280
90284
90284
90285
90286
90287
90289
90289
90289
90290
90291
90292
90295
90296
90296
90296
90299
90300
90302
90305
90305
90305
90305
90305
90306
90307
90308
90308
90312
90313
90313
90314
90314
90315
90316
90317
90317
90319
90319
90321
90324
90325
90326
90328
90330
90332
90333
90333
90334
90335
90337
90337
90345
90349
90350
90353
90353
90353
90357
90359
90362
90362
90364
90364
90366
90367
90367
90368
90370
90370
90371
90372
90372
90373
90374
90381
90382
90382
90383
90384
90386
90387
90387
90389
90393
90398
90398
90399
90400
90400
90402
90404
90405
90406
90408
90410
90414
90415
90415
90416
90419
90419
90422
90425
90427
90428
90430
90432
90432
90433
90437
90440
90441
90444
90444
90444
90446
90446
90448
90451
90451
90451
90452
90453
90455
90455
90455
90457
90457
90460
90460
90462
90464
90469
90470
90470
90471
90472
90478
90480
90480
90481
90482
90485
90486
90490
90493
90494
90494
90495
90496
90497
90498
90498
90499
90499
90500
90500
90500
90501
90502
90502
90504
90505
90506
90507
90509
90510
90511
90511
90513
90513
90514
90515
90515
90517
90519
90519
90520
90520
90522
90522
90523
90523
90523
90524
90524
90525
90527
90527
90527
90528
90529
90530
90530
90531
90532
90533
90533
90534
90534
90536
90539
90541
90542
90544
90546
90547
90548
90549
90549
90550
90550
90553
90553
90553
90554
90555
90556
90557
90557
90560
90560
90560
90562
90564
90564
90565
90565
90565
90567
90569
90570
90571
90572
90573
90575
90575
90576
90576
90577
90579
90582
90583
90584
90586
90586
90589
90590
90590
90593
90595
90596
90597
90597
90598
90599
90601
90606
90607
90607
90610
90611
90611
90612
90612
90612
90613
90615
90617
90619
90619
90622
90622
90624
90625
90626
90626
90626
90626
90629
90629
90630
90631
90632
90632
90633
90636
90636
90637
90639
90640
90641
90647
90647
90649
90651
90654
90657
90658
90658
90659
90659
90659
90660
90660
90660
90662
90662
90663
90664
90665
90666
90669
90670
90670
90670
90674
90674
90675
90675
90676
90677
90677
90678
90678
90678
90679
90681
90681
90681
90683
90684
90686
90686
90687
90688
90690
90692
90696
90697
90698
90699
90700
90701
90702
90703
90704
90706
90710
90711
90712
90713
90714
90716
90717
90718
90719
90720
90722
90722
90724
90724
90725
90726
90726
90727
90729
90731
90733
90733
90734
90734
90734
90734
90734
90737
90738
90738
90740
90741
90742
90742
90743
90743
90744
90744
90747
90748
90748
90750
90751
90751
90753
90755
90756
90756
90757
90760
90760
90761
90763
90764
90765
90767
90767
90767
90767
90770
90770
90771
90771
90771
90771
90772
90772
90772
90773
90774
90774
90774
90775
90777
90777
90779
90781
90784
90784
90786
90788
90788
90790
90791
90795
90799
90800
90805
90805
90808
90808
90811
90812
90815
90815
90816
90819
90820
90822
90822
90822
90823
90824
90826
90827
90827
90827
90829
90829
90831
90831
90832
90832
90836
90836
90838
90840
90842
90842
90842
90842
90843
90843
90845
90848
90850
90850
90857
90858
90859
90860
90860
90861
90862
90863
90865
90865
90867
90868
90869
90870
90871
90871
90873
90874
90875
90876
90877
90878
90881
90884
90884
90888
90891
90892
90893
90893
90898
90899
90899
90899
90900
90902
90904
90904
90905
90906
90906
90908
90908
90909
90910
90910
90911
90914
90915
90916
90916
90917
90920
90922
90923
90924
90924
90925
90925
90927
90928
90929
90930
90932
90933
90936
90938
90938
90939
90939
90941
90942
90942
90945
90946
90948
90948
90948
90949
90950
90952
90955
90958
90962
90962
90965
90965
90966
90967
90967
90967
90969
90969
90973
90974
90976
90976
90979
90979
90980
90982
90982
90984
90984
90985
90985
90988
90989
90989
90989
90990
90990
90991
90991
90992
90993
90994
90994
90995
90995
90997
91002
91002
91002
91004
91007
91007
91008
91010
91012
91013
91013
91014
91015
91016
91017
91021
91021
91023
91024
91030
91030
91031
91031
91033
91033
91034
91034
91036
91044
91046
91048
91050
91050
91051
91051
91052
91053
91054
91054
91055
91058
91058
91059
91059
91062
91064
91070
91071
91074
91076
91078
91079
91080
91081
91083
91083
91085
91086
91086
91089
91090
91091
91094
91096
91100
91104
91105
91106
91107
91108
91111
91113
91114
91116
91117
91118
91118
91121
91122
91122
91124
91125
91125
91130
91131
91132
91133
91134
91137
91138
91139
91139
91140
91142
91143
91143
91143
91144
91145
91146
91146
91147
91148
91149
91150
91150
91152
91153
91157
91160
91161
91165
91167
91170
91171
91172
91177
91178
91180
91181
91182
91184
91187
91187
91189
91190
91191
91192
91193
91193
91194
91194
91195
91196
91196
91198
91199
91201
91203
91205
91205
91205
91206
91207
91210
91213
91219
91222
91223
91224
91224
91226
91227
91228
91229
91233
91234
91235
91235
91237
91237
91239
91241
91242
91242
91245
91246
91247
91249
91251
91255
91256
91258
91269
91270
91270
91272
91272
91272
91273
91273
91274
91276
91277
91281
91282
91283
91284
91284
91285
91288
91289
91289
91289
91289
91291
91296
91296
91297
91299
91300
91300
91301
91302
91305
91306
91307
91309
91309
91310
91313
91313
91313
91314
91318
91318
91326
91327
91327
91328
91329
91330
91331
91334
91336
91338
91341
91343
91344
91344
91347
91350
91350
91353
91356
91356
91357
91357
91361
91362
91362
91366
91366
91366
91366
91370
91374
91375
91379
91379
91384
91384
91385
91389
91389
91392
91394
91399
91400
91400
91400
91400
91403
91406
91409
91409
91410
91410
91411
91411
91411
91411
91412
91414
91414
91414
91415
91415
91415
91418
91419
91423
91425
91425
91425
91430
91435
91436
91437
91438
91439
91441
91442
91446
91447
91447
91448
91449
91451
91452
91453
91453
91453
91454
91455
91455
91457
91457
91458
91460
91461
91465
91466
91466
91467
91467
91467
91467
91467
91468
91469
91470
91472
91473
91473
91476
91478
91478
91482
91483
91485
91487
91489
91491
91491
91492
91495
91495
91496
91497
91497
91500
91500
91501
91501
91501
91505
91505
91506
91507
91507
91509
91511
91512
91514
91515
91516
91517
91517
91518
91520
91521
91521
91521
91523
91523
91524
91526
91527
91528
91529
91531
91533
91534
91541
91542
91543
91544
91544
91545
91546
91547
91547
91548
91552
91554
91556
91557
91557
91558
91559
91559
91560
91563
91565
91565
91568
91570
91570
91571
91572
91574
91575
91578
91578
91578
91579
91579
91580
91580
91580
91581
91581
91581
91582
91583
91585
91587
91587
91591
91593
91594
91597
91598
91598
91599
91599
91602
91603
91606
91607
91607
91609
91610
91610
91613
91617
91618
91619
91620
91621
91621
91622
91623
91623
91623
91624
91629
91629
91630
91632
91633
91633
91633
91639
91639
91641
91641
91645
91645
91646
91647
91648
91648
91651
91652
91654
91654
91656
91657
91660
91660
91661
91665
91666
91667
91668
91668
91669
91670
91671
91674
91677
91677
91677
91679
91679
91683
91684
91684
91684
91686
91687
91692
91693
91693
91695
91696
91697
91697
91698
91698
91699
91700
91701
91702
91702
91706
91706
91706
91706
91709
91710
91712
91713
91713
91715
91715
91720
91722
91723
91724
91727
91728
91730
91732
91733
91734
91734
91735
91736
91736
91737
91738
91738
91744
91746
91748
91749
91749
91750
91752
91755
91755
91756
91757
91759
91759
91760
91761
91761
91762
91763
91764
91764
91766
91768
91770
91770
91770
91771
91773
91775
91777
91781
91783
91785
91785
91786
91788
91790
91790
91792
91793
91793
91795
91800
91803
91805
91805
91806
91807
91807
91807
91815
91815
91815
91816
91817
91818
91819
91822
91822
91823
91824
91824
91826
91829
91830
91832
91833
91834
91838
91838
91840
91840
91846
91846
91850
91850
91852
91853
91859
91863
91864
91866
91866
91869
91870
91873
91875
91875
91884
91884
91886
91886
91888
91893
91893
91893
91893
91894
91895
91898
91899
91902
91905
91907
91909
91910
91914
91915
91915
91916
91919
91921
91922
91923
91923
91924
91926
91926
91927
91928
91928
91928
91933
91934
91934
91936
91938
91938
91938
91939
91939
91939
91940
91941
91943
91943
91945
91945
91947
91950
91952
91953
91957
91959
91959
91960
91962
91965
91968
91968
91968
91972
91972
91977
91977
91980
91981
91981
91982
91982
91983
91984
91985
91985
91988
91989
91990
91992
91993
91995
91995
91995
91998
92000
92001
92004
92006
92006
92008
92009
92011
92011
92011
92012
92015
92017
92019
92021
92022
92023
92023
92029
92030
92030
92031
92031
92032
92034
92036
92037
92037
92037
92041
92042
92044
92045
92045
92046
92048
92048
92050
92053
92053
92054
92055
92055
92056
92057
92058
92058
92059
92059
92059
92062
92064
92064
92075
92076
92080
92080
92080
92081
92082
92083
92083
92083
92084
92085
92085
92085
92085
92087
92089
92090
92090
92097
92097
92097
92099
92100
92101
92103
92104
92106
92108
92108
92108
92109
92110
92111
92112
92113
92114
92114
92114
92115
92117
92120
92120
92121
92121
92122
92123
92124
92124
92127
92127
92130
92132
92132
92132
92133
92133
92137
92138
92138
92138
92139
92140
92143
92147
92151
92156
92159
92160
92161
92162
92162
92163
92164
92166
92167
92169
92169
92170
92171
92173
92175
92175
92179
92183
92184
92185
92187
92188
92188
92189
92190
92191
92191
92193
92195
92196
92196
92196
92197
92197
92198
92198
92202
92203
92207
92208
92208
92215
92215
92217
92217
92218
92220
92225
92230
92230
92231
92231
92236
92237
92239
92239
92241
92243
92244
92244
92246
92246
92247
92252
92253
92253
92256
92259
92260
92260
92261
92262
92262
92263
92263
92266
92267
92267
92267
92271
92272
92273
92276
92277
92277
92277
92278
92278
92279
92280
92280
92281
92282
92283
92283
92283
92287
92288
92288
92291
92292
92293
92293
92294
92295
92296
92296
92296
92297
92299
92300
92300
92302
92303
92304
92306
92308
92309
92309
92313
92313
92314
92314
92316
92317
92321
92323
92324
92324
92327
92328
92329
92329
92330
92333
92333
92334
92334
92340
92342
92342
92343
92348
92349
92349
92354
92355
92356
92359
92359
92360
92361
92362
92364
92365
92365
92365
92367
92373
92376
92377
92378
92380
92381
92381
92382
92382
92385
92388
92388
92389
92390
92392
92393
92393
92394
92396
92398
92398
92400
92404
92405
92408
92409
92411
92411
92414
92415
92415
92417
92419
92422
92424
92428
92430
92431
92431
92432
92433
92434
92436
92436
92439
92440
92441
92442
92442
92444
92444
92444
92447
92449
92450
92451
92452
92452
92453
92454
92454
92455
92455
92456
92460
92463
92466
92466
92466
92467
92467
92469
92470
92471
92471
92473
92474
92474
92477
92478
92479
92479
92482
92482
92483
92483
92485
92488
92489
92492
92493
92494
92495
92497
92497
92497
92498
92502
92503
92505
92505
92507
92509
92509
92510
92512
92514
92516
92516
92517
92517
92518
92518
92519
92521
92521
92524
92529
92531
92533
92535
92538
92540
92543
92543
92544
92549
92549
92550
92551
92553
92553
92554
92554
92555
92556
92556
92556
92557
92561
92565
92567
92568
92570
92573
92573
92574
92580
92580
92580
92582
92585
92585
92586
92587
92587
92587
92592
92593
92593
92593
92594
92594
92595
92596
92596
92596
92596
92598
92602
92604
92604
92605
92608
92608
92608
92611
92612
92612
92612
92616
92616
92617
92617
92618
92620
92623
92623
92624
92625
92627
92627
92630
92631
92632
92635
92636
92636
92636
92640
92641
92645
92646
92646
92648
92650
92651
92651
92658
92660
92660
92661
92661
92662
92663
92663
92663
92666
92668
92670
92673
92677
92678
92679
92681
92681
92682
92683
92683
92684
92686
92687
92693
92693
92695
92696
92696
92697
92697
92698
92698
92698
92700
92700
92702
92705
92705
92706
92706
92706
92708
92709
92713
92713
92714
92714
92715
92715
92718
92718
92718
92720
92722
92723
92726
92726
92727
92732
92733
92736
92738
92740
92741
92741
92742
92742
92742
92745
92745
92748
92750
92753
92758
92759
92765
92767
92767
92768
92770
92771
92777
92777
92777
92779
92783
92783
92784
92788
92788
92790
92793
92794
92795
92797
92798
92800
92802
92803
92803
92804
92807
92809
92810
92810
92812
92813
92815
92815
92816
92816
92816
92818
92818
92821
92823
92824
92827
92827
92828
92828
92828
92828
92832
92832
92833
92833
92833
92834
92834
92836
92836
92837
92838
92838
92842
92843
92845
92845
92849
92851
92852
92854
92854
92855
92856
92857
92857
92858
92859
92859
92861
92862
92863
92863
92865
92866
92867
92868
92869
92870
92871
92872
92874
92874
92874
92874
92877
92878
92880
92881
92882
92882
92882
92883
92889
92889
92891
92893
92896
92899
92900
92900
92905
92907
92907
92908
92909
92909
92909
92910
92910
92911
92911
92913
92913
92913
92914
92915
92915
92915
92916
92919
92920
92922
92922
92925
92925
92926
92926
92927
92930
92930
92933
92935
92935
92939
92941
92941
92943
92943
92944
92945
92946
92947
92948
92948
92948
92951
92954
92954
92956
92956
92959
92960
92962
92963
92963
92965
92968
92968
92970
92970
92971
92974
92977
92980
92981
92981
92983
92983
92984
92985
92986
92988
92989
92990
92990
92991
92994
92997
92999
93002
93003
93004
93004
93005
93005
93006
93007
93010
93011
93011
93011
93014
93015
93017
93018
93021
93022
93023
93024
93024
93026
93026
93026
93029
93031
93033
93037
93037
93038
93038
93039
93041
93042
93042
93046
93047
93048
93048
93050
93051
93051
93055
93058
93058
93059
93059
93060
93061
93063
93065
93065
93065
93069
93070
93070
93072
93072
93073
93074
93078
93080
93081
93082
93086
93086
93086
93086
93089
93089
93091
93092
93094
93096
93097
93098
93099
93101
93102
93103
93104
93105
93108
93109
93109
93109
93110
93115
93115
93115
93116
93116
93117
93124
93124
93125
93125
93126
93126
93126
93127
93128
93129
93130
93131
93133
93133
93135
93137
93138
93140
93142
93142
93143
93144
93145
93147
93147
93148
93153
93154
93154
93155
93155
93156
93157
93162
93166
93169
93170
93171
93172
93173
93174
93176
93179
93180
93180
93180
93180
93181
93181
93181
93182
93183
93184
93184
93185
93187
93188
93188
93188
93188
93190
93190
93192
93195
93198
93198
93198
93199
93200
93201
93206
93206
93206
93207
93207
93207
93208
93208
93210
93211
93212
93213
93213
93214
93215
93216
93216
93217
93218
93219
93219
93225
93227
93228
93228
93229
93231
93233
93233
93235
93238
93238
93239
93241
93241
93242
93243
93245
93247
93249
93250
93251
93252
93253
93253
93254
93256
93257
93258
93258
93258
93260
93262
93267
93268
93269
93269
93269
93270
93272
93272
93274
93275
93275
93276
93278
93278
93279
93279
93279
93280
93283
93283
93283
93291
93292
93293
93293
93295
93296
93298
93299
93299
93300
93301
93302
93305
93309
93312
93314
93315
93318
93318
93321
93321
93323
93323
93325
93325
93326
93330
93338
93338
93342
93343
93343
93346
93349
93351
93351
93352
93355
93357
93358
93360
93361
93361
93361
93362
93366
93369
93370
93370
93370
93371
93371
93372
93374
93375
93375
93377
93378
93379
93381
93381
93382
93383
93383
93384
93386
93388
93391
93391
93391
93391
93392
93392
93392
93393
93393
93395
93395
93397
93397
93398
93398
93399
93399
93401
93403
93405
93406
93408
93410
93410
93413
93414
93414
93415
93415
93417
93417
93419
93420
93420
93425
93427
93429
93429
93429
93430
93430
93431
93431
93431
93432
93433
93434
93434
93435
93440
93441
93443
93444
93445
93446
93447
93448
93450
93452
93454
93455
93456
93456
93458
93459
93459
93460
93461
93462
93465
93466
93466
93468
93468
93470
93470
93472
93474
93475
93475
93477
93480
93480
93480
93482
93484
93484
93487
93488
93491
93491
93497
93497
93498
93499
93504
93506
93507
93508
93510
93510
93513
93514
93516
93517
93518
93519
93520
93520
93521
93522
93524
93524
93525
93527
93527
93528
93529
93530
93530
93533
93533
93535
93536
93538
93539
93539
93541
93541
93544
93546
93547
93549
93550
93551
93552
93553
93554
93555
93557
93559
93559
93559
93559
93560
93560
93561
93561
93563
93563
93565
93566
93567
93568
93570
93571
93573
93574
93574
93575
93575
93575
93578
93578
93579
93581
93581
93582
93582
93583
93583
93583
93584
93586
93587
93587
93593
93596
93596
93598
93599
93600
93603
93608
93608
93608
93609
93610
93610
93610
93610
93611
93611
93612
93613
93614
93616
93621
93621
93621
93622
93627
93628
93631
93631
93632
93633
93635
93635
93636
93639
93639
93640
93640
93645
93646
93647
93650
93652
93653
93656
93659
93660
93661
93663
93663
93664
93666
93667
93667
93668
93669
93669
93670
93678
93680
93681
93682
93684
93685
93686
93687
93687
93691
93691
93691
93694
93697
93703
93704
93707
93707
93712
93715
93717
93718
93719
93719
93720
93722
93724
93726
93727
93727
93732
93732
93732
93734
93735
93736
93737
93737
93741
93744
93745
93745
93746
93747
93747
93747
93748
93749
93751
93753
93756
93756
93757
93758
93758
93763
93764
93765
93766
93767
93767
93767
93769
93769
93772
93774
93777
93780
93780
93780
93782
93783
93784
93784
93784
93785
93785
93786
93786
93786
93787
93788
93791
93791
93791
93792
93793
93795
93796
93798
93799
93799
93799
93800
93801
93805
93806
93807
93807
93808
93810
93811
93811
93816
93816
93817
93819
93819
93819
93821
93821
93822
93824
93824
93826
93827
93828
93829
93829
93835
93836
93840
93840
93842
93843
93849
93851
93855
93857
93858
93860
93860
93861
93862
93863
93864
93865
93872
93874
93878
93879
93880
93880
93880
93882
93884
93886
93889
93890
93890
93891
93892
93895
93897
93897
93898
93898
93900
93902
93903
93903
93907
93909
93912
93914
93914
93914
93914
93915
93916
93917
93919
93919
93921
93926
93934
93934
93934
93935
93935
93941
93942
93942
93945
93945
93946
93948
93952
93953
93954
93955
93958
93959
93959
93960
93962
93962
93963
93968
93969
93970
93970
93972
93973
93974
93975
93975
93978
93979
93979
93982
93982
93983
93984
93984
93986
93986
93987
93987
93987
93990
93992
93993
93998
93998
94000
94001
94005
94005
94005
94011
94014
94015
94016
94019
94021
94024
94025
94025
94025
94025
94026
94026
94026
94028
94030
94030
94032
94033
94033
94033
94035
94040
94040
94041
94042
94044
94044
94044
94047
94047
94047
94049
94053
94056
94059
94060
94060
94062
94063
94064
94067
94067
94068
94068
94070
94070
94070
94074
94074
94075
94077
94082
94082
94083
94083
94085
94087
94087
94089
94089
94092
94094
94094
94095
94095
94096
94097
94099
94100
94103
94105
94107
94107
94109
94111
94116
94116
94117
94119
94119
94122
94124
94126
94127
94130
94130
94132
94134
94134
94135
94137
94138
94138
94138
94140
94141
94142
94142
94145
94145
94145
94145
94147
94148
94149
94152
94152
94154
94161
94162
94162
94164
94165
94166
94167
94169
94170
94171
94179
94180
94181
94181
94182
94182
94184
94186
94188
94188
94190
94190
94191
94196
94201
94203
94204
94204
94206
94206
94207
94210
94213
94215
94215
94215
94216
94216
94218
94219
94220
94221
94222
94224
94226
94227
94228
94228
94229
94230
94232
94233
94233
94233
94234
94234
94234
94234
94235
94237
94238
94238
94238
94238
94239
94239
94240
94240
94240
94242
94242
94242
94243
94244
94247
94248
94250
94252
94253
94254
94255
94256
94257
94261
94263
94263
94265
94266
94270
94273
94275
94277
94278
94278
94279
94279
94279
94285
94286
94288
94289
94291
94291
94292
94293
94293
94293
94295
94295
94296
94297
94297
94299
94299
94299
94299
94300
94301
94301
94302
94303
94304
94310
94312
94314
94314
94314
94315
94317
94321
94323
94324
94324
94327
94328
94329
94331
94331
94333
94333
94334
94337
94339
94339
94339
94342
94344
94347
94348
94349
94351
94351
94351
94351
94354
94355
94357
94357
94358
94358
94359
94360
94360
94363
94364
94364
94364
94365
94368
94371
94371
94372
94372
94373
94377
94378
94383
94386
94391
94393
94393
94394
94394
94397
94402
94402
94403
94405
94406
94407
94407
94409
94410
94410
94412
94413
94414
94416
94417
94418
94419
94420
94428
94428
94429
94432
94432
94433
94436
94437
94438
94443
94444
94445
94445
94445
94449
94450
94451
94451
94451
94454
94456
94456
94457
94460
94461
94461
94462
94462
94462
94463
94463
94465
94466
94467
94467
94467
94470
94470
94472
94474
94479
94480
94482
94484
94484
94485
94485
94486
94488
94488
94488
94489
94490
94490
94498
94499
94499
94502
94502
94503
94505
94511
94511
94511
94512
94514
94514
94515
94518
94518
94520
94527
94527
94527
94527
94531
94531
94532
94535
94538
94538
94539
94541
94541
94541
94542
94543
94545
94547
94549
94550
94554
94555
94557
94557
94558
94560
94560
94561
94563
94565
94565
94565
94566
94567
94571
94572
94573
94573
94573
94573
94575
94579
94581
94583
94586
94586
94587
94588
94591
94592
94593
94594
94596
94597
94600
94601
94603
94605
94606
94606
94607
94609
94611
94611
94611
94613
94613
94613
94614
94615
94619
94621
94622
94622
94622
94624
94625
94625
94626
94630
94630
94632
94632
94634
94637
94638
94640
94646
94648
94650
94650
94652
94655
94655
94657
94657
94658
94661
94671
94672
94673
94674
94675
94676
94676
94677
94678
94679
94683
94683
94687
94692
94695
94696
94697
94697
94697
94698
94700
94702
94702
94704
94707
94707
94710
94715
94715
94716
94716
94722
94724
94727
94727
94728
94730
94731
94733
94735
94737
94738
94739
94742
94743
94744
94744
94744
94746
94746
94746
94746
94747
94750
94752
94753
94755
94756
94759
94762
94762
94762
94762
94765
94767
94767
94768
94769
94770
94771
94773
94776
94777
94778
94781
94781
94782
94783
94784
94784
94787
94787
94790
94790
94792
94795
94796
94798
94799
94800
94800
94800
94800
94801
94802
94802
94804
94805
94805
94805
94807
94808
94809
94809
94813
94816
94817
94817
94817
94819
94819
94819
94819
94820
94821
94822
94825
94827
94829
94829
94831
94831
94832
94833
94833
94834
94835
94837
94838
94839
94840
94840
94840
94842
94842
94846
94848
94851
94851
94854
94856
94859
94860
94860
94861
94863
94863
94864
94865
94867
94869
94869
94870
94870
94870
94871
94872
94873
94877
94879
94880
94880
94881
94882
94882
94883
94884
94884
94888
94890
94893
94896
94896
94897
94902
94907
94908
94910
94913
94914
94914
94916
94916
94919
94921
94923
94927
94928
94929
94929
94929
94930
94930
94933
94935
94935
94935
94935
94935
94938
94939
94940
94940
94941
94942
94943
94944
94946
94946
94947
94948
94949
94951
94952
94953
94953
94957
94958
94960
94960
94960
94961
94965
94968
94968
94970
94970
94971
94972
94972
94973
94976
94979
94980
94980
94982
94983
94984
94985
94987
94987
94988
94988
94989
94989
94992
94994
94994
94998
94999
95002
95002
95003
95003
95004
95005
95006
95006
95007
95010
95011
95015
95015
95017
95020
95020
95022
95023
95025
95026
95026
95029
95030
95031
95032
95037
95037
95038
95038
95038
95039
95041
95042
95043
95046
95048
95049
95049
95049
95050
95050
95051
95054
95054
95054
95055
95057
95057
95060
95060
95062
95062
95063
95063
95063
95063
95064
95064
95064
95065
95066
95066
95070
95072
95073
95074
95075
95075
95075
95077
95077
95079
95080
95081
95082
95082
95083
95085
95086
95089
95090
95091
95093
95095
95096
95099
95100
95100
95100
95102
95106
95107
95109
95111
95112
95114
95114
95115
95116
95117
95117
95117
95118
95118
95121
95121
95121
95123
95123
95125
95126
95127
95129
95132
95133
95136
95136
95137
95141
95141
95142
95142
95143
95143
95143
95145
95146
95146
95149
95149
95151
95153
95156
95157
95160
95162
95163
95164
95165
95165
95165
95167
95167
95171
95172
95173
95175
95176
95176
95179
95181
95181
95185
95185
95186
95193
95194
95200
95201
95206
95207
95211
95212
95213
95215
95215
95215
95216
95217
95217
95217
95220
95220
95220
95221
95222
95222
95225
95233
95234
95235
95236
95239
95240
95242
95244
95245
95246
95247
95247
95247
95247
95252
95253
95253
95255
95256
95256
95257
95258
95262
95262
95263
95263
95263
95266
95267
95268
95269
95269
95271
95272
95273
95273
95273
95275
95277
95278
95281
95282
95282
95284
95284
95285
95287
95287
95288
95288
95291
95292
95292
95293
95293
95293
95294
95294
95298
95300
95301
95302
95303
95303
95304
95304
95304
95305
95305
95306
95308
95308
95311
95313
95313
95315
95317
95319
95320
95324
95324
95325
95325
95328
95329
95335
95338
95339
95341
95341
95342
95343
95343
95344
95349
95350
95350
95353
95354
95354
95354
95355
95355
95358
95360
95360
95361
95363
95363
95366
95367
95367
95372
95372
95372
95375
95375
95376
95376
95377
95378
95378
95380
95381
95381
95382
95382
95385
95385
95386
95386
95388
95391
95391
95393
95394
95395
95395
95396
95397
95398
95399
95399
95399
95401
95402
95402
95402
95403
95404
95404
95405
95407
95408
95408
95408
95409
95409
95412
95412
95414
95414
95414
95414
95415
95416
95417
95418
95419
95421
95421
95422
95422
95422
95422
95423
95423
95423
95423
95424
95426
95426
95429
95430
95432
95432
95433
95433
95433
95434
95439
95441
95441
95443
95443
95443
95444
95446
95446
95447
95447
95449
95450
95455
95456
95457
95458
95460
95464
95469
95469
95470
95470
95472
95472
95474
95475
95475
95478
95478
95480
95481
95481
95490
95491
95491
95495
95496
95497
95498
95498
95498
95498
95498
95499
95500
95501
95502
95503
95503
95503
95504
95505
95508
95509
95510
95511
95513
95513
95514
95515
95517
95522
95522
95523
95524
95527
95528
95530
95532
95533
95533
95534
95535
95535
95537
95538
95540
95541
95541
95544
95545
95546
95548
95549
95553
95555
95556
95556
95557
95558
95560
95562
95563
95565
95567
95570
95570
95570
95572
95573
95573
95574
95575
95575
95575
95578
95578
95578
95579
95579
95580
95581
95581
95582
95583
95583
95584
95585
95587
95591
95591
95592
95595
95595
95598
95599
95599
95606
95610
95610
95610
95610
95611
95612
95612
95612
95614
95614
95615
95615
95618
95618
95619
95621
95621
95622
95626
95626
95626
95627
95628
95629
95630
95633
95633
95633
95635
95638
95638
95641
95641
95642
95644
95647
95649
95651
95651
95651
95652
95652
95653
95655
95656
95657
95657
95659
95659
95659
95666
95667
95669
95670
95672
95675
95676
95676
95676
95678
95679
95679
95679
95681
95683
95684
95684
95686
95689
95689
95690
95690
95692
95698
95700
95704
95706
95706
95708
95709
95709
95710
95712
95714
95714
95714
95714
95716
95720
95723
95724
95724
95728
95729
95731
95731
95733
95735
95738
95739
95740
95743
95743
95745
95749
95750
95750
95751
95751
95752
95756
95757
95757
95758
95758
95758
95760
95761
95763
95764
95764
95765
95766
95768
95768
95768
95768
95771
95772
95773
95774
95774
95775
95776
95776
95778
95780
95780
95784
95785
95786
95786
95789
95789
95790
95792
95796
95798
95798
95803
95803
95803
95806
95806
95809
95812
95817
95819
95821
95821
95825
95827
95828
95829
95829
95829
95832
95838
95838
95840
95842
95842
95842
95843
95844
95846
95846
95851
95852
95853
95855
95857
95860
95861
95861
95861
95862
95864
95864
95866
95872
95872
95873
95874
95875
95877
95877
95878
95878
95880
95882
95884
95884
95884
95886
95887
95890
95890
95890
95890
95896
95897
95897
95899
95909
95910
95910
95910
95911
95913
95918
95918
95920
95920
95923
95926
95929
95930
95931
95931
95933
95935
95936
95939
95941
95942
95943
95944
95947
95947
95947
95948
95949
95950
95950
95950
95952
95956
95956
95957
95961
95961
95963
95963
95964
95964
95966
95966
95969
95969
95969
95970
95972
95973
95976
95978
95979
95979
95979
95979
95981
95982
95982
95983
95986
95986
95988
95988
95990
95991
95991
95992
95994
95995
95997
96000
96001
96003
96004
96004
96005
96006
96011
96011
96013
96016
96016
96021
96024
96025
96026
96028
96028
96029
96031
96031
96033
96033
96034
96035
96036
96037
96038
96042
96042
96044
96047
96048
96048
96049
96051
96052
96052
96053
96055
96058
96061
96061
96062
96062
96063
96064
96064
96067
96070
96071
96074
96076
96078
96084
96085
96087
96090
96092
96092
96093
96096
96099
96101
96104
96104
96105
96106
96107
96107
96107
96107
96109
96109
96109
96110
96111
96111
96114
96114
96114
96116
96122
96122
96122
96123
96125
96125
96126
96128
96128
96129
96130
96132
96135
96137
96138
96138
96142
96143
96144
96146
96148
96149
96154
96155
96160
96160
96162
96163
96164
96168
96169
96171
96174
96178
96178
96179
96182
96183
96183
96184
96190
96190
96190
96191
96191
96195
96195
96199
96200
96202
96204
96204
96207
96207
96209
96213
96214
96214
96215
96216
96218
96219
96219
96220
96222
96222
96223
96226
96226
96226
96227
96228
96228
96229
96229
96229
96231
96233
96234
96234
96234
96235
96237
96237
96239
96240
96241
96242
96244
96245
96247
96247
96248
96249
96249
96251
96251
96252
96252
96255
96255
96255
96257
96263
96265
96265
96266
96270
96271
96273
96274
96275
96276
96278
96280
96281
96285
96285
96287
96288
96292
96293
96294
96296
96296
96296
96296
96296
96296
96297
96298
96303
96304
96307
96307
96310
96313
96314
96315
96316
96317
96317
96319
96320
96320
96321
96323
96324
96325
96328
96329
96329
96333
96341
96341
96342
96343
96343
96343
96344
96346
96346
96348
96350
96351
96351
96351
96352
96353
96354
96355
96355
96355
96357
96357
96359
96359
96360
96360
96360
96361
96364
96366
96368
96369
96369
96376
96377
96378
96379
96380
96381
96381
96381
96384
96387
96388
96389
96390
96390
96391
96391
96392
96393
96398
96399
96399
96399
96401
96403
96403
96407
96407
96407
96407
96408
96409
96411
96411
96412
96413
96414
96415
96417
96418
96419
96420
96422
96423
96424
96424
96424
96426
96429
96429
96431
96433
96433
96434
96434
96434
96435
96436
96437
96439
96439
96441
96443
96443
96444
96445
96446
96447
96447
96448
96448
96450
96450
96451
96451
96452
96453
96455
96456
96457
96458
96459
96462
96462
96462
96462
96463
96465
96465
96468
96470
96473
96475
96475
96475
96475
96476
96478
96478
96479
96481
96482
96484
96491
96491
96492
96494
96501
96505
96505
96508
96508
96508
96510
96510
96512
96513
96514
96518
96518
96518
96520
96520
96521
96524
96525
96525
96526
96526
96528
96528
96529
96533
96534
96535
96535
96535
96535
96535
96535
96536
96538
96539
96539
96539
96540
96541
96542
96542
96548
96550
96551
96554
96554
96554
96554
96555
96556
96558
96563
96566
96567
96567
96569
96570
96570
96570
96572
96573
96576
96577
96579
96581
96581
96583
96584
96585
96586
96588
96590
96591
96596
96596
96596
96601
96604
96604
96605
96607
96608
96609
96614
96615
96619
96620
96622
96622
96625
96626
96628
96629
96630
96630
96634
96637
96639
96643
96644
96645
96645
96646
96646
96649
96654
96654
96655
96655
96659
96661
96662
96662
96663
96663
96666
96666
96667
96667
96668
96672
96675
96677
96678
96678
96678
96680
96680
96680
96683
96684
96684
96685
96689
96690
96692
96695
96698
96700
96701
96703
96705
96708
96708
96710
96712
96715
96716
96719
96719
96721
96722
96722
96725
96725
96725
96725
96726
96728
96728
96729
96730
96730
96730
96733
96734
96734
96734
96736
96737
96739
96739
96741
96744
96746
96746
96748
96749
96750
96753
96755
96757
96760
96760
96761
96763
96764
96764
96769
96769
96770
96774
96774
96775
96775
96775
96777
96777
96778
96780
96781
96781
96786
96787
96790
96790
96791
96791
96792
96794
96794
96795
96796
96799
96800
96801
96802
96802
96802
96805
96806
96808
96812
96812
96812
96813
96816
96816
96817
96817
96818
96819
96819
96820
96821
96823
96823
96824
96825
96829
96830
96832
96833
96837
96841
96844
96845
96846
96846
96849
96850
96857
96857
96857
96859
96861
96864
96866
96867
96869
96870
96871
96872
96872
96872
96872
96875
96877
96880
96880
96882
96885
96886
96888
96891
96894
96896
96898
96900
96901
96903
96903
96904
96905
96906
96909
96910
96918
96919
96919
96923
96924
96928
96929
96929
96929
96932
96932
96937
96938
96944
96944
96944
96946
96946
96948
96950
96951
96952
96952
96952
96953
96955
96955
96956
96957
96960
96962
96964
96964
96965
96965
96968
96968
96969
96969
96970
96971
96971
96973
96975
96979
96982
96984
96987
96989
96990
96991
96991
96992
96994
96995
96995
96997
96997
96998
96999
96999
97000
97000
97002
97002
97002
97003
97006
97007
97008
97008
97008
97008
97013
97013
97015
97017
97018
97022
97022
97025
97026
97026
97028
97028
97034
97035
97040
97042
97044
97044
97045
97046
97050
97055
97057
97058
97062
97064
97065
97070
97071
97072
97073
97073
97075
97082
97084
97085
97087
97087
97089
97090
97097
97098
97100
97100
97101
97104
97106
97106
97107
97107
97107
97109
97109
97112
97115
97115
97118
97119
97120
97124
97125
97125
97125
97126
97127
97128
97129
97131
97136
97137
97138
97139
97139
97139
97140
97140
97141
97141
97141
97143
97144
97144
97147
97147
97148
97148
97148
97148
97150
97150
97151
97152
97153
97156
97158
97162
97163
97165
97165
97168
97168
97169
97171
97174
97176
97176
97180
97180
97181
97182
97182
97183
97184
97184
97184
97185
97186
97186
97187
97188
97189
97192
97192
97193
97194
97195
97196
97197
97199
97200
97200
97203
97204
97205
97205
97205
97210
97212
97212
97214
97214
97214
97216
97217
97218
97218
97221
97222
97223
97224
97228
97229
97229
97232
97232
97233
97238
97239
97240
97240
97240
97241
97246
97248
97249
97250
97254
97254
97257
97257
97257
97257
97262
97263
97265
97269
97269
97271
97272
97274
97275
97276
97277
97277
97278
97278
97284
97284
97284
97285
97287
97288
97288
97289
97291
97293
97299
97300
97300
97300
97300
97301
97305
97307
97309
97311
97314
97318
97318
97321
97322
97323
97323
97323
97324
97324
97325
97326
97329
97330
97331
97332
97333
97334
97334
97335
97335
97337
97339
97339
97340
97342
97345
97345
97346
97348
97350
97350
97351
97353
97353
97353
97354
97356
97358
97358
97358
97360
97362
97362
97366
97368
97369
97369
97371
97371
97372
97376
97378
97379
97380
97382
97384
97384
97385
97386
97386
97390
97390
97391
97392
97394
97395
97399
97400
97401
97402
97402
97406
97406
97406
97409
97409
97411
97412
97413
97414
97414
97414
97415
97416
97417
97417
97417
97420
97421
97422
97423
97427
97428
97429
97432
97435
97436
97436
97443
97443
97444
97444
97444
97445
97445
97446
97447
97450
97450
97452
97453
97454
97455
97458
97459
97460
97460
97462
97464
97466
97466
97467
97470
97470
97471
97472
97474
97475
97476
97476
97478
97480
97480
97481
97482
97482
97482
97483
97484
97485
97485
97486
97488
97489
97490
97490
97491
97492
97492
97493
97495
97495
97495
97496
97497
97497
97498
97498
97502
97503
97503
97503
97507
97509
97510
97510
97511
97512
97516
97516
97524
97525
97527
97528
97531
97533
97533
97533
97534
97535
97535
97537
97537
97537
97537
97537
97538
97542
97544
97544
97547
97550
97552
97557
97558
97560
97561
97561
97565
97566
97568
97570
97571
97571
97573
97573
97573
97574
97574
97579
97579
97579
97583
97584
97585
97588
97590
97592
97592
97592
97594
97596
97597
97598
97599
97599
97600
97602
97602
97603
97603
97603
97605
97606
97608
97608
97609
97610
97610
97610
97611
97611
97613
97615
97616
97618
97621
97623
97625
97627
97627
97627
97627
97627
97630
97630
97630
97630
97631
97635
97635
97636
97636
97636
97637
97639
97642
97646
97646
97646
97647
97648
97650
97651
97652
97652
97652
97653
97656
97662
97662
97662
97663
97664
97664
97666
97666
97668
97668
97671
97671
97673
97674
97675
97676
97676
97678
97680
97684
97687
97688
97691
97692
97694
97695
97695
97695
97698
97698
97698
97699
97703
97705
97707
97707
97708
97710
97712
97714
97715
97717
97717
97717
97718
97719
97720
97723
97725
97726
97729
97730
97731
97732
97732
97732
97734
97734
97734
97734
97736
97737
97738
97741
97743
97744
97744
97744
97746
97746
97746
97746
97748
97751
97751
97753
97755
97755
97757
97758
97759
97762
97764
97766
97766
97767
97767
97769
97769
97770
97771
97774
97777
97781
97785
97785
97786
97786
97786
97787
97788
97788
97790
97791
97792
97793
97794
97794
97795
97795
97795
97799
97800
97800
97805
97806
97806
97806
97807
97811
97811
97814
97818
97819
97819
97819
97821
97822
97822
97822
97824
97825
97826
97826
97832
97834
97836
97839
97839
97840
97841
97844
97845
97845
97846
97847
97853
97853
97859
97860
97860
97860
97861
97862
97866
97868
97872
97873
97875
97877
97879
97883
97883
97884
97884
97887
97889
97890
97894
97895
97895
97896
97898
97899
97901
97902
97902
97902
97903
97904
97906
97906
97906
97906
97907
97907
97909
97910
97912
97914
97915
97915
97915
97916
97917
97921
97922
97924
97924
97926
97927
97927
97933
97935
97936
97938
97945
97945
97945
97948
97950
97951
97954
97955
97957
97961
97962
97963
97965
97965
97966
97966
97969
97969
97973
97976
97977
97977
97980
97982
97986
97986
97989
97990
97991
97992
97993
97993
97993
97996
97996
97997
97997
97997
97998
97998
97999
98000
98001
98002
98004
98004
98005
98008
98008
98009
98009
98009
98014
98015
98015
98017
98022
98023
98026
98028
98028
98030
98033
98034
98036
98037
98043
98044
98044
98046
98048
98049
98050
98050
98051
98051
98051
98051
98052
98052
98054
98054
98056
98057
98060
98062
98062
98064
98071
98073
98073
98074
98080
98081
98082
98084
98085
98086
98087
98087
98087
98089
98089
98090
98092
98092
98093
98093
98094
98097
98097
98099
98099
98100
98100
98102
98103
98104
98105
98107
98107
98109
98118
98119
98119
98131
98133
98135
98136
98141
98144
98146
98146
98146
98146
98147
98147
98149
98154
98154
98156
98158
98158
98159
98160
98160
98160
98160
98161
98162
98163
98163
98163
98166
98167
98169
98169
98169
98172
98172
98173
98174
98175
98175
98176
98177
98177
98179
98181
98182
98183
98184
98184
98185
98185
98186
98187
98188
98190
98191
98193
98194
98196
98197
98197
98200
98202
98203
98203
98204
98205
98207
98208
98210
98211
98211
98211
98211
98213
98214
98215
98216
98217
98218
98221
98223
98223
98223
98223
98226
98227
98228
98229
98230
98230
98232
98233
98234
98234
98237
98239
98240
98240
98241
98242
98242
98242
98242
98244
98245
98245
98246
98249
98249
98249
98250
98250
98251
98251
98255
98256
98256
98257
98257
98260
98263
98266
98269
98270
98271
98272
98272
98273
98276
98285
98288
98290
98291
98295
98296
98300
98301
98302
98304
98305
98307
98307
98308
98309
98309
98309
98310
98310
98312
98313
98316
98316
98317
98317
98321
98322
98322
98323
98325
98326
98326
98332
98333
98333
98334
98335
98337
98337
98341
98342
98343
98344
98346
98346
98347
98349
98351
98351
98352
98354
98355
98356
98357
98358
98359
98362
98362
98362
98363
98363
98366
98369
98372
98372
98372
98373
98373
98373
98374
98375
98376
98378
98378
98380
98381
98387
98390
98392
98392
98396
98397
98398
98399
98402
98403
98404
98405
98406
98407
98407
98407
98409
98410
98411
98414
98417
98420
98421
98422
98423
98423
98425
98426
98429
98430
98430
98432
98432
98435
98436
98437
98438
98439
98440
98441
98443
98444
98445
98447
98448
98450
98451
98454
98457
98458
98459
98459
98461
98461
98462
98463
98463
98465
98467
98467
98467
98468
98469
98469
98469
98471
98471
98474
98477
98477
98481
98481
98481
98482
98483
98484
98485
98485
98488
98488
98489
98489
98489
98490
98490
98491
98492
98492
98493
98493
98495
98495
98497
98501
98501
98502
98502
98503
98504
98506
98506
98507
98508
98508
98508
98508
98509
98511
98516
98516
98518
98519
98519
98520
98521
98522
98522
98522
98522
98523
98524
98527
98529
98533
98534
98542
98546
98549
98550
98551
98551
98553
98554
98555
98557
98559
98560
98564
98564
98566
98567
98570
98574
98576
98577
98582
98583
98584
98584
98584
98584
98585
98585
98589
98590
98591
98591
98592
98598
98599
98599
98600
98600
98600
98600
98601
98601
98603
98607
98607
98607
98608
98610
98612
98612
98615
98617
98617
98622
98622
98626
98628
98631
98631
98633
98634
98634
98636
98637
98638
98640
98640
98640
98641
98645
98647
98650
98652
98652
98653
98653
98654
98655
98655
98656
98657
98659
98661
98662
98662
98662
98663
98667
98668
98668
98671
98674
98675
98676
98676
98679
98679
98681
98683
98683
98684
98685
98685
98687
98688
98688
98688
98689
98690
98690
98693
98696
98699
98699
98700
98704
98706
98707
98707
98708
98711
98711
98711
98712
98714
98718
98718
98719
98719
98720
98720
98723
98725
98728
98728
98730
98730
98733
98733
98734
98734
98734
98735
98735
98736
98737
98737
98739
98740
98741
98743
98747
98747
98748
98754
98754
98755
98756
98757
98757
98757
98760
98767
98767
98768
98768
98770
98770
98772
98773
98774
98775
98775
98776
98777
98778
98780
98781
98782
98782
98783
98783
98792
98793
98795
98795
98797
98798
98799
98799
98799
98802
98802
98802
98804
98804
98805
98806
98806
98807
98807
98811
98814
98814
98816
98818
98818
98820
98821
98821
98823
98824
98824
98827
98827
98827
98828
98828
98829
98830
98830
98830
98831
98833
98834
98835
98835
98836
98836
98837
98838
98838
98840
98844
98845
98848
98848
98849
98850
98853
98854
98855
98855
98857
98858
98860
98860
98864
98864
98865
98871
98871
98873
98874
98875
98876
98876
98878
98878
98880
98880
98880
98881
98883
98884
98884
98884
98885
98885
98886
98886
98888
98888
98889
98889
98889
98892
98893
98896
98897
98898
98900
98902
98904
98905
98906
98908
98908
98909
98910
98913
98913
98913
98914
98918
98920
98921
98923
98924
98924
98927
98929
98933
98935
98935
98936
98937
98942
98942
98943
98944
98944
98945
98946
98947
98954
98956
98957
98957
98957
98958
98961
98961
98962
98963
98964
98964
98965
98966
98968
98969
98969
98970
98970
98971
98972
98976
98976
98977
98978
98978
98981
98981
98981
98985
98987
98987
98987
98989
98989
98990
98990
98994
98996
98999
99002
99002
99003
99005
99005
99008
99011
99012
99012
99012
99013
99013
99016
99018
99018
99019
99019
99020
99022
99023
99024
99026
99030
99032
99032
99034
99034
99035
99039
99040
99041
99042
99042
99044
99044
99046
99046
99050
99051
99053
99054
99055
99055
99056
99056
99057
99058
99058
99059
99060
99060
99063
99063
99066
99069
99071
99073
99075
99077
99078
99079
99080
99082
99083
99084
99085
99086
99086
99086
99087
99087
99089
99089
99090
99090
99091
99097
99097
99097
99098
99098
99098
99099
99099
99099
99103
99103
99106
99107
99109
99113
99113
99115
99115
99116
99117
99118
99122
99125
99126
99130
99134
99134
99135
99135
99136
99137
99138
99139
99141
99142
99143
99144
99145
99149
99149
99151
99152
99155
99157
99158
99158
99160
99161
99161
99164
99165
99167
99168
99170
99170
99172
99173
99174
99174
99175
99177
99180
99180
99180
99181
99182
99188
99192
99192
99194
99195
99195
99195
99196
99201
99201
99203
99204
99206
99207
99207
99210
99210
99211
99213
99214
99215
99216
99216
99216
99217
99219
99220
99220
99221
99222
99222
99223
99223
99224
99226
99226
99227
99227
99228
99229
99230
99231
99233
99233
99233
99237
99238
99238
99238
99240
99241
99242
99243
99244
99247
99247
99250
99250
99250
99251
99252
99252
99253
99254
99254
99255
99256
99262
99262
99267
99268
99269
99270
99271
99271
99273
99273
99273
99275
99276
99279
99280
99284
99286
99287
99288
99288
99290
99290
99291
99291
99291
99291
99292
99292
99293
99296
99299
99299
99302
99302
99303
99305
99306
99306
99308
99308
99309
99310
99317
99318
99321
99321
99321
99322
99322
99325
99325
99325
99325
99326
99327
99329
99330
99333
99333
99335
99338
99338
99339
99339
99343
99343
99346
99346
99346
99348
99349
99349
99350
99353
99354
99354
99354
99357
99358
99360
99362
99364
99365
99365
99368
99372
99372
99378
99381
99381
99384
99387
99389
99390
99391
99391
99399
99400
99401
99403
99404
99404
99405
99405
99407
99408
99409
99410
99410
99411
99414
99417
99420
99422
99424
99424
99424
99424
99425
99425
99425
99427
99428
99430
99430
99430
99432
99433
99435
99436
99436
99437
99437
99440
99442
99443
99444
99445
99446
99447
99449
99450
99450
99453
99453
99454
99457
99457
99459
99461
99461
99464
99464
99467
99467
99468
99468
99469
99469
99469
99471
99472
99474
99475
99478
99478
99480
99482
99484
99485
99491
99492
99493
99493
99495
99495
99496
99497
99498
99498
99498
99500
99501
99503
99506
99509
99509
99511
99512
99512
99513
99513
99513
99514
99515
99515
99516
99516
99517
99521
99521
99521
99522
99523
99523
99524
99527
99527
99527
99528
99529
99530
99532
99534
99536
99536
99540
99542
99544
99545
99545
99547
99549
99549
99549
99550
99550
99552
99553
99553
99553
99553
99555
99555
99556
99559
99561
99561
99564
99565
99566
99569
99569
99569
99569
99571
99571
99572
99573
99573
99575
99578
99580
99581
99583
99584
99586
99587
99589
99592
99593
99594
99600
99601
99603
99603
99605
99606
99607
99609
99611
99614
99614
99615
99616
99617
99617
99620
99621
99622
99625
99626
99626
99627
99630
99631
99631
99632
99633
99633
99634
99642
99642
99643
99643
99644
99645
99645
99646
99648
99649
99650
99654
99656
99658
99660
99664
99666
99667
99667
99668
99670
99670
99670
99671
99672
99672
99673
99674
99675
99675
99676
99680
99682
99683
99684
99684
99686
99686
99686
99688
99688
99691
99693
99694
99695
99699
99701
99701
99703
99704
99705
99705
99705
99707
99709
99711
99712
99712
99715
99716
99716
99716
99717
99718
99720
99721
99721
99725
99727
99727
99727
99728
99728
99729
99731
99731
99731
99734
99736
99736
99737
99737
99737
99737
99740
99742
99743
99745
99747
99750
99750
99751
99753
99754
99757
99758
99758
99758
99759
99762
99764
99764
99765
99768
99769
99769
99772
99774
99774
99774
99775
99775
99776
99778
99779
99781
99782
99782
99785
99786
99786
99787
99789
99791
99791
99792
99794
99795
99795
99796
99796
99798
99798
99799
99800
99802
99803
99803
99807
99807
99812
99812
99812
99814
99815
99817
99817
99819
99821
99823
99824
99827
99828
99829
99829
99833
99834
99836
99836
99838
99839
99841
99842
99842
99843
99844
99844
99845
99845
99845
99846
99848
99850
99850
99853
99853
99853
99853
99854
99855
99857
99857
99860
99862
99863
99863
99864
99865
99867
99869
99873
99875
99879
99879
99880
99880
99880
99880
99883
99883
99884
99885
99887
99887
99889
99893
99895
99895
99896
99897
99899
99900
99900
99901
99902
99904
99905
99905
99906
99906
99906
99907
99908
99908
99911
99912
99914
99914
99916
99916
99917
99918
99918
99918
99918
99920
99921
99921
99922
99922
99923
99924
99924
99925
99932
99932
99932
99934
99934
99935
99936
99936
99938
99940
99941
99942
99943
99944
99944
99945
99947
99947
99949
99951
99953
99953
99955
99956
99956
99956
99957
99957
99957
99957
99959
99960
99960
99962
99962
99962
99964
99965
99969
99969
99970
99976
99977
99978
99978
99978
99980
99981
99982
99983
99984
99986
99988
99989
99989
99990
99991
99991
99991
99993
99994
99995
99997
99998
99999
99999
99999
999
