1
4
4
4
5
7
7
10
10
10
12
13
13
16
17
18
19
22
22
26
29
32
33
33
34
35
36
36
36
37
37
38
38
42
42
44
45
45
46
46
48
52
52
55
56
57
59
60
61
61
62
65
65
70
70
71
72
73
74
75
76
77
79
79
81
81
82
86
86
87
89
91
92
93
93
95
97
99
99
99
100
100
101
101
103
103
106
106
112
112
113
113
115
116
118
118
120
122
123
124
129
131
131
132
133
135
135
136
136
138
138
139
140
143
144
144
148
149
151
151
152
158
160
160
163
165
165
165
165
166
166
169
170
170
171
171
171
173
176
177
177
180
180
181
182
183
183
183
185
186
187
188
189
190
192
192
193
194
194
195
196
204
205
208
210
210
212
212
213
214
214
215
216
216
216
217
219
219
220
223
224
227
230
233
233
235
235
236
236
237
238
239
242
242
245
246
247
247
250
251
252
252
252
253
255
255
257
259
266
267
269
271
274
274
275
279
279
280
282
283
284
285
287
287
288
289
289
289
290
290
291
294
297
300
301
302
302
302
302
304
305
305
311
311
313
314
314
315
315
318
318
319
319
319
321
323
326
327
328
331
333
334
336
337
339
340
340
340
340
340
341
344
344
345
346
347
347
347
347
350
353
353
356
357
358
358
360
361
361
361
368
370
370
375
376
378
379
381
382
384
386
386
387
390
392
393
393
395
401
404
404
413
413
413
415
418
418
419
420
421
422
425
428
429
429
430
432
432
432
433
434
435
437
438
439
441
442
445
445
448
451
452
453
454
455
458
458
458
462
463
463
465
466
466
474
474
475
475
476
477
478
478
478
479
481
481
481
484
486
489
494
494
497
500
503
504
505
505
506
506
509
509
510
513
514
515
517
517
520
521
522
522
523
528
528
530
533
533
533
533
535
535
537
539
542
543
543
544
549
552
552
554
556
560
563
566
575
576
578
579
581
582
582
582
584
584
584
585
586
589
595
596
596
600
601
602
602
607
608
608
609
610
613
614
615
615
616
617
617
617
620
620
621
625
626
626
627
627
627
627
628
629
630
631
633
633
635
635
635
635
637
637
639
639
641
643
644
644
646
648
649
650
652
652
653
655
658
658
660
660
661
662
664
666
668
669
670
670
671
672
673
675
678
681
683
684
684
685
688
688
688
689
690
691
691
692
692
693
697
698
701
701
703
704
704
706
710
711
712
712
714
718
718
719
720
722
722
723
731
732
733
736
737
737
737
738
738
742
745
747
747
748
749
750
751
753
755
756
758
759
761
763
765
769
769
770
771
772
773
777
777
777
783
784
785
786
786
788
789
792
792
793
793
793
793
795
796
797
797
800
802
803
805
806
807
808
810
812
814
814
817
818
820
820
821
822
825
825
827
827
828
833
833
833
835
837
840
842
844
847
847
851
852
854
855
856
857
858
859
863
863
867
867
868
869
869
871
872
874
875
880
882
882
891
893
894
894
897
899
899
899
900
901
904
909
912
913
916
916
916
917
918
918
918
919
920
920
922
923
924
924
924
926
931
932
933
933
934
935
935
935
936
940
944
944
945
946
947
947
948
950
950
951
952
954
958
960
961
961
963
967
974
974
975
975
976
977
978
978
983
983
985
986
986
987
988
991
992
994
995
995
997
1000
1001
1001
1003
1004
1004
1005
1007
1007
1008
1008
1009
1010
1010
1011
1011
1012
1012
1013
1013
1014
1014
1014
1014
1015
1017
1017
1019
1021
1023
1023
1025
1026
1026
1027
1034
1034
1034
1035
1036
1037
1038
1038
1039
1039
1040
1041
1043
1043
1044
1044
1045
1046
1046
1046
1051
1052
1053
1054
1056
1057
1063
1063
1068
1069
1080
1082
1083
1085
1085
1087
1091
1093
1094
1095
1096
1097
1099
1100
1101
1102
1104
1105
1108
1109
1110
1110
1112
1112
1112
1116
1120
1120
1120
1121
1122
1122
1123
1124
1125
1130
1132
1132
1132
1133
1135
1136
1139
1141
1145
1147
1147
1147
1150
1151
1152
1155
1156
1158
1159
1161
1161
1161
1163
1164
1164
1166
1167
1168
1168
1168
1169
1169
1170
1170
1170
1171
1171
1174
1175
1175
1175
1178
1179
1179
1180
1180
1189
1190
1190
1191
1191
1192
1196
1198
1198
1199
1200
1203
1204
1204
1204
1206
1207
1208
1208
1209
1211
1211
1213
1213
1215
1217
1218
1220
1220
1223
1224
1224
1226
1226
1231
1232
1233
1236
1238
1240
1241
1241
1242
1244
1245
1245
1245
1250
1251
1251
1252
1254
1256
1256
1257
1260
1261
1261
1261
1261
1264
1267
1271
1272
1279
1284
1284
1284
1285
1285
1286
1287
1288
1288
1288
1290
1293
1296
1297
1297
1298
1298
1298
1303
1303
1303
1305
1305
1306
1306
1307
1309
1312
1312
1313
1315
1316
1317
1317
1317
1317
1318
1319
1321
1323
1323
1323
1324
1324
1324
1326
1330
1331
1332
1333
1336
1337
1339
1339
1342
1342
1344
1345
1349
1349
1350
1351
1351
1353
1353
1357
1357
1357
1360
1361
1363
1363
1364
1366
1367
1370
1371
1371
1371
1374
1378
1379
1379
1380
1382
1386
1388
1390
1390
1393
1393
1395
1396
1397
1397
1398
1399
1401
1401
1402
1403
1405
1405
1405
1408
1409
1411
1413
1414
1418
1418
1418
1423
1423
1423
1426
1426
1428
1428
1432
1434
1434
1435
1436
1437
1437
1438
1438
1439
1439
1441
1442
1442
1442
1443
1444
1445
1447
1447
1448
1448
1449
1451
1453
1453
1453
1453
1454
1458
1462
1463
1468
1469
1469
1471
1472
1474
1480
1480
1480
1482
1483
1483
1484
1484
1486
1486
1487
1488
1489
1489
1491
1497
1497
1500
1500
1504
1509
1511
1515
1516
1518
1521
1522
1523
1524
1525
1526
1526
1530
1530
1530
1532
1532
1532
1532
1533
1533
1534
1538
1538
1539
1540
1541
1541
1542
1543
1544
1548
1549
1549
1551
1552
1552
1555
1556
1556
1556
1557
1558
1559
1560
1560
1561
1562
1564
1564
1566
1571
1572
1572
1572
1573
1573
1574
1575
1575
1576
1578
1580
1580
1581
1584
1589
1589
1590
1591
1591
1592
1593
1594
1595
1595
1596
1596
1599
1601
1606
1607
1612
1612
1613
1616
1619
1619
1620
1621
1624
1626
1628
1628
1629
1630
1632
1632
1633
1633
1634
1635
1637
1637
1638
1639
1642
1645
1646
1649
1653
1655
1659
1659
1662
1663
1664
1665
1665
1665
1667
1670
1672
1673
1674
1675
1677
1678
1678
1679
1680
1682
1682
1685
1686
1689
1692
1693
1695
1696
1696
1701
1703
1703
1705
1706
1707
1709
1709
1709
1710
1711
1712
1714
1716
1718
1718
1718
1719
1722
1723
1724
1724
1727
1728
1728
1729
1730
1731
1732
1732
1733
1737
1737
1738
1741
1741
1742
1752
1753
1757
1757
1758
1761
1763
1764
1764
1765
1767
1770
1772
1773
1773
1774
1778
1779
1780
1781
1782
1783
1786
1790
1790
1791
1792
1792
1794
1796
1796
1797
1797
1797
1797
1801
1801
1803
1803
1806
1806
1807
1807
1807
1808
1809
1811
1814
1816
1821
1821
1823
1824
1827
1828
1829
1831
1832
1833
1833
1833
1834
1835
1835
1837
1839
1840
1840
1841
1841
1844
1846
1849
1850
1850
1852
1853
1853
1854
1854
1854
1857
1857
1857
1859
1861
1861
1862
1866
1869
1870
1871
1872
1872
1874
1877
1877
1881
1883
1885
1886
1888
1889
1890
1891
1897
1898
1899
1902
1902
1903
1904
1904
1906
1909
1909
1910
1912
1914
1916
1916
1917
1918
1919
1921
1922
1922
1922
1922
1924
1924
1925
1929
1931
1931
1934
1935
1935
1936
1936
1939
1939
1940
1941
1941
1943
1943
1944
1944
1944
1945
1946
1952
1952
1953
1954
1954
1955
1955
1957
1958
1958
1959
1962
1963
1964
1964
1969
1970
1972
1972
1974
1976
1976
1979
1982
1982
1982
1985
1986
1987
1988
1989
1993
1993
1995
1995
1995
1997
1998
1999
2000
2002
2003
2005
2007
2007
2008
2008
2011
2015
2017
2018
2019
2019
2020
2020
2020
2022
2022
2023
2025
2025
2026
2028
2030
2032
2033
2034
2034
2036
2036
2039
2042
2043
2044
2050
2051
2051
2053
2054
2054
2054
2055
2056
2057
2060
2061
2061
2062
2063
2064
2068
2069
2069
2070
2072
2073
2076
2076
2077
2077
2080
2081
2083
2084
2086
2088
2089
2092
2101
2103
2104
2105
2105
2108
2110
2111
2113
2115
2115
2117
2118
2119
2120
2121
2123
2124
2132
2133
2133
2134
2134
2134
2136
2136
2137
2137
2143
2143
2143
2143
2146
2146
2148
2153
2154
2156
2159
2159
2161
2163
2165
2166
2166
2167
2168
2168
2169
2170
2171
2172
2174
2174
2174
2175
2175
2176
2177
2177
2177
2178
2180
2180
2181
2181
2183
2183
2184
2184
2185
2189
2190
2191
2192
2192
2193
2194
2195
2196
2200
2200
2201
2202
2206
2207
2209
2209
2209
2209
2210
2211
2212
2214
2214
2214
2219
2219
2219
2220
2222
2223
2224
2226
2226
2229
2230
2232
2233
2233
2233
2234
2236
2237
2238
2241
2241
2245
2245
2245
2247
2247
2253
2253
2254
2256
2256
2259
2259
2259
2259
2261
2261
2262
2263
2264
2267
2269
2269
2270
2270
2270
2271
2271
2273
2275
2281
2281
2284
2284
2286
2287
2288
2293
2295
2295
2296
2297
2298
2300
2303
2306
2306
2309
2316
2316
2316
2319
2320
2324
2325
2327
2327
2330
2330
2335
2335
2337
2337
2339
2342
2343
2344
2344
2346
2346
2346
2347
2351
2353
2353
2354
2354
2354
2357
2358
2358
2359
2365
2367
2367
2369
2370
2371
2371
2373
2374
2375
2376
2380
2381
2382
2384
2387
2388
2389
2391
2394
2399
2399
2400
2400
2402
2402
2403
2403
2404
2404
2405
2405
2407
2408
2408
2414
2416
2416
2417
2419
2419
2420
2421
2424
2426
2426
2426
2427
2429
2432
2432
2435
2436
2437
2437
2437
2440
2440
2441
2442
2443
2444
2445
2445
2446
2448
2448
2449
2449
2449
2451
2451
2452
2452
2454
2455
2456
2456
2458
2458
2459
2459
2460
2460
2461
2461
2462
2462
2464
2464
2465
2465
2466
2469
2470
2471
2473
2474
2474
2475
2476
2477
2478
2483
2483
2484
2486
2486
2487
2487
2487
2489
2490
2491
2494
2494
2494
2497
2498
2498
2499
2500
2500
2501
2503
2504
2506
2508
2509
2512
2513
2513
2514
2515
2515
2515
2517
2519
2519
2520
2523
2524
2530
2530
2534
2536
2536
2540
2541
2542
2543
2543
2544
2545
2549
2550
2552
2553
2554
2556
2557
2559
2559
2561
2562
2564
2565
2566
2568
2568
2571
2575
2577
2581
2583
2585
2587
2590
2590
2593
2594
2595
2596
2596
2597
2598
2600
2601
2601
2602
2603
2605
2606
2608
2609
2610
2610
2610
2613
2614
2615
2615
2616
2617
2618
2621
2621
2622
2622
2623
2624
2625
2627
2631
2632
2634
2635
2635
2636
2636
2637
2640
2643
2643
2644
2644
2645
2645
2646
2648
2650
2650
2652
2653
2653
2653
2653
2655
2657
2659
2660
2661
2661
2662
2662
2663
2663
2663
2664
2664
2667
2667
2668
2672
2672
2673
2675
2676
2677
2678
2679
2683
2685
2686
2686
2686
2688
2690
2690
2691
2692
2693
2693
2694
2695
2696
2697
2697
2698
2702
2703
2705
2706
2707
2708
2709
2709
2710
2710
2714
2714
2715
2716
2717
2717
2720
2728
2729
2731
2731
2733
2734
2734
2737
2737
2737
2738
2741
2741
2742
2742
2743
2745
2747
2751
2752
2752
2754
2754
2755
2755
2757
2759
2759
2759
2760
2761
2763
2763
2764
2764
2765
2766
2767
2768
2769
2770
2771
2775
2778
2778
2780
2780
2782
2783
2783
2783
2787
2788
2790
2793
2795
2795
2795
2796
2796
2801
2803
2803
2804
2805
2806
2807
2809
2812
2812
2812
2814
2817
2817
2817
2818
2819
2820
2820
2823
2825
2826
2830
2830
2832
2832
2835
2838
2839
2841
2841
2842
2843
2844
2845
2848
2850
2851
2852
2853
2853
2854
2854
2856
2859
2862
2863
2864
2866
2867
2867
2873
2875
2876
2879
2882
2883
2883
2885
2888
2892
2893
2894
2894
2896
2896
2898
2899
2900
2901
2904
2906
2907
2910
2911
2911
2912
2912
2915
2917
2917
2920
2920
2920
2926
2927
2928
2928
2931
2932
2932
2932
2935
2937
2938
2939
2940
2942
2946
2947
2948
2948
2949
2950
2952
2953
2954
2956
2956
2957
2958
2962
2964
2969
2972
2972
2973
2973
2973
2974
2975
2976
2976
2977
2978
2984
2987
2989
2989
2989
2990
2990
2990
2995
2995
2997
2999
3003
3004
3004
3005
3006
3012
3012
3012
3014
3016
3017
3017
3017
3019
3019
3019
3020
3023
3023
3025
3025
3027
3030
3031
3036
3037
3037
3038
3039
3040
3041
3041
3043
3043
3044
3047
3047
3048
3050
3053
3053
3053
3054
3054
3055
3056
3057
3057
3057
3059
3060
3063
3063
3064
3066
3067
3071
3071
3072
3073
3074
3080
3083
3084
3084
3084
3088
3088
3089
3090
3090
3094
3095
3098
3099
3101
3101
3101
3103
3104
3104
3104
3104
3105
3105
3106
3107
3110
3111
3111
3112
3112
3115
3118
3118
3119
3120
3122
3122
3124
3125
3126
3127
3127
3129
3129
3135
3135
3136
3136
3137
3139
3139
3140
3140
3141
3142
3143
3143
3144
3146
3149
3149
3152
3152
3154
3156
3159
3159
3160
3160
3161
3162
3163
3165
3170
3170
3170
3171
3173
3174
3175
3175
3176
3179
3180
3181
3183
3183
3188
3188
3189
3190
3192
3192
3192
3192
3194
3195
3196
3197
3199
3200
3202
3202
3202
3202
3203
3204
3204
3206
3207
3208
3208
3208
3210
3210
3213
3214
3214
3215
3216
3217
3219
3219
3220
3222
3224
3224
3224
3227
3227
3228
3228
3228
3229
3229
3229
3230
3230
3233
3236
3238
3240
3240
3243
3243
3245
3245
3245
3248
3250
3250
3250
3254
3254
3254
3254
3258
3260
3265
3266
3269
3269
3269
3270
3271
3271
3271
3272
3273
3273
3274
3276
3276
3279
3280
3280
3280
3281
3281
3284
3285
3287
3288
3288
3293
3293
3294
3294
3296
3301
3303
3306
3309
3312
3312
3313
3321
3322
3323
3323
3324
3326
3327
3328
3329
3329
3330
3330
3331
3332
3333
3334
3334
3338
3344
3344
3345
3346
3347
3349
3352
3353
3356
3358
3360
3361
3363
3365
3365
3368
3372
3373
3375
3376
3377
3378
3378
3379
3380
3380
3382
3383
3383
3384
3385
3385
3387
3388
3391
3391
3393
3394
3394
3396
3396
3397
3400
3404
3406
3410
3410
3411
3412
3413
3414
3414
3414
3415
3416
3418
3424
3426
3426
3427
3428
3428
3428
3429
3430
3431
3432
3433
3433
3433
3434
3436
3438
3438
3441
3443
3443
3443
3444
3444
3449
3449
3453
3453
3453
3453
3454
3455
3456
3456
3460
3464
3464
3464
3467
3467
3469
3471
3471
3472
3473
3474
3476
3477
3477
3480
3480
3481
3482
3482
3482
3490
3492
3496
3497
3497
3498
3499
3502
3503
3504
3505
3507
3508
3511
3512
3513
3515
3515
3516
3517
3519
3520
3520
3521
3523
3524
3524
3526
3530
3530
3531
3532
3532
3533
3535
3535
3537
3538
3539
3539
3542
3542
3545
3547
3549
3553
3553
3553
3556
3556
3556
3557
3562
3564
3564
3566
3568
3570
3570
3571
3575
3575
3575
3577
3579
3580
3582
3583
3584
3585
3586
3601
3602
3603
3603
3604
3605
3606
3607
3609
3610
3612
3613
3613
3614
3617
3622
3625
3628
3629
3631
3632
3632
3632
3635
3636
3637
3638
3641
3641
3642
3646
3649
3651
3651
3651
3652
3654
3654
3655
3656
3657
3658
3658
3661
3662
3662
3666
3667
3669
3670
3670
3671
3671
3672
3673
3674
3674
3674
3674
3675
3675
3678
3678
3679
3680
3681
3682
3683
3683
3685
3685
3686
3687
3689
3689
3692
3693
3694
3694
3694
3696
3696
3696
3699
3701
3702
3704
3704
3705
3705
3707
3712
3716
3716
3717
3717
3719
3719
3720
3722
3723
3724
3724
3726
3726
3727
3728
3731
3732
3734
3735
3736
3738
3739
3739
3743
3744
3745
3746
3747
3747
3752
3755
3757
3758
3762
3763
3764
3764
3768
3771
3771
3777
3778
3778
3780
3781
3783
3783
3786
3786
3787
3787
3788
3789
3789
3793
3793
3794
3795
3795
3795
3799
3803
3804
3804
3805
3812
3814
3815
3815
3817
3818
3822
3824
3825
3827
3828
3829
3829
3833
3833
3835
3837
3837
3841
3841
3841
3842
3843
3843
3848
3850
3851
3852
3858
3859
3860
3860
3862
3864
3864
3867
3868
3868
3868
3868
3869
3870
3871
3871
3872
3873
3878
3878
3879
3881
3884
3885
3886
3889
3890
3890
3892
3893
3893
3894
3894
3894
3894
3896
3896
3900
3901
3902
3902
3902
3906
3909
3912
3913
3913
3914
3914
3914
3916
3916
3919
3922
3923
3923
3926
3926
3926
3927
3928
3929
3929
3931
3932
3934
3935
3935
3936
3938
3939
3941
3941
3945
3945
3946
3949
3950
3952
3955
3956
3956
3958
3960
3960
3961
3963
3963
3964
3966
3967
3968
3969
3972
3973
3973
3975
3978
3981
3981
3983
3983
3986
3989
3990
3991
3991
3991
3992
3995
3995
3996
3996
3997
3997
3997
3997
3998
4000
4000
4001
4002
4003
4006
4008
4012
4013
4013
4015
4016
4016
4017
4018
4020
4020
4020
4022
4023
4023
4024
4024
4028
4028
4032
4032
4032
4033
4034
4034
4035
4036
4039
4040
4041
4041
4042
4046
4048
4048
4049
4049
4050
4051
4057
4062
4064
4065
4065
4065
4066
4067
4068
4071
4072
4073
4073
4076
4076
4077
4077
4079
4080
4084
4085
4086
4087
4089
4090
4090
4092
4092
4093
4093
4094
4094
4094
4099
4101
4103
4104
4104
4109
4110
4111
4111
4114
4116
4117
4117
4117
4118
4120
4121
4122
4123
4124
4125
4130
4131
4131
4131
4133
4135
4135
4136
4136
4137
4139
4140
4141
4141
4141
4146
4149
4149
4150
4150
4150
4150
4151
4152
4153
4153
4154
4155
4157
4160
4160
4163
4164
4170
4172
4178
4179
4180
4180
4182
4187
4187
4188
4192
4197
4197
4198
4198
4198
4204
4205
4210
4211
4213
4214
4215
4215
4215
4217
4220
4220
4221
4224
4225
4226
4227
4228
4229
4229
4230
4233
4233
4234
4236
4236
4238
4240
4241
4241
4243
4243
4244
4245
4247
4247
4249
4249
4250
4251
4256
4256
4257
4260
4260
4262
4264
4266
4267
4268
4269
4269
4279
4280
4284
4286
4290
4293
4295
4299
4301
4302
4307
4307
4311
4316
4317
4317
4317
4318
4318
4320
4320
4320
4321
4321
4321
4322
4324
4325
4325
4325
4332
4333
4333
4334
4335
4336
4336
4336
4337
4338
4339
4339
4340
4341
4341
4342
4343
4346
4349
4349
4349
4350
4350
4352
4352
4355
4355
4356
4360
4360
4362
4363
4364
4365
4365
4370
4374
4374
4376
4377
4379
4380
4383
4383
4384
4386
4387
4389
4389
4391
4391
4392
4395
4397
4399
4401
4403
4403
4408
4410
4413
4414
4416
4417
4418
4419
4420
4420
4420
4421
4422
4422
4423
4423
4427
4428
4430
4430
4431
4431
4432
4434
4435
4438
4438
4439
4441
4441
4444
4445
4446
4447
4450
4453
4459
4459
4465
4466
4470
4471
4473
4474
4474
4478
4481
4483
4483
4484
4485
4486
4488
4490
4492
4494
4494
4494
4496
4499
4499
4499
4499
4500
4500
4501
4502
4507
4508
4509
4510
4514
4514
4516
4517
4519
4522
4523
4524
4525
4526
4527
4527
4528
4528
4529
4529
4530
4531
4531
4532
4532
4534
4535
4536
4536
4539
4540
4543
4543
4544
4546
4549
4550
4551
4551
4551
4553
4555
4556
4556
4559
4560
4560
4560
4560
4561
4561
4563
4564
4568
4569
4573
4573
4574
4579
4579
4585
4586
4586
4590
4590
4591
4591
4591
4594
4596
4598
4600
4600
4601
4602
4602
4605
4606
4608
4609
4610
4611
4612
4615
4617
4617
4618
4619
4620
4622
4630
4631
4631
4633
4633
4635
4635
4636
4637
4638
4639
4639
4639
4643
4646
4646
4648
4649
4650
4651
4652
4652
4653
4655
4655
4656
4656
4656
4659
4659
4660
4661
4662
4666
4668
4668
4671
4672
4673
4679
4681
4681
4682
4686
4687
4687
4691
4692
4692
4693
4695
4696
4697
4699
4701
4702
4703
4703
4704
4704
4705
4705
4706
4707
4710
4714
4716
4717
4717
4721
4721
4723
4723
4724
4724
4726
4727
4730
4731
4736
4738
4739
4750
4751
4753
4753
4754
4754
4756
4757
4759
4760
4761
4762
4764
4765
4765
4766
4767
4768
4772
4775
4778
4782
4783
4785
4785
4786
4789
4790
4791
4793
4793
4794
4795
4795
4795
4795
4797
4799
4799
4800
4802
4803
4803
4805
4806
4806
4807
4807
4807
4809
4811
4813
4814
4816
4818
4818
4819
4819
4820
4821
4825
4826
4826
4831
4834
4835
4836
4836
4837
4838
4840
4840
4840
4843
4843
4843
4844
4844
4846
4848
4849
4849
4849
4849
4850
4854
4854
4857
4859
4859
4860
4862
4864
4865
4865
4866
4870
4870
4874
4874
4875
4875
4877
4877
4877
4878
4882
4883
4884
4884
4885
4890
4891
4891
4892
4893
4894
4896
4898
4900
4901
4901
4902
4903
4903
4905
4905
4906
4908
4908
4910
4911
4911
4912
4914
4914
4915
4915
4920
4920
4924
4925
4927
4927
4928
4929
4930
4938
4939
4940
4940
4946
4949
4951
4952
4952
4956
4958
4963
4965
4967
4968
4970
4971
4972
4974
4974
4975
4975
4975
4975
4977
4978
4981
4981
4981
4982
4982
4983
4989
4989
4990
4992
4993
4993
4994
4996
4996
4996
4999
5002
5003
5004
5005
5005
5007
5008
5010
5010
5010
5011
5012
5012
5013
5013
5015
5015
5016
5017
5019
5021
5023
5024
5027
5030
5032
5033
5034
5034
5035
5035
5035
5036
5037
5038
5038
5041
5042
5043
5045
5046
5049
5050
5053
5055
5056
5057
5058
5058
5060
5060
5063
5064
5065
5067
5067
5068
5068
5068
5068
5071
5072
5073
5074
5075
5076
5078
5078
5078
5080
5080
5083
5084
5086
5089
5089
5090
5092
5100
5103
5103
5106
5106
5107
5111
5114
5115
5115
5118
5122
5124
5124
5127
5133
5133
5137
5142
5142
5143
5145
5145
5146
5146
5151
5153
5154
5155
5158
5159
5160
5160
5163
5165
5167
5167
5168
5169
5169
5174
5175
5176
5176
5179
5182
5185
5185
5186
5188
5188
5188
5189
5189
5190
5191
5191
5193
5193
5195
5202
5203
5204
5207
5207
5208
5209
5209
5212
5212
5214
5215
5216
5217
5221
5222
5223
5223
5225
5228
5230
5230
5233
5233
5234
5235
5235
5235
5236
5236
5237
5238
5240
5240
5240
5241
5242
5245
5246
5247
5249
5249
5250
5250
5251
5251
5251
5254
5255
5255
5256
5260
5260
5262
5263
5264
5268
5268
5270
5270
5271
5274
5274
5277
5280
5282
5285
5286
5289
5291
5292
5295
5295
5296
5296
5298
5298
5298
5298
5299
5299
5302
5304
5305
5306
5309
5311
5312
5314
5317
5317
5319
5319
5320
5322
5327
5330
5330
5332
5334
5334
5337
5338
5341
5344
5345
5347
5349
5352
5354
5357
5358
5359
5359
5360
5360
5361
5362
5362
5363
5363
5364
5365
5366
5367
5371
5371
5371
5371
5371
5373
5373
5377
5379
5383
5384
5385
5387
5389
5389
5392
5394
5394
5395
5397
5399
5399
5399
5400
5400
5400
5401
5401
5402
5403
5404
5405
5405
5407
5407
5407
5408
5409
5411
5414
5415
5416
5417
5417
5419
5419
5422
5424
5425
5426
5427
5430
5431
5433
5433
5434
5434
5438
5438
5441
5442
5442
5445
5446
5447
5447
5447
5447
5449
5449
5451
5452
5452
5455
5455
5457
5457
5457
5458
5458
5459
5459
5460
5460
5461
5464
5465
5469
5473
5481
5482
5483
5485
5486
5486
5487
5487
5492
5493
5494
5496
5496
5497
5497
5497
5497
5501
5503
5505
5508
5509
5511
5513
5514
5515
5519
5520
5520
5521
5521
5522
5523
5524
5525
5526
5526
5531
5532
5532
5533
5535
5536
5537
5538
5538
5538
5538
5540
5540
5542
5542
5542
5544
5549
5552
5554
5554
5554
5554
5555
5558
5558
5560
5561
5563
5564
5565
5567
5567
5568
5571
5573
5580
5581
5581
5582
5583
5586
5587
5590
5591
5592
5592
5594
5594
5595
5595
5597
5597
5597
5598
5599
5601
5601
5602
5603
5604
5605
5607
5607
5608
5611
5614
5614
5616
5618
5621
5621
5621
5622
5624
5625
5625
5626
5629
5631
5632
5633
5635
5636
5640
5640
5640
5641
5643
5643
5645
5645
5646
5647
5647
5648
5648
5649
5649
5651
5652
5652
5653
5654
5657
5658
5658
5660
5663
5669
5671
5676
5677
5680
5683
5683
5683
5683
5683
5684
5684
5684
5684
5684
5685
5686
5686
5687
5687
5689
5689
5693
5693
5694
5697
5698
5698
5698
5700
5701
5708
5710
5710
5713
5715
5716
5719
5721
5723
5724
5725
5726
5727
5729
5730
5731
5731
5733
5735
5735
5736
5737
5738
5739
5740
5742
5744
5747
5748
5751
5752
5752
5752
5754
5755
5757
5757
5757
5757
5758
5759
5760
5762
5762
5763
5763
5765
5766
5767
5768
5768
5768
5769
5770
5772
5772
5773
5773
5773
5773
5777
5780
5782
5782
5784
5784
5784
5785
5788
5788
5790
5791
5792
5793
5793
5794
5796
5796
5797
5800
5801
5801
5801
5802
5803
5808
5809
5810
5810
5815
5821
5822
5826
5828
5828
5828
5831
5832
5833
5835
5837
5838
5839
5841
5844
5845
5845
5845
5848
5849
5850
5852
5852
5852
5852
5853
5854
5855
5855
5856
5860
5860
5860
5860
5861
5864
5864
5864
5868
5868
5870
5871
5872
5873
5873
5874
5874
5874
5876
5877
5879
5879
5880
5880
5881
5885
5885
5885
5885
5888
5890
5890
5891
5891
5891
5892
5892
5892
5892
5893
5893
5897
5901
5901
5903
5905
5905
5906
5906
5907
5908
5908
5911
5912
5912
5921
5924
5924
5925
5926
5932
5932
5932
5933
5934
5936
5936
5936
5937
5939
5940
5941
5942
5945
5946
5947
5948
5949
5950
5950
5951
5955
5957
5966
5967
5969
5971
5971
5973
5974
5976
5976
5978
5978
5978
5979
5979
5979
5981
5981
5981
5981
5983
5985
5985
5987
5988
5992
5992
5992
5993
5993
5994
5996
6003
6004
6005
6005
6005
6006
6007
6008
6009
6011
6012
6013
6014
6015
6015
6018
6018
6018
6019
6019
6022
6023
6025
6028
6029
6029
6033
6033
6033
6034
6034
6036
6039
6040
6045
6046
6048
6049
6050
6052
6052
6053
6054
6056
6056
6059
6060
6060
6063
6064
6069
6071
6073
6073
6076
6079
6082
6084
6086
6087
6091
6093
6093
6094
6095
6097
6098
6098
6098
6099
6101
6101
6102
6102
6104
6104
6104
6107
6107
6108
6109
6110
6110
6112
6112
6113
6114
6118
6118
6120
6121
6121
6122
6123
6123
6124
6126
6126
6126
6130
6130
6132
6133
6135
6136
6137
6137
6139
6140
6140
6140
6141
6143
6144
6146
6147
6147
6148
6148
6150
6154
6154
6154
6156
6157
6162
6163
6165
6165
6166
6167
6167
6170
6170
6171
6171
6175
6175
6175
6176
6176
6177
6181
6181
6182
6183
6184
6184
6185
6186
6186
6193
6193
6196
6197
6198
6198
6198
6199
6200
6200
6202
6208
6209
6209
6210
6211
6211
6211
6216
6219
6220
6221
6222
6222
6223
6225
6225
6226
6226
6226
6227
6232
6233
6233
6234
6234
6236
6238
6241
6242
6242
6243
6243
6246
6246
6246
6247
6248
6248
6248
6249
6249
6250
6251
6253
6254
6256
6256
6256
6257
6258
6259
6260
6264
6265
6268
6270
6272
6273
6274
6274
6276
6276
6277
6278
6279
6280
6281
6281
6282
6283
6284
6287
6287
6290
6290
6290
6294
6294
6296
6298
6300
6301
6303
6304
6304
6309
6310
6312
6313
6317
6319
6319
6320
6321
6323
6324
6326
6330
6332
6336
6337
6340
6340
6342
6343
6343
6346
6348
6348
6350
6352
6352
6353
6353
6356
6356
6356
6356
6360
6360
6362
6364
6367
6373
6374
6376
6378
6380
6382
6383
6386
6387
6390
6391
6393
6393
6394
6395
6396
6396
6396
6398
6398
6400
6402
6403
6404
6405
6406
6413
6415
6415
6417
6418
6419
6420
6420
6422
6422
6423
6425
6428
6429
6431
6432
6432
6434
6435
6436
6436
6437
6439
6440
6443
6445
6446
6448
6450
6450
6453
6456
6456
6457
6458
6460
6460
6461
6461
6465
6466
6468
6473
6474
6474
6476
6477
6481
6485
6486
6486
6487
6487
6488
6488
6491
6493
6494
6497
6498
6499
6500
6502
6503
6508
6509
6510
6510
6511
6513
6515
6515
6515
6516
6518
6518
6520
6521
6521
6523
6524
6526
6528
6528
6529
6529
6532
6532
6532
6532
6535
6536
6540
6540
6540
6540
6542
6543
6546
6546
6548
6548
6550
6552
6552
6554
6558
6558
6560
6560
6563
6564
6567
6567
6567
6571
6573
6573
6574
6575
6576
6578
6579
6579
6581
6583
6587
6588
6589
6591
6595
6596
6601
6602
6603
6605
6607
6607
6608
6609
6609
6610
6611
6612
6613
6615
6615
6616
6617
6619
6622
6622
6623
6623
6626
6626
6627
6629
6630
6630
6631
6633
6634
6636
6636
6639
6641
6644
6644
6645
6646
6648
6649
6650
6651
6651
6653
6656
6657
6657
6657
6658
6659
6660
6660
6660
6663
6664
6664
6665
6665
6665
6666
6668
6669
6670
6672
6672
6673
6674
6674
6678
6681
6681
6681
6683
6683
6684
6686
6687
6688
6688
6688
6688
6689
6691
6695
6696
6696
6697
6700
6700
6700
6702
6706
6712
6717
6718
6720
6722
6724
6727
6728
6728
6729
6733
6733
6734
6735
6735
6737
6737
6737
6737
6738
6739
6740
6742
6743
6745
6748
6749
6752
6753
6756
6757
6759
6759
6761
6763
6764
6764
6765
6765
6769
6772
6772
6772
6775
6775
6779
6780
6782
6784
6790
6790
6791
6794
6795
6796
6797
6800
6800
6801
6802
6802
6803
6805
6806
6806
6807
6807
6808
6811
6813
6813
6817
6819
6821
6822
6822
6825
6826
6828
6829
6829
6829
6831
6831
6832
6833
6837
6838
6839
6840
6841
6845
6845
6845
6846
6847
6848
6850
6851
6852
6854
6855
6856
6857
6859
6859
6861
6862
6866
6866
6867
6868
6870
6871
6872
6876
6877
6879
6880
6881
6881
6881
6882
6883
6883
6890
6891
6891
6893
6894
6896
6897
6898
6898
6902
6903
6903
6903
6905
6909
6909
6910
6910
6910
6911
6911
6911
6911
6912
6913
6915
6915
6917
6920
6920
6922
6923
6923
6926
6929
6930
6930
6931
6931
6932
6933
6935
6935
6935
6937
6937
6940
6941
6941
6943
6945
6945
6946
6946
6948
6948
6950
6950
6953
6954
6956
6956
6956
6959
6959
6960
6960
6962
6963
6964
6965
6966
6966
6970
6974
6975
6976
6977
6978
6978
6979
6981
6981
6984
6985
6985
6985
6987
6987
6989
6993
6993
6994
6994
6994
6994
6998
7001
7001
7003
7004
7005
7006
7006
7008
7008
7008
7011
7012
7016
7016
7017
7018
7019
7019
7019
7021
7029
7030
7032
7032
7033
7034
7034
7034
7036
7039
7041
7041
7042
7043
7047
7047
7047
7049
7054
7056
7056
7060
7065
7065
7065
7065
7066
7067
7068
7070
7071
7072
7073
7073
7075
7075
7077
7077
7079
7080
7081
7083
7083
7088
7089
7090
7091
7091
7092
7095
7098
7099
7100
7103
7104
7106
7106
7106
7107
7107
7108
7109
7111
7112
7114
7115
7115
7117
7117
7118
7119
7120
7121
7122
7122
7122
7122
7122
7123
7128
7129
7130
7135
7135
7136
7137
7138
7139
7142
7142
7143
7146
7147
7149
7150
7150
7151
7151
7152
7154
7154
7155
7155
7161
7161
7161
7168
7170
7174
7177
7178
7182
7183
7184
7187
7187
7189
7189
7192
7195
7195
7196
7197
7198
7200
7200
7201
7201
7202
7203
7204
7206
7206
7207
7207
7209
7210
7213
7215
7218
7219
7221
7222
7222
7222
7223
7225
7226
7226
7233
7238
7240
7240
7241
7242
7244
7246
7248
7250
7252
7253
7255
7255
7266
7267
7268
7269
7274
7278
7278
7279
7279
7279
7281
7283
7283
7283
7283
7284
7285
7287
7288
7289
7289
7293
7293
7297
7298
7299
7301
7303
7303
7304
7304
7304
7304
7308
7308
7308
7309
7313
7313
7314
7315
7319
7319
7320
7320
7320
7321
7321
7321
7321
7322
7323
7326
7327
7329
7330
7330
7331
7332
7332
7335
7338
7340
7340
7340
7341
7341
7343
7343
7343
7344
7344
7345
7348
7349
7349
7352
7353
7353
7357
7357
7357
7358
7359
7360
7361
7362
7363
7363
7365
7369
7369
7369
7370
7371
7371
7374
7378
7379
7380
7382
7382
7383
7385
7385
7385
7385
7386
7387
7387
7391
7391
7393
7394
7395
7395
7396
7397
7398
7401
7402
7404
7404
7405
7406
7407
7408
7410
7412
7412
7413
7414
7414
7417
7418
7419
7422
7423
7426
7427
7427
7428
7432
7433
7433
7434
7434
7434
7435
7441
7442
7443
7443
7444
7444
7445
7445
7445
7445
7445
7446
7448
7449
7450
7450
7450
7451
7451
7452
7456
7456
7457
7457
7458
7459
7459
7459
7460
7460
7460
7460
7462
7462
7463
7465
7468
7469
7470
7472
7473
7474
7475
7475
7476
7476
7477
7479
7484
7484
7484
7487
7488
7489
7490
7492
7492
7494
7495
7495
7496
7496
7497
7499
7500
7500
7500
7500
7501
7501
7502
7503
7503
7505
7506
7507
7507
7508
7509
7510
7511
7511
7517
7517
7517
7520
7521
7521
7522
7523
7523
7525
7525
7528
7528
7530
7530
7530
7534
7534
7535
7535
7540
7540
7541
7542
7542
7543
7544
7549
7553
7556
7556
7560
7560
7560
7562
7565
7566
7567
7569
7569
7570
7571
7572
7572
7574
7576
7576
7577
7580
7580
7588
7590
7592
7594
7596
7598
7598
7602
7602
7603
7603
7607
7615
7616
7618
7623
7625
7626
7626
7626
7627
7629
7630
7630
7633
7634
7635
7635
7638
7644
7647
7650
7651
7654
7660
7661
7662
7662
7665
7665
7666
7667
7668
7669
7670
7671
7674
7677
7678
7679
7682
7683
7683
7684
7686
7692
7693
7695
7695
7696
7696
7696
7698
7699
7700
7702
7702
7703
7704
7704
7705
7706
7707
7708
7708
7708
7711
7712
7712
7712
7714
7715
7716
7718
7719
7719
7720
7721
7721
7722
7724
7726
7728
7728
7730
7731
7737
7737
7743
7743
7743
7743
7746
7747
7747
7751
7753
7753
7755
7755
7758
7759
7759
7761
7765
7766
7770
7770
7771
7779
7780
7781
7781
7781
7781
7783
7783
7786
7790
7791
7792
7792
7792
7793
7794
7796
7797
7806
7808
7809
7809
7810
7811
7811
7813
7814
7815
7816
7816
7816
7819
7821
7822
7823
7824
7824
7826
7826
7832
7832
7833
7837
7838
7841
7843
7843
7844
7845
7850
7853
7854
7854
7858
7859
7861
7862
7863
7866
7866
7867
7868
7868
7869
7869
7870
7878
7879
7880
7881
7882
7884
7886
7886
7886
7888
7890
7890
7895
7896
7896
7897
7899
7903
7905
7907
7908
7910
7914
7915
7917
7918
7919
7921
7921
7922
7923
7924
7925
7925
7927
7928
7930
7931
7932
7933
7934
7934
7935
7935
7936
7937
7938
7938
7939
7940
7943
7944
7946
7950
7951
7952
7955
7955
7956
7957
7957
7958
7958
7959
7961
7961
7961
7963
7963
7963
7964
7966
7968
7969
7971
7971
7971
7972
7973
7973
7975
7975
7977
7977
7978
7979
7979
7984
7985
7985
7986
7988
7991
7992
7993
7996
7999
8003
8004
8011
8011
8013
8016
8017
8018
8019
8019
8020
8020
8020
8021
8023
8023
8025
8026
8026
8027
8029
8030
8030
8031
8032
8033
8034
8034
8035
8037
8037
8039
8041
8043
8044
8045
8045
8046
8047
8051
8052
8052
8054
8054
8055
8055
8059
8062
8063
8065
8065
8065
8066
8066
8067
8068
8069
8070
8071
8072
8072
8075
8078
8079
8080
8084
8084
8085
8089
8089
8089
8089
8092
8092
8094
8094
8095
8095
8096
8096
8096
8096
8097
8097
8100
8102
8103
8103
8103
8106
8106
8110
8110
8114
8116
8117
8117
8119
8120
8122
8124
8125
8126
8127
8128
8130
8132
8134
8135
8136
8137
8138
8138
8144
8145
8146
8147
8147
8148
8149
8149
8150
8155
8156
8165
8166
8166
8166
8167
8170
8173
8174
8175
8176
8178
8178
8178
8178
8181
8182
8183
8184
8184
8184
8184
8184
8188
8191
8191
8194
8194
8195
8196
8200
8200
8201
8201
8202
8202
8205
8205
8207
8208
8208
8210
8210
8210
8213
8213
8216
8216
8219
8220
8222
8222
8228
8228
8230
8231
8233
8234
8238
8238
8238
8242
8243
8245
8248
8249
8252
8252
8253
8253
8253
8258
8258
8261
8264
8266
8266
8267
8267
8270
8270
8275
8275
8277
8277
8277
8282
8282
8284
8284
8285
8288
8288
8289
8289
8290
8290
8292
8293
8294
8296
8296
8297
8298
8298
8298
8298
8298
8299
8300
8303
8303
8304
8311
8317
8319
8319
8320
8321
8321
8322
8325
8328
8329
8330
8333
8335
8336
8338
8339
8339
8340
8341
8343
8345
8346
8351
8353
8354
8354
8356
8356
8358
8360
8361
8362
8362
8365
8365
8366
8374
8374
8375
8375
8378
8379
8381
8382
8384
8384
8387
8391
8394
8394
8395
8395
8401
8410
8414
8415
8420
8422
8423
8425
8425
8426
8426
8428
8429
8430
8430
8431
8434
8435
8437
8438
8438
8440
8441
8441
8442
8443
8443
8443
8444
8444
8445
8445
8446
8449
8449
8450
8450
8450
8451
8452
8452
8454
8455
8457
8457
8458
8460
8463
8464
8464
8465
8473
8476
8476
8476
8476
8476
8477
8478
8481
8483
8485
8485
8485
8486
8486
8487
8487
8494
8495
8495
8497
8502
8504
8506
8510
8510
8511
8513
8518
8518
8520
8521
8521
8523
8523
8526
8527
8528
8531
8531
8532
8532
8533
8534
8535
8536
8537
8538
8539
8541
8544
8545
8546
8551
8551
8552
8553
8554
8555
8555
8556
8557
8560
8561
8562
8564
8567
8567
8567
8567
8569
8570
8571
8574
8576
8576
8578
8579
8582
8582
8585
8585
8586
8587
8589
8590
8590
8590
8592
8594
8594
8594
8596
8597
8599
8600
8601
8601
8603
8604
8606
8607
8608
8611
8612
8615
8617
8618
8619
8619
8619
8621
8624
8626
8626
8627
8628
8629
8630
8630
8632
8632
8635
8635
8635
8635
8636
8637
8637
8637
8638
8640
8640
8640
8642
8642
8642
8645
8647
8647
8649
8649
8650
8650
8651
8651
8653
8655
8656
8656
8658
8659
8660
8660
8660
8663
8666
8666
8667
8669
8671
8671
8671
8671
8672
8675
8678
8682
8685
8686
8687
8690
8691
8691
8691
8691
8692
8692
8693
8693
8694
8695
8697
8697
8699
8699
8699
8700
8701
8703
8704
8705
8706
8707
8708
8711
8712
8715
8716
8716
8716
8717
8718
8719
8720
8722
8725
8726
8726
8727
8728
8728
8728
8729
8730
8731
8731
8732
8732
8732
8734
8737
8737
8738
8738
8738
8739
8740
8741
8742
8742
8742
8743
8743
8745
8749
8749
8749
8751
8751
8753
8754
8758
8761
8763
8765
8766
8769
8769
8776
8776
8776
8777
8777
8779
8781
8782
8782
8783
8783
8783
8784
8785
8785
8785
8786
8786
8787
8788
8789
8791
8796
8796
8796
8797
8798
8801
8803
8803
8805
8807
8807
8808
8815
8818
8819
8821
8821
8823
8826
8827
8827
8828
8828
8832
8833
8834
8835
8837
8838
8839
8841
8841
8845
8845
8846
8850
8852
8852
8852
8853
8854
8854
8856
8858
8858
8858
8858
8860
8861
8861
8863
8864
8865
8867
8867
8867
8867
8868
8868
8871
8872
8874
8874
8874
8874
8875
8875
8878
8878
8880
8880
8881
8888
8888
8888
8889
8890
8891
8891
8891
8894
8894
8896
8898
8901
8904
8908
8909
8910
8911
8913
8914
8916
8916
8917
8918
8918
8918
8919
8919
8922
8924
8924
8924
8925
8928
8930
8936
8937
8937
8938
8941
8942
8942
8944
8946
8946
8947
8948
8953
8954
8954
8956
8956
8959
8961
8962
8962
8962
8962
8964
8965
8972
8973
8973
8975
8975
8977
8977
8979
8982
8983
8983
8985
8987
8989
8991
8992
8994
8996
9000
9000
9000
9003
9004
9005
9007
9009
9010
9012
9012
9013
9014
9018
9018
9019
9020
9021
9022
9023
9025
9026
9029
9029
9029
9030
9030
9030
9032
9032
9033
9035
9035
9035
9035
9037
9038
9039
9039
9042
9042
9042
9044
9045
9046
9046
9049
9050
9051
9052
9054
9054
9057
9060
9061
9062
9062
9062
9064
9064
9065
9071
9073
9073
9077
9078
9078
9081
9081
9082
9084
9086
9086
9087
9088
9091
9093
9094
9097
9098
9098
9099
9100
9101
9103
9103
9106
9106
9107
9109
9109
9112
9113
9115
9115
9116
9117
9118
9120
9122
9122
9124
9126
9126
9126
9127
9128
9129
9129
9131
9131
9133
9135
9136
9137
9138
9139
9140
9140
9141
9141
9142
9144
9153
9155
9156
9158
9159
9160
9160
9161
9166
9167
9167
9169
9169
9170
9171
9172
9173
9175
9177
9177
9178
9179
9180
9181
9182
9186
9187
9189
9189
9189
9189
9190
9190
9191
9193
9194
9196
9198
9199
9199
9200
9202
9204
9206
9207
9209
9210
9210
9210
9210
9211
9211
9213
9214
9215
9215
9217
9218
9218
9219
9221
9227
9227
9228
9231
9231
9233
9233
9235
9235
9236
9236
9237
9238
9240
9242
9244
9245
9245
9247
9247
9247
9249
9249
9249
9250
9251
9251
9252
9253
9253
9256
9261
9262
9266
9267
9271
9271
9273
9276
9276
9278
9279
9280
9282
9283
9283
9287
9288
9288
9289
9289
9290
9294
9294
9294
9295
9297
9298
9299
9300
9302
9302
9305
9305
9307
9307
9310
9311
9312
9314
9314
9315
9317
9321
9321
9323
9323
9327
9328
9328
9328
9328
9329
9330
9331
9333
9334
9336
9337
9337
9338
9339
9339
9339
9339
9340
9341
9342
9346
9350
9352
9356
9358
9358
9358
9365
9367
9368
9369
9370
9370
9371
9372
9373
9374
9374
9377
9377
9379
9381
9382
9382
9384
9385
9386
9386
9387
9388
9393
9394
9399
9399
9402
9403
9403
9405
9405
9405
9407
9407
9411
9411
9412
9412
9412
9413
9414
9418
9419
9425
9425
9426
9429
9430
9431
9432
9434
9434
9435
9435
9436
9438
9439
9440
9441
9442
9444
9445
9448
9448
9449
9450
9450
9451
9452
9453
9454
9459
9462
9462
9463
9465
9466
9467
9469
9470
9472
9472
9474
9475
9475
9475
9475
9475
9476
9476
9478
9480
9481
9481
9486
9486
9487
9488
9489
9490
9493
9495
9497
9498
9503
9508
9508
9511
9512
9514
9514
9515
9515
9516
9516
9516
9517
9517
9518
9518
9520
9520
9521
9522
9524
9526
9527
9530
9530
9531
9532
9532
9537
9538
9539
9540
9541
9541
9541
9543
9544
9545
9545
9546
9551
9552
9553
9554
9555
9556
9556
9557
9558
9560
9561
9561
9562
9563
9565
9566
9568
9570
9571
9571
9572
9574
9575
9575
9579
9580
9581
9582
9582
9586
9586
9590
9591
9591
9595
9596
9596
9597
9598
9599
9599
9599
9602
9603
9603
9605
9605
9606
9606
9607
9608
9608
9609
9610
9610
9611
9613
9615
9615
9619
9620
9621
9621
9622
9623
9624
9624
9624
9626
9627
9628
9635
9637
9639
9640
9642
9644
9644
9644
9644
9647
9648
9648
9649
9656
9657
9659
9661
9663
9663
9664
9664
9669
9670
9671
9673
9673
9673
9674
9676
9678
9681
9681
9689
9689
9689
9690
9693
9695
9697
9697
9699
9700
9707
9708
9710
9711
9713
9713
9714
9717
9718
9722
9723
9723
9725
9725
9725
9729
9730
9731
9733
9734
9734
9736
9737
9737
9739
9743
9744
9745
9746
9748
9750
9751
9755
9757
9760
9760
9762
9763
9765
9765
9769
9770
9771
9772
9773
9776
9776
9778
9783
9783
9785
9786
9787
9789
9789
9792
9793
9794
9796
9800
9801
9802
9803
9806
9807
9809
9812
9812
9813
9814
9815
9815
9816
9817
9817
9818
9818
9819
9819
9820
9820
9820
9820
9821
9822
9822
9823
9824
9825
9825
9829
9829
9831
9832
9835
9841
9842
9843
9843
9843
9844
9845
9847
9848
9850
9852
9852
9853
9857
9857
9859
9859
9859
9859
9861
9862
9863
9865
9865
9866
9869
9871
9872
9873
9875
9875
9876
9878
9878
9878
9879
9879
9880
9881
9882
9885
9887
9890
9892
9896
9904
9904
9906
9907
9907
9910
9913
9913
9915
9920
9923
9923
9923
9924
9926
9927
9930
9932
9932
9932
9939
9940
9941
9942
9943
9944
9945
9948
9950
9954
9955
9955
9957
9959
9959
9961
9961
9962
9962
9964
9965
9970
9970
9972
9973
9973
9973
9974
9974
9975
9975
9976
9976
9979
9983
9986
9987
9989
9990
9993
9994
9994
9995
9999
9999
9999
9999
9999
10000
10001
10002
10004
10007
10011
10015
10016
10017
10018
10018
10018
10020
10024
10026
10028
10029
10030
10031
10032
10032
10033
10034
10035
10036
10037
10040
10041
10043
10043
10046
10046
10047
10052
10057
10061
10062
10063
10065
10065
10070
10072
10075
10077
10078
10083
10084
10085
10086
10087
10090
10094
10095
10097
10100
10100
10100
10103
10104
10109
10110
10114
10115
10115
10116
10117
10117
10117
10118
10122
10123
10124
10124
10126
10128
10131
10132
10132
10134
10137
10142
10144
10144
10144
10146
10148
10148
10150
10151
10152
10152
10154
10154
10155
10158
10160
10161
10167
10168
10169
10169
10169
10170
10171
10171
10171
10171
10174
10174
10175
10176
10176
10177
10177
10179
10183
10184
10185
10185
10186
10188
10190
10191
10195
10195
10196
10196
10199
10199
10200
10202
10204
10205
10206
10212
10212
10214
10214
10217
10218
10218
10219
10220
10221
10225
10225
10226
10226
10228
10229
10229
10230
10231
10233
10236
10237
10239
10241
10241
10242
10243
10243
10248
10248
10248
10250
10251
10251
10251
10253
10257
10258
10258
10261
10261
10261
10263
10264
10266
10269
10270
10272
10273
10275
10276
10276
10277
10278
10279
10280
10281
10282
10284
10286
10287
10287
10289
10289
10290
10291
10293
10293
10296
10299
10300
10301
10301
10305
10306
10310
10313
10314
10319
10321
10321
10324
10326
10326
10327
10327
10328
10328
10329
10331
10333
10334
10338
10338
10338
10341
10342
10344
10344
10346
10348
10349
10349
10352
10352
10355
10357
10359
10359
10362
10363
10364
10365
10366
10368
10369
10369
10372
10373
10374
10375
10375
10380
10380
10384
10387
10389
10390
10395
10395
10396
10396
10398
10398
10398
10399
10400
10401
10403
10403
10404
10409
10409
10410
10411
10411
10411
10414
10415
10416
10417
10418
10421
10422
10422
10424
10425
10426
10426
10429
10430
10433
10434
10435
10436
10436
10437
10439
10439
10440
10440
10442
10443
10444
10448
10449
10451
10452
10453
10455
10458
10459
10460
10460
10462
10463
10466
10469
10470
10472
10473
10474
10474
10475
10476
10479
10480
10483
10484
10490
10491
10492
10494
10495
10495
10495
10497
10498
10501
10504
10504
10504
10506
10507
10507
10508
10510
10511
10511
10511
10514
10515
10515
10516
10517
10518
10519
10519
10522
10522
10523
10523
10525
10526
10527
10527
10528
10529
10531
10533
10533
10534
10535
10536
10536
10538
10540
10541
10541
10542
10543
10543
10547
10548
10550
10550
10552
10554
10554
10557
10557
10559
10559
10559
10561
10563
10564
10566
10567
10568
10572
10573
10574
10576
10577
10579
10579
10581
10582
10583
10585
10586
10588
10590
10593
10598
10599
10601
10603
10604
10605
10605
10610
10614
10616
10616
10617
10617
10618
10619
10622
10622
10623
10623
10624
10624
10629
10629
10631
10634
10634
10635
10636
10637
10637
10638
10639
10640
10642
10643
10643
10648
10649
10649
10650
10651
10656
10658
10660
10660
10661
10662
10662
10665
10669
10669
10670
10670
10673
10674
10675
10676
10676
10677
10681
10681
10681
10682
10684
10684
10685
10686
10687
10687
10688
10688
10689
10690
10690
10693
10694
10697
10697
10699
10700
10700
10702
10703
10704
10706
10706
10714
10718
10719
10720
10721
10724
10724
10726
10726
10727
10730
10730
10731
10731
10733
10734
10734
10740
10742
10745
10746
10747
10747
10748
10749
10749
10752
10755
10760
10761
10763
10763
10763
10765
10766
10767
10768
10768
10768
10769
10770
10770
10771
10771
10773
10774
10774
10777
10780
10780
10781
10781
10782
10783
10784
10785
10785
10787
10788
10788
10788
10789
10789
10790
10791
10794
10794
10798
10804
10806
10806
10809
10809
10809
10810
10814
10815
10822
10823
10824
10826
10826
10827
10827
10828
10830
10832
10835
10836
10839
10841
10843
10843
10845
10846
10849
10850
10851
10852
10853
10853
10854
10856
10857
10857
10860
10862
10864
10864
10864
10864
10866
10868
10868
10869
10870
10871
10872
10872
10872
10875
10875
10876
10876
10880
10880
10883
10883
10883
10887
10887
10888
10892
10894
10894
10894
10896
10898
10899
10901
10902
10902
10904
10904
10905
10908
10910
10911
10912
10920
10920
10920
10921
10921
10921
10922
10923
10928
10929
10930
10931
10933
10934
10935
10938
10938
10939
10942
10942
10942
10943
10944
10945
10945
10945
10946
10948
10950
10953
10953
10955
10957
10959
10959
10959
10960
10963
10964
10964
10966
10973
10973
10975
10979
10979
10981
10981
10982
10983
10984
10985
10985
10986
10988
10991
10993
10996
10998
10998
11008
11008
11009
11010
11012
11012
11014
11016
11017
11017
11017
11021
11026
11028
11028
11029
11029
11032
11032
11033
11034
11036
11036
11037
11038
11039
11040
11040
11041
11042
11042
11043
11044
11044
11045
11047
11048
11050
11051
11053
11054
11057
11057
11059
11061
11061
11062
11063
11065
11067
11068
11071
11073
11075
11077
11082
11082
11082
11083
11085
11086
11091
11092
11092
11094
11096
11097
11099
11101
11102
11105
11112
11112
11115
11115
11116
11116
11120
11126
11129
11130
11131
11132
11132
11134
11134
11137
11138
11138
11140
11140
11140
11141
11143
11146
11146
11147
11151
11152
11152
11153
11154
11154
11156
11156
11157
11158
11158
11158
11158
11161
11161
11164
11170
11171
11171
11172
11172
11173
11175
11176
11177
11179
11179
11179
11180
11181
11181
11182
11184
11184
11186
11189
11190
11195
11196
11198
11199
11200
11200
11200
11203
11204
11205
11206
11209
11213
11214
11214
11215
11215
11216
11217
11217
11217
11217
11218
11219
11220
11221
11223
11223
11225
11225
11225
11227
11227
11228
11229
11229
11230
11231
11232
11236
11236
11236
11239
11240
11242
11249
11251
11253
11255
11255
11256
11257
11259
11261
11263
11263
11263
11265
11265
11266
11267
11268
11270
11272
11272
11273
11276
11277
11278
11279
11280
11280
11282
11283
11285
11285
11285
11288
11290
11292
11292
11294
11294
11295
11297
11298
11299
11302
11305
11305
11306
11307
11309
11309
11313
11313
11314
11317
11320
11323
11325
11325
11327
11328
11329
11329
11330
11331
11332
11334
11334
11334
11335
11337
11338
11339
11340
11342
11343
11344
11344
11347
11348
11348
11350
11351
11352
11356
11357
11357
11364
11364
11365
11365
11366
11366
11369
11369
11370
11371
11372
11375
11375
11376
11381
11382
11383
11385
11385
11386
11386
11387
11388
11388
11390
11394
11394
11395
11402
11403
11403
11403
11407
11407
11407
11408
11410
11411
11412
11413
11415
11417
11417
11417
11418
11419
11421
11423
11426
11427
11430
11431
11433
11433
11434
11434
11435
11436
11436
11438
11438
11438
11444
11445
11445
11446
11449
11450
11451
11454
11454
11456
11457
11457
11458
11459
11459
11460
11461
11466
11468
11471
11472
11475
11476
11480
11482
11482
11482
11484
11484
11487
11488
11488
11488
11488
11489
11492
11492
11494
11494
11497
11497
11498
11499
11501
11503
11504
11505
11506
11507
11507
11511
11512
11513
11514
11518
11519
11519
11520
11523
11525
11525
11526
11527
11528
11531
11532
11533
11533
11535
11535
11536
11538
11540
11541
11541
11543
11544
11544
11545
11545
11545
11546
11547
11548
11549
11549
11549
11550
11552
11553
11553
11554
11554
11555
11555
11556
11557
11557
11558
11559
11559
11559
11560
11561
11561
11563
11563
11566
11567
11568
11571
11574
11575
11575
11580
11584
11585
11585
11592
11593
11594
11597
11599
11600
11606
11610
11611
11611
11611
11611
11612
11614
11614
11616
11618
11619
11620
11620
11622
11624
11626
11627
11630
11630
11631
11632
11632
11633
11634
11641
11643
11645
11645
11645
11645
11648
11652
11654
11655
11655
11658
11658
11658
11659
11664
11664
11665
11666
11668
11668
11669
11670
11670
11671
11672
11674
11675
11676
11676
11677
11679
11680
11680
11681
11682
11683
11683
11684
11686
11687
11687
11690
11691
11693
11694
11694
11694
11694
11698
11699
11700
11700
11701
11702
11704
11705
11705
11711
11714
11714
11714
11715
11720
11721
11722
11724
11724
11726
11726
11728
11728
11729
11730
11731
11731
11735
11737
11737
11742
11742
11744
11746
11749
11750
11752
11752
11755
11756
11757
11758
11760
11761
11761
11761
11764
11764
11766
11766
11768
11769
11770
11771
11772
11772
11774
11775
11776
11776
11776
11778
11781
11783
11785
11786
11786
11787
11787
11790
11790
11790
11794
11796
11796
11796
11797
11798
11799
11800
11800
11802
11804
11804
11804
11806
11808
11808
11810
11810
11812
11814
11816
11817
11818
11822
11828
11828
11830
11831
11832
11833
11833
11834
11834
11834
11835
11837
11838
11838
11838
11839
11840
11840
11841
11842
11842
11842
11843
11843
11844
11844
11847
11848
11850
11850
11853
11859
11861
11861
11861
11863
11865
11867
11867
11868
11869
11872
11873
11873
11875
11877
11878
11879
11881
11881
11884
11884
11884
11885
11888
11889
11889
11890
11892
11893
11894
11895
11895
11896
11896
11897
11898
11899
11900
11900
11901
11902
11905
11908
11909
11910
11911
11911
11911
11912
11916
11920
11921
11923
11930
11930
11931
11931
11931
11932
11932
11933
11934
11936
11937
11939
11941
11942
11945
11946
11946
11948
11949
11951
11953
11955
11955
11956
11956
11960
11962
11963
11963
11965
11965
11966
11966
11967
11969
11970
11972
11977
11977
11978
11980
11981
11982
11982
11984
11984
11984
11986
11987
11989
11990
11991
11991
11992
11993
11995
11996
11999
11999
12001
12002
12006
12006
12007
12008
12008
12010
12010
12012
12013
12013
12015
12016
12017
12019
12019
12020
12022
12024
12028
12029
12030
12031
12031
12031
12032
12037
12038
12038
12038
12039
12041
12043
12043
12043
12044
12046
12046
12046
12050
12051
12051
12053
12053
12054
12056
12057
12060
12064
12065
12067
12069
12075
12075
12076
12078
12082
12084
12085
12086
12086
12090
12093
12094
12095
12097
12099
12099
12100
12100
12101
12104
12104
12105
12108
12110
12110
12110
12111
12112
12112
12112
12112
12114
12114
12114
12114
12116
12117
12119
12120
12120
12121
12122
12125
12129
12130
12131
12133
12134
12135
12137
12138
12138
12138
12141
12142
12142
12143
12145
12147
12147
12150
12150
12151
12152
12153
12153
12160
12161
12163
12163
12166
12166
12167
12167
12169
12170
12172
12172
12173
12174
12177
12178
12178
12179
12179
12180
12181
12182
12182
12183
12183
12184
12187
12188
12188
12189
12190
12190
12193
12195
12196
12200
12200
12201
12201
12202
12205
12205
12208
12208
12209
12209
12209
12210
12211
12211
12212
12213
12215
12216
12217
12219
12219
12220
12221
12221
12222
12222
12223
12226
12227
12227
12228
12228
12229
12230
12231
12232
12233
12235
12239
12240
12241
12241
12243
12244
12244
12246
12247
12247
12249
12250
12250
12251
12252
12253
12253
12255
12256
12256
12257
12258
12259
12259
12261
12263
12263
12265
12267
12271
12272
12274
12274
12278
12279
12279
12280
12280
12281
12282
12284
12284
12285
12286
12287
12289
12290
12292
12293
12295
12297
12298
12300
12301
12302
12302
12303
12305
12308
12310
12313
12314
12316
12317
12317
12321
12323
12325
12325
12327
12328
12333
12337
12337
12338
12339
12339
12342
12343
12343
12343
12343
12345
12347
12347
12348
12349
12349
12351
12354
12355
12356
12358
12360
12361
12361
12362
12362
12362
12363
12364
12364
12366
12367
12370
12371
12371
12372
12372
12374
12374
12375
12375
12375
12376
12380
12380
12382
12383
12385
12388
12390
12391
12394
12396
12397
12397
12399
12402
12403
12403
12403
12404
12404
12408
12408
12412
12413
12413
12414
12415
12415
12418
12418
12418
12419
12419
12420
12420
12421
12421
12421
12425
12426
12426
12430
12432
12432
12432
12432
12434
12435
12436
12439
12441
12442
12443
12444
12446
12446
12449
12450
12451
12456
12457
12458
12460
12462
12463
12463
12465
12468
12470
12470
12470
12471
12471
12473
12473
12477
12478
12480
12481
12481
12483
12483
12484
12484
12485
12487
12487
12489
12489
12489
12489
12492
12494
12496
12497
12499
12501
12503
12504
12506
12506
12506
12507
12507
12508
12508
12510
12511
12513
12520
12521
12523
12524
12524
12528
12530
12534
12535
12536
12536
12537
12538
12540
12542
12544
12545
12546
12548
12548
12552
12553
12554
12555
12555
12555
12555
12559
12564
12565
12565
12566
12567
12567
12569
12569
12570
12570
12571
12571
12572
12573
12576
12577
12579
12583
12588
12588
12592
12592
12593
12594
12594
12595
12598
12599
12600
12600
12601
12605
12606
12608
12609
12610
12611
12612
12613
12614
12614
12615
12616
12616
12616
12617
12618
12621
12621
12621
12622
12622
12623
12623
12624
12626
12627
12628
12630
12630
12630
12631
12631
12633
12634
12635
12636
12642
12644
12646
12646
12647
12648
12648
12649
12650
12652
12654
12654
12654
12656
12657
12658
12663
12663
12663
12663
12666
12666
12667
12667
12672
12673
12673
12673
12673
12674
12674
12674
12674
12676
12678
12680
12680
12680
12682
12683
12684
12686
12687
12689
12690
12691
12691
12693
12695
12696
12696
12697
12698
12699
12700
12702
12702
12703
12708
12715
12715
12716
12716
12716
12720
12720
12721
12721
12723
12724
12724
12725
12726
12726
12727
12729
12731
12732
12732
12733
12739
12739
12740
12740
12741
12741
12742
12743
12745
12747
12748
12748
12749
12751
12752
12754
12755
12755
12756
12757
12757
12758
12758
12760
12762
12763
12765
12766
12769
12770
12772
12774
12779
12780
12782
12785
12786
12786
12787
12788
12788
12791
12792
12792
12794
12799
12800
12803
12806
12807
12807
12807
12807
12807
12808
12809
12811
12811
12813
12818
12818
12819
12820
12820
12820
12821
12823
12823
12824
12824
12825
12825
12826
12828
12835
12837
12837
12837
12840
12841
12842
12844
12844
12845
12845
12845
12848
12850
12850
12850
12851
12852
12853
12853
12853
12855
12857
12858
12860
12864
12867
12868
12869
12871
12871
12872
12874
12875
12876
12876
12876
12876
12877
12879
12879
12882
12887
12890
12894
12896
12896
12896
12898
12898
12899
12900
12901
12901
12904
12904
12909
12909
12910
12910
12912
12913
12914
12914
12914
12917
12919
12922
12926
12929
12929
12931
12931
12932
12932
12932
12934
12935
12936
12942
12943
12944
12945
12945
12947
12948
12949
12950
12951
12951
12952
12958
12960
12961
12962
12962
12963
12963
12966
12966
12966
12967
12969
12971
12971
12971
12973
12973
12975
12975
12976
12978
12982
12982
12982
12985
12985
12987
12988
12991
12994
12996
12998
13001
13002
13003
13003
13005
13005
13007
13007
13007
13008
13012
13013
13014
13014
13015
13016
13016
13017
13018
13018
13018
13019
13021
13022
13024
13025
13025
13026
13027
13027
13027
13028
13028
13030
13030
13030
13034
13038
13042
13042
13043
13043
13046
13046
13048
13055
13056
13057
13058
13059
13059
13062
13062
13064
13064
13068
13068
13069
13071
13073
13073
13073
13074
13075
13078
13078
13078
13079
13082
13083
13085
13086
13088
13089
13091
13091
13093
13093
13097
13097
13098
13101
13101
13102
13103
13104
13105
13105
13106
13107
13107
13108
13110
13111
13116
13116
13118
13118
13118
13118
13120
13120
13122
13123
13123
13124
13124
13126
13126
13128
13129
13129
13131
13132
13134
13138
13138
13138
13139
13139
13140
13142
13142
13142
13145
13145
13145
13147
13147
13148
13151
13152
13155
13156
13157
13159
13160
13160
13160
13161
13164
13166
13169
13172
13174
13177
13177
13177
13178
13179
13184
13184
13185
13185
13188
13188
13191
13195
13195
13197
13198
13198
13198
13198
13199
13201
13202
13203
13205
13207
13208
13209
13210
13212
13215
13216
13217
13219
13221
13223
13225
13226
13227
13227
13229
13231
13234
13242
13243
13244
13245
13245
13247
13247
13248
13249
13250
13250
13251
13253
13254
13256
13258
13259
13260
13260
13262
13267
13268
13269
13272
13275
13278
13278
13279
13280
13280
13281
13281
13282
13284
13284
13286
13287
13289
13290
13290
13291
13291
13296
13297
13297
13298
13298
13298
13298
13300
13302
13302
13303
13309
13311
13311
13312
13313
13315
13315
13316
13318
13319
13320
13321
13323
13326
13326
13329
13330
13334
13335
13335
13335
13336
13336
13337
13341
13341
13343
13345
13345
13345
13345
13349
13352
13353
13354
13357
13358
13359
13359
13365
13365
13365
13366
13367
13367
13368
13368
13370
13372
13372
13373
13374
13374
13375
13377
13377
13379
13379
13381
13381
13381
13384
13384
13386
13386
13387
13389
13392
13393
13395
13396
13397
13397
13399
13401
13401
13401
13403
13405
13408
13408
13411
13412
13412
13415
13416
13416
13418
13419
13419
13419
13424
13426
13427
13433
13433
13435
13436
13437
13438
13439
13442
13443
13443
13444
13444
13445
13445
13446
13447
13447
13447
13450
13454
13460
13465
13466
13467
13468
13469
13471
13473
13476
13477
13477
13477
13479
13480
13481
13481
13483
13484
13484
13486
13487
13489
13490
13492
13492
13494
13496
13497
13497
13501
13504
13506
13507
13509
13512
13513
13513
13514
13517
13521
13522
13524
13525
13528
13532
13533
13535
13537
13541
13541
13542
13542
13543
13545
13547
13548
13548
13550
13550
13550
13551
13552
13555
13559
13561
13561
13562
13563
13563
13564
13564
13565
13565
13568
13568
13570
13571
13575
13578
13579
13583
13584
13587
13588
13589
13590
13590
13591
13594
13595
13596
13596
13598
13601
13603
13603
13604
13605
13605
13606
13609
13610
13610
13613
13614
13615
13616
13618
13618
13619
13619
13620
13624
13625
13627
13629
13630
13636
13636
13638
13645
13646
13647
13652
13653
13657
13658
13663
13663
13665
13665
13666
13668
13671
13671
13674
13675
13676
13677
13678
13681
13681
13681
13684
13684
13685
13688
13689
13692
13692
13693
13694
13694
13694
13695
13700
13701
13702
13703
13703
13705
13706
13706
13707
13707
13710
13712
13712
13714
13714
13715
13715
13715
13724
13725
13728
13734
13736
13740
13740
13740
13742
13742
13743
13743
13746
13750
13753
13753
13754
13756
13756
13757
13759
13759
13760
13761
13762
13762
13762
13763
13764
13765
13768
13772
13774
13774
13776
13779
13781
13781
13782
13783
13783
13784
13786
13787
13787
13789
13790
13791
13794
13794
13794
13798
13804
13804
13806
13807
13809
13810
13810
13812
13812
13812
13813
13813
13818
13818
13819
13821
13822
13823
13823
13825
13827
13828
13828
13828
13828
13830
13830
13830
13831
13831
13832
13832
13836
13836
13837
13837
13837
13838
13839
13839
13840
13844
13845
13847
13848
13849
13849
13850
13851
13852
13853
13855
13858
13860
13861
13861
13861
13862
13864
13866
13867
13867
13868
13870
13873
13874
13876
13877
13877
13877
13879
13879
13881
13881
13882
13884
13888
13889
13890
13891
13892
13893
13894
13894
13899
13899
13902
13905
13905
13905
13908
13908
13910
13918
13925
13927
13929
13931
13931
13932
13933
13933
13934
13937
13938
13939
13940
13942
13943
13943
13943
13945
13946
13954
13955
13957
13957
13957
13960
13960
13962
13962
13962
13964
13966
13967
13967
13970
13971
13972
13973
13973
13976
13979
13980
13980
13981
13982
13982
13984
13987
13989
13989
13989
13990
13991
13993
13995
13995
13997
13998
14000
14001
14001
14007
14012
14012
14016
14017
14018
14019
14020
14021
14021
14023
14027
14028
14028
14029
14029
14031
14033
14034
14036
14037
14037
14037
14038
14038
14039
14042
14042
14043
14044
14045
14047
14048
14049
14055
14055
14062
14063
14064
14064
14066
14074
14075
14075
14076
14076
14076
14078
14083
14086
14088
14090
14091
14092
14092
14093
14096
14098
14101
14103
14104
14105
14107
14108
14111
14111
14111
14112
14117
14118
14120
14121
14123
14124
14124
14125
14126
14127
14127
14128
14129
14130
14132
14136
14139
14140
14141
14141
14141
14142
14142
14143
14144
14147
14151
14152
14154
14155
14156
14157
14157
14160
14162
14163
14167
14169
14169
14170
14173
14175
14176
14176
14176
14176
14177
14179
14179
14180
14181
14181
14183
14183
14183
14185
14185
14185
14187
14187
14191
14192
14193
14193
14194
14194
14196
14196
14197
14197
14198
14199
14200
14202
14202
14202
14202
14204
14207
14208
14210
14211
14211
14212
14213
14214
14216
14218
14218
14218
14219
14221
14225
14225
14225
14226
14227
14227
14229
14229
14230
14231
14232
14233
14234
14235
14236
14237
14237
14238
14240
14240
14244
14245
14245
14248
14251
14251
14253
14253
14255
14256
14259
14260
14260
14262
14262
14264
14265
14266
14267
14269
14270
14270
14272
14273
14273
14273
14274
14276
14279
14281
14282
14285
14287
14289
14289
14290
14299
14301
14301
14301
14303
14304
14304
14305
14306
14307
14307
14307
14308
14309
14312
14312
14312
14316
14317
14318
14319
14319
14319
14321
14321
14322
14323
14323
14325
14326
14326
14327
14328
14331
14332
14332
14334
14337
14340
14341
14343
14345
14345
14351
14351
14352
14352
14352
14352
14352
14352
14353
14362
14364
14364
14364
14365
14365
14366
14366
14366
14369
14369
14369
14370
14371
14373
14374
14375
14378
14379
14380
14382
14382
14383
14387
14388
14389
14390
14391
14393
14394
14394
14394
14396
14396
14399
14403
14404
14405
14407
14407
14408
14409
14409
14411
14412
14412
14414
14416
14416
14419
14420
14423
14424
14426
14426
14427
14428
14429
14429
14430
14430
14431
14431
14432
14432
14432
14433
14436
14436
14438
14438
14440
14440
14441
14441
14442
14442
14443
14443
14445
14445
14446
14447
14448
14448
14449
14452
14456
14459
14461
14461
14462
14463
14464
14465
14467
14468
14470
14472
14473
14473
14476
14477
14478
14481
14481
14487
14489
14490
14493
14493
14493
14495
14498
14500
14501
14503
14503
14504
14505
14509
14511
14512
14512
14513
14514
14515
14520
14521
14523
14525
14525
14527
14529
14530
14531
14531
14532
14534
14535
14535
14536
14536
14538
14538
14539
14539
14540
14540
14541
14544
14544
14545
14546
14547
14549
14550
14551
14551
14552
14556
14558
14560
14563
14563
14563
14564
14564
14564
14565
14565
14567
14568
14569
14569
14569
14570
14571
14572
14574
14580
14581
14584
14586
14587
14587
14588
14589
14590
14592
14593
14593
14594
14595
14597
14598
14598
14598
14599
14604
14604
14605
14608
14610
14612
14612
14612
14612
14614
14615
14617
14618
14618
14619
14620
14620
14622
14622
14626
14627
14629
14629
14630
14630
14631
14634
14635
14635
14636
14637
14638
14638
14639
14639
14639
14640
14641
14641
14642
14642
14642
14642
14646
14648
14648
14649
14654
14657
14659
14660
14661
14661
14662
14664
14665
14668
14669
14673
14673
14676
14677
14678
14681
14681
14681
14682
14683
14683
14683
14683
14684
14685
14686
14687
14688
14688
14691
14691
14693
14694
14696
14698
14703
14706
14708
14708
14708
14709
14711
14714
14714
14715
14716
14722
14725
14726
14726
14727
14728
14731
14731
14733
14737
14737
14740
14740
14745
14745
14746
14746
14747
14748
14748
14752
14752
14753
14756
14758
14758
14761
14763
14764
14765
14767
14768
14771
14773
14779
14781
14782
14786
14786
14787
14790
14791
14793
14793
14793
14794
14796
14797
14798
14798
14801
14803
14803
14803
14804
14805
14805
14808
14809
14812
14815
14815
14819
14820
14821
14821
14821
14822
14823
14823
14825
14826
14826
14827
14829
14831
14832
14834
14835
14835
14836
14837
14837
14838
14839
14840
14841
14842
14842
14844
14846
14848
14853
14854
14855
14858
14858
14860
14861
14862
14862
14862
14862
14864
14864
14865
14866
14866
14867
14869
14876
14877
14878
14878
14880
14882
14883
14885
14886
14888
14890
14890
14893
14893
14895
14895
14897
14898
14899
14900
14902
14902
14903
14904
14906
14907
14909
14910
14911
14916
14916
14917
14918
14920
14922
14924
14924
14927
14927
14928
14929
14929
14930
14930
14933
14936
14936
14937
14938
14938
14939
14940
14941
14945
14948
14948
14949
14951
14954
14961
14961
14963
14963
14964
14965
14966
14967
14967
14968
14968
14969
14969
14969
14969
14973
14975
14976
14978
14978
14979
14981
14982
14983
14984
14987
14987
14988
14988
14990
14993
14993
14994
14995
14996
14999
14999
15000
15003
15004
15004
15005
15005
15006
15009
15009
15009
15009
15011
15012
15014
15015
15017
15020
15020
15020
15021
15024
15025
15025
15026
15026
15027
15027
15027
15027
15029
15030
15030
15031
15032
15033
15033
15034
15035
15035
15036
15036
15036
15036
15037
15039
15040
15043
15043
15043
15043
15046
15047
15048
15050
15050
15052
15054
15055
15055
15055
15057
15057
15058
15059
15061
15064
15064
15065
15067
15068
15070
15071
15074
15076
15076
15079
15080
15081
15083
15083
15084
15086
15087
15088
15091
15092
15095
15096
15098
15099
15099
15099
15101
15101
15103
15105
15108
15109
15109
15112
15112
15112
15113
15113
15113
15114
15117
15118
15120
15122
15123
15125
15126
15126
15128
15129
15130
15135
15136
15137
15138
15140
15140
15142
15144
15145
15146
15148
15150
15150
15151
15154
15154
15156
15156
15160
15160
15161
15164
15165
15168
15170
15171
15171
15171
15173
15173
15174
15176
15176
15179
15179
15179
15181
15183
15186
15188
15190
15190
15191
15191
15192
15194
15195
15195
15198
15198
15199
15201
15201
15205
15206
15206
15206
15210
15211
15214
15219
15223
15225
15231
15232
15235
15236
15237
15237
15242
15247
15248
15252
15253
15254
15255
15256
15258
15260
15264
15266
15266
15268
15270
15270
15271
15271
15272
15272
15274
15276
15278
15278
15280
15283
15284
15285
15286
15287
15287
15288
15291
15291
15291
15292
15292
15295
15304
15305
15305
15306
15307
15307
15308
15309
15312
15317
15320
15321
15321
15324
15324
15325
15327
15329
15331
15333
15335
15338
15341
15342
15343
15346
15346
15347
15347
15350
15351
15356
15359
15360
15361
15361
15362
15364
15365
15366
15366
15366
15367
15369
15371
15373
15375
15375
15375
15376
15377
15380
15381
15382
15382
15382
15383
15383
15384
15385
15385
15385
15389
15390
15390
15390
15390
15391
15392
15392
15393
15394
15394
15395
15395
15395
15396
15399
15400
15401
15402
15402
15403
15405
15405
15406
15406
15407
15410
15414
15417
15418
15421
15422
15424
15424
15429
15429
15429
15432
15433
15434
15438
15439
15443
15443
15444
15444
15445
15448
15452
15452
15453
15454
15455
15461
15462
15463
15465
15467
15468
15469
15470
15470
15470
15471
15472
15472
15473
15475
15476
15476
15476
15477
15478
15480
15480
15482
15483
15483
15483
15484
15485
15486
15489
15491
15491
15492
15493
15494
15494
15495
15496
15499
15501
15508
15509
15509
15510
15511
15511
15512
15512
15512
15513
15515
15518
15518
15520
15522
15523
15523
15527
15528
15529
15531
15531
15531
15532
15533
15533
15534
15535
15536
15536
15537
15539
15540
15541
15548
15549
15549
15550
15554
15554
15555
15557
15560
15560
15560
15563
15563
15565
15565
15567
15567
15568
15568
15570
15570
15571
15572
15572
15575
15575
15576
15577
15577
15582
15586
15593
15595
15597
15598
15600
15601
15602
15603
15607
15607
15608
15612
15613
15613
15613
15615
15617
15617
15618
15619
15620
15623
15624
15624
15627
15628
15628
15630
15631
15632
15633
15637
15637
15637
15639
15640
15641
15642
15644
15644
15645
15645
15645
15647
15648
15650
15654
15654
15654
15656
15658
15660
15660
15661
15661
15663
15663
15665
15667
15668
15668
15668
15668
15670
15672
15672
15673
15678
15679
15682
15684
15685
15686
15686
15687
15690
15692
15692
15694
15695
15699
15699
15701
15701
15703
15704
15706
15707
15707
15708
15711
15711
15713
15713
15714
15715
15718
15719
15719
15721
15722
15723
15723
15726
15727
15727
15728
15729
15731
15731
15732
15732
15734
15734
15734
15735
15736
15737
15737
15738
15739
15743
15744
15744
15747
15747
15750
15750
15751
15752
15753
15753
15755
15760
15761
15762
15762
15763
15763
15763
15764
15766
15767
15769
15769
15770
15770
15772
15774
15774
15774
15781
15783
15785
15785
15790
15792
15793
15794
15795
15796
15797
15801
15805
15806
15808
15809
15810
15811
15816
15818
15819
15821
15823
15828
15828
15828
15829
15830
15832
15832
15832
15833
15833
15834
15834
15837
15838
15840
15841
15842
15844
15848
15849
15849
15850
15851
15852
15852
15853
15853
15854
15855
15857
15859
15860
15861
15862
15864
15864
15865
15869
15870
15872
15874
15874
15874
15879
15879
15880
15882
15883
15884
15890
15894
15895
15895
15898
15898
15899
15899
15901
15906
15906
15908
15909
15909
15910
15910
15910
15912
15912
15917
15919
15920
15923
15923
15923
15923
15925
15927
15927
15929
15929
15930
15931
15932
15932
15933
15933
15935
15935
15936
15937
15937
15939
15942
15943
15943
15945
15947
15948
15949
15950
15950
15955
15955
15955
15956
15957
15958
15958
15960
15963
15963
15966
15967
15968
15968
15968
15970
15971
15971
15971
15971
15972
15974
15975
15977
15984
15984
15986
15987
15988
15989
15994
15994
15995
15996
15998
16000
16001
16001
16001
16008
16009
16009
16009
16010
16012
16014
16014
16016
16017
16019
16019
16019
16021
16023
16023
16027
16027
16029
16029
16031
16032
16032
16039
16043
16045
16046
16046
16047
16049
16049
16049
16050
16050
16050
16052
16052
16052
16052
16052
16056
16057
16059
16060
16060
16061
16064
16064
16065
16065
16067
16067
16068
16070
16072
16072
16073
16074
16077
16078
16078
16078
16078
16079
16080
16081
16081
16081
16082
16082
16083
16085
16089
16093
16094
16095
16096
16097
16098
16099
16100
16102
16104
16106
16107
16107
16112
16115
16117
16117
16118
16120
16121
16122
16123
16123
16124
16125
16129
16131
16135
16137
16138
16139
16141
16142
16143
16145
16145
16147
16153
16153
16157
16157
16158
16158
16160
16165
16167
16168
16168
16169
16171
16172
16174
16175
16179
16180
16183
16192
16193
16196
16196
16196
16198
16198
16198
16199
16199
16199
16201
16201
16201
16203
16205
16205
16210
16210
16212
16217
16218
16219
16220
16222
16222
16223
16223
16224
16225
16226
16226
16226
16228
16228
16229
16231
16231
16233
16235
16237
16239
16239
16239
16241
16243
16244
16250
16251
16251
16251
16251
16255
16257
16258
16260
16263
16265
16265
16266
16266
16267
16269
16269
16273
16275
16275
16277
16277
16279
16283
16283
16283
16285
16285
16286
16286
16287
16287
16293
16295
16296
16296
16296
16298
16299
16299
16300
16300
16300
16302
16302
16303
16304
16304
16305
16307
16308
16308
16309
16310
16311
16312
16313
16316
16317
16319
16320
16320
16320
16323
16323
16326
16326
16326
16328
16333
16333
16335
16339
16345
16345
16351
16353
16354
16356
16356
16362
16362
16364
16370
16370
16371
16371
16373
16373
16373
16374
16375
16376
16376
16376
16377
16378
16379
16379
16379
16380
16382
16382
16382
16383
16385
16385
16385
16386
16388
16389
16390
16392
16392
16392
16393
16393
16393
16393
16394
16397
16397
16400
16400
16401
16402
16403
16404
16405
16407
16408
16409
16410
16411
16411
16411
16412
16412
16414
16414
16417
16418
16418
16419
16419
16420
16421
16422
16424
16427
16429
16435
16435
16436
16438
16441
16443
16444
16445
16446
16447
16447
16447
16448
16450
16453
16453
16455
16456
16456
16457
16460
16460
16460
16462
16465
16467
16468
16468
16469
16469
16470
16472
16472
16473
16474
16481
16484
16487
16489
16491
16491
16494
16494
16494
16494
16496
16496
16498
16499
16499
16500
16501
16501
16505
16505
16505
16505
16508
16512
16512
16515
16516
16517
16518
16520
16520
16521
16522
16524
16524
16525
16526
16529
16529
16529
16530
16536
16537
16538
16538
16539
16539
16540
16540
16540
16541
16543
16544
16545
16545
16546
16547
16549
16554
16558
16559
16560
16564
16567
16570
16571
16572
16573
16573
16577
16578
16584
16586
16588
16589
16592
16594
16595
16596
16598
16600
16601
16601
16603
16604
16604
16605
16605
16605
16607
16607
16608
16608
16610
16610
16610
16614
16614
16615
16617
16618
16618
16619
16619
16621
16623
16625
16627
16627
16629
16629
16630
16632
16635
16639
16640
16640
16643
16643
16644
16644
16647
16650
16651
16655
16655
16658
16659
16659
16661
16662
16663
16664
16668
16669
16672
16674
16675
16675
16676
16677
16679
16680
16681
16681
16681
16682
16682
16684
16686
16686
16687
16689
16690
16691
16691
16695
16695
16698
16700
16702
16705
16709
16712
16713
16714
16714
16716
16717
16718
16721
16723
16725
16726
16727
16729
16730
16731
16732
16734
16736
16736
16737
16737
16740
16740
16741
16742
16743
16744
16744
16752
16754
16756
16759
16761
16764
16764
16765
16769
16771
16774
16775
16775
16777
16777
16778
16782
16783
16784
16784
16785
16785
16786
16786
16790
16790
16792
16792
16792
16793
16793
16794
16796
16798
16799
16800
16802
16802
16804
16806
16806
16808
16809
16809
16810
16811
16817
16817
16818
16818
16819
16821
16821
16822
16823
16825
16826
16826
16827
16827
16832
16832
16833
16833
16834
16834
16837
16838
16838
16839
16840
16842
16843
16843
16844
16846
16846
16857
16858
16859
16859
16861
16862
16862
16863
16866
16867
16873
16873
16873
16875
16876
16876
16876
16877
16877
16877
16879
16880
16882
16882
16883
16883
16883
16886
16886
16886
16891
16892
16894
16895
16895
16895
16897
16898
16900
16902
16903
16904
16906
16906
16907
16908
16909
16914
16917
16917
16922
16923
16925
16925
16925
16929
16932
16933
16934
16936
16937
16938
16939
16941
16945
16950
16951
16954
16955
16955
16956
16957
16961
16962
16963
16966
16967
16969
16969
16970
16976
16976
16977
16978
16981
16983
16983
16984
16984
16985
16988
16990
16991
16992
16993
16994
16994
16997
16998
16998
16999
16999
17002
17004
17007
17007
17007
17009
17015
17016
17016
17017
17018
17023
17027
17027
17027
17028
17029
17032
17035
17035
17037
17037
17039
17039
17040
17040
17040
17041
17042
17045
17045
17047
17047
17048
17050
17050
17052
17052
17055
17056
17056
17056
17057
17060
17062
17063
17065
17065
17066
17067
17069
17070
17073
17075
17075
17077
17077
17079
17083
17084
17085
17090
17090
17093
17093
17094
17094
17095
17096
17098
17099
17100
17101
17103
17105
17107
17108
17108
17110
17113
17115
17116
17119
17120
17123
17123
17124
17132
17133
17133
17134
17135
17138
17139
17143
17145
17146
17149
17149
17150
17153
17154
17156
17156
17156
17157
17157
17160
17160
17162
17162
17166
17169
17170
17171
17173
17175
17176
17177
17177
17179
17179
17182
17183
17185
17187
17187
17188
17188
17189
17191
17193
17193
17194
17195
17196
17197
17201
17203
17203
17206
17207
17208
17208
17209
17212
17216
17219
17219
17225
17226
17226
17226
17227
17227
17229
17236
17236
17236
17238
17240
17240
17242
17243
17243
17244
17246
17246
17247
17249
17253
17255
17255
17258
17258
17260
17264
17265
17266
17268
17270
17271
17273
17275
17276
17277
17278
17282
17283
17283
17284
17284
17285
17287
17288
17289
17290
17291
17291
17293
17295
17295
17295
17301
17302
17303
17306
17308
17310
17310
17311
17312
17313
17314
17315
17315
17315
17316
17316
17317
17319
17319
17322
17322
17323
17324
17324
17325
17326
17328
17330
17331
17331
17332
17335
17336
17337
17338
17338
17338
17338
17341
17345
17346
17347
17347
17347
17347
17348
17349
17350
17350
17352
17353
17355
17355
17355
17358
17363
17363
17363
17363
17365
17371
17371
17372
17374
17377
17378
17378
17381
17382
17385
17385
17387
17388
17389
17389
17389
17389
17390
17391
17394
17396
17397
17398
17400
17401
17403
17405
17405
17405
17407
17407
17407
17410
17411
17412
17412
17412
17413
17413
17414
17418
17419
17419
17420
17423
17423
17424
17425
17425
17425
17427
17427
17428
17429
17430
17431
17431
17437
17440
17440
17441
17441
17441
17442
17442
17443
17445
17445
17445
17446
17447
17453
17454
17455
17456
17459
17461
17461
17462
17462
17464
17465
17466
17466
17467
17468
17468
17468
17469
17471
17473
17473
17475
17475
17475
17476
17476
17479
17481
17483
17483
17484
17485
17487
17487
17487
17489
17490
17492
17492
17493
17493
17494
17497
17498
17507
17507
17509
17510
17511
17511
17515
17516
17516
17519
17521
17523
17523
17523
17524
17527
17530
17530
17531
17532
17533
17533
17534
17534
17536
17537
17537
17538
17538
17540
17540
17540
17541
17541
17543
17544
17545
17547
17547
17547
17551
17552
17553
17554
17554
17555
17558
17558
17561
17562
17562
17563
17566
17569
17575
17577
17579
17580
17583
17585
17586
17587
17587
17589
17589
17589
17590
17590
17590
17591
17592
17592
17593
17594
17595
17596
17601
17602
17605
17605
17606
17607
17607
17608
17609
17609
17612
17613
17613
17615
17615
17616
17621
17621
17622
17624
17625
17629
17629
17630
17630
17630
17631
17631
17631
17632
17633
17636
17636
17636
17636
17637
17637
17640
17641
17643
17645
17650
17651
17655
17656
17656
17657
17657
17658
17660
17661
17661
17662
17663
17664
17665
17667
17668
17672
17673
17674
17676
17679
17679
17680
17680
17686
17688
17692
17692
17692
17693
17695
17696
17697
17699
17699
17701
17702
17704
17704
17707
17707
17709
17709
17710
17719
17720
17720
17720
17720
17722
17724
17724
17725
17725
17728
17729
17730
17730
17732
17733
17733
17734
17734
17735
17735
17737
17738
17739
17739
17739
17741
17742
17743
17743
17747
17748
17752
17753
17756
17756
17757
17758
17760
17761
17761
17762
17763
17763
17764
17764
17765
17765
17766
17766
17767
17769
17773
17773
17774
17775
17777
17777
17779
17779
17780
17780
17780
17785
17786
17786
17789
17790
17792
17793
17794
17796
17796
17796
17796
17797
17797
17800
17807
17809
17811
17812
17812
17812
17815
17815
17817
17822
17822
17823
17825
17827
17828
17828
17834
17834
17835
17835
17836
17837
17837
17838
17838
17840
17841
17842
17843
17844
17852
17852
17854
17856
17857
17860
17861
17863
17864
17866
17866
17867
17869
17870
17871
17871
17871
17872
17873
17874
17874
17876
17876
17877
17878
17882
17883
17883
17883
17884
17885
17886
17887
17893
17893
17894
17897
17898
17899
17900
17901
17902
17905
17905
17905
17907
17909
17910
17913
17914
17914
17916
17916
17916
17916
17921
17922
17923
17923
17924
17925
17925
17925
17931
17932
17932
17932
17935
17936
17940
17940
17940
17940
17944
17945
17946
17946
17947
17947
17949
17949
17951
17951
17954
17957
17957
17957
17960
17960
17963
17965
17965
17968
17968
17970
17972
17974
17976
17976
17976
17979
17982
17982
17982
17984
17987
17987
17988
17989
17990
17992
17993
17994
17998
17999
18000
18000
18003
18003
18004
18005
18005
18007
18007
18009
18010
18012
18013
18014
18015
18015
18016
18017
18017
18018
18019
18021
18025
18027
18027
18031
18033
18034
18034
18038
18039
18041
18042
18042
18044
18044
18046
18046
18048
18048
18048
18049
18049
18050
18051
18052
18054
18055
18057
18060
18062
18065
18066
18068
18071
18071
18071
18071
18072
18074
18074
18075
18081
18082
18082
18083
18085
18086
18088
18089
18089
18091
18092
18097
18100
18101
18101
18102
18102
18102
18105
18110
18111
18112
18112
18117
18120
18121
18122
18127
18129
18129
18131
18131
18132
18133
18137
18138
18144
18144
18147
18147
18148
18148
18151
18155
18156
18158
18159
18159
18160
18161
18162
18166
18167
18167
18168
18169
18170
18171
18171
18172
18172
18175
18176
18176
18177
18178
18181
18182
18184
18185
18187
18187
18187
18191
18191
18192
18192
18194
18194
18194
18196
18196
18197
18198
18198
18201
18202
18204
18206
18206
18207
18208
18211
18212
18212
18215
18219
18223
18225
18225
18225
18226
18227
18228
18228
18230
18231
18232
18234
18235
18238
18239
18240
18243
18243
18245
18245
18246
18247
18251
18253
18254
18259
18260
18262
18265
18265
18266
18272
18272
18272
18273
18274
18274
18274
18276
18277
18277
18280
18281
18281
18283
18286
18288
18288
18289
18291
18291
18292
18296
18298
18298
18299
18300
18301
18302
18304
18304
18307
18307
18309
18309
18310
18313
18315
18316
18317
18317
18319
18320
18321
18321
18321
18325
18326
18328
18330
18334
18339
18339
18340
18341
18341
18342
18342
18343
18345
18345
18346
18346
18348
18350
18352
18353
18354
18355
18355
18355
18356
18358
18358
18359
18361
18363
18363
18364
18366
18366
18371
18372
18372
18373
18374
18375
18376
18376
18378
18378
18381
18382
18387
18390
18390
18394
18394
18395
18395
18396
18396
18397
18401
18402
18402
18402
18407
18407
18407
18408
18409
18412
18412
18414
18416
18417
18417
18420
18421
18423
18424
18433
18434
18437
18438
18441
18443
18443
18444
18447
18451
18452
18452
18453
18453
18454
18455
18457
18458
18459
18461
18463
18465
18465
18466
18467
18467
18467
18468
18469
18469
18470
18474
18474
18475
18476
18476
18479
18480
18480
18481
18482
18482
18483
18483
18483
18485
18487
18488
18489
18490
18490
18494
18495
18496
18498
18499
18501
18502
18503
18504
18505
18506
18506
18508
18511
18512
18513
18513
18515
18515
18517
18521
18521
18521
18524
18525
18527
18529
18529
18532
18534
18538
18540
18541
18546
18548
18548
18551
18551
18552
18553
18555
18555
18557
18558
18561
18563
18563
18565
18566
18567
18570
18572
18573
18574
18578
18579
18582
18582
18584
18584
18587
18590
18591
18592
18593
18594
18595
18597
18597
18597
18598
18600
18603
18604
18605
18606
18607
18611
18613
18615
18615
18617
18617
18618
18622
18622
18627
18627
18628
18629
18630
18631
18631
18633
18634
18635
18636
18637
18638
18638
18638
18639
18643
18643
18643
18644
18645
18645
18646
18646
18648
18650
18650
18651
18653
18654
18654
18654
18655
18655
18655
18655
18656
18656
18659
18663
18664
18664
18665
18665
18666
18667
18667
18668
18671
18673
18674
18675
18675
18678
18680
18681
18683
18683
18684
18685
18685
18686
18687
18687
18689
18689
18691
18693
18695
18697
18697
18698
18699
18700
18701
18707
18708
18710
18710
18711
18711
18713
18713
18717
18719
18719
18719
18720
18720
18723
18724
18725
18727
18728
18730
18730
18730
18734
18734
18736
18738
18739
18740
18745
18745
18752
18752
18753
18753
18755
18755
18755
18757
18757
18759
18761
18762
18762
18763
18763
18765
18765
18769
18773
18773
18776
18776
18778
18778
18783
18785
18785
18786
18788
18789
18790
18792
18793
18797
18797
18798
18798
18801
18801
18803
18803
18805
18805
18807
18809
18810
18810
18811
18811
18814
18814
18814
18815
18818
18818
18819
18819
18820
18822
18823
18824
18826
18828
18830
18832
18832
18833
18834
18838
18839
18839
18841
18843
18844
18848
18848
18849
18850
18854
18854
18855
18858
18859
18864
18864
18866
18867
18868
18869
18871
18871
18872
18872
18873
18873
18874
18874
18875
18876
18876
18876
18881
18882
18886
18886
18886
18886
18886
18887
18890
18890
18891
18895
18898
18898
18898
18900
18902
18903
18903
18904
18904
18906
18908
18909
18911
18913
18914
18916
18918
18920
18920
18921
18923
18924
18925
18927
18929
18929
18931
18931
18932
18932
18933
18933
18936
18938
18940
18941
18943
18944
18944
18946
18946
18947
18948
18951
18952
18952
18953
18955
18955
18955
18956
18957
18957
18957
18959
18964
18965
18967
18969
18972
18972
18974
18974
18974
18975
18978
18981
18981
18989
18989
18989
18990
18993
18994
18997
18998
18999
18999
18999
19001
19010
19010
19011
19012
19018
19019
19019
19019
19020
19021
19021
19021
19021
19022
19025
19025
19026
19026
19027
19030
19030
19031
19034
19035
19037
19037
19038
19038
19039
19039
19039
19040
19040
19041
19043
19046
19047
19047
19048
19051
19052
19054
19056
19056
19059
19060
19061
19066
19066
19067
19067
19068
19069
19070
19072
19074
19076
19077
19077
19077
19077
19079
19079
19080
19081
19082
19088
19089
19090
19091
19091
19092
19093
19094
19096
19098
19099
19099
19102
19104
19104
19106
19107
19108
19109
19109
19109
19110
19110
19110
19111
19113
19115
19115
19118
19119
19121
19121
19123
19124
19126
19126
19127
19129
19133
19133
19138
19139
19141
19141
19142
19144
19144
19147
19148
19149
19151
19155
19156
19156
19157
19157
19158
19158
19161
19162
19163
19164
19165
19166
19168
19168
19168
19169
19170
19170
19171
19172
19172
19173
19175
19175
19175
19176
19177
19178
19179
19181
19184
19188
19188
19188
19193
19195
19195
19195
19196
19197
19198
19198
19198
19199
19200
19202
19203
19203
19205
19206
19208
19208
19209
19210
19212
19213
19215
19216
19217
19218
19218
19218
19218
19220
19220
19222
19223
19223
19225
19225
19225
19227
19230
19230
19231
19232
19233
19233
19234
19234
19235
19235
19235
19237
19239
19242
19245
19245
19246
19246
19247
19249
19250
19251
19251
19254
19256
19256
19256
19257
19257
19261
19262
19262
19266
19266
19267
19268
19268
19269
19270
19275
19280
19281
19281
19281
19286
19287
19290
19290
19291
19300
19300
19306
19306
19308
19308
19314
19315
19315
19315
19317
19319
19321
19324
19324
19326
19327
19328
19329
19331
19336
19339
19342
19342
19342
19344
19346
19347
19349
19353
19355
19355
19357
19357
19359
19359
19360
19361
19362
19362
19363
19366
19367
19369
19370
19371
19373
19376
19378
19378
19379
19379
19383
19385
19387
19388
19390
19390
19392
19392
19394
19394
19394
19396
19398
19398
19401
19407
19408
19410
19412
19413
19414
19415
19415
19416
19417
19418
19422
19423
19424
19425
19426
19429
19431
19431
19433
19433
19433
19434
19435
19439
19439
19440
19440
19441
19443
19443
19444
19444
19445
19446
19446
19447
19448
19450
19453
19453
19453
19454
19455
19455
19456
19459
19460
19462
19462
19462
19465
19465
19468
19474
19475
19476
19476
19476
19476
19478
19478
19481
19481
19482
19483
19484
19485
19485
19487
19491
19492
19493
19496
19496
19497
19499
19500
19500
19500
19501
19501
19502
19503
19504
19507
19508
19509
19509
19509
19511
19511
19512
19513
19514
19514
19516
19517
19521
19523
19524
19525
19525
19526
19527
19527
19528
19529
19529
19530
19531
19535
19536
19536
19540
19541
19542
19542
19543
19545
19547
19549
19549
19552
19553
19554
19554
19554
19555
19561
19562
19567
19568
19568
19569
19569
19570
19570
19574
19575
19575
19575
19575
19576
19577
19577
19579
19579
19579
19585
19585
19591
19592
19595
19596
19596
19597
19598
19599
19600
19600
19600
19601
19603
19605
19606
19606
19607
19608
19608
19609
19609
19610
19611
19611
19612
19612
19615
19615
19616
19617
19618
19618
19619
19620
19620
19621
19622
19622
19630
19630
19631
19633
19636
19637
19641
19642
19644
19647
19648
19649
19649
19650
19650
19651
19653
19656
19656
19657
19657
19660
19661
19664
19669
19669
19672
19681
19682
19684
19685
19686
19687
19691
19691
19692
19693
19693
19694
19694
19702
19706
19708
19711
19711
19712
19712
19715
19716
19716
19717
19718
19718
19722
19722
19723
19727
19727
19732
19734
19734
19735
19737
19737
19737
19738
19738
19739
19740
19741
19741
19741
19742
19744
19745
19745
19746
19747
19749
19749
19750
19750
19750
19755
19760
19761
19763
19764
19772
19772
19773
19773
19775
19777
19779
19779
19781
19781
19781
19782
19783
19783
19784
19784
19786
19788
19789
19794
19795
19797
19798
19798
19800
19800
19800
19800
19800
19801
19802
19802
19803
19803
19805
19808
19809
19809
19810
19811
19811
19813
19814
19814
19816
19816
19818
19818
19818
19819
19820
19820
19821
19822
19823
19826
19826
19827
19831
19832
19835
19836
19838
19839
19839
19842
19843
19844
19844
19844
19846
19846
19847
19849
19852
19853
19856
19858
19859
19860
19861
19863
19866
19867
19870
19872
19872
19875
19877
19879
19879
19880
19884
19884
19887
19887
19891
19892
19892
19895
19896
19897
19898
19898
19898
19898
19899
19906
19906
19907
19908
19909
19910
19910
19917
19917
19920
19920
19923
19924
19927
19927
19929
19930
19931
19931
19932
19932
19933
19936
19938
19939
19942
19942
19948
19948
19950
19950
19951
19952
19952
19953
19954
19955
19957
19957
19958
19958
19959
19960
19960
19964
19967
19967
19968
19968
19968
19969
19971
19971
19973
19973
19975
19975
19976
19977
19977
19980
19980
19981
19981
19982
19983
19983
19984
19985
19985
19987
19988
19988
19988
19989
19991
19993
19995
19996
19999
20001
20001
20002
20007
20009
20011
20011
20011
20012
20013
20014
20016
20017
20017
20021
20022
20023
20023
20026
20026
20029
20029
20031
20035
20036
20038
20039
20041
20041
20043
20043
20044
20045
20045
20048
20052
20053
20054
20056
20059
20060
20061
20065
20066
20067
20069
20071
20072
20074
20074
20075
20076
20078
20079
20080
20080
20083
20083
20090
20091
20092
20095
20097
20100
20103
20108
20111
20111
20112
20112
20116
20118
20119
20120
20121
20123
20123
20126
20126
20127
20127
20129
20130
20130
20131
20132
20133
20135
20136
20136
20136
20137
20138
20138
20141
20148
20150
20150
20151
20153
20153
20153
20156
20156
20156
20157
20158
20160
20161
20162
20163
20164
20165
20170
20172
20173
20174
20175
20175
20176
20177
20177
20178
20181
20187
20187
20189
20189
20191
20192
20192
20192
20194
20196
20201
20201
20204
20204
20205
20208
20213
20213
20213
20214
20215
20216
20217
20217
20224
20225
20226
20227
20228
20229
20229
20230
20230
20235
20235
20237
20237
20238
20238
20240
20243
20244
20244
20246
20246
20248
20249
20251
20251
20253
20253
20254
20257
20258
20258
20259
20261
20262
20262
20262
20265
20265
20266
20269
20271
20272
20273
20273
20274
20275
20276
20277
20277
20277
20280
20282
20282
20283
20283
20286
20286
20288
20289
20289
20290
20290
20290
20291
20292
20294
20295
20297
20298
20300
20300
20302
20303
20306
20308
20308
20311
20312
20314
20315
20316
20318
20318
20323
20324
20325
20325
20328
20329
20333
20334
20334
20335
20339
20339
20340
20343
20343
20345
20346
20348
20351
20352
20356
20358
20359
20360
20364
20365
20366
20368
20368
20369
20372
20374
20376
20377
20377
20378
20379
20381
20381
20382
20382
20383
20383
20385
20388
20388
20388
20390
20390
20391
20392
20395
20396
20402
20403
20405
20408
20409
20409
20410
20411
20412
20412
20412
20419
20420
20421
20423
20423
20424
20425
20428
20430
20431
20431
20431
20433
20433
20433
20438
20439
20440
20444
20447
20448
20449
20450
20450
20450
20451
20452
20454
20458
20458
20458
20459
20460
20463
20465
20465
20466
20468
20469
20472
20473
20474
20475
20478
20479
20480
20481
20482
20483
20483
20485
20485
20488
20489
20491
20493
20494
20494
20496
20496
20498
20501
20502
20504
20505
20508
20510
20511
20512
20516
20519
20520
20522
20523
20526
20526
20528
20528
20531
20534
20534
20535
20535
20537
20537
20538
20540
20540
20541
20543
20544
20546
20546
20549
20550
20550
20552
20552
20552
20552
20553
20553
20555
20556
20556
20556
20557
20558
20559
20559
20560
20560
20562
20562
20563
20563
20564
20564
20566
20567
20571
20573
20574
20576
20576
20578
20579
20579
20579
20579
20581
20582
20586
20588
20589
20589
20590
20590
20591
20593
20597
20601
20601
20604
20605
20606
20607
20608
20610
20612
20612
20613
20614
20614
20614
20616
20616
20620
20621
20622
20626
20633
20633
20634
20635
20636
20638
20640
20642
20644
20644
20647
20647
20647
20649
20649
20651
20651
20652
20652
20652
20654
20655
20655
20657
20658
20658
20658
20658
20659
20659
20660
20661
20662
20662
20664
20664
20665
20668
20669
20670
20678
20681
20682
20686
20686
20687
20689
20689
20689
20690
20690
20692
20695
20696
20699
20699
20699
20700
20701
20701
20704
20704
20704
20704
20709
20712
20712
20715
20716
20717
20718
20719
20720
20721
20724
20724
20725
20725
20726
20727
20728
20729
20729
20735
20737
20738
20740
20743
20744
20745
20747
20748
20748
20748
20749
20751
20754
20754
20755
20757
20759
20762
20767
20768
20769
20770
20770
20770
20771
20773
20773
20774
20775
20776
20778
20779
20781
20781
20782
20782
20784
20784
20785
20786
20790
20795
20798
20799
20800
20803
20804
20805
20808
20810
20810
20811
20811
20812
20812
20812
20815
20815
20819
20819
20819
20819
20819
20820
20822
20823
20823
20824
20825
20825
20826
20829
20829
20829
20830
20833
20833
20834
20834
20838
20839
20839
20840
20844
20844
20844
20848
20850
20850
20852
20856
20857
20858
20860
20861
20861
20863
20864
20866
20867
20868
20869
20871
20872
20872
20874
20874
20875
20877
20877
20879
20879
20881
20881
20882
20882
20882
20882
20883
20883
20884
20885
20888
20888
20891
20893
20893
20894
20898
20899
20902
20902
20902
20905
20905
20909
20910
20911
20913
20914
20916
20916
20916
20917
20918
20919
20919
20920
20922
20923
20923
20924
20925
20925
20926
20928
20929
20930
20930
20931
20932
20935
20937
20941
20941
20942
20944
20945
20948
20948
20950
20952
20952
20952
20953
20953
20954
20954
20957
20957
20960
20961
20962
20963
20964
20965
20965
20968
20968
20968
20970
20971
20973
20974
20974
20977
20982
20983
20983
20985
20987
20989
20991
20991
20992
20992
20992
20992
20993
20994
20996
20997
20997
20999
21002
21005
21006
21007
21008
21008
21009
21013
21014
21014
21015
21023
21024
21024
21025
21025
21028
21029
21029
21035
21035
21035
21036
21037
21039
21039
21040
21040
21042
21042
21042
21043
21046
21049
21050
21052
21053
21055
21059
21060
21061
21062
21063
21063
21064
21067
21068
21068
21069
21069
21069
21070
21072
21075
21077
21077
21078
21078
21082
21082
21084
21086
21087
21088
21089
21090
21090
21092
21097
21100
21101
21101
21101
21102
21102
21103
21103
21106
21107
21107
21108
21110
21112
21116
21117
21118
21119
21119
21119
21121
21121
21122
21123
21123
21125
21126
21128
21130
21131
21131
21133
21135
21135
21136
21137
21137
21138
21138
21139
21141
21142
21142
21143
21144
21145
21145
21146
21151
21151
21154
21155
21162
21165
21165
21166
21168
21169
21171
21172
21174
21174
21177
21179
21179
21181
21185
21186
21187
21187
21188
21188
21189
21190
21192
21192
21194
21200
21200
21201
21201
21203
21203
21204
21205
21205
21207
21207
21208
21209
21210
21211
21211
21212
21213
21213
21213
21214
21215
21216
21218
21218
21219
21223
21224
21225
21226
21227
21227
21228
21230
21230
21231
21232
21234
21236
21239
21239
21242
21243
21244
21244
21245
21246
21247
21247
21247
21251
21252
21252
21255
21257
21258
21259
21260
21263
21264
21267
21267
21268
21270
21275
21276
21277
21282
21283
21284
21285
21287
21287
21287
21289
21289
21290
21290
21291
21291
21292
21293
21295
21297
21298
21298
21300
21301
21302
21302
21305
21305
21305
21306
21306
21306
21311
21313
21315
21316
21316
21317
21319
21321
21322
21325
21326
21326
21328
21328
21328
21330
21331
21333
21335
21335
21337
21340
21341
21341
21341
21341
21342
21345
21347
21347
21347
21350
21350
21351
21352
21353
21356
21357
21360
21361
21361
21362
21363
21364
21366
21367
21368
21368
21368
21369
21370
21371
21373
21374
21375
21375
21376
21376
21378
21379
21380
21383
21386
21388
21389
21390
21390
21392
21393
21393
21393
21398
21398
21400
21400
21402
21402
21404
21405
21412
21413
21413
21414
21416
21416
21422
21424
21424
21424
21425
21425
21427
21430
21430
21431
21432
21432
21433
21435
21436
21437
21437
21438
21438
21438
21445
21447
21449
21450
21453
21453
21454
21455
21455
21456
21457
21457
21460
21460
21461
21462
21464
21465
21465
21466
21466
21467
21467
21470
21479
21481
21481
21483
21485
21486
21487
21487
21487
21489
21490
21490
21492
21493
21494
21495
21497
21497
21500
21501
21503
21506
21511
21511
21513
21514
21514
21519
21520
21521
21522
21522
21524
21524
21525
21526
21527
21527
21528
21529
21530
21533
21533
21534
21534
21537
21538
21539
21540
21540
21544
21546
21547
21548
21549
21553
21553
21554
21555
21557
21557
21558
21559
21560
21564
21564
21565
21565
21566
21567
21567
21568
21569
21573
21573
21576
21578
21581
21583
21584
21586
21588
21588
21588
21588
21589
21590
21595
21595
21596
21596
21597
21599
21601
21602
21603
21604
21608
21609
21609
21611
21613
21613
21614
21614
21618
21621
21622
21622
21624
21625
21625
21626
21626
21626
21627
21627
21629
21631
21633
21634
21639
21641
21643
21643
21643
21646
21651
21653
21657
21658
21661
21661
21662
21663
21664
21664
21665
21668
21670
21671
21673
21673
21678
21678
21678
21681
21682
21684
21687
21688
21689
21689
21690
21691
21692
21692
21693
21694
21694
21695
21695
21698
21701
21703
21703
21705
21705
21706
21710
21712
21712
21712
21714
21715
21715
21718
21721
21721
21723
21725
21726
21726
21728
21728
21729
21730
21732
21733
21736
21740
21743
21743
21747
21749
21750
21750
21753
21756
21757
21762
21762
21764
21765
21766
21767
21767
21768
21770
21771
21775
21776
21777
21778
21780
21780
21781
21784
21788
21790
21790
21791
21792
21793
21795
21797
21799
21800
21801
21803
21804
21804
21804
21804
21808
21808
21810
21811
21813
21813
21814
21814
21815
21816
21816
21822
21822
21823
21824
21824
21825
21826
21829
21829
21829
21830
21831
21832
21834
21835
21836
21837
21840
21840
21841
21856
21858
21859
21860
21862
21862
21863
21863
21864
21865
21866
21866
21867
21869
21870
21872
21875
21876
21878
21879
21883
21884
21884
21889
21889
21891
21891
21893
21894
21895
21895
21896
21897
21898
21899
21900
21900
21904
21908
21910
21911
21916
21917
21917
21919
21921
21921
21921
21922
21923
21927
21929
21930
21931
21935
21935
21937
21938
21941
21942
21942
21944
21946
21947
21947
21948
21949
21949
21951
21951
21954
21955
21957
21960
21962
21963
21964
21964
21966
21966
21967
21967
21968
21968
21971
21971
21972
21972
21972
21972
21973
21974
21974
21975
21978
21980
21981
21982
21982
21983
21984
21984
21985
21985
21985
21986
21986
21987
21989
21989
21995
21996
22001
22002
22003
22003
22005
22006
22013
22014
22018
22019
22020
22020
22021
22022
22022
22024
22024
22024
22027
22028
22029
22030
22030
22032
22033
22034
22034
22037
22037
22037
22038
22038
22038
22040
22040
22043
22043
22045
22045
22047
22049
22052
22052
22053
22057
22057
22058
22061
22061
22062
22062
22063
22065
22066
22066
22066
22067
22069
22071
22071
22076
22078
22079
22080
22084
22085
22085
22086
22087
22088
22089
22089
22090
22091
22093
22095
22097
22098
22098
22099
22099
22100
22101
22101
22101
22101
22101
22101
22102
22104
22105
22106
22107
22111
22111
22112
22113
22114
22114
22114
22115
22115
22117
22117
22120
22123
22123
22124
22124
22125
22126
22127
22128
22130
22130
22132
22132
22133
22134
22134
22135
22136
22137
22138
22138
22139
22140
22141
22143
22144
22145
22145
22146
22146
22147
22148
22148
22149
22154
22160
22161
22163
22164
22166
22166
22167
22169
22169
22170
22175
22176
22176
22181
22181
22181
22185
22186
22186
22187
22188
22189
22192
22196
22196
22198
22200
22201
22202
22203
22203
22204
22206
22209
22209
22210
22211
22215
22216
22216
22217
22218
22221
22222
22222
22223
22223
22225
22227
22229
22230
22230
22231
22235
22236
22243
22244
22244
22246
22247
22248
22249
22249
22250
22251
22252
22252
22252
22254
22255
22256
22256
22262
22262
22262
22265
22268
22268
22269
22270
22270
22272
22273
22278
22278
22280
22280
22281
22283
22283
22286
22286
22291
22292
22292
22293
22295
22295
22301
22302
22302
22304
22305
22305
22306
22307
22307
22309
22309
22311
22312
22313
22313
22314
22314
22314
22315
22318
22319
22321
22321
22322
22322
22324
22324
22325
22328
22330
22332
22333
22336
22342
22344
22345
22346
22346
22348
22351
22351
22351
22353
22355
22355
22355
22356
22356
22361
22361
22362
22362
22364
22364
22365
22368
22369
22371
22374
22375
22375
22376
22378
22379
22384
22384
22385
22386
22386
22388
22389
22390
22391
22395
22396
22400
22402
22403
22404
22406
22406
22407
22408
22408
22409
22409
22411
22411
22412
22413
22417
22418
22419
22419
22420
22421
22421
22422
22424
22424
22424
22425
22427
22429
22432
22434
22434
22434
22435
22436
22437
22439
22440
22440
22442
22446
22447
22447
22447
22448
22450
22453
22454
22455
22456
22457
22459
22459
22460
22460
22461
22463
22464
22464
22465
22465
22466
22466
22467
22467
22469
22469
22471
22473
22476
22477
22479
22482
22484
22484
22485
22486
22486
22488
22489
22489
22491
22493
22495
22497
22499
22500
22500
22502
22502
22502
22503
22504
22505
22507
22511
22512
22513
22514
22514
22516
22516
22516
22518
22518
22519
22522
22524
22530
22531
22531
22532
22532
22534
22536
22536
22538
22538
22538
22540
22541
22542
22543
22543
22544
22545
22546
22549
22550
22550
22558
22558
22560
22562
22563
22563
22565
22567
22567
22567
22569
22571
22571
22571
22571
22572
22574
22574
22576
22580
22581
22581
22581
22583
22586
22586
22586
22587
22587
22588
22589
22591
22593
22600
22601
22602
22606
22607
22607
22608
22614
22614
22616
22616
22617
22619
22622
22622
22623
22623
22624
22626
22628
22628
22630
22630
22631
22632
22635
22637
22638
22641
22641
22642
22642
22648
22648
22649
22649
22650
22652
22652
22652
22652
22652
22653
22657
22658
22659
22659
22660
22662
22662
22662
22664
22664
22667
22667
22669
22670
22672
22672
22675
22676
22679
22680
22681
22682
22685
22686
22688
22688
22688
22689
22689
22690
22691
22692
22692
22694
22694
22698
22698
22700
22700
22700
22701
22701
22702
22703
22703
22704
22707
22707
22713
22717
22718
22719
22720
22722
22723
22724
22726
22726
22727
22728
22729
22735
22735
22735
22738
22738
22740
22747
22747
22748
22749
22749
22750
22752
22754
22756
22756
22758
22759
22760
22761
22762
22762
22762
22763
22763
22765
22765
22765
22765
22766
22766
22768
22769
22772
22774
22774
22775
22779
22782
22785
22787
22793
22793
22794
22794
22798
22798
22800
22808
22811
22813
22814
22816
22818
22819
22821
22821
22822
22822
22824
22824
22826
22830
22830
22831
22832
22832
22834
22836
22836
22837
22838
22842
22848
22848
22849
22853
22855
22855
22857
22860
22864
22865
22866
22867
22868
22868
22870
22871
22871
22874
22878
22881
22881
22881
22882
22884
22885
22885
22886
22886
22886
22886
22886
22886
22887
22887
22891
22891
22892
22892
22894
22895
22896
22896
22897
22898
22898
22898
22899
22900
22900
22901
22903
22904
22904
22905
22906
22906
22907
22908
22909
22911
22914
22915
22915
22919
22920
22921
22924
22925
22929
22930
22932
22935
22936
22936
22937
22941
22941
22941
22942
22943
22944
22944
22945
22947
22947
22947
22948
22955
22956
22957
22958
22958
22958
22960
22963
22964
22969
22971
22972
22975
22975
22978
22980
22981
22982
22987
22987
22988
22988
22990
22991
22992
22992
22993
22993
22996
22997
23001
23003
23004
23006
23010
23011
23012
23014
23015
23016
23016
23017
23018
23018
23019
23021
23021
23021
23025
23026
23027
23029
23029
23029
23030
23037
23037
23038
23039
23040
23040
23042
23043
23044
23045
23051
23058
23058
23059
23061
23063
23064
23066
23066
23066
23067
23069
23070
23070
23071
23071
23071
23073
23075
23075
23076
23083
23084
23084
23084
23085
23086
23097
23097
23098
23099
23102
23106
23111
23112
23112
23113
23118
23118
23119
23119
23123
23126
23127
23129
23129
23130
23131
23131
23132
23134
23135
23135
23136
23138
23138
23143
23143
23145
23145
23149
23151
23152
23153
23153
23154
23155
23156
23157
23159
23159
23161
23161
23163
23166
23167
23169
23170
23171
23175
23175
23176
23177
23178
23179
23181
23182
23186
23186
23186
23189
23190
23190
23191
23192
23192
23195
23196
23199
23199
23201
23203
23203
23206
23206
23206
23207
23212
23213
23216
23220
23221
23222
23223
23226
23228
23231
23232
23234
23237
23237
23238
23238
23243
23249
23249
23250
23251
23254
23255
23257
23257
23259
23259
23260
23260
23260
23262
23263
23264
23266
23270
23273
23274
23275
23277
23278
23279
23280
23281
23282
23282
23283
23284
23284
23285
23285
23286
23286
23287
23289
23294
23295
23298
23299
23301
23303
23305
23307
23307
23309
23311
23311
23314
23316
23320
23320
23321
23322
23323
23324
23326
23326
23329
23329
23330
23330
23330
23330
23331
23332
23332
23335
23336
23337
23338
23339
23340
23340
23342
23342
23342
23347
23348
23350
23350
23351
23351
23351
23352
23353
23355
23355
23355
23357
23357
23357
23359
23359
23359
23359
23360
23361
23361
23363
23365
23365
23366
23367
23367
23371
23372
23373
23374
23377
23377
23377
23378
23378
23379
23380
23382
23382
23383
23387
23387
23388
23388
23388
23389
23390
23390
23391
23394
23394
23395
23395
23395
23396
23402
23403
23404
23408
23409
23413
23418
23418
23419
23422
23424
23424
23424
23427
23427
23431
23433
23434
23437
23441
23441
23442
23444
23445
23446
23446
23446
23447
23449
23450
23450
23451
23453
23454
23456
23457
23458
23459
23459
23460
23461
23461
23461
23462
23465
23467
23469
23470
23472
23478
23479
23482
23483
23483
23484
23487
23488
23488
23489
23489
23490
23491
23492
23494
23494
23495
23498
23498
23500
23501
23501
23502
23503
23504
23505
23506
23507
23509
23509
23511
23512
23512
23514
23515
23516
23517
23520
23521
23522
23523
23524
23525
23527
23529
23529
23532
23532
23533
23533
23533
23533
23535
23536
23537
23539
23540
23549
23550
23551
23551
23552
23554
23555
23557
23557
23560
23562
23563
23563
23565
23566
23568
23569
23573
23575
23577
23577
23579
23579
23580
23582
23584
23584
23584
23589
23593
23594
23595
23596
23597
23598
23600
23601
23604
23607
23607
23607
23608
23610
23610
23612
23612
23612
23614
23614
23617
23618
23619
23619
23619
23622
23626
23626
23626
23627
23629
23632
23633
23633
23634
23635
23636
23638
23638
23638
23640
23640
23640
23642
23645
23649
23649
23650
23656
23656
23656
23657
23658
23659
23660
23660
23660
23662
23663
23665
23667
23669
23669
23670
23670
23671
23672
23674
23674
23678
23678
23679
23680
23680
23681
23683
23684
23686
23686
23687
23689
23690
23692
23692
23692
23692
23694
23694
23696
23698
23700
23701
23706
23706
23709
23713
23718
23719
23720
23720
23725
23726
23726
23726
23727
23728
23728
23729
23732
23732
23733
23734
23737
23737
23740
23741
23742
23743
23743
23743
23744
23746
23747
23748
23748
23749
23750
23751
23755
23755
23759
23760
23764
23764
23764
23765
23765
23766
23768
23773
23775
23776
23778
23778
23778
23779
23782
23783
23783
23783
23784
23787
23787
23788
23788
23788
23789
23789
23790
23797
23799
23800
23800
23802
23802
23806
23807
23808
23808
23808
23810
23810
23810
23812
23814
23814
23817
23818
23818
23818
23819
23819
23823
23824
23825
23826
23827
23830
23831
23831
23833
23833
23833
23834
23835
23835
23836
23837
23838
23843
23844
23845
23848
23851
23853
23855
23855
23860
23861
23864
23865
23866
23875
23875
23879
23882
23886
23886
23887
23889
23891
23892
23895
23898
23899
23901
23901
23902
23903
23903
23905
23905
23906
23908
23908
23909
23909
23910
23912
23912
23913
23917
23917
23918
23919
23919
23922
23922
23924
23925
23926
23926
23926
23926
23927
23927
23930
23930
23930
23931
23931
23933
23933
23934
23937
23940
23942
23943
23943
23943
23945
23947
23947
23948
23949
23949
23950
23950
23952
23953
23955
23955
23955
23955
23956
23960
23963
23965
23967
23970
23971
23972
23975
23975
23978
23979
23984
23988
23995
24000
24002
24002
24003
24004
24005
24006
24008
24010
24011
24014
24018
24022
24023
24023
24026
24026
24026
24027
24031
24034
24035
24035
24037
24039
24041
24045
24046
24047
24047
24047
24048
24052
24053
24053
24054
24055
24059
24059
24059
24060
24060
24063
24065
24065
24066
24067
24072
24074
24078
24078
24080
24080
24083
24084
24087
24088
24088
24089
24089
24090
24092
24095
24096
24097
24097
24098
24098
24098
24098
24104
24104
24107
24108
24110
24111
24111
24111
24111
24112
24112
24114
24115
24116
24119
24122
24123
24125
24127
24127
24129
24129
24131
24131
24132
24134
24138
24139
24140
24141
24142
24147
24147
24148
24149
24149
24150
24152
24153
24156
24156
24158
24159
24159
24160
24163
24166
24169
24169
24170
24171
24172
24172
24172
24174
24174
24176
24176
24178
24178
24179
24180
24183
24183
24188
24190
24190
24190
24191
24192
24193
24194
24195
24196
24200
24203
24203
24204
24204
24209
24214
24214
24214
24215
24216
24216
24216
24217
24221
24221
24223
24224
24224
24226
24227
24227
24228
24229
24230
24233
24233
24234
24234
24238
24243
24247
24252
24252
24254
24255
24256
24257
24257
24257
24259
24260
24261
24262
24265
24269
24270
24270
24271
24272
24276
24279
24280
24282
24282
24282
24283
24283
24287
24289
24290
24290
24291
24293
24296
24296
24297
24297
24297
24297
24297
24298
24300
24301
24302
24303
24304
24305
24308
24310
24310
24310
24312
24312
24313
24316
24316
24320
24321
24323
24324
24324
24324
24324
24326
24327
24327
24327
24329
24330
24330
24332
24334
24340
24343
24345
24346
24347
24351
24352
24353
24354
24355
24355
24356
24360
24366
24366
24367
24367
24368
24369
24371
24372
24373
24374
24374
24376
24377
24377
24378
24380
24380
24381
24384
24385
24385
24385
24386
24387
24387
24387
24388
24391
24391
24393
24393
24401
24401
24405
24408
24410
24412
24414
24416
24418
24419
24422
24422
24424
24425
24432
24432
24432
24434
24437
24437
24438
24440
24442
24442
24443
24443
24446
24446
24449
24449
24449
24449
24450
24451
24451
24452
24452
24453
24453
24455
24456
24456
24456
24458
24459
24460
24463
24464
24465
24466
24467
24467
24469
24470
24470
24471
24473
24474
24474
24474
24475
24477
24477
24480
24481
24483
24484
24486
24487
24487
24488
24488
24489
24490
24490
24491
24492
24495
24498
24498
24499
24499
24500
24500
24502
24503
24505
24506
24506
24508
24508
24510
24510
24512
24514
24515
24517
24517
24523
24526
24527
24528
24529
24531
24532
24534
24535
24537
24538
24538
24539
24539
24539
24543
24543
24544
24545
24548
24552
24555
24556
24557
24557
24559
24559
24562
24564
24566
24567
24571
24571
24572
24572
24572
24573
24575
24576
24576
24577
24580
24580
24581
24584
24584
24586
24589
24589
24589
24590
24596
24596
24597
24599
24599
24602
24602
24602
24605
24607
24608
24609
24612
24612
24613
24615
24616
24618
24621
24622
24624
24625
24627
24628
24632
24634
24637
24637
24637
24638
24639
24639
24640
24641
24642
24643
24644
24645
24645
24645
24645
24645
24645
24651
24652
24652
24652
24653
24654
24657
24658
24658
24659
24662
24662
24663
24664
24664
24664
24664
24668
24668
24670
24674
24675
24676
24678
24679
24684
24686
24688
24689
24691
24693
24695
24696
24696
24697
24701
24702
24703
24703
24704
24706
24706
24706
24707
24707
24709
24709
24711
24712
24713
24713
24714
24715
24715
24718
24719
24720
24721
24721
24724
24724
24727
24727
24730
24734
24735
24736
24737
24737
24739
24742
24745
24747
24747
24747
24751
24752
24752
24754
24755
24757
24757
24759
24763
24764
24766
24767
24767
24771
24774
24774
24775
24777
24779
24782
24783
24787
24789
24789
24790
24790
24790
24790
24792
24793
24795
24795
24795
24796
24798
24798
24800
24800
24801
24804
24806
24807
24807
24808
24808
24808
24813
24814
24814
24817
24822
24822
24823
24824
24831
24831
24836
24836
24839
24840
24840
24841
24841
24842
24843
24844
24845
24845
24846
24849
24850
24850
24853
24854
24856
24858
24861
24863
24865
24865
24874
24879
24880
24881
24883
24884
24885
24885
24887
24887
24888
24889
24893
24894
24894
24895
24898
24901
24902
24904
24906
24908
24909
24911
24912
24912
24915
24915
24918
24920
24925
24928
24929
24930
24931
24933
24938
24939
24941
24942
24944
24944
24945
24945
24947
24949
24949
24951
24955
24955
24955
24956
24957
24957
24960
24960
24960
24961
24963
24963
24963
24964
24964
24967
24968
24968
24969
24971
24973
24975
24976
24979
24979
24980
24984
24984
24985
24985
24985
24987
24988
24988
24989
24989
24990
24992
24994
24994
25000
25001
25002
25003
25004
25005
25006
25007
25008
25009
25011
25011
25011
25013
25017
25019
25020
25020
25022
25022
25025
25025
25028
25028
25028
25030
25031
25031
25032
25034
25036
25040
25042
25042
25043
25044
25047
25047
25049
25049
25052
25053
25053
25054
25054
25055
25055
25056
25057
25057
25058
25060
25061
25063
25067
25068
25070
25070
25071
25071
25072
25074
25080
25081
25081
25082
25083
25084
25084
25084
25087
25089
25089
25090
25092
25094
25094
25094
25095
25101
25102
25104
25106
25106
25107
25109
25110
25110
25113
25113
25113
25114
25115
25115
25117
25119
25122
25122
25124
25126
25127
25127
25128
25129
25129
25132
25132
25133
25133
25138
25138
25138
25138
25141
25143
25143
25145
25145
25146
25146
25148
25148
25151
25151
25151
25152
25152
25157
25158
25158
25159
25160
25161
25162
25162
25162
25163
25163
25163
25163
25171
25172
25174
25175
25176
25179
25180
25181
25181
25181
25181
25182
25183
25183
25183
25185
25186
25187
25189
25190
25191
25192
25192
25193
25199
25200
25201
25201
25205
25205
25207
25209
25210
25213
25214
25215
25217
25217
25218
25223
25224
25224
25225
25225
25225
25228
25230
25231
25233
25234
25236
25236
25237
25238
25238
25239
25242
25246
25247
25247
25247
25249
25250
25251
25251
25252
25252
25252
25253
25262
25262
25264
25265
25268
25269
25270
25271
25272
25274
25274
25275
25276
25278
25279
25279
25279
25279
25279
25280
25280
25281
25281
25287
25287
25288
25288
25290
25294
25296
25297
25303
25304
25305
25305
25307
25307
25309
25312
25312
25315
25315
25316
25317
25317
25319
25322
25324
25326
25327
25330
25331
25336
25337
25337
25338
25338
25340
25340
25341
25343
25346
25352
25354
25355
25355
25356
25357
25358
25359
25360
25361
25361
25366
25367
25374
25377
25380
25381
25383
25383
25383
25385
25385
25386
25386
25386
25389
25390
25393
25396
25396
25396
25403
25404
25405
25410
25410
25414
25415
25420
25422
25423
25423
25425
25425
25427
25429
25430
25432
25432
25433
25434
25435
25437
25437
25438
25438
25438
25439
25439
25439
25439
25441
25441
25442
25442
25443
25447
25449
25450
25450
25450
25451
25452
25453
25454
25454
25455
25455
25459
25461
25463
25463
25463
25464
25465
25465
25466
25469
25471
25472
25474
25474
25476
25478
25481
25482
25482
25484
25486
25486
25489
25491
25491
25493
25495
25495
25496
25497
25498
25499
25499
25501
25505
25506
25512
25513
25513
25513
25514
25515
25515
25516
25518
25519
25519
25519
25523
25524
25525
25525
25526
25526
25526
25526
25527
25527
25529
25532
25533
25534
25538
25538
25539
25539
25541
25542
25542
25545
25548
25549
25550
25551
25552
25554
25556
25557
25558
25559
25559
25560
25560
25561
25563
25564
25564
25567
25570
25571
25572
25573
25574
25574
25574
25576
25576
25580
25581
25584
25585
25586
25587
25587
25591
25591
25592
25598
25598
25599
25601
25603
25604
25605
25605
25606
25606
25609
25609
25612
25613
25614
25616
25617
25619
25621
25622
25622
25622
25624
25625
25626
25627
25628
25632
25633
25633
25633
25635
25636
25638
25640
25643
25644
25645
25647
25648
25652
25654
25654
25655
25655
25657
25660
25663
25663
25667
25668
25669
25672
25673
25676
25676
25680
25684
25684
25685
25686
25687
25687
25688
25692
25693
25695
25695
25695
25698
25698
25700
25701
25701
25703
25705
25706
25707
25708
25709
25709
25710
25710
25710
25710
25711
25711
25711
25712
25713
25714
25714
25716
25717
25719
25729
25729
25730
25732
25732
25733
25734
25735
25735
25735
25736
25736
25736
25737
25738
25739
25739
25740
25741
25742
25742
25742
25743
25745
25746
25749
25749
25754
25754
25755
25760
25763
25763
25763
25765
25766
25766
25767
25767
25768
25770
25774
25776
25778
25779
25779
25780
25780
25781
25782
25783
25783
25785
25789
25792
25793
25793
25796
25800
25803
25804
25807
25808
25809
25811
25811
25812
25812
25817
25819
25820
25822
25824
25825
25825
25828
25828
25833
25834
25835
25836
25839
25840
25845
25845
25846
25846
25846
25848
25849
25852
25853
25853
25854
25855
25855
25857
25859
25861
25861
25861
25863
25863
25864
25867
25868
25870
25876
25876
25878
25880
25882
25883
25885
25886
25887
25888
25891
25891
25895
25896
25900
25900
25900
25904
25904
25905
25909
25909
25910
25911
25911
25911
25913
25913
25914
25915
25916
25919
25920
25920
25923
25924
25924
25924
25924
25925
25926
25926
25926
25926
25929
25929
25930
25937
25938
25939
25940
25941
25943
25943
25944
25945
25947
25947
25947
25948
25949
25950
25951
25951
25953
25959
25962
25963
25963
25967
25967
25968
25971
25972
25974
25975
25977
25978
25984
25985
25985
25988
25988
25989
25990
25992
25992
25994
25995
25996
25996
25996
25996
26003
26005
26008
26012
26012
26012
26017
26018
26018
26022
26023
26023
26026
26027
26029
26029
26031
26031
26032
26035
26035
26036
26037
26038
26038
26043
26044
26045
26047
26047
26048
26049
26050
26050
26050
26051
26053
26053
26055
26055
26056
26056
26057
26059
26059
26060
26068
26068
26070
26071
26072
26072
26078
26078
26079
26080
26082
26082
26082
26083
26084
26085
26085
26086
26086
26086
26087
26087
26089
26091
26093
26094
26097
26099
26100
26101
26104
26105
26105
26106
26108
26109
26109
26112
26116
26117
26119
26120
26122
26122
26123
26124
26125
26127
26127
26128
26129
26130
26133
26134
26135
26135
26136
26136
26140
26140
26142
26143
26144
26150
26150
26151
26152
26153
26155
26156
26158
26161
26163
26164
26164
26164
26165
26166
26166
26169
26169
26169
26170
26171
26173
26173
26176
26177
26180
26181
26181
26184
26184
26187
26187
26188
26190
26191
26194
26194
26195
26197
26198
26199
26200
26201
26204
26208
26210
26211
26212
26213
26213
26214
26216
26217
26221
26221
26223
26223
26223
26225
26226
26227
26230
26230
26231
26235
26236
26236
26237
26238
26238
26238
26240
26241
26245
26248
26250
26253
26254
26259
26260
26260
26260
26262
26262
26263
26264
26265
26265
26266
26267
26267
26270
26273
26277
26278
26278
26281
26282
26283
26285
26286
26287
26289
26294
26294
26295
26295
26296
26297
26297
26298
26300
26300
26300
26303
26304
26304
26305
26306
26307
26310
26311
26312
26313
26313
26315
26319
26320
26320
26322
26324
26324
26325
26328
26328
26330
26330
26333
26337
26338
26339
26340
26342
26343
26347
26349
26349
26350
26351
26353
26353
26353
26357
26357
26359
26359
26359
26359
26361
26361
26366
26369
26369
26370
26370
26371
26373
26374
26374
26374
26375
26378
26379
26382
26382
26383
26387
26390
26391
26392
26393
26394
26399
26401
26402
26405
26405
26406
26407
26410
26410
26412
26414
26415
26416
26418
26418
26420
26421
26423
26423
26424
26433
26434
26434
26434
26435
26437
26438
26440
26441
26449
26449
26450
26451
26451
26451
26452
26454
26458
26458
26459
26459
26460
26461
26462
26467
26469
26469
26469
26470
26470
26472
26473
26474
26477
26482
26489
26489
26490
26490
26490
26491
26491
26496
26497
26501
26504
26506
26507
26507
26508
26509
26509
26510
26512
26512
26513
26515
26516
26517
26518
26518
26520
26521
26521
26522
26523
26524
26526
26527
26528
26529
26529
26532
26535
26536
26537
26538
26541
26543
26543
26544
26545
26545
26545
26550
26552
26553
26557
26558
26558
26560
26560
26567
26569
26573
26573
26575
26575
26576
26578
26580
26580
26582
26583
26584
26585
26587
26590
26591
26598
26602
26603
26604
26608
26608
26609
26609
26609
26610
26611
26611
26612
26613
26613
26614
26614
26620
26621
26621
26622
26622
26623
26623
26623
26623
26625
26625
26626
26627
26629
26632
26635
26635
26637
26638
26638
26638
26639
26640
26645
26646
26648
26648
26648
26649
26649
26650
26651
26655
26660
26661
26661
26662
26665
26665
26666
26667
26668
26671
26673
26673
26675
26676
26676
26677
26678
26678
26681
26682
26682
26682
26683
26689
26693
26693
26695
26695
26696
26697
26698
26699
26700
26702
26702
26703
26703
26704
26705
26706
26707
26708
26709
26709
26712
26712
26713
26714
26715
26716
26719
26719
26722
26722
26724
26724
26724
26724
26725
26730
26730
26734
26736
26736
26737
26738
26744
26745
26745
26749
26749
26750
26752
26753
26754
26755
26756
26757
26758
26758
26760
26760
26762
26763
26768
26772
26773
26777
26778
26779
26781
26781
26783
26784
26786
26786
26789
26790
26790
26792
26792
26793
26793
26799
26802
26803
26804
26805
26807
26809
26809
26809
26810
26810
26811
26812
26815
26815
26816
26816
26817
26817
26817
26819
26820
26822
26823
26823
26823
26823
26825
26826
26827
26829
26830
26832
26832
26833
26834
26834
26834
26835
26836
26839
26840
26843
26845
26845
26847
26852
26853
26855
26856
26856
26856
26858
26858
26859
26859
26859
26863
26863
26865
26867
26868
26870
26872
26873
26873
26873
26873
26877
26878
26878
26878
26879
26879
26879
26880
26880
26882
26882
26882
26882
26884
26884
26885
26889
26891
26892
26894
26896
26896
26897
26898
26898
26901
26901
26904
26905
26907
26907
26908
26908
26910
26910
26910
26911
26911
26911
26913
26913
26914
26918
26920
26920
26921
26925
26926
26927
26929
26929
26933
26937
26939
26940
26942
26942
26946
26947
26947
26948
26952
26955
26958
26960
26960
26960
26960
26960
26961
26961
26962
26964
26966
26970
26972
26973
26974
26978
26980
26981
26981
26984
26984
26985
26985
26985
26985
26987
26989
26989
26992
26993
26993
26993
26994
26994
26995
26996
26996
26996
26997
27001
27002
27004
27005
27005
27007
27007
27007
27008
27008
27009
27009
27013
27014
27014
27015
27016
27016
27016
27019
27021
27021
27021
27022
27026
27026
27028
27029
27029
27030
27031
27032
27033
27033
27034
27035
27035
27036
27040
27042
27043
27043
27044
27044
27045
27049
27049
27049
27050
27050
27053
27056
27056
27059
27059
27062
27062
27062
27062
27065
27065
27066
27066
27069
27071
27072
27073
27074
27074
27074
27075
27079
27079
27080
27081
27081
27083
27087
27089
27092
27095
27095
27095
27097
27097
27098
27098
27098
27101
27101
27101
27102
27103
27107
27108
27111
27111
27115
27116
27117
27118
27118
27118
27121
27123
27124
27124
27124
27125
27127
27127
27130
27131
27131
27132
27132
27134
27135
27137
27137
27138
27139
27141
27142
27142
27146
27147
27150
27150
27151
27152
27153
27154
27157
27157
27159
27161
27161
27162
27164
27165
27168
27168
27172
27172
27174
27175
27176
27177
27177
27178
27178
27178
27183
27185
27189
27189
27189
27190
27193
27195
27196
27200
27200
27200
27200
27204
27204
27206
27207
27209
27209
27209
27211
27213
27213
27214
27216
27216
27216
27217
27218
27218
27218
27219
27220
27220
27222
27223
27224
27225
27226
27227
27230
27230
27232
27232
27235
27236
27237
27237
27241
27242
27242
27244
27246
27249
27250
27251
27252
27252
27255
27256
27258
27258
27264
27267
27268
27271
27271
27272
27273
27274
27275
27276
27277
27280
27282
27283
27283
27283
27283
27284
27285
27286
27287
27293
27293
27296
27297
27297
27301
27307
27309
27311
27311
27313
27317
27318
27318
27321
27322
27323
27328
27329
27329
27329
27332
27332
27332
27333
27333
27334
27337
27337
27338
27339
27339
27340
27340
27342
27344
27345
27346
27349
27349
27349
27351
27353
27355
27357
27357
27358
27358
27359
27362
27364
27368
27368
27370
27370
27372
27372
27375
27375
27376
27376
27377
27378
27379
27380
27381
27388
27392
27392
27395
27396
27397
27398
27398
27398
27399
27399
27401
27406
27406
27410
27411
27411
27412
27413
27413
27414
27417
27419
27419
27419
27419
27421
27424
27425
27427
27428
27431
27436
27437
27437
27438
27439
27440
27443
27445
27445
27446
27448
27450
27451
27452
27452
27452
27454
27457
27459
27460
27461
27462
27462
27468
27472
27475
27476
27476
27477
27477
27479
27480
27481
27482
27483
27484
27485
27486
27486
27486
27486
27487
27487
27487
27487
27488
27490
27492
27492
27493
27494
27496
27496
27497
27499
27500
27501
27503
27503
27504
27504
27505
27506
27508
27508
27509
27510
27515
27515
27515
27516
27517
27517
27517
27518
27518
27521
27522
27524
27526
27526
27527
27528
27528
27529
27529
27531
27532
27534
27535
27536
27536
27538
27538
27541
27542
27542
27542
27543
27547
27553
27557
27558
27560
27561
27563
27566
27567
27567
27571
27571
27576
27580
27581
27581
27582
27582
27583
27583
27584
27585
27587
27588
27588
27589
27591
27592
27596
27600
27600
27601
27602
27609
27612
27612
27614
27614
27615
27615
27616
27617
27619
27620
27621
27622
27625
27625
27627
27630
27631
27631
27632
27632
27633
27634
27635
27640
27646
27647
27647
27648
27648
27648
27648
27653
27653
27653
27654
27654
27657
27657
27660
27661
27661
27663
27663
27664
27665
27666
27666
27668
27668
27669
27670
27671
27671
27672
27674
27674
27674
27676
27677
27678
27678
27679
27679
27681
27681
27682
27683
27683
27684
27684
27686
27688
27693
27695
27696
27697
27704
27705
27706
27709
27710
27711
27713
27713
27715
27716
27717
27720
27721
27723
27726
27726
27727
27728
27729
27730
27730
27730
27731
27731
27735
27735
27736
27739
27740
27741
27741
27741
27742
27743
27744
27746
27747
27747
27747
27748
27748
27748
27750
27751
27754
27754
27755
27756
27760
27760
27761
27761
27761
27762
27762
27763
27764
27765
27766
27771
27771
27776
27779
27779
27781
27782
27783
27783
27785
27786
27786
27786
27788
27789
27792
27793
27793
27794
27795
27795
27795
27798
27798
27799
27800
27802
27803
27807
27809
27814
27814
27815
27817
27818
27823
27823
27824
27825
27825
27825
27825
27828
27829
27830
27833
27834
27836
27836
27839
27840
27842
27842
27844
27844
27847
27847
27847
27847
27847
27849
27851
27851
27853
27856
27861
27861
27864
27865
27868
27868
27869
27869
27869
27870
27872
27872
27874
27874
27875
27878
27879
27879
27883
27883
27888
27892
27892
27892
27893
27896
27897
27897
27899
27900
27901
27901
27901
27903
27903
27904
27905
27909
27909
27910
27910
27910
27911
27912
27914
27915
27918
27922
27924
27926
27926
27926
27928
27928
27930
27933
27934
27934
27937
27938
27941
27942
27944
27944
27947
27947
27949
27951
27953
27953
27953
27956
27957
27959
27959
27961
27962
27962
27962
27964
27965
27966
27969
27971
27971
27971
27971
27973
27975
27976
27978
27978
27979
27979
27981
27981
27981
27981
27982
27982
27983
27983
27986
27987
27988
27988
27989
27990
27990
27992
27993
27995
27998
28004
28005
28005
28005
28008
28009
28010
28011
28011
28016
28018
28018
28020
28020
28022
28023
28023
28026
28026
28029
28030
28030
28030
28033
28034
28037
28038
28039
28042
28043
28043
28045
28046
28047
28048
28051
28054
28056
28056
28057
28062
28064
28064
28067
28069
28072
28073
28073
28073
28074
28074
28076
28077
28078
28079
28079
28080
28081
28084
28085
28088
28088
28091
28093
28093
28094
28095
28097
28097
28101
28102
28103
28103
28103
28103
28104
28104
28106
28107
28110
28112
28112
28114
28117
28118
28118
28118
28119
28123
28124
28124
28125
28126
28128
28130
28133
28133
28135
28135
28136
28138
28139
28141
28142
28142
28148
28149
28149
28150
28150
28151
28151
28152
28152
28153
28155
28157
28158
28160
28163
28163
28164
28164
28164
28166
28167
28170
28170
28172
28173
28174
28174
28174
28175
28177
28179
28179
28182
28183
28185
28186
28186
28188
28189
28189
28191
28192
28195
28199
28200
28202
28203
28204
28207
28212
28214
28216
28219
28221
28223
28223
28224
28224
28226
28227
28228
28230
28231
28234
28235
28238
28238
28239
28240
28241
28242
28245
28247
28248
28249
28256
28259
28261
28261
28261
28263
28263
28263
28264
28265
28265
28266
28266
28266
28267
28268
28270
28271
28271
28271
28271
28272
28272
28273
28273
28274
28276
28277
28277
28283
28285
28286
28287
28287
28288
28288
28289
28289
28292
28293
28295
28296
28297
28299
28299
28299
28307
28310
28310
28311
28311
28312
28316
28317
28322
28322
28324
28325
28330
28330
28330
28330
28331
28332
28333
28335
28337
28339
28339
28340
28340
28341
28343
28345
28346
28347
28348
28349
28350
28351
28351
28354
28357
28357
28357
28357
28358
28359
28360
28362
28363
28366
28367
28370
28371
28372
28373
28373
28373
28375
28375
28375
28376
28379
28380
28380
28380
28382
28384
28385
28385
28385
28386
28386
28388
28388
28393
28394
28395
28396
28397
28398
28402
28404
28404
28406
28407
28408
28409
28409
28410
28412
28412
28413
28413
28414
28414
28415
28415
28416
28417
28417
28417
28418
28419
28422
28423
28425
28428
28428
28429
28433
28433
28433
28436
28437
28439
28441
28442
28442
28443
28443
28445
28448
28448
28448
28449
28449
28450
28450
28452
28453
28453
28454
28455
28457
28458
28459
28461
28462
28462
28462
28464
28465
28469
28469
28472
28473
28473
28473
28474
28474
28476
28477
28477
28479
28484
28485
28485
28485
28487
28489
28491
28494
28495
28495
28496
28497
28498
28502
28502
28503
28505
28505
28511
28512
28512
28512
28512
28513
28517
28519
28525
28525
28527
28533
28534
28536
28537
28538
28540
28541
28544
28550
28553
28554
28556
28556
28556
28557
28557
28558
28559
28559
28559
28560
28561
28562
28563
28563
28568
28570
28572
28572
28573
28580
28580
28586
28588
28594
28594
28594
28595
28596
28599
28600
28602
28603
28604
28606
28619
28619
28621
28621
28626
28627
28628
28629
28629
28630
28633
28633
28634
28634
28635
28635
28638
28638
28641
28641
28643
28644
28645
28645
28651
28651
28653
28654
28655
28656
28658
28658
28660
28661
28661
28661
28664
28666
28670
28670
28670
28670
28671
28673
28675
28677
28679
28681
28682
28684
28687
28688
28690
28692
28692
28694
28694
28695
28696
28698
28699
28699
28700
28701
28702
28702
28705
28709
28715
28715
28716
28716
28718
28719
28719
28720
28720
28721
28722
28723
28730
28731
28731
28731
28733
28733
28735
28736
28736
28738
28744
28744
28745
28746
28746
28748
28749
28749
28750
28751
28752
28752
28754
28755
28757
28758
28759
28759
28760
28760
28762
28762
28762
28764
28766
28766
28768
28769
28770
28774
28776
28778
28779
28779
28780
28782
28782
28783
28783
28786
28789
28789
28793
28794
28794
28795
28795
28796
28797
28800
28803
28804
28806
28812
28812
28822
28827
28827
28828
28829
28829
28830
28830
28831
28831
28832
28835
28838
28838
28838
28839
28841
28842
28844
28846
28848
28848
28851
28851
28851
28851
28853
28854
28857
28857
28859
28862
28864
28867
28867
28871
28873
28874
28874
28875
28876
28877
28882
28882
28882
28883
28885
28885
28886
28887
28888
28888
28889
28889
28892
28894
28895
28897
28898
28898
28901
28903
28904
28913
28914
28916
28917
28917
28918
28923
28927
28928
28929
28930
28931
28933
28934
28937
28941
28941
28943
28947
28948
28948
28948
28950
28950
28951
28953
28953
28954
28955
28958
28958
28958
28959
28959
28961
28961
28962
28964
28965
28973
28974
28977
28979
28980
28982
28982
28983
28987
28987
28988
28989
28989
28990
28992
28993
28993
28994
28996
28998
28999
28999
28999
29000
29000
29001
29002
29002
29007
29009
29009
29011
29012
29013
29015
29019
29020
29022
29024
29026
29028
29029
29030
29031
29031
29032
29038
29038
29038
29040
29040
29040
29042
29042
29047
29047
29052
29053
29055
29056
29059
29059
29060
29063
29064
29065
29067
29068
29070
29071
29071
29072
29074
29076
29076
29077
29077
29077
29079
29079
29079
29080
29080
29081
29082
29084
29084
29085
29086
29089
29091
29091
29092
29093
29093
29093
29093
29094
29096
29097
29097
29098
29098
29099
29099
29100
29100
29101
29102
29104
29108
29109
29109
29109
29110
29112
29113
29116
29116
29116
29117
29117
29119
29120
29120
29122
29125
29125
29127
29128
29129
29129
29131
29131
29134
29136
29140
29141
29144
29146
29147
29148
29149
29151
29153
29153
29153
29156
29161
29163
29167
29168
29168
29168
29170
29172
29172
29173
29173
29177
29177
29183
29185
29191
29191
29192
29198
29199
29199
29201
29203
29203
29204
29205
29205
29206
29209
29211
29213
29213
29214
29220
29220
29221
29221
29223
29223
29224
29224
29225
29228
29228
29231
29231
29236
29236
29238
29240
29243
29244
29244
29245
29245
29246
29248
29251
29252
29252
29253
29254
29256
29259
29261
29262
29262
29266
29269
29269
29270
29270
29273
29274
29274
29276
29276
29276
29276
29277
29278
29279
29279
29280
29284
29285
29285
29285
29285
29286
29288
29288
29291
29291
29294
29295
29297
29300
29300
29300
29301
29301
29301
29302
29302
29304
29304
29308
29312
29312
29312
29314
29315
29315
29317
29319
29319
29323
29326
29329
29331
29332
29332
29332
29332
29334
29335
29336
29338
29339
29340
29340
29342
29344
29345
29346
29347
29347
29353
29355
29357
29363
29365
29366
29368
29369
29371
29371
29371
29372
29373
29374
29374
29374
29376
29377
29377
29378
29378
29379
29379
29380
29380
29380
29382
29382
29388
29388
29389
29389
29391
29392
29394
29396
29396
29400
29401
29402
29402
29402
29402
29403
29403
29403
29403
29404
29406
29406
29408
29409
29409
29410
29410
29413
29413
29413
29414
29418
29420
29422
29424
29426
29427
29427
29429
29429
29429
29430
29430
29433
29438
29439
29439
29439
29439
29440
29440
29441
29442
29443
29444
29445
29446
29451
29451
29455
29456
29457
29460
29460
29464
29464
29465
29467
29468
29477
29477
29478
29480
29481
29481
29483
29485
29486
29488
29491
29494
29496
29499
29499
29500
29501
29503
29508
29509
29511
29515
29515
29515
29516
29519
29520
29520
29520
29523
29523
29523
29524
29525
29526
29531
29536
29537
29538
29539
29540
29541
29542
29543
29543
29543
29544
29544
29544
29546
29547
29548
29548
29552
29552
29553
29556
29556
29558
29559
29559
29560
29560
29560
29561
29561
29562
29562
29562
29564
29564
29565
29568
29571
29572
29572
29573
29573
29576
29576
29578
29578
29582
29583
29585
29586
29586
29588
29589
29594
29599
29600
29600
29600
29602
29602
29602
29604
29605
29607
29610
29610
29615
29615
29619
29622
29622
29622
29623
29625
29625
29625
29627
29628
29628
29629
29631
29631
29631
29632
29634
29634
29636
29637
29637
29637
29638
29643
29643
29645
29646
29647
29649
29651
29652
29652
29653
29654
29654
29654
29655
29659
29660
29661
29661
29661
29663
29664
29666
29666
29668
29668
29670
29672
29675
29675
29679
29680
29681
29681
29681
29683
29683
29684
29684
29684
29685
29686
29687
29689
29691
29693
29696
29697
29700
29703
29705
29705
29708
29708
29710
29711
29717
29724
29724
29725
29726
29728
29728
29729
29730
29731
29731
29733
29733
29734
29734
29737
29738
29739
29740
29741
29741
29744
29744
29749
29749
29751
29751
29754
29754
29755
29757
29759
29762
29762
29763
29766
29766
29766
29767
29768
29768
29770
29771
29778
29778
29778
29782
29783
29783
29784
29785
29785
29785
29789
29790
29792
29794
29797
29798
29798
29802
29802
29802
29804
29805
29808
29808
29808
29809
29809
29810
29810
29811
29812
29813
29813
29814
29816
29816
29817
29818
29819
29819
29822
29823
29824
29826
29826
29826
29829
29829
29834
29835
29836
29836
29836
29838
29838
29838
29838
29843
29845
29846
29848
29850
29851
29852
29854
29855
29856
29856
29860
29860
29860
29860
29860
29862
29862
29863
29864
29865
29867
29870
29871
29871
29873
29875
29876
29878
29880
29881
29883
29884
29884
29885
29887
29888
29888
29889
29890
29896
29903
29903
29905
29906
29906
29907
29909
29911
29912
29912
29914
29915
29917
29919
29919
29920
29920
29921
29923
29924
29924
29924
29924
29929
29929
29930
29930
29931
29932
29933
29933
29934
29936
29940
29943
29943
29943
29945
29948
29948
29949
29950
29950
29951
29952
29953
29955
29956
29957
29965
29965
29966
29969
29970
29972
29975
29976
29982
29983
29984
29986
29988
29988
29989
29990
29996
29999
30000
30001
30002
30003
30005
30006
30007
30008
30008
30011
30013
30015
30015
30016
30018
30018
30019
30019
30021
30022
30022
30022
30023
30026
30030
30031
30033
30034
30037
30042
30042
30043
30045
30046
30047
30048
30049
30050
30054
30055
30056
30056
30056
30058
30059
30059
30061
30061
30062
30063
30063
30064
30065
30066
30067
30067
30068
30072
30073
30081
30082
30082
30086
30087
30087
30090
30092
30094
30094
30097
30098
30100
30102
30103
30106
30106
30107
30108
30112
30113
30114
30114
30115
30118
30118
30120
30121
30125
30126
30126
30128
30131
30132
30134
30135
30138
30141
30143
30144
30146
30148
30149
30149
30151
30151
30153
30154
30158
30158
30158
30159
30161
30161
30161
30161
30161
30163
30164
30164
30164
30165
30167
30167
30168
30169
30169
30170
30172
30172
30172
30177
30178
30178
30179
30180
30180
30181
30183
30184
30184
30187
30190
30192
30193
30195
30197
30197
30198
30198
30199
30199
30202
30203
30204
30205
30205
30207
30208
30210
30214
30214
30215
30215
30217
30217
30219
30220
30221
30223
30225
30225
30227
30228
30229
30229
30229
30229
30231
30233
30233
30234
30235
30237
30238
30238
30240
30240
30240
30241
30242
30245
30247
30249
30252
30253
30256
30257
30259
30259
30261
30262
30264
30265
30265
30267
30267
30270
30272
30272
30273
30275
30277
30282
30286
30287
30287
30290
30290
30290
30291
30291
30292
30294
30301
30301
30301
30302
30304
30305
30305
30306
30307
30307
30308
30311
30311
30312
30313
30313
30315
30315
30316
30319
30320
30321
30321
30323
30323
30327
30328
30329
30330
30331
30333
30337
30338
30341
30341
30341
30343
30344
30344
30344
30344
30344
30345
30349
30350
30350
30352
30353
30353
30356
30356
30357
30358
30358
30360
30363
30364
30365
30365
30366
30367
30367
30370
30373
30374
30378
30379
30381
30385
30385
30386
30388
30391
30392
30392
30392
30393
30394
30394
30397
30397
30397
30398
30400
30402
30403
30405
30405
30408
30409
30410
30412
30413
30414
30414
30415
30419
30421
30421
30422
30426
30427
30427
30430
30430
30430
30431
30434
30434
30436
30437
30441
30441
30441
30446
30446
30446
30447
30447
30448
30448
30451
30452
30454
30455
30456
30457
30458
30459
30462
30465
30465
30465
30467
30467
30469
30470
30472
30473
30475
30477
30480
30480
30481
30483
30486
30487
30488
30488
30492
30493
30494
30496
30496
30497
30497
30499
30500
30501
30502
30502
30503
30506
30508
30510
30510
30510
30511
30513
30514
30514
30515
30515
30516
30516
30517
30520
30520
30522
30524
30525
30527
30527
30528
30528
30530
30531
30532
30533
30533
30534
30534
30535
30537
30537
30540
30543
30546
30546
30547
30548
30551
30551
30553
30554
30555
30556
30556
30558
30558
30560
30561
30561
30561
30565
30568
30572
30572
30572
30575
30575
30575
30577
30577
30577
30579
30581
30581
30582
30586
30587
30587
30590
30592
30593
30595
30597
30601
30601
30603
30608
30608
30610
30613
30614
30615
30617
30620
30620
30621
30624
30624
30625
30628
30630
30632
30633
30634
30634
30638
30639
30641
30642
30644
30646
30647
30647
30648
30648
30649
30651
30652
30657
30659
30660
30660
30662
30662
30662
30663
30664
30664
30664
30665
30666
30666
30667
30670
30671
30671
30672
30673
30674
30674
30674
30676
30676
30678
30679
30682
30683
30684
30685
30686
30688
30690
30691
30692
30693
30693
30693
30694
30694
30695
30696
30697
30698
30700
30701
30701
30703
30706
30707
30707
30712
30716
30716
30717
30720
30721
30722
30723
30724
30725
30726
30727
30728
30728
30730
30738
30739
30740
30740
30741
30741
30742
30745
30746
30747
30747
30751
30751
30755
30755
30757
30757
30759
30760
30760
30762
30763
30763
30769
30769
30770
30770
30775
30776
30780
30781
30783
30786
30788
30788
30789
30793
30794
30794
30797
30800
30800
30800
30803
30803
30804
30804
30808
30809
30811
30811
30813
30814
30816
30817
30821
30821
30823
30824
30824
30825
30827
30833
30833
30833
30835
30836
30837
30838
30838
30839
30843
30843
30843
30844
30844
30844
30847
30847
30847
30849
30849
30849
30849
30849
30851
30852
30855
30858
30858
30859
30861
30863
30865
30865
30866
30869
30876
30876
30876
30876
30877
30877
30877
30878
30882
30885
30886
30886
30888
30891
30896
30897
30898
30900
30900
30900
30901
30902
30904
30907
30907
30908
30909
30909
30909
30913
30913
30913
30914
30915
30919
30920
30921
30921
30922
30923
30925
30926
30932
30932
30936
30936
30938
30939
30942
30943
30944
30944
30944
30945
30950
30950
30951
30951
30951
30951
30951
30953
30954
30954
30955
30956
30959
30963
30967
30968
30970
30972
30975
30975
30978
30978
30979
30979
30980
30981
30981
30981
30984
30984
30984
30990
30990
30990
30992
30993
30994
30995
30995
30995
30996
30997
30997
30997
30997
30999
30999
31001
31005
31007
31008
31008
31010
31011
31011
31012
31013
31013
31015
31016
31016
31016
31017
31018
31021
31023
31025
31028
31028
31030
31031
31032
31033
31033
31035
31036
31036
31037
31037
31039
31043
31044
31044
31044
31045
31047
31050
31052
31054
31056
31057
31059
31062
31064
31064
31065
31065
31067
31069
31070
31070
31070
31070
31073
31073
31074
31075
31078
31079
31080
31081
31083
31084
31085
31088
31089
31090
31092
31093
31093
31094
31094
31095
31099
31100
31102
31104
31105
31107
31108
31108
31110
31111
31114
31116
31116
31117
31121
31121
31122
31122
31123
31125
31125
31128
31130
31130
31130
31131
31132
31133
31134
31134
31134
31136
31137
31139
31140
31143
31144
31146
31147
31149
31149
31150
31150
31150
31150
31151
31153
31158
31159
31161
31162
31170
31171
31176
31177
31177
31178
31178
31179
31181
31182
31185
31186
31187
31192
31194
31195
31195
31196
31197
31199
31199
31200
31200
31204
31204
31205
31206
31206
31208
31209
31210
31210
31212
31215
31216
31217
31218
31220
31222
31225
31231
31233
31233
31234
31235
31236
31238
31238
31238
31240
31241
31246
31247
31255
31256
31256
31258
31258
31260
31261
31262
31263
31264
31264
31264
31271
31271
31272
31273
31273
31274
31275
31277
31279
31282
31285
31285
31285
31286
31289
31290
31291
31292
31296
31297
31299
31299
31299
31299
31300
31301
31301
31302
31302
31307
31307
31307
31308
31309
31311
31312
31312
31315
31315
31315
31316
31316
31321
31321
31321
31323
31325
31329
31334
31338
31339
31340
31340
31343
31344
31345
31346
31346
31348
31348
31349
31350
31355
31355
31355
31356
31357
31358
31358
31359
31359
31360
31360
31361
31364
31366
31370
31370
31371
31371
31372
31373
31374
31377
31382
31385
31385
31386
31387
31391
31393
31395
31396
31396
31397
31397
31398
31399
31399
31401
31402
31403
31405
31406
31408
31410
31410
31413
31414
31415
31418
31424
31426
31426
31428
31428
31429
31430
31430
31432
31437
31442
31443
31443
31446
31446
31446
31448
31449
31450
31450
31452
31454
31455
31456
31457
31458
31459
31460
31462
31464
31464
31465
31469
31469
31473
31476
31477
31477
31478
31479
31479
31479
31480
31482
31483
31483
31483
31483
31484
31484
31484
31486
31486
31494
31495
31495
31495
31496
31497
31499
31499
31499
31500
31501
31502
31504
31504
31505
31507
31508
31508
31508
31511
31513
31514
31514
31515
31516
31521
31522
31523
31523
31525
31529
31531
31532
31532
31533
31534
31536
31536
31537
31537
31539
31540
31542
31543
31544
31547
31548
31549
31553
31553
31553
31557
31565
31566
31569
31573
31573
31573
31573
31574
31574
31575
31576
31576
31576
31578
31580
31582
31582
31583
31584
31585
31586
31587
31589
31590
31591
31594
31594
31594
31595
31595
31595
31596
31596
31600
31601
31602
31605
31606
31609
31609
31612
31612
31614
31614
31614
31616
31617
31617
31618
31619
31620
31620
31621
31621
31622
31623
31623
31625
31628
31628
31630
31631
31635
31637
31638
31638
31639
31640
31641
31642
31642
31643
31645
31646
31646
31647
31647
31649
31652
31653
31654
31655
31656
31657
31658
31659
31662
31662
31663
31663
31664
31666
31667
31668
31668
31669
31672
31672
31672
31672
31672
31673
31677
31677
31681
31681
31683
31683
31684
31684
31685
31686
31687
31688
31689
31689
31691
31691
31695
31695
31695
31695
31698
31699
31699
31700
31701
31701
31704
31708
31710
31712
31712
31712
31716
31716
31718
31720
31720
31721
31721
31722
31725
31726
31726
31728
31731
31731
31732
31732
31734
31737
31738
31742
31743
31744
31744
31746
31748
31748
31749
31752
31753
31756
31756
31757
31761
31762
31762
31764
31764
31764
31765
31767
31769
31770
31772
31772
31775
31775
31779
31779
31779
31782
31783
31783
31785
31786
31786
31787
31787
31788
31790
31791
31793
31793
31794
31797
31797
31797
31799
31800
31801
31804
31805
31806
31807
31807
31808
31808
31810
31810
31813
31814
31815
31817
31817
31818
31818
31818
31819
31820
31823
31824
31825
31827
31829
31832
31833
31833
31833
31834
31834
31834
31834
31835
31836
31841
31842
31844
31845
31847
31849
31853
31854
31856
31856
31861
31863
31863
31863
31864
31866
31867
31868
31870
31870
31870
31874
31875
31877
31879
31880
31881
31881
31885
31887
31889
31889
31892
31893
31894
31895
31895
31895
31895
31896
31898
31899
31899
31899
31901
31902
31903
31904
31904
31904
31906
31907
31908
31912
31913
31914
31917
31920
31923
31925
31926
31930
31930
31932
31933
31933
31935
31938
31938
31939
31941
31942
31943
31946
31946
31948
31949
31950
31950
31955
31961
31963
31966
31971
31971
31972
31973
31974
31976
31977
31977
31979
31979
31980
31981
31982
31982
31985
31986
31988
31991
31992
31992
31992
31993
31993
31994
31996
31996
31997
31998
31999
32000
32000
32001
32001
32002
32003
32004
32005
32007
32009
32010
32010
32013
32015
32016
32017
32018
32020
32022
32024
32027
32030
32032
32035
32042
32043
32046
32048
32048
32051
32052
32052
32054
32056
32056
32056
32057
32058
32060
32062
32062
32064
32065
32065
32070
32071
32077
32077
32077
32078
32078
32079
32080
32081
32082
32082
32082
32084
32084
32085
32086
32086
32087
32091
32092
32092
32092
32093
32100
32100
32100
32102
32102
32103
32103
32105
32107
32107
32112
32112
32112
32112
32116
32120
32123
32124
32125
32129
32131
32133
32133
32134
32134
32134
32135
32135
32136
32136
32136
32137
32138
32139
32139
32140
32141
32143
32143
32143
32144
32144
32144
32145
32145
32146
32147
32148
32149
32149
32150
32151
32152
32156
32156
32157
32160
32161
32163
32165
32168
32169
32169
32171
32173
32175
32176
32177
32178
32179
32179
32180
32180
32182
32187
32191
32192
32192
32193
32194
32198
32198
32199
32199
32200
32201
32202
32203
32204
32205
32207
32207
32210
32211
32211
32213
32215
32216
32218
32219
32220
32221
32221
32223
32224
32224
32224
32226
32226
32228
32228
32228
32230
32232
32234
32235
32236
32237
32238
32240
32241
32242
32245
32246
32246
32247
32248
32251
32251
32251
32253
32254
32254
32255
32256
32257
32257
32260
32264
32265
32271
32271
32273
32273
32273
32274
32277
32280
32280
32283
32283
32285
32286
32287
32289
32290
32290
32291
32292
32292
32292
32292
32293
32296
32300
32300
32302
32302
32302
32303
32303
32304
32306
32306
32306
32309
32311
32311
32311
32312
32312
32316
32317
32317
32318
32318
32319
32320
32320
32321
32322
32327
32329
32331
32333
32334
32335
32336
32336
32336
32337
32338
32340
32341
32344
32347
32347
32348
32348
32351
32352
32352
32353
32356
32358
32360
32361
32361
32362
32362
32362
32363
32368
32369
32371
32373
32374
32375
32376
32379
32382
32383
32383
32387
32387
32389
32389
32390
32393
32395
32396
32397
32400
32402
32402
32403
32407
32407
32408
32409
32412
32413
32416
32416
32421
32424
32428
32432
32434
32434
32435
32437
32438
32439
32440
32440
32441
32442
32444
32446
32446
32447
32448
32449
32451
32452
32452
32453
32456
32458
32458
32461
32466
32469
32469
32470
32470
32472
32477
32480
32484
32485
32486
32486
32486
32487
32488
32488
32488
32489
32490
32490
32493
32494
32494
32495
32495
32496
32497
32499
32500
32505
32505
32506
32508
32511
32511
32511
32512
32513
32514
32514
32516
32517
32518
32518
32522
32525
32527
32527
32528
32533
32535
32537
32537
32538
32538
32538
32540
32545
32547
32547
32550
32552
32553
32555
32556
32557
32557
32557
32557
32558
32559
32562
32562
32563
32563
32564
32567
32570
32572
32572
32572
32574
32576
32577
32577
32577
32585
32585
32586
32586
32588
32589
32590
32592
32596
32596
32597
32599
32599
32602
32603
32605
32607
32609
32610
32611
32614
32614
32616
32617
32618
32621
32622
32624
32626
32627
32632
32632
32636
32636
32637
32638
32638
32638
32640
32640
32643
32645
32648
32649
32650
32651
32651
32652
32653
32653
32656
32656
32656
32657
32660
32660
32662
32662
32665
32665
32665
32666
32666
32667
32668
32669
32670
32670
32671
32672
32674
32677
32682
32684
32685
32687
32689
32689
32689
32692
32694
32695
32696
32696
32697
32697
32697
32700
32700
32701
32702
32704
32710
32711
32711
32711
32718
32722
32723
32723
32723
32725
32725
32726
32726
32726
32727
32727
32729
32730
32730
32732
32732
32733
32734
32735
32737
32741
32743
32743
32744
32745
32746
32747
32747
32749
32751
32753
32754
32754
32756
32757
32758
32759
32761
32762
32766
32769
32771
32771
32773
32773
32782
32783
32784
32786
32788
32791
32792
32794
32794
32796
32796
32799
32800
32801
32804
32804
32804
32805
32806
32806
32812
32814
32819
32821
32822
32823
32824
32826
32827
32827
32828
32831
32833
32834
32837
32837
32839
32841
32842
32843
32843
32847
32852
32854
32854
32856
32857
32859
32860
32860
32861
32863
32866
32867
32868
32868
32868
32868
32869
32869
32870
32872
32873
32875
32883
32885
32885
32888
32889
32891
32893
32894
32894
32894
32895
32897
32899
32899
32901
32904
32904
32905
32910
32910
32910
32910
32911
32913
32914
32916
32916
32918
32920
32920
32921
32928
32928
32929
32931
32931
32931
32932
32933
32935
32936
32937
32938
32941
32943
32943
32943
32944
32945
32948
32949
32949
32950
32951
32954
32954
32955
32955
32957
32957
32958
32958
32960
32960
32962
32963
32964
32964
32964
32967
32967
32968
32969
32970
32971
32974
32979
32979
32979
32980
32981
32984
32984
32985
32988
32989
32990
32990
32990
32993
32994
32998
32998
33000
33000
33001
33005
33010
33011
33013
33013
33016
33017
33018
33018
33026
33027
33027
33028
33028
33033
33035
33035
33036
33038
33038
33039
33040
33042
33042
33043
33045
33048
33049
33049
33051
33051
33052
33052
33052
33053
33053
33055
33056
33061
33062
33062
33068
33069
33069
33071
33072
33072
33072
33073
33075
33077
33080
33082
33083
33083
33086
33086
33089
33090
33090
33092
33092
33093
33095
33095
33097
33098
33098
33099
33100
33101
33101
33103
33104
33107
33108
33108
33112
33113
33113
33116
33117
33118
33118
33119
33121
33121
33123
33127
33128
33131
33132
33134
33135
33138
33139
33140
33144
33146
33150
33152
33154
33155
33155
33157
33158
33159
33159
33160
33161
33161
33162
33162
33166
33167
33171
33172
33172
33172
33173
33175
33175
33177
33177
33178
33179
33179
33180
33181
33183
33184
33185
33186
33186
33186
33187
33190
33191
33193
33193
33196
33199
33200
33200
33200
33200
33201
33202
33202
33202
33202
33204
33205
33206
33208
33208
33210
33211
33211
33213
33214
33215
33215
33216
33216
33219
33221
33221
33223
33228
33229
33232
33238
33239
33239
33242
33245
33247
33248
33248
33252
33253
33256
33256
33257
33257
33259
33260
33260
33260
33260
33262
33262
33265
33265
33265
33266
33267
33267
33270
33271
33273
33278
33281
33281
33281
33283
33284
33285
33286
33287
33289
33289
33292
33293
33295
33295
33296
33298
33301
33303
33309
33310
33310
33311
33313
33313
33314
33314
33318
33319
33319
33322
33323
33324
33324
33326
33326
33326
33327
33327
33327
33328
33328
33328
33330
33331
33332
33333
33335
33336
33337
33337
33337
33338
33340
33344
33347
33347
33349
33350
33353
33353
33358
33358
33358
33359
33360
33360
33363
33364
33364
33364
33366
33366
33370
33373
33373
33376
33377
33380
33382
33382
33384
33385
33386
33387
33387
33388
33389
33394
33394
33394
33396
33398
33398
33400
33401
33404
33406
33409
33409
33410
33411
33411
33413
33414
33414
33417
33418
33420
33420
33422
33422
33422
33426
33430
33432
33433
33438
33439
33439
33440
33441
33442
33443
33445
33447
33448
33448
33451
33455
33455
33459
33464
33464
33465
33467
33470
33471
33473
33475
33477
33478
33478
33478
33481
33482
33483
33484
33484
33484
33489
33489
33490
33490
33492
33494
33494
33496
33496
33496
33497
33497
33497
33498
33498
33499
33503
33512
33512
33512
33513
33515
33517
33519
33520
33520
33524
33524
33527
33528
33529
33530
33534
33537
33537
33538
33538
33539
33540
33542
33542
33547
33553
33553
33553
33554
33559
33560
33560
33560
33562
33564
33567
33568
33570
33570
33571
33574
33575
33576
33577
33577
33578
33579
33580
33582
33582
33584
33585
33585
33586
33587
33587
33589
33589
33590
33593
33595
33599
33599
33600
33600
33600
33601
33601
33601
33603
33604
33605
33607
33607
33608
33609
33609
33610
33610
33612
33612
33614
33615
33615
33615
33617
33618
33620
33624
33625
33626
33626
33628
33628
33631
33632
33632
33634
33636
33637
33638
33639
33640
33640
33641
33642
33642
33644
33647
33647
33648
33649
33649
33650
33650
33651
33655
33656
33656
33657
33658
33658
33658
33660
33660
33660
33662
33664
33665
33666
33666
33667
33669
33669
33671
33671
33672
33673
33674
33676
33677
33678
33680
33681
33686
33687
33687
33688
33689
33689
33691
33691
33697
33699
33699
33700
33701
33702
33703
33705
33706
33707
33708
33709
33709
33710
33710
33711
33716
33717
33717
33718
33720
33720
33720
33722
33723
33723
33726
33726
33732
33734
33736
33737
33739
33745
33750
33750
33750
33758
33758
33760
33760
33761
33763
33764
33765
33768
33769
33769
33775
33776
33778
33782
33783
33783
33784
33786
33786
33787
33788
33791
33793
33794
33795
33795
33797
33800
33802
33804
33805
33805
33806
33807
33808
33810
33810
33810
33819
33822
33822
33822
33824
33824
33825
33826
33826
33829
33831
33837
33838
33839
33839
33840
33841
33842
33842
33843
33843
33847
33848
33849
33849
33850
33855
33856
33857
33858
33858
33858
33863
33863
33864
33867
33867
33867
33867
33867
33868
33869
33869
33870
33871
33871
33874
33874
33877
33879
33879
33880
33881
33882
33884
33886
33887
33888
33889
33891
33891
33895
33895
33902
33904
33904
33905
33906
33909
33909
33910
33911
33916
33919
33921
33921
33921
33923
33924
33924
33926
33926
33927
33928
33930
33930
33930
33930
33931
33933
33934
33934
33935
33935
33936
33937
33938
33938
33938
33939
33940
33940
33945
33945
33946
33947
33948
33952
33953
33953
33955
33956
33956
33959
33960
33960
33961
33961
33963
33965
33969
33971
33972
33972
33972
33973
33974
33975
33976
33978
33979
33980
33980
33980
33981
33982
33982
33984
33984
33984
33984
33985
33986
33987
33991
33991
33991
33993
33993
33996
33997
34000
34001
34001
34002
34003
34007
34008
34011
34012
34012
34014
34014
34015
34021
34021
34021
34022
34026
34026
34027
34027
34030
34030
34032
34033
34033
34034
34034
34035
34035
34037
34039
34039
34043
34044
34045
34045
34046
34047
34048
34048
34049
34049
34050
34051
34051
34052
34059
34060
34060
34062
34062
34062
34063
34063
34067
34067
34068
34068
34069
34069
34070
34072
34073
34077
34077
34077
34077
34079
34080
34080
34083
34084
34084
34089
34089
34090
34091
34091
34092
34095
34096
34097
34098
34100
34102
34106
34107
34107
34110
34112
34115
34119
34120
34121
34121
34122
34122
34123
34124
34128
34132
34133
34133
34134
34135
34136
34138
34139
34140
34141
34141
34142
34144
34145
34146
34151
34153
34153
34154
34156
34157
34158
34158
34160
34164
34164
34166
34166
34168
34168
34171
34171
34171
34171
34176
34178
34178
34179
34184
34186
34187
34188
34189
34190
34191
34191
34191
34191
34193
34195
34196
34198
34200
34201
34202
34202
34203
34204
34204
34209
34210
34213
34214
34216
34218
34221
34222
34225
34226
34227
34228
34229
34230
34231
34232
34233
34234
34237
34237
34239
34240
34241
34243
34245
34250
34252
34258
34258
34258
34261
34262
34264
34264
34266
34267
34271
34271
34273
34274
34274
34274
34278
34281
34283
34285
34287
34287
34288
34289
34292
34293
34293
34293
34296
34298
34302
34304
34306
34311
34312
34313
34315
34320
34320
34321
34322
34323
34323
34326
34327
34331
34331
34331
34332
34332
34333
34334
34339
34340
34340
34343
34344
34344
34345
34347
34347
34348
34349
34349
34350
34350
34351
34352
34353
34354
34354
34356
34356
34356
34357
34357
34358
34360
34361
34362
34362
34364
34365
34365
34366
34367
34368
34369
34370
34372
34373
34375
34376
34376
34377
34377
34377
34380
34380
34383
34383
34383
34388
34388
34389
34390
34392
34393
34393
34394
34394
34394
34394
34395
34396
34398
34399
34399
34400
34400
34401
34402
34403
34403
34408
34410
34412
34417
34417
34417
34418
34418
34419
34423
34424
34429
34431
34432
34433
34433
34443
34443
34445
34445
34446
34448
34448
34449
34451
34452
34453
34454
34454
34454
34458
34460
34462
34462
34467
34468
34471
34471
34472
34472
34480
34481
34481
34482
34482
34486
34489
34490
34491
34491
34491
34492
34493
34494
34496
34497
34498
34500
34501
34503
34508
34510
34511
34511
34511
34512
34516
34518
34518
34518
34519
34520
34521
34522
34523
34526
34527
34529
34531
34531
34534
34535
34538
34538
34542
34543
34543
34547
34548
34550
34560
34561
34562
34563
34563
34564
34566
34567
34567
34569
34570
34570
34572
34573
34574
34574
34574
34576
34577
34577
34579
34580
34580
34580
34581
34581
34584
34584
34586
34587
34588
34590
34594
34596
34598
34599
34600
34600
34601
34602
34606
34608
34609
34610
34610
34611
34612
34612
34613
34613
34614
34615
34615
34617
34617
34617
34618
34618
34626
34627
34628
34629
34630
34630
34631
34634
34636
34637
34638
34642
34643
34644
34645
34646
34648
34649
34650
34650
34652
34652
34654
34654
34654
34656
34657
34657
34658
34658
34658
34660
34661
34661
34662
34663
34664
34666
34667
34669
34670
34670
34671
34671
34672
34679
34683
34684
34685
34686
34687
34688
34688
34690
34691
34692
34698
34698
34702
34704
34706
34709
34710
34710
34711
34712
34712
34712
34712
34712
34714
34717
34718
34719
34720
34720
34722
34723
34723
34724
34724
34727
34732
34734
34735
34735
34737
34738
34738
34739
34739
34740
34740
34746
34747
34747
34748
34748
34749
34749
34752
34752
34752
34755
34756
34758
34762
34763
34764
34764
34764
34765
34766
34767
34770
34773
34774
34778
34781
34782
34785
34785
34785
34787
34790
34792
34793
34794
34794
34795
34796
34796
34797
34799
34803
34803
34803
34804
34805
34806
34809
34811
34813
34813
34814
34819
34819
34821
34824
34825
34826
34829
34830
34833
34833
34835
34838
34839
34840
34841
34843
34843
34844
34845
34847
34848
34848
34858
34858
34859
34859
34860
34861
34862
34863
34863
34865
34866
34868
34869
34869
34870
34873
34874
34875
34875
34878
34881
34885
34885
34886
34889
34892
34892
34894
34895
34898
34899
34899
34899
34900
34902
34904
34905
34906
34907
34907
34910
34911
34912
34912
34914
34914
34915
34916
34917
34921
34921
34921
34922
34922
34924
34925
34927
34927
34934
34934
34935
34936
34937
34938
34938
34938
34939
34940
34940
34941
34943
34946
34948
34950
34950
34950
34951
34952
34955
34955
34956
34957
34958
34960
34962
34962
34962
34963
34967
34970
34970
34970
34972
34973
34974
34978
34978
34979
34980
34981
34981
34982
34982
34982
34982
34983
34983
34983
34984
34984
34986
34988
34989
34990
34995
34998
34999
35001
35003
35006
35008
35009
35011
35014
35017
35017
35017
35019
35020
35022
35022
35023
35025
35026
35026
35027
35027
35028
35030
35031
35032
35032
35033
35033
35035
35036
35037
35039
35040
35040
35040
35045
35046
35046
35046
35048
35049
35049
35050
35051
35052
35055
35055
35055
35056
35056
35057
35061
35061
35061
35061
35062
35062
35062
35063
35063
35064
35065
35066
35069
35069
35069
35070
35070
35071
35071
35071
35072
35075
35076
35076
35076
35078
35080
35082
35084
35084
35086
35086
35089
35091
35093
35094
35096
35100
35105
35108
35113
35116
35117
35117
35117
35120
35120
35120
35121
35121
35122
35122
35122
35127
35130
35132
35132
35135
35136
35137
35137
35140
35141
35142
35146
35147
35154
35154
35162
35165
35165
35166
35169
35169
35169
35170
35171
35172
35175
35175
35176
35176
35177
35179
35181
35186
35187
35187
35187
35189
35191
35191
35191
35197
35197
35198
35198
35202
35202
35204
35205
35209
35210
35214
35214
35215
35217
35217
35220
35222
35224
35225
35226
35227
35231
35233
35235
35240
35241
35242
35242
35244
35245
35246
35247
35247
35247
35247
35249
35249
35249
35250
35250
35252
35254
35257
35260
35261
35261
35262
35262
35262
35270
35272
35274
35275
35281
35281
35283
35284
35285
35286
35289
35291
35293
35296
35297
35304
35305
35307
35307
35308
35309
35309
35311
35312
35312
35315
35315
35315
35316
35316
35316
35317
35318
35322
35322
35322
35324
35325
35330
35331
35334
35335
35337
35339
35340
35340
35341
35343
35344
35346
35347
35347
35349
35350
35351
35352
35352
35355
35355
35356
35357
35357
35357
35361
35364
35365
35366
35366
35374
35376
35376
35377
35377
35379
35379
35381
35382
35385
35386
35387
35388
35388
35388
35391
35394
35395
35396
35400
35401
35402
35402
35403
35404
35405
35409
35409
35411
35411
35412
35412
35413
35414
35416
35417
35418
35422
35423
35423
35425
35426
35428
35429
35430
35431
35434
35436
35437
35438
35442
35447
35450
35451
35452
35454
35455
35456
35457
35459
35460
35462
35462
35463
35465
35466
35467
35470
35471
35471
35473
35473
35477
35477
35478
35478
35479
35479
35479
35486
35486
35489
35489
35492
35492
35492
35501
35501
35503
35505
35506
35509
35511
35511
35517
35517
35518
35521
35521
35523
35524
35524
35525
35525
35526
35526
35527
35529
35529
35529
35530
35532
35532
35540
35541
35541
35541
35542
35543
35545
35547
35548
35552
35554
35554
35555
35559
35559
35561
35562
35563
35568
35570
35572
35576
35577
35577
35580
35582
35586
35587
35587
35588
35589
35591
35594
35594
35595
35595
35596
35596
35596
35600
35604
35605
35605
35607
35607
35607
35611
35611
35615
35616
35616
35616
35617
35618
35618
35619
35620
35620
35622
35628
35628
35628
35628
35629
35631
35632
35636
35639
35639
35639
35639
35640
35640
35642
35642
35643
35644
35647
35647
35648
35649
35649
35651
35652
35653
35655
35656
35657
35658
35659
35659
35660
35661
35661
35662
35664
35664
35666
35669
35671
35672
35675
35675
35676
35676
35680
35681
35681
35682
35683
35684
35686
35688
35688
35689
35690
35691
35692
35692
35694
35695
35696
35700
35704
35705
35707
35708
35709
35710
35710
35710
35711
35711
35713
35715
35716
35719
35720
35723
35724
35726
35727
35727
35729
35730
35731
35731
35738
35739
35740
35741
35741
35742
35745
35745
35746
35748
35749
35749
35750
35751
35754
35755
35758
35758
35759
35760
35761
35761
35763
35768
35769
35769
35770
35772
35772
35774
35775
35777
35777
35781
35782
35782
35784
35785
35786
35788
35790
35790
35793
35795
35796
35797
35800
35802
35802
35806
35806
35807
35808
35808
35808
35809
35812
35815
35815
35815
35816
35817
35818
35819
35819
35820
35821
35822
35822
35822
35823
35825
35826
35826
35826
35826
35827
35828
35828
35828
35829
35830
35830
35831
35832
35832
35833
35833
35834
35835
35835
35836
35837
35837
35838
35838
35838
35841
35843
35844
35844
35845
35846
35847
35848
35848
35849
35850
35850
35852
35852
35853
35855
35857
35857
35857
35857
35858
35859
35859
35863
35863
35864
35867
35867
35869
35869
35870
35870
35871
35873
35873
35874
35874
35877
35878
35879
35882
35883
35885
35886
35887
35888
35888
35889
35889
35889
35891
35892
35892
35894
35894
35894
35899
35900
35901
35901
35901
35903
35903
35904
35904
35906
35908
35908
35908
35910
35911
35913
35914
35916
35916
35916
35916
35917
35917
35918
35918
35921
35922
35922
35924
35924
35925
35927
35929
35929
35929
35930
35932
35932
35934
35934
35936
35937
35937
35938
35939
35940
35940
35943
35945
35945
35945
35948
35949
35951
35951
35952
35953
35953
35954
35956
35958
35964
35965
35965
35966
35970
35973
35974
35975
35975
35977
35978
35980
35981
35981
35981
35982
35982
35982
35982
35986
35987
35988
35988
35988
35991
35992
35992
35993
35993
35994
35996
35997
35997
35998
35999
35999
36000
36000
36001
36002
36004
36004
36006
36007
36009
36010
36013
36014
36016
36018
36020
36021
36022
36024
36024
36024
36026
36027
36032
36032
36032
36033
36034
36035
36039
36039
36043
36045
36045
36046
36046
36048
36049
36051
36051
36052
36054
36054
36055
36058
36061
36061
36062
36064
36066
36068
36068
36070
36071
36072
36073
36073
36074
36074
36074
36075
36078
36080
36080
36081
36082
36086
36089
36089
36090
36090
36091
36092
36094
36094
36095
36095
36096
36098
36099
36099
36103
36104
36115
36118
36122
36124
36128
36130
36131
36133
36134
36137
36137
36137
36137
36138
36139
36139
36139
36139
36139
36141
36145
36145
36145
36146
36147
36147
36148
36148
36148
36149
36149
36149
36151
36154
36156
36156
36157
36157
36157
36158
36158
36159
36159
36161
36163
36166
36168
36169
36169
36178
36179
36181
36182
36183
36183
36183
36184
36185
36185
36185
36188
36192
36193
36195
36195
36196
36196
36196
36197
36198
36198
36200
36200
36202
36204
36206
36209
36209
36210
36210
36213
36215
36216
36216
36217
36218
36219
36219
36222
36223
36224
36225
36226
36227
36228
36229
36231
36231
36232
36233
36234
36239
36240
36240
36242
36242
36244
36245
36247
36248
36248
36249
36252
36253
36253
36253
36254
36255
36256
36256
36258
36258
36258
36258
36259
36259
36261
36264
36264
36266
36269
36271
36272
36279
36282
36283
36284
36287
36288
36290
36291
36292
36292
36294
36294
36295
36298
36305
36306
36306
36306
36309
36309
36311
36311
36316
36319
36320
36320
36320
36324
36325
36325
36326
36328
36333
36333
36333
36334
36336
36337
36337
36339
36340
36341
36345
36346
36346
36347
36348
36349
36351
36354
36356
36356
36356
36358
36358
36359
36359
36360
36360
36364
36365
36366
36369
36369
36370
36372
36373
36373
36374
36374
36376
36376
36378
36378
36381
36383
36386
36388
36388
36388
36389
36389
36389
36389
36390
36391
36395
36396
36396
36398
36404
36404
36407
36412
36413
36414
36416
36419
36420
36421
36422
36425
36425
36425
36427
36427
36429
36431
36431
36432
36434
36434
36435
36436
36437
36437
36439
36445
36446
36448
36449
36449
36450
36452
36454
36454
36455
36464
36469
36471
36473
36473
36475
36476
36476
36476
36477
36482
36483
36485
36487
36489
36494
36494
36495
36496
36496
36497
36497
36497
36498
36502
36506
36509
36513
36514
36514
36515
36515
36516
36517
36518
36519
36520
36520
36523
36524
36524
36527
36529
36529
36530
36530
36531
36532
36535
36535
36536
36538
36539
36540
36542
36544
36544
36547
36548
36550
36551
36556
36559
36559
36560
36561
36562
36563
36565
36565
36568
36568
36570
36570
36571
36572
36573
36573
36574
36576
36577
36578
36581
36582
36583
36583
36584
36586
36588
36592
36594
36594
36595
36596
36596
36596
36596
36598
36599
36605
36607
36610
36613
36613
36618
36619
36620
36621
36623
36626
36627
36633
36635
36636
36640
36641
36641
36643
36644
36645
36646
36647
36648
36650
36650
36650
36656
36659
36660
36660
36660
36661
36662
36662
36663
36664
36664
36665
36665
36667
36672
36674
36674
36675
36675
36675
36677
36677
36678
36681
36683
36685
36689
36690
36692
36692
36693
36693
36695
36697
36698
36702
36703
36708
36708
36709
36710
36711
36711
36712
36713
36714
36714
36715
36717
36719
36721
36722
36724
36726
36732
36733
36736
36738
36739
36739
36743
36743
36743
36746
36746
36747
36753
36754
36756
36756
36757
36758
36760
36760
36762
36763
36763
36763
36763
36764
36765
36765
36767
36769
36769
36771
36771
36772
36778
36780
36780
36781
36782
36783
36784
36784
36784
36787
36787
36788
36789
36790
36791
36792
36792
36792
36796
36797
36797
36797
36799
36803
36805
36811
36811
36812
36813
36819
36819
36819
36821
36825
36825
36825
36827
36832
36836
36839
36841
36845
36849
36850
36850
36852
36852
36853
36854
36856
36856
36857
36857
36857
36857
36857
36858
36860
36861
36861
36862
36862
36864
36864
36865
36866
36870
36872
36874
36874
36876
36879
36880
36884
36885
36885
36888
36889
36889
36892
36893
36893
36894
36894
36895
36895
36895
36896
36896
36899
36900
36903
36904
36905
36909
36910
36911
36913
36914
36916
36917
36917
36920
36920
36922
36923
36924
36924
36926
36927
36927
36929
36932
36933
36934
36934
36935
36936
36939
36939
36940
36940
36941
36946
36946
36948
36951
36952
36953
36955
36957
36958
36958
36959
36960
36960
36961
36962
36963
36963
36963
36965
36966
36967
36968
36969
36971
36973
36977
36978
36978
36981
36984
36985
36987
36989
36993
36993
36994
36995
36997
36998
37001
37002
37003
37004
37008
37008
37009
37011
37011
37016
37017
37018
37018
37020
37022
37022
37022
37023
37024
37026
37026
37028
37029
37029
37029
37030
37030
37032
37035
37035
37037
37038
37038
37039
37041
37041
37045
37047
37047
37048
37049
37051
37051
37052
37053
37054
37054
37055
37055
37056
37056
37056
37057
37057
37059
37061
37064
37065
37066
37067
37067
37071
37072
37072
37073
37075
37079
37083
37086
37086
37087
37088
37089
37090
37095
37095
37096
37098
37098
37099
37100
37101
37101
37101
37102
37102
37105
37106
37107
37108
37108
37112
37112
37112
37114
37114
37116
37116
37117
37119
37120
37122
37124
37124
37126
37127
37128
37129
37129
37130
37130
37132
37132
37132
37134
37135
37136
37137
37138
37138
37141
37141
37142
37142
37145
37147
37147
37148
37151
37155
37155
37157
37158
37163
37164
37164
37165
37168
37168
37168
37168
37171
37173
37174
37177
37178
37178
37181
37183
37184
37184
37184
37186
37187
37187
37189
37190
37191
37193
37194
37194
37197
37202
37203
37206
37207
37209
37210
37210
37211
37213
37214
37214
37216
37217
37218
37220
37220
37220
37221
37222
37222
37223
37224
37227
37228
37230
37230
37231
37232
37232
37234
37235
37235
37236
37236
37236
37237
37241
37246
37246
37246
37253
37257
37258
37258
37258
37263
37263
37263
37269
37272
37272
37272
37276
37277
37284
37285
37285
37286
37287
37287
37288
37289
37290
37294
37295
37296
37297
37300
37300
37301
37302
37303
37304
37305
37305
37306
37310
37312
37312
37312
37315
37317
37317
37317
37318
37320
37321
37321
37325
37325
37327
37327
37328
37328
37330
37332
37332
37334
37337
37337
37338
37339
37339
37339
37340
37341
37341
37345
37345
37345
37346
37346
37348
37349
37350
37350
37352
37353
37353
37355
37356
37357
37358
37360
37362
37366
37366
37367
37368
37369
37369
37371
37371
37372
37372
37372
37374
37376
37376
37376
37377
37377
37379
37379
37381
37383
37385
37385
37385
37385
37385
37386
37386
37388
37391
37391
37391
37393
37393
37394
37394
37395
37399
37399
37400
37400
37401
37401
37402
37402
37403
37403
37404
37404
37405
37405
37406
37406
37409
37409
37410
37411
37414
37417
37418
37418
37418
37418
37419
37420
37421
37423
37423
37423
37424
37428
37429
37430
37431
37432
37433
37434
37435
37435
37435
37437
37438
37441
37444
37446
37446
37447
37448
37453
37454
37456
37457
37459
37460
37461
37462
37463
37464
37464
37465
37466
37469
37472
37474
37474
37474
37475
37475
37476
37477
37477
37477
37478
37478
37479
37483
37483
37483
37485
37486
37490
37490
37493
37493
37494
37494
37494
37501
37505
37507
37511
37511
37513
37515
37516
37516
37517
37519
37520
37520
37523
37524
37524
37524
37526
37527
37527
37528
37529
37530
37530
37533
37535
37535
37537
37539
37541
37541
37542
37542
37542
37544
37546
37546
37546
37550
37555
37555
37557
37558
37558
37561
37562
37562
37562
37564
37564
37565
37566
37568
37572
37575
37576
37578
37583
37584
37584
37585
37585
37587
37587
37590
37594
37594
37594
37594
37595
37595
37596
37596
37596
37597
37598
37598
37601
37603
37603
37606
37607
37608
37608
37610
37611
37612
37613
37616
37618
37618
37619
37621
37621
37622
37623
37624
37629
37631
37631
37633
37633
37635
37636
37639
37640
37640
37642
37642
37642
37643
37644
37646
37647
37648
37650
37652
37653
37654
37656
37657
37658
37658
37660
37660
37661
37661
37662
37662
37663
37664
37665
37667
37669
37671
37672
37674
37674
37674
37675
37676
37678
37679
37683
37685
37686
37688
37688
37689
37690
37694
37694
37695
37696
37697
37697
37697
37700
37700
37701
37701
37701
37702
37703
37704
37704
37707
37709
37711
37711
37711
37714
37715
37718
37719
37719
37720
37720
37721
37721
37722
37723
37723
37724
37724
37724
37727
37728
37729
37729
37730
37731
37733
37733
37738
37738
37740
37740
37740
37740
37741
37743
37745
37745
37746
37749
37750
37750
37751
37751
37754
37755
37755
37755
37756
37756
37758
37760
37760
37760
37761
37762
37765
37768
37769
37772
37779
37779
37779
37781
37783
37784
37784
37785
37787
37787
37789
37790
37790
37792
37792
37792
37792
37793
37795
37798
37800
37800
37800
37801
37802
37802
37804
37804
37804
37806
37808
37809
37815
37816
37816
37820
37820
37820
37822
37826
37826
37827
37827
37829
37829
37831
37832
37832
37832
37833
37833
37833
37834
37834
37835
37835
37836
37837
37839
37840
37841
37843
37844
37846
37847
37847
37849
37849
37851
37852
37852
37852
37855
37861
37861
37865
37865
37865
37866
37866
37870
37870
37871
37872
37872
37873
37874
37876
37878
37878
37878
37879
37881
37881
37882
37882
37882
37884
37884
37884
37886
37888
37889
37889
37891
37892
37894
37895
37899
37900
37904
37905
37908
37909
37911
37912
37912
37913
37916
37921
37923
37930
37930
37931
37933
37933
37934
37935
37935
37939
37940
37940
37941
37945
37945
37948
37948
37949
37949
37950
37953
37954
37955
37955
37955
37957
37958
37958
37959
37960
37962
37963
37966
37967
37967
37968
37968
37969
37972
37973
37973
37973
37976
37977
37978
37979
37979
37980
37980
37981
37988
37988
37989
37991
37991
37991
37992
37992
37993
37995
37995
37996
37998
37998
38002
38006
38006
38007
38007
38008
38009
38011
38011
38012
38012
38012
38013
38013
38013
38013
38014
38015
38018
38020
38020
38021
38021
38021
38023
38023
38024
38025
38026
38029
38029
38033
38033
38036
38037
38037
38040
38042
38042
38044
38047
38048
38050
38051
38051
38053
38054
38055
38055
38055
38057
38057
38057
38060
38060
38061
38062
38062
38062
38063
38069
38070
38072
38072
38072
38076
38078
38078
38080
38081
38082
38085
38085
38085
38086
38086
38088
38089
38089
38092
38092
38093
38094
38094
38095
38096
38097
38098
38099
38100
38106
38107
38108
38110
38113
38113
38114
38114
38116
38117
38117
38118
38119
38120
38123
38124
38124
38126
38129
38130
38130
38133
38136
38137
38137
38137
38137
38138
38139
38144
38145
38146
38146
38147
38149
38149
38151
38152
38153
38154
38154
38155
38155
38156
38160
38163
38163
38168
38168
38170
38171
38172
38172
38172
38174
38175
38176
38176
38177
38177
38179
38181
38181
38182
38191
38191
38191
38194
38194
38197
38197
38199
38200
38200
38200
38201
38203
38206
38207
38209
38209
38213
38214
38217
38219
38224
38224
38225
38226
38226
38226
38227
38227
38228
38229
38229
38230
38232
38233
38234
38235
38236
38236
38236
38242
38242
38243
38243
38245
38247
38248
38248
38249
38249
38249
38249
38250
38251
38252
38252
38252
38253
38257
38257
38257
38259
38262
38265
38265
38267
38269
38270
38271
38272
38273
38273
38274
38275
38275
38278
38279
38280
38281
38282
38283
38283
38286
38287
38287
38287
38289
38293
38293
38294
38295
38297
38298
38299
38302
38305
38305
38306
38306
38306
38307
38310
38310
38311
38311
38311
38314
38314
38315
38316
38318
38319
38319
38319
38321
38321
38323
38324
38324
38326
38326
38327
38332
38333
38335
38338
38341
38343
38343
38344
38346
38347
38347
38350
38352
38353
38356
38359
38359
38361
38363
38365
38366
38367
38367
38368
38368
38369
38371
38372
38373
38373
38374
38375
38379
38384
38384
38384
38385
38385
38386
38389
38389
38389
38390
38390
38391
38392
38393
38394
38395
38395
38396
38398
38398
38401
38401
38401
38402
38404
38404
38406
38407
38410
38413
38414
38416
38418
38422
38423
38425
38425
38426
38428
38428
38428
38429
38429
38431
38431
38431
38432
38434
38436
38439
38445
38446
38446
38447
38448
38449
38450
38450
38451
38454
38455
38456
38456
38456
38457
38459
38462
38463
38464
38468
38469
38470
38473
38474
38474
38476
38477
38483
38483
38484
38484
38485
38488
38490
38490
38491
38491
38491
38496
38496
38496
38496
38505
38505
38506
38506
38507
38507
38507
38509
38511
38513
38514
38515
38515
38516
38520
38521
38522
38522
38524
38525
38526
38527
38528
38530
38530
38530
38531
38535
38538
38538
38541
38543
38543
38544
38547
38549
38549
38552
38554
38555
38556
38558
38559
38559
38560
38561
38561
38565
38565
38566
38576
38576
38576
38577
38579
38579
38580
38581
38582
38583
38590
38590
38590
38591
38591
38591
38596
38605
38607
38608
38611
38614
38615
38619
38619
38622
38623
38624
38626
38632
38632
38632
38635
38637
38638
38639
38640
38640
38642
38643
38643
38645
38645
38650
38654
38655
38655
38661
38664
38665
38666
38671
38677
38677
38678
38679
38679
38680
38680
38681
38681
38681
38682
38683
38686
38689
38689
38689
38692
38692
38692
38693
38694
38694
38694
38696
38699
38700
38700
38700
38700
38702
38703
38706
38707
38709
38710
38710
38710
38710
38710
38711
38711
38712
38714
38715
38716
38716
38717
38717
38719
38722
38724
38724
38724
38725
38725
38726
38729
38729
38730
38731
38731
38732
38733
38734
38735
38737
38739
38739
38741
38743
38744
38744
38745
38748
38752
38752
38753
38753
38754
38755
38755
38757
38760
38760
38761
38761
38762
38765
38766
38767
38767
38768
38768
38770
38771
38772
38774
38776
38778
38779
38781
38781
38783
38783
38786
38787
38791
38791
38795
38797
38797
38798
38798
38799
38801
38801
38803
38806
38806
38809
38810
38812
38812
38813
38813
38817
38817
38820
38820
38822
38823
38823
38824
38828
38828
38830
38833
38835
38836
38837
38839
38840
38840
38846
38847
38847
38847
38850
38852
38857
38857
38865
38866
38868
38868
38869
38871
38871
38875
38876
38876
38876
38876
38879
38881
38883
38884
38893
38894
38895
38897
38898
38899
38899
38900
38900
38901
38903
38904
38905
38905
38907
38907
38908
38911
38913
38913
38914
38914
38914
38916
38917
38917
38917
38918
38918
38919
38920
38921
38926
38927
38927
38930
38930
38932
38933
38933
38937
38937
38938
38940
38942
38943
38943
38943
38945
38945
38946
38947
38947
38948
38949
38950
38951
38952
38955
38956
38957
38958
38959
38962
38965
38966
38966
38969
38971
38975
38975
38976
38976
38977
38977
38978
38979
38980
38985
38986
38988
38989
38989
38990
38992
38994
38994
38995
38995
38999
39001
39001
39002
39002
39002
39003
39006
39007
39008
39009
39014
39017
39019
39020
39020
39022
39024
39025
39025
39025
39026
39027
39027
39028
39029
39031
39034
39034
39037
39039
39039
39040
39040
39040
39041
39041
39041
39042
39048
39052
39059
39060
39060
39060
39064
39066
39067
39068
39070
39070
39074
39074
39074
39075
39076
39079
39080
39081
39084
39086
39087
39088
39090
39091
39091
39093
39094
39095
39096
39097
39098
39099
39103
39105
39105
39111
39112
39113
39116
39117
39118
39120
39121
39121
39122
39124
39126
39129
39129
39132
39133
39133
39133
39134
39134
39136
39137
39137
39139
39140
39140
39146
39147
39148
39149
39152
39152
39159
39161
39161
39162
39163
39163
39163
39164
39165
39166
39167
39167
39168
39168
39169
39169
39171
39171
39174
39174
39175
39177
39178
39178
39179
39180
39180
39181
39182
39183
39185
39186
39187
39187
39187
39188
39191
39193
39193
39193
39194
39197
39201
39202
39203
39205
39205
39205
39208
39209
39210
39211
39212
39214
39215
39215
39216
39217
39218
39218
39220
39222
39224
39226
39227
39227
39228
39229
39229
39230
39233
39234
39234
39235
39236
39237
39239
39239
39239
39240
39241
39241
39241
39244
39246
39248
39250
39254
39254
39255
39256
39259
39261
39262
39266
39266
39268
39268
39268
39269
39274
39278
39278
39279
39280
39280
39287
39291
39291
39291
39293
39294
39296
39299
39299
39301
39302
39304
39305
39305
39305
39306
39309
39309
39310
39311
39311
39312
39314
39315
39315
39315
39319
39320
39323
39323
39324
39324
39328
39328
39329
39329
39330
39338
39340
39345
39346
39347
39349
39349
39352
39353
39356
39356
39358
39358
39358
39358
39358
39361
39361
39362
39363
39366
39372
39372
39375
39377
39379
39384
39384
39386
39386
39387
39389
39391
39393
39393
39394
39395
39398
39399
39400
39400
39402
39403
39403
39407
39410
39410
39410
39412
39413
39413
39414
39415
39415
39416
39417
39418
39418
39419
39420
39421
39422
39426
39429
39429
39431
39432
39432
39433
39434
39435
39435
39436
39438
39439
39440
39440
39441
39442
39445
39447
39447
39447
39448
39449
39449
39449
39450
39451
39453
39453
39457
39458
39459
39460
39460
39462
39463
39464
39464
39468
39469
39470
39470
39472
39473
39474
39475
39475
39477
39477
39479
39479
39479
39480
39481
39483
39487
39488
39488
39492
39493
39493
39496
39497
39497
39499
39500
39500
39502
39503
39504
39508
39509
39509
39510
39513
39514
39514
39515
39515
39516
39518
39522
39524
39524
39528
39528
39528
39529
39529
39532
39533
39536
39536
39539
39541
39542
39542
39547
39547
39548
39551
39552
39552
39553
39553
39554
39554
39557
39557
39557
39560
39560
39560
39562
39565
39566
39570
39571
39572
39575
39576
39581
39584
39585
39586
39589
39589
39590
39591
39593
39594
39594
39595
39601
39604
39604
39604
39604
39604
39608
39609
39610
39611
39611
39612
39612
39615
39621
39621
39622
39629
39630
39631
39635
39635
39636
39638
39640
39641
39642
39643
39645
39645
39647
39650
39652
39654
39654
39654
39657
39657
39657
39660
39660
39661
39662
39662
39663
39664
39665
39668
39669
39670
39672
39673
39675
39675
39676
39677
39678
39680
39681
39681
39683
39684
39684
39686
39687
39690
39691
39691
39695
39696
39698
39700
39702
39706
39710
39710
39711
39713
39714
39714
39714
39717
39724
39724
39726
39728
39729
39730
39731
39733
39737
39738
39739
39742
39743
39745
39745
39745
39747
39750
39750
39751
39752
39753
39754
39757
39757
39761
39762
39762
39763
39763
39764
39765
39766
39767
39767
39768
39770
39773
39775
39777
39777
39777
39778
39779
39783
39783
39784
39785
39788
39789
39789
39789
39789
39790
39791
39791
39792
39792
39795
39795
39795
39796
39796
39797
39799
39799
39800
39801
39801
39803
39804
39804
39808
39810
39811
39812
39814
39814
39818
39820
39822
39825
39826
39827
39829
39830
39831
39834
39836
39837
39837
39838
39842
39842
39845
39845
39847
39848
39850
39852
39856
39856
39857
39858
39858
39860
39862
39864
39864
39865
39866
39867
39871
39874
39875
39876
39878
39879
39880
39880
39880
39883
39883
39883
39884
39884
39885
39888
39890
39891
39891
39892
39893
39895
39895
39899
39900
39902
39908
39908
39911
39912
39913
39913
39913
39914
39914
39915
39915
39916
39918
39918
39919
39919
39920
39924
39926
39927
39928
39928
39930
39933
39934
39936
39937
39937
39937
39937
39938
39939
39939
39942
39943
39945
39945
39950
39950
39951
39952
39956
39956
39957
39957
39959
39960
39961
39964
39964
39966
39966
39966
39968
39970
39970
39970
39976
39977
39978
39981
39982
39982
39984
39984
39984
39987
39987
39988
39989
39997
39997
40000
40001
40003
40004
40004
40005
40007
40008
40008
40009
40010
40010
40010
40011
40012
40012
40013
40013
40014
40016
40021
40022
40024
40024
40026
40028
40029
40030
40031
40032
40033
40035
40035
40036
40037
40039
40040
40040
40040
40041
40042
40044
40045
40046
40047
40047
40049
40049
40052
40052
40053
40056
40056
40057
40057
40057
40058
40062
40064
40064
40065
40066
40066
40071
40071
40073
40074
40074
40075
40076
40076
40077
40078
40080
40080
40081
40081
40086
40087
40088
40089
40089
40090
40091
40093
40094
40094
40095
40096
40097
40098
40098
40099
40101
40103
40103
40104
40105
40109
40109
40110
40113
40113
40117
40118
40119
40126
40126
40126
40128
40129
40131
40131
40133
40134
40137
40141
40144
40148
40152
40154
40155
40156
40156
40156
40161
40164
40165
40167
40168
40168
40168
40169
40170
40170
40171
40172
40172
40175
40175
40176
40177
40177
40180
40180
40181
40185
40185
40187
40187
40193
40194
40194
40194
40194
40197
40198
40198
40199
40200
40202
40202
40203
40204
40206
40207
40208
40211
40211
40214
40215
40215
40216
40216
40217
40219
40221
40221
40223
40224
40225
40225
40227
40229
40229
40233
40233
40234
40235
40236
40237
40238
40241
40244
40244
40247
40247
40247
40247
40249
40251
40253
40256
40259
40260
40260
40261
40264
40265
40268
40271
40272
40274
40275
40276
40278
40278
40278
40280
40284
40284
40286
40287
40292
40292
40292
40295
40298
40299
40299
40301
40302
40305
40305
40306
40306
40309
40309
40310
40311
40311
40311
40313
40313
40319
40323
40326
40328
40328
40333
40333
40334
40335
40335
40336
40336
40337
40337
40341
40341
40341
40344
40345
40346
40347
40347
40349
40349
40351
40351
40352
40352
40353
40353
40354
40356
40356
40357
40359
40360
40361
40363
40367
40368
40368
40370
40372
40372
40374
40375
40375
40376
40378
40380
40381
40382
40384
40384
40390
40390
40391
40392
40393
40395
40397
40399
40400
40402
40407
40408
40410
40412
40413
40414
40415
40416
40417
40418
40418
40418
40418
40422
40425
40425
40426
40426
40427
40427
40428
40433
40434
40435
40438
40442
40442
40446
40447
40448
40448
40451
40451
40452
40457
40458
40459
40460
40461
40462
40463
40469
40470
40470
40470
40471
40474
40474
40474
40475
40476
40478
40479
40479
40479
40479
40479
40479
40480
40480
40481
40482
40484
40485
40486
40486
40487
40488
40489
40490
40492
40493
40493
40499
40499
40500
40502
40503
40505
40507
40507
40507
40509
40510
40511
40514
40515
40515
40516
40516
40517
40520
40522
40525
40525
40527
40530
40531
40535
40535
40536
40536
40536
40538
40539
40540
40541
40542
40542
40544
40544
40544
40544
40545
40548
40549
40549
40552
40555
40556
40558
40561
40562
40564
40565
40570
40571
40571
40573
40574
40579
40580
40580
40581
40581
40582
40582
40582
40585
40585
40586
40589
40589
40590
40591
40594
40596
40597
40599
40600
40601
40604
40606
40607
40608
40609
40609
40610
40611
40611
40611
40612
40612
40613
40614
40615
40615
40616
40616
40621
40623
40623
40625
40625
40626
40627
40628
40628
40629
40631
40632
40632
40634
40634
40636
40638
40638
40639
40639
40640
40640
40641
40641
40644
40646
40647
40648
40648
40652
40652
40655
40656
40656
40657
40659
40660
40661
40662
40664
40665
40666
40667
40667
40670
40671
40671
40672
40672
40674
40677
40678
40679
40679
40681
40682
40682
40683
40684
40684
40685
40686
40690
40691
40693
40693
40694
40696
40698
40698
40699
40702
40702
40703
40706
40706
40707
40709
40709
40709
40709
40710
40711
40711
40712
40713
40714
40715
40715
40715
40718
40718
40720
40720
40724
40724
40725
40726
40726
40726
40727
40728
40730
40730
40731
40733
40734
40736
40736
40739
40740
40741
40741
40744
40745
40747
40749
40750
40750
40753
40753
40761
40761
40764
40766
40768
40768
40769
40770
40772
40774
40774
40778
40779
40781
40785
40786
40788
40794
40797
40801
40802
40804
40804
40806
40807
40807
40816
40820
40820
40821
40821
40826
40827
40828
40829
40830
40832
40832
40833
40833
40833
40835
40835
40837
40838
40838
40840
40840
40841
40841
40845
40850
40850
40851
40854
40856
40857
40859
40861
40861
40862
40862
40865
40866
40868
40868
40871
40871
40871
40871
40872
40872
40873
40873
40877
40878
40878
40879
40880
40881
40881
40883
40884
40884
40887
40889
40890
40890
40890
40892
40892
40892
40893
40893
40894
40895
40899
40899
40901
40902
40902
40902
40902
40904
40905
40908
40909
40911
40913
40914
40915
40918
40918
40919
40919
40921
40923
40924
40926
40928
40928
40928
40929
40933
40933
40933
40936
40940
40941
40946
40947
40948
40950
40951
40954
40955
40956
40956
40958
40959
40960
40960
40961
40962
40965
40966
40968
40968
40970
40971
40972
40972
40973
40973
40974
40976
40977
40978
40979
40980
40981
40981
40985
40987
40990
40991
40994
40995
40998
41000
41000
41001
41001
41001
41002
41003
41004
41004
41005
41005
41005
41007
41008
41010
41010
41010
41012
41012
41015
41016
41017
41017
41022
41022
41023
41024
41024
41025
41028
41028
41028
41029
41029
41031
41034
41034
41039
41043
41043
41044
41045
41046
41047
41050
41050
41050
41052
41054
41054
41056
41058
41061
41062
41062
41063
41063
41065
41066
41067
41071
41071
41074
41075
41078
41078
41078
41079
41079
41079
41079
41080
41080
41081
41082
41083
41083
41085
41085
41086
41087
41087
41089
41091
41092
41097
41098
41099
41100
41102
41104
41104
41110
41111
41113
41115
41116
41119
41119
41121
41122
41122
41122
41125
41128
41130
41130
41131
41131
41136
41137
41137
41137
41138
41140
41141
41142
41144
41145
41145
41147
41149
41149
41151
41155
41155
41157
41158
41161
41161
41163
41167
41169
41172
41173
41174
41175
41177
41177
41177
41178
41179
41179
41181
41185
41186
41186
41191
41194
41194
41194
41195
41196
41201
41202
41204
41206
41206
41207
41208
41212
41213
41216
41218
41219
41221
41222
41222
41225
41226
41226
41228
41229
41231
41232
41236
41236
41238
41239
41240
41241
41241
41243
41243
41243
41248
41250
41251
41251
41252
41253
41254
41254
41255
41257
41257
41260
41261
41261
41262
41264
41265
41266
41266
41267
41269
41269
41270
41272
41272
41273
41273
41275
41278
41279
41279
41279
41281
41283
41285
41285
41286
41286
41287
41292
41298
41301
41303
41303
41304
41304
41306
41306
41308
41310
41310
41311
41315
41316
41316
41317
41318
41321
41322
41322
41322
41324
41324
41329
41330
41331
41334
41334
41335
41340
41343
41343
41344
41345
41345
41348
41348
41349
41351
41353
41356
41356
41357
41357
41358
41359
41360
41361
41361
41361
41362
41362
41363
41363
41365
41367
41367
41368
41368
41369
41370
41370
41372
41372
41375
41375
41376
41377
41377
41379
41379
41381
41385
41386
41387
41389
41391
41391
41392
41393
41393
41394
41394
41394
41397
41397
41398
41399
41400
41402
41402
41403
41404
41404
41405
41407
41413
41415
41416
41416
41417
41418
41420
41421
41421
41422
41424
41428
41429
41432
41433
41435
41436
41436
41436
41437
41437
41438
41439
41440
41441
41442
41443
41443
41447
41448
41452
41453
41454
41455
41455
41457
41458
41458
41461
41461
41462
41463
41467
41468
41472
41473
41475
41476
41477
41479
41480
41480
41482
41482
41482
41483
41487
41487
41487
41489
41492
41493
41495
41495
41496
41499
41499
41499
41500
41501
41501
41503
41503
41506
41508
41509
41510
41511
41511
41512
41514
41515
41520
41521
41523
41523
41523
41525
41526
41527
41528
41529
41530
41530
41531
41532
41537
41539
41540
41540
41540
41540
41544
41548
41551
41552
41554
41554
41557
41560
41560
41561
41561
41561
41562
41563
41565
41565
41568
41569
41570
41570
41573
41576
41577
41577
41577
41578
41580
41581
41581
41581
41582
41584
41586
41586
41586
41587
41589
41589
41590
41591
41591
41592
41593
41593
41594
41596
41598
41601
41601
41603
41604
41614
41617
41618
41618
41618
41621
41623
41623
41624
41625
41625
41625
41627
41630
41630
41631
41632
41633
41633
41633
41634
41635
41637
41639
41640
41640
41641
41642
41642
41642
41643
41643
41645
41648
41648
41649
41651
41651
41652
41653
41657
41657
41658
41661
41662
41662
41663
41663
41666
41667
41672
41673
41674
41674
41674
41675
41675
41677
41680
41681
41683
41683
41684
41685
41686
41687
41688
41691
41691
41694
41697
41698
41698
41698
41699
41701
41702
41702
41702
41702
41703
41704
41705
41708
41710
41711
41711
41711
41712
41714
41715
41720
41723
41723
41723
41724
41724
41726
41726
41728
41728
41730
41733
41733
41733
41734
41737
41739
41739
41740
41741
41742
41743
41744
41744
41745
41746
41747
41751
41751
41751
41752
41754
41754
41756
41756
41756
41756
41757
41759
41760
41760
41761
41762
41762
41767
41768
41769
41769
41770
41770
41771
41772
41772
41773
41774
41775
41776
41776
41779
41782
41783
41785
41786
41787
41787
41788
41788
41789
41790
41790
41790
41792
41792
41793
41793
41797
41797
41801
41803
41804
41805
41805
41805
41807
41808
41809
41809
41811
41812
41812
41812
41813
41814
41814
41816
41817
41818
41818
41819
41820
41821
41824
41825
41827
41827
41828
41830
41830
41831
41831
41833
41835
41840
41841
41841
41842
41843
41844
41845
41854
41855
41857
41863
41865
41865
41868
41868
41871
41872
41873
41874
41876
41877
41878
41879
41879
41879
41881
41882
41882
41885
41887
41887
41888
41888
41888
41888
41889
41889
41892
41892
41892
41893
41893
41896
41899
41900
41901
41901
41902
41902
41902
41903
41905
41910
41910
41912
41913
41914
41914
41916
41918
41919
41920
41922
41923
41925
41927
41928
41931
41931
41932
41934
41935
41943
41943
41944
41946
41946
41947
41953
41954
41955
41955
41956
41956
41957
41958
41960
41961
41961
41962
41962
41963
41965
41965
41965
41966
41967
41974
41979
41979
41979
41980
41983
41991
41991
41991
41992
41996
41996
41997
41997
41997
41999
42000
42002
42002
42003
42004
42004
42004
42005
42005
42009
42010
42011
42013
42015
42018
42019
42020
42020
42021
42022
42023
42024
42025
42026
42028
42029
42029
42030
42030
42030
42032
42032
42033
42034
42036
42037
42041
42043
42044
42044
42045
42046
42047
42050
42050
42051
42055
42055
42056
42059
42060
42061
42061
42062
42062
42062
42064
42065
42065
42066
42067
42068
42069
42070
42072
42073
42073
42073
42074
42075
42076
42081
42083
42083
42084
42086
42087
42089
42090
42091
42092
42092
42093
42094
42096
42096
42097
42099
42099
42102
42102
42103
42103
42104
42105
42106
42106
42106
42107
42107
42109
42112
42113
42113
42114
42115
42118
42120
42121
42124
42124
42125
42127
42129
42130
42130
42131
42131
42133
42133
42134
42136
42139
42139
42140
42141
42141
42143
42145
42145
42145
42146
42147
42148
42148
42148
42149
42149
42150
42150
42151
42153
42153
42154
42156
42156
42158
42158
42158
42159
42159
42159
42160
42161
42164
42167
42169
42169
42171
42172
42173
42176
42178
42179
42182
42182
42184
42186
42188
42188
42189
42192
42192
42193
42194
42197
42198
42198
42198
42198
42198
42199
42200
42200
42201
42202
42203
42204
42205
42212
42212
42212
42212
42217
42219
42220
42224
42224
42224
42225
42228
42229
42230
42231
42233
42234
42237
42239
42240
42240
42241
42241
42243
42243
42244
42244
42245
42248
42248
42249
42249
42250
42252
42253
42256
42258
42258
42258
42258
42259
42260
42265
42265
42266
42266
42270
42270
42271
42274
42276
42278
42280
42280
42282
42282
42286
42286
42287
42288
42288
42288
42289
42290
42290
42290
42294
42294
42296
42297
42299
42300
42302
42305
42305
42310
42311
42313
42313
42314
42319
42319
42321
42324
42326
42327
42328
42330
42334
42334
42334
42334
42335
42335
42340
42341
42341
42343
42343
42344
42346
42346
42346
42347
42348
42349
42350
42351
42351
42352
42353
42353
42360
42360
42361
42361
42364
42364
42365
42365
42365
42366
42367
42369
42373
42374
42375
42376
42377
42377
42379
42379
42381
42383
42384
42384
42389
42389
42393
42394
42396
42398
42398
42399
42399
42399
42400
42402
42404
42405
42407
42407
42409
42413
42413
42415
42416
42419
42419
42421
42421
42422
42427
42427
42427
42430
42431
42433
42437
42437
42440
42440
42443
42444
42445
42445
42448
42451
42451
42451
42453
42454
42454
42459
42459
42460
42461
42462
42462
42462
42466
42466
42467
42467
42468
42468
42469
42470
42470
42470
42472
42472
42473
42474
42474
42474
42474
42475
42476
42476
42477
42478
42479
42479
42480
42483
42484
42487
42490
42490
42492
42492
42494
42496
42498
42502
42502
42503
42505
42505
42506
42507
42508
42509
42509
42511
42511
42513
42514
42514
42515
42517
42519
42520
42525
42526
42527
42529
42529
42530
42530
42530
42530
42531
42534
42535
42536
42536
42538
42538
42538
42540
42542
42545
42546
42546
42548
42549
42549
42549
42550
42550
42554
42554
42555
42555
42559
42560
42560
42560
42560
42564
42564
42564
42566
42567
42568
42568
42568
42570
42571
42572
42572
42573
42573
42573
42580
42581
42585
42585
42588
42589
42591
42592
42597
42597
42598
42598
42598
42599
42599
42601
42604
42607
42608
42616
42620
42620
42622
42625
42627
42628
42629
42630
42631
42632
42636
42637
42637
42637
42638
42638
42640
42641
42642
42642
42642
42643
42643
42644
42645
42646
42650
42651
42655
42658
42659
42660
42662
42662
42663
42666
42668
42669
42669
42671
42671
42676
42677
42681
42682
42684
42684
42685
42687
42688
42688
42688
42690
42691
42692
42693
42693
42693
42694
42697
42700
42700
42700
42701
42703
42703
42703
42703
42707
42707
42708
42708
42709
42712
42712
42714
42714
42714
42715
42716
42717
42719
42722
42723
42724
42728
42730
42731
42731
42732
42733
42734
42734
42737
42738
42738
42740
42742
42743
42744
42744
42744
42745
42745
42749
42749
42750
42753
42754
42755
42755
42756
42757
42757
42758
42759
42759
42760
42760
42762
42764
42765
42766
42766
42766
42767
42768
42768
42769
42770
42772
42773
42773
42775
42778
42778
42778
42783
42785
42786
42786
42787
42787
42788
42789
42790
42793
42794
42795
42797
42798
42798
42802
42803
42804
42805
42805
42806
42807
42808
42809
42812
42814
42815
42816
42817
42818
42820
42820
42824
42827
42827
42829
42831
42831
42833
42837
42837
42839
42841
42841
42841
42845
42847
42847
42848
42848
42848
42848
42849
42851
42854
42854
42859
42860
42860
42861
42862
42863
42864
42865
42868
42872
42873
42876
42876
42876
42877
42878
42879
42880
42880
42880
42884
42886
42889
42892
42892
42892
42893
42896
42896
42897
42900
42903
42906
42907
42912
42914
42916
42917
42917
42921
42921
42922
42927
42928
42928
42928
42929
42931
42933
42935
42936
42937
42937
42939
42939
42942
42943
42947
42948
42949
42950
42952
42953
42956
42957
42958
42959
42959
42960
42960
42961
42963
42963
42963
42967
42967
42969
42969
42972
42973
42976
42980
42982
42986
42987
42987
42991
42991
42992
42992
42993
42993
42995
42997
42998
43003
43008
43011
43012
43012
43012
43013
43014
43017
43023
43023
43024
43025
43026
43028
43030
43032
43032
43033
43034
43034
43035
43036
43039
43041
43041
43043
43043
43045
43045
43046
43046
43050
43051
43051
43051
43053
43054
43055
43056
43058
43058
43058
43059
43061
43062
43065
43067
43069
43069
43069
43070
43070
43071
43073
43076
43078
43078
43079
43079
43079
43080
43080
43082
43084
43085
43085
43087
43089
43089
43090
43092
43093
43097
43098
43098
43099
43100
43103
43104
43106
43107
43107
43114
43115
43115
43116
43118
43122
43122
43123
43123
43123
43125
43126
43126
43126
43127
43127
43128
43129
43130
43132
43133
43139
43142
43142
43145
43145
43146
43147
43148
43150
43150
43150
43151
43151
43154
43155
43156
43156
43157
43159
43159
43159
43162
43167
43168
43171
43172
43174
43178
43179
43181
43184
43186
43190
43191
43191
43191
43192
43195
43198
43200
43201
43202
43203
43205
43206
43206
43206
43209
43210
43210
43213
43214
43214
43215
43217
43217
43220
43221
43222
43223
43226
43227
43227
43228
43231
43232
43233
43235
43235
43238
43239
43239
43239
43241
43242
43248
43250
43253
43254
43256
43257
43258
43258
43267
43267
43270
43273
43273
43275
43275
43275
43276
43277
43277
43277
43282
43282
43284
43286
43286
43289
43289
43292
43293
43294
43295
43297
43297
43297
43297
43299
43302
43306
43307
43309
43317
43318
43318
43319
43323
43324
43325
43326
43327
43328
43328
43329
43329
43331
43332
43332
43332
43333
43334
43337
43337
43338
43338
43338
43340
43343
43344
43346
43346
43346
43349
43353
43356
43357
43358
43358
43361
43361
43362
43363
43365
43365
43366
43367
43368
43369
43370
43371
43379
43379
43379
43380
43380
43382
43382
43383
43384
43385
43385
43385
43385
43386
43386
43387
43387
43387
43387
43390
43392
43393
43396
43396
43396
43397
43400
43402
43403
43403
43404
43407
43409
43411
43411
43411
43412
43414
43415
43416
43416
43417
43418
43419
43419
43420
43420
43420
43424
43425
43428
43431
43431
43432
43434
43436
43438
43438
43438
43439
43439
43448
43448
43450
43450
43451
43454
43455
43456
43456
43457
43458
43459
43462
43462
43466
43466
43468
43470
43471
43471
43472
43473
43474
43475
43476
43477
43480
43480
43480
43480
43481
43482
43482
43482
43484
43484
43485
43485
43487
43490
43490
43490
43491
43491
43493
43495
43497
43498
43499
43500
43503
43504
43505
43505
43506
43506
43508
43511
43513
43515
43516
43519
43519
43519
43521
43522
43523
43523
43524
43525
43526
43526
43529
43530
43533
43533
43535
43535
43535
43537
43537
43538
43538
43541
43542
43544
43547
43548
43548
43550
43551
43553
43553
43554
43554
43554
43555
43557
43557
43558
43559
43561
43562
43563
43564
43564
43564
43566
43567
43569
43571
43573
43573
43573
43574
43575
43576
43579
43580
43582
43582
43583
43585
43586
43587
43589
43590
43591
43593
43594
43594
43596
43598
43599
43602
43602
43603
43606
43608
43612
43612
43613
43613
43614
43615
43616
43616
43617
43620
43621
43622
43624
43625
43629
43630
43631
43632
43633
43634
43634
43635
43636
43639
43640
43641
43641
43642
43643
43643
43645
43647
43651
43652
43654
43656
43656
43657
43658
43659
43659
43661
43662
43662
43663
43664
43665
43666
43667
43668
43669
43670
43671
43673
43676
43680
43682
43686
43688
43689
43692
43692
43693
43695
43695
43696
43698
43700
43703
43703
43704
43704
43705
43705
43706
43709
43709
43710
43710
43711
43711
43713
43714
43714
43715
43715
43716
43717
43721
43723
43723
43725
43726
43727
43728
43733
43735
43735
43736
43737
43737
43737
43742
43743
43746
43746
43747
43748
43748
43749
43752
43752
43756
43757
43757
43757
43758
43761
43763
43766
43767
43767
43769
43770
43772
43772
43777
43777
43783
43786
43788
43788
43789
43793
43796
43799
43802
43804
43807
43808
43808
43809
43812
43815
43817
43818
43819
43820
43820
43820
43820
43821
43821
43825
43826
43826
43827
43828
43828
43833
43835
43839
43839
43840
43840
43840
43841
43842
43842
43845
43846
43847
43848
43848
43849
43849
43853
43854
43854
43855
43855
43856
43857
43858
43863
43864
43869
43870
43872
43873
43877
43878
43879
43879
43884
43885
43888
43891
43892
43892
43892
43893
43894
43894
43895
43896
43900
43901
43904
43907
43908
43909
43910
43910
43911
43913
43914
43915
43917
43919
43920
43922
43923
43925
43928
43930
43931
43932
43939
43941
43941
43943
43943
43945
43948
43949
43951
43953
43955
43957
43958
43958
43960
43960
43963
43963
43964
43967
43969
43969
43974
43977
43977
43978
43978
43979
43981
43983
43984
43984
43984
43986
43989
43991
43991
43992
43996
43998
43998
43999
43999
44000
44004
44004
44005
44005
44005
44007
44007
44008
44008
44009
44010
44012
44013
44013
44014
44015
44018
44018
44021
44025
44027
44028
44028
44028
44029
44035
44036
44037
44037
44039
44040
44041
44041
44043
44046
44049
44051
44055
44059
44061
44061
44061
44061
44062
44064
44066
44067
44068
44069
44069
44069
44070
44070
44071
44073
44074
44076
44078
44081
44083
44084
44085
44085
44088
44090
44092
44095
44102
44104
44105
44107
44108
44108
44112
44112
44113
44116
44116
44116
44118
44118
44118
44119
44120
44124
44127
44127
44128
44128
44129
44130
44132
44132
44133
44134
44134
44134
44137
44142
44142
44145
44148
44156
44157
44158
44159
44159
44162
44163
44164
44167
44167
44169
44169
44169
44172
44183
44186
44187
44188
44190
44191
44192
44192
44192
44193
44193
44194
44194
44195
44196
44197
44198
44199
44200
44200
44200
44200
44200
44201
44201
44202
44204
44205
44206
44206
44206
44207
44211
44211
44212
44218
44219
44220
44222
44227
44227
44227
44233
44235
44239
44240
44241
44243
44243
44244
44245
44245
44248
44249
44251
44251
44252
44254
44257
44258
44259
44260
44263
44264
44268
44269
44270
44271
44273
44277
44278
44282
44291
44292
44293
44294
44294
44295
44295
44296
44297
44297
44297
44297
44297
44297
44298
44300
44300
44303
44311
44311
44313
44316
44317
44318
44318
44319
44320
44320
44321
44326
44327
44328
44331
44335
44335
44337
44338
44338
44338
44347
44353
44353
44354
44355
44355
44355
44358
44358
44359
44359
44360
44361
44361
44362
44368
44369
44369
44372
44375
44375
44376
44377
44380
44381
44382
44382
44383
44385
44389
44391
44392
44393
44395
44398
44398
44400
44401
44403
44410
44412
44412
44415
44417
44418
44418
44419
44419
44421
44422
44424
44425
44428
44432
44432
44435
44436
44436
44437
44437
44438
44438
44440
44442
44442
44446
44447
44452
44455
44456
44457
44457
44459
44460
44462
44462
44462
44462
44463
44464
44465
44465
44468
44469
44469
44472
44474
44475
44476
44477
44477
44478
44479
44479
44480
44482
44483
44483
44483
44484
44486
44488
44490
44490
44491
44493
44497
44500
44503
44505
44506
44508
44508
44510
44514
44514
44514
44515
44521
44521
44521
44525
44525
44530
44531
44532
44532
44534
44534
44535
44538
44539
44540
44542
44542
44544
44547
44547
44552
44552
44553
44554
44554
44554
44555
44555
44555
44557
44558
44560
44561
44561
44562
44563
44564
44564
44566
44567
44568
44568
44568
44569
44569
44569
44572
44576
44577
44578
44579
44582
44583
44583
44584
44584
44589
44589
44589
44589
44593
44595
44596
44597
44598
44600
44600
44601
44603
44603
44603
44606
44609
44610
44610
44610
44610
44611
44613
44613
44614
44619
44619
44620
44621
44624
44624
44629
44630
44630
44632
44633
44633
44634
44634
44637
44640
44640
44643
44644
44646
44652
44653
44655
44656
44659
44660
44660
44660
44663
44664
44665
44665
44667
44669
44670
44671
44672
44677
44680
44681
44681
44681
44681
44684
44687
44690
44690
44690
44693
44696
44697
44697
44697
44704
44709
44711
44711
44712
44715
44716
44717
44717
44717
44718
44718
44718
44724
44725
44727
44728
44729
44730
44731
44732
44734
44735
44736
44737
44740
44741
44742
44743
44745
44745
44747
44748
44750
44750
44750
44753
44753
44754
44754
44755
44755
44759
44760
44760
44761
44764
44766
44767
44768
44769
44770
44770
44770
44772
44773
44773
44774
44775
44775
44775
44776
44778
44778
44779
44780
44784
44784
44786
44786
44787
44788
44789
44795
44798
44800
44801
44805
44806
44807
44807
44808
44808
44809
44811
44812
44813
44813
44815
44817
44817
44817
44821
44821
44824
44824
44827
44830
44832
44833
44835
44835
44837
44838
44840
44840
44842
44842
44843
44844
44844
44851
44851
44854
44856
44856
44857
44858
44861
44861
44862
44863
44863
44863
44866
44866
44866
44866
44866
44866
44868
44869
44871
44872
44873
44873
44874
44874
44875
44875
44876
44877
44878
44880
44884
44891
44891
44894
44894
44895
44895
44896
44900
44900
44900
44901
44904
44905
44906
44906
44907
44912
44912
44915
44915
44916
44917
44922
44924
44924
44926
44932
44934
44934
44935
44943
44943
44943
44943
44944
44944
44945
44945
44948
44948
44949
44949
44951
44957
44957
44957
44958
44959
44964
44965
44966
44970
44971
44972
44972
44972
44973
44974
44979
44980
44982
44982
44982
44983
44983
44983
44984
44984
44987
44988
44989
44990
44992
44992
44994
44995
44995
44997
44998
45001
45001
45001
45003
45003
45004
45005
45005
45005
45010
45012
45016
45017
45022
45022
45024
45025
45025
45028
45031
45032
45034
45040
45042
45043
45044
45045
45050
45050
45052
45053
45053
45055
45056
45056
45057
45059
45064
45065
45067
45072
45072
45077
45077
45079
45079
45080
45082
45082
45083
45088
45095
45095
45096
45097
45098
45099
45105
45109
45112
45114
45117
45119
45121
45123
45126
45127
45130
45131
45132
45134
45136
45136
45136
45137
45141
45144
45144
45144
45145
45147
45147
45148
45149
45149
45149
45152
45152
45154
45156
45158
45158
45159
45159
45160
45161
45162
45162
45163
45164
45164
45167
45170
45170
45171
45176
45178
45179
45179
45180
45184
45185
45186
45186
45187
45189
45191
45192
45193
45194
45194
45194
45196
45197
45198
45199
45200
45202
45202
45204
45208
45211
45211
45212
45216
45217
45221
45223
45223
45224
45224
45226
45226
45226
45226
45231
45232
45234
45234
45235
45236
45238
45238
45239
45239
45240
45240
45241
45242
45242
45243
45244
45246
45249
45250
45251
45252
45253
45258
45260
45264
45266
45272
45273
45275
45276
45276
45277
45281
45283
45284
45284
45288
45290
45291
45293
45294
45296
45296
45298
45299
45301
45302
45302
45302
45305
45309
45309
45309
45311
45317
45318
45321
45322
45322
45322
45323
45325
45325
45327
45327
45328
45329
45331
45331
45334
45334
45335
45335
45336
45336
45337
45337
45337
45340
45340
45341
45341
45343
45344
45346
45347
45347
45348
45348
45350
45353
45355
45356
45357
45358
45358
45360
45363
45365
45367
45367
45367
45367
45370
45371
45373
45378
45382
45383
45386
45394
45394
45396
45396
45397
45399
45399
45400
45402
45403
45405
45405
45405
45405
45406
45406
45407
45408
45413
45413
45414
45414
45416
45417
45420
45422
45423
45423
45424
45429
45433
45433
45434
45436
45436
45436
45436
45436
45442
45442
45442
45443
45444
45444
45452
45454
45454
45455
45455
45458
45459
45461
45463
45466
45466
45468
45468
45468
45471
45473
45473
45474
45476
45480
45481
45484
45485
45486
45486
45487
45489
45491
45493
45499
45500
45505
45508
45509
45511
45512
45512
45515
45515
45517
45518
45524
45528
45528
45528
45529
45531
45532
45532
45533
45533
45534
45537
45539
45540
45541
45541
45542
45543
45544
45545
45545
45548
45549
45551
45553
45554
45556
45557
45558
45558
45559
45559
45561
45561
45562
45567
45567
45567
45570
45570
45571
45571
45571
45572
45573
45575
45577
45578
45578
45579
45580
45580
45581
45582
45583
45583
45583
45584
45586
45587
45591
45593
45594
45594
45594
45595
45598
45598
45599
45603
45603
45603
45608
45610
45611
45612
45613
45614
45614
45614
45615
45615
45617
45617
45618
45621
45623
45627
45628
45629
45630
45637
45637
45640
45640
45641
45642
45643
45645
45646
45646
45647
45647
45649
45649
45650
45650
45651
45651
45651
45651
45652
45653
45653
45655
45655
45656
45658
45659
45660
45662
45665
45665
45665
45666
45667
45668
45670
45672
45673
45675
45677
45679
45679
45680
45681
45682
45683
45687
45688
45689
45689
45691
45692
45692
45693
45694
45694
45699
45702
45706
45709
45710
45711
45712
45712
45713
45713
45713
45715
45716
45717
45718
45718
45718
45719
45721
45722
45723
45726
45732
45733
45735
45743
45745
45745
45749
45751
45756
45758
45760
45763
45764
45764
45768
45769
45771
45772
45773
45774
45775
45775
45775
45776
45780
45782
45782
45782
45783
45784
45784
45785
45787
45792
45794
45800
45801
45801
45801
45803
45804
45806
45809
45811
45811
45813
45814
45815
45817
45820
45822
45822
45822
45824
45830
45834
45835
45835
45835
45835
45836
45837
45837
45838
45838
45838
45841
45842
45842
45842
45843
45843
45843
45848
45849
45849
45851
45852
45857
45859
45859
45861
45861
45862
45862
45862
45864
45864
45864
45865
45867
45869
45873
45877
45879
45879
45880
45880
45884
45885
45885
45886
45886
45887
45889
45893
45895
45897
45898
45898
45899
45899
45900
45902
45904
45904
45908
45909
45910
45911
45913
45914
45919
45920
45920
45920
45921
45923
45929
45929
45931
45932
45936
45936
45937
45938
45940
45941
45941
45942
45942
45946
45947
45948
45949
45950
45951
45952
45952
45953
45953
45953
45954
45955
45956
45958
45958
45961
45962
45962
45964
45964
45965
45966
45966
45967
45967
45968
45968
45969
45971
45974
45975
45978
45980
45981
45983
45983
45987
45990
45991
45992
45993
45994
45995
45996
45997
45999
45999
46000
46000
46001
46003
46003
46003
46003
46005
46005
46006
46006
46006
46007
46009
46009
46009
46011
46012
46013
46013
46015
46016
46016
46017
46020
46021
46022
46024
46025
46026
46028
46031
46032
46035
46037
46038
46038
46041
46042
46043
46043
46045
46045
46049
46053
46056
46057
46057
46060
46061
46062
46063
46064
46067
46070
46071
46075
46079
46080
46080
46080
46081
46081
46082
46086
46090
46091
46092
46093
46093
46094
46094
46094
46095
46096
46097
46097
46097
46098
46100
46101
46103
46105
46105
46107
46111
46111
46113
46115
46118
46118
46118
46119
46119
46121
46123
46124
46124
46125
46129
46130
46133
46134
46135
46141
46141
46143
46143
46144
46146
46146
46147
46150
46159
46160
46163
46164
46164
46164
46165
46166
46166
46167
46168
46168
46171
46171
46172
46176
46177
46177
46178
46178
46179
46181
46181
46183
46183
46183
46186
46186
46189
46189
46189
46193
46199
46200
46201
46201
46202
46202
46202
46203
46205
46205
46208
46208
46209
46209
46212
46213
46217
46219
46220
46221
46222
46225
46225
46227
46227
46228
46229
46233
46234
46235
46236
46236
46237
46238
46239
46240
46241
46242
46243
46244
46244
46247
46251
46251
46252
46254
46258
46260
46260
46264
46265
46268
46270
46271
46271
46272
46274
46275
46275
46276
46277
46277
46279
46279
46282
46283
46284
46284
46285
46287
46287
46288
46289
46292
46293
46294
46294
46295
46295
46295
46296
46296
46298
46298
46299
46299
46300
46301
46301
46302
46303
46304
46304
46304
46306
46307
46308
46308
46309
46309
46310
46310
46312
46316
46324
46327
46333
46333
46335
46335
46341
46341
46344
46345
46346
46347
46347
46347
46349
46350
46353
46353
46357
46360
46363
46365
46367
46367
46368
46369
46370
46370
46373
46379
46379
46380
46382
46382
46384
46387
46389
46389
46394
46397
46397
46397
46398
46401
46402
46403
46404
46407
46410
46412
46415
46416
46416
46416
46417
46418
46420
46427
46428
46428
46428
46429
46430
46432
46433
46433
46434
46435
46435
46436
46440
46441
46441
46441
46442
46442
46442
46442
46443
46444
46445
46445
46446
46452
46453
46457
46458
46458
46462
46462
46464
46464
46464
46464
46465
46466
46467
46472
46472
46472
46473
46474
46474
46474
46475
46477
46481
46484
46485
46485
46488
46488
46488
46489
46490
46494
46494
46494
46496
46496
46497
46498
46499
46499
46499
46501
46502
46504
46506
46507
46510
46512
46513
46513
46514
46514
46514
46514
46516
46517
46519
46521
46521
46522
46525
46526
46526
46527
46529
46534
46534
46534
46535
46535
46537
46538
46538
46539
46540
46540
46540
46541
46541
46542
46542
46543
46544
46545
46545
46545
46547
46547
46549
46549
46550
46551
46553
46555
46556
46557
46557
46559
46559
46560
46560
46562
46562
46563
46567
46567
46568
46568
46570
46571
46573
46574
46576
46577
46578
46580
46580
46580
46582
46583
46586
46586
46587
46588
46590
46591
46591
46594
46594
46594
46595
46595
46600
46601
46602
46604
46604
46605
46606
46606
46607
46607
46608
46608
46609
46609
46609
46609
46610
46610
46610
46613
46619
46619
46619
46620
46621
46623
46623
46624
46624
46624
46625
46626
46626
46626
46634
46634
46634
46635
46637
46637
46639
46640
46641
46641
46642
46644
46646
46647
46648
46649
46650
46651
46655
46655
46656
46657
46657
46658
46659
46659
46659
46659
46660
46660
46662
46663
46663
46665
46665
46666
46669
46671
46672
46674
46675
46677
46679
46679
46680
46682
46682
46686
46687
46688
46689
46691
46692
46696
46699
46701
46702
46703
46703
46704
46704
46706
46706
46707
46710
46710
46711
46711
46712
46712
46713
46714
46714
46714
46715
46717
46719
46721
46721
46723
46725
46725
46725
46727
46729
46729
46731
46731
46733
46735
46735
46736
46736
46740
46742
46744
46747
46747
46752
46752
46754
46756
46757
46759
46761
46761
46762
46763
46763
46764
46767
46770
46772
46773
46776
46776
46778
46780
46781
46781
46783
46785
46788
46789
46790
46792
46797
46804
46807
46808
46809
46810
46812
46812
46814
46816
46819
46819
46820
46821
46823
46826
46827
46829
46829
46829
46831
46833
46833
46834
46837
46837
46840
46841
46841
46843
46844
46847
46848
46849
46851
46856
46858
46859
46860
46862
46862
46863
46865
46866
46866
46867
46867
46867
46871
46875
46878
46878
46878
46878
46879
46880
46882
46885
46886
46887
46889
46890
46891
46892
46893
46894
46897
46897
46899
46899
46900
46900
46902
46904
46904
46905
46905
46905
46907
46908
46909
46911
46912
46914
46915
46915
46916
46921
46924
46925
46926
46926
46928
46928
46929
46930
46931
46934
46936
46939
46940
46941
46942
46942
46944
46945
46948
46950
46952
46954
46956
46956
46958
46959
46959
46961
46963
46963
46963
46963
46964
46965
46965
46968
46974
46975
46976
46976
46976
46976
46977
46980
46983
46987
46987
46990
46990
46991
46992
46993
46993
46994
46996
46997
46997
47001
47001
47001
47001
47003
47003
47004
47006
47008
47014
47014
47016
47020
47021
47021
47022
47022
47023
47023
47023
47024
47026
47029
47029
47038
47039
47040
47040
47041
47042
47042
47044
47046
47047
47049
47050
47050
47052
47053
47053
47053
47054
47055
47056
47056
47056
47058
47058
47058
47059
47059
47059
47060
47061
47062
47065
47067
47067
47068
47072
47073
47073
47076
47077
47081
47084
47087
47088
47088
47090
47090
47092
47093
47095
47096
47098
47098
47098
47100
47100
47100
47101
47103
47104
47106
47107
47109
47109
47111
47113
47115
47116
47117
47119
47120
47121
47122
47123
47126
47126
47126
47128
47128
47128
47129
47130
47133
47136
47137
47139
47142
47144
47145
47148
47150
47151
47152
47153
47154
47154
47155
47157
47158
47159
47162
47162
47164
47166
47166
47167
47169
47169
47169
47170
47171
47173
47173
47173
47173
47174
47175
47176
47176
47179
47183
47183
47183
47184
47185
47186
47187
47188
47190
47190
47191
47191
47191
47191
47192
47193
47194
47197
47199
47202
47203
47205
47205
47207
47207
47207
47208
47211
47211
47211
47211
47212
47213
47214
47215
47215
47216
47219
47227
47228
47230
47231
47232
47232
47233
47235
47236
47237
47237
47238
47239
47242
47245
47247
47249
47250
47250
47250
47250
47252
47257
47258
47259
47259
47261
47263
47263
47266
47268
47272
47272
47272
47273
47274
47276
47276
47279
47279
47279
47279
47282
47284
47284
47285
47286
47289
47290
47290
47293
47294
47295
47295
47297
47297
47297
47298
47302
47304
47306
47306
47308
47308
47309
47310
47313
47314
47315
47316
47316
47320
47323
47324
47325
47329
47330
47331
47331
47332
47335
47335
47341
47343
47344
47345
47348
47350
47351
47353
47353
47353
47356
47357
47357
47358
47363
47364
47365
47365
47370
47371
47376
47377
47377
47377
47377
47378
47379
47379
47382
47383
47385
47388
47388
47389
47391
47393
47395
47397
47398
47400
47402
47404
47406
47410
47412
47414
47415
47420
47420
47420
47421
47428
47431
47431
47431
47432
47433
47433
47434
47434
47435
47437
47437
47438
47439
47439
47440
47443
47444
47444
47447
47448
47448
47448
47451
47453
47453
47454
47455
47455
47457
47457
47457
47458
47459
47461
47461
47466
47469
47472
47472
47474
47474
47476
47476
47478
47479
47479
47480
47480
47482
47482
47482
47483
47484
47486
47487
47487
47488
47491
47491
47493
47494
47494
47494
47495
47496
47497
47498
47498
47499
47499
47501
47501
47503
47503
47504
47504
47505
47506
47507
47507
47509
47510
47511
47513
47514
47515
47515
47518
47518
47520
47520
47522
47523
47523
47523
47524
47525
47529
47532
47536
47538
47546
47547
47548
47548
47555
47557
47557
47559
47559
47559
47561
47562
47563
47565
47567
47568
47568
47569
47570
47571
47572
47572
47572
47575
47575
47576
47576
47577
47578
47579
47579
47579
47580
47583
47584
47585
47587
47588
47590
47591
47592
47593
47595
47597
47597
47598
47600
47600
47605
47605
47606
47610
47612
47619
47620
47621
47622
47622
47628
47630
47630
47633
47634
47635
47636
47636
47636
47638
47638
47640
47641
47641
47642
47646
47646
47648
47648
47649
47651
47651
47651
47653
47654
47655
47655
47656
47656
47656
47656
47659
47663
47665
47666
47666
47667
47667
47669
47669
47670
47671
47671
47672
47672
47673
47673
47674
47676
47677
47679
47680
47680
47681
47681
47690
47691
47691
47693
47694
47694
47695
47696
47696
47699
47699
47701
47702
47702
47705
47708
47710
47710
47710
47715
47717
47717
47721
47721
47723
47725
47725
47728
47729
47734
47735
47736
47736
47737
47738
47738
47740
47746
47747
47749
47750
47752
47754
47758
47760
47762
47763
47764
47766
47767
47769
47773
47773
47773
47774
47774
47775
47775
47775
47775
47776
47776
47777
47779
47782
47785
47785
47787
47788
47790
47791
47791
47792
47793
47794
47794
47795
47797
47800
47802
47802
47803
47803
47804
47804
47805
47806
47807
47808
47809
47810
47811
47811
47812
47812
47813
47813
47815
47815
47817
47818
47818
47820
47821
47822
47828
47830
47830
47831
47833
47834
47834
47834
47834
47834
47837
47837
47838
47840
47840
47840
47841
47841
47842
47845
47845
47845
47845
47846
47846
47849
47853
47853
47855
47857
47857
47858
47859
47860
47860
47863
47864
47864
47865
47866
47868
47870
47870
47871
47872
47872
47872
47873
47875
47877
47877
47880
47881
47882
47886
47886
47887
47888
47889
47890
47891
47892
47893
47894
47894
47894
47898
47899
47900
47901
47903
47904
47906
47910
47911
47911
47913
47914
47914
47915
47917
47917
47918
47918
47922
47923
47924
47930
47931
47934
47935
47939
47940
47941
47941
47942
47943
47943
47944
47945
47948
47949
47951
47953
47954
47956
47956
47958
47958
47959
47959
47959
47961
47962
47964
47965
47967
47967
47967
47969
47970
47972
47972
47975
47976
47977
47980
47983
47984
47986
47986
47986
47987
47989
47990
47992
47998
48000
48000
48001
48001
48006
48010
48010
48011
48012
48013
48014
48015
48017
48018
48019
48020
48021
48024
48024
48024
48025
48026
48026
48028
48028
48028
48029
48030
48032
48033
48033
48036
48040
48043
48044
48044
48045
48045
48047
48052
48053
48053
48054
48057
48057
48061
48062
48062
48063
48064
48065
48065
48066
48067
48070
48073
48075
48075
48075
48076
48076
48076
48077
48078
48079
48080
48080
48080
48080
48082
48083
48085
48086
48087
48088
48089
48090
48091
48091
48094
48096
48098
48099
48100
48101
48101
48102
48103
48105
48106
48106
48107
48107
48109
48110
48110
48111
48116
48123
48124
48126
48128
48130
48131
48131
48132
48134
48138
48143
48143
48143
48144
48152
48152
48156
48156
48158
48158
48160
48161
48161
48161
48161
48165
48166
48166
48167
48168
48168
48168
48170
48170
48171
48171
48174
48179
48179
48181
48181
48182
48184
48184
48184
48185
48186
48186
48188
48191
48192
48192
48194
48195
48195
48196
48196
48196
48199
48199
48200
48201
48203
48205
48205
48207
48207
48210
48211
48211
48212
48214
48214
48216
48216
48217
48221
48224
48224
48224
48224
48225
48233
48235
48241
48242
48242
48248
48249
48252
48253
48253
48254
48256
48259
48260
48260
48260
48260
48260
48261
48264
48266
48268
48268
48270
48270
48270
48271
48272
48274
48275
48275
48276
48276
48276
48278
48278
48279
48279
48280
48281
48282
48282
48284
48284
48288
48290
48291
48291
48292
48293
48293
48293
48294
48295
48296
48297
48300
48300
48301
48302
48303
48303
48306
48307
48309
48310
48310
48311
48311
48314
48318
48318
48323
48327
48327
48331
48331
48338
48342
48343
48343
48345
48345
48345
48347
48350
48355
48356
48357
48357
48360
48361
48362
48367
48371
48373
48373
48374
48376
48381
48381
48382
48382
48384
48385
48385
48386
48387
48389
48390
48390
48390
48390
48391
48394
48395
48396
48398
48400
48401
48401
48402
48405
48406
48409
48410
48410
48415
48416
48417
48418
48418
48419
48420
48420
48422
48428
48430
48430
48431
48432
48436
48438
48441
48441
48442
48443
48443
48444
48445
48446
48451
48452
48453
48457
48458
48460
48460
48462
48464
48464
48467
48467
48467
48468
48470
48470
48471
48471
48471
48472
48473
48474
48475
48476
48476
48480
48483
48484
48484
48485
48487
48487
48487
48490
48491
48491
48493
48493
48494
48494
48494
48496
48496
48497
48497
48497
48500
48501
48501
48504
48505
48507
48509
48512
48512
48512
48514
48514
48515
48515
48516
48517
48517
48519
48519
48521
48522
48525
48525
48528
48533
48535
48535
48536
48537
48538
48540
48540
48544
48545
48546
48547
48548
48548
48549
48553
48555
48555
48557
48557
48557
48558
48563
48563
48565
48566
48566
48573
48575
48575
48575
48578
48580
48582
48583
48586
48586
48587
48588
48590
48591
48591
48591
48593
48594
48594
48594
48594
48594
48594
48596
48599
48599
48600
48600
48601
48601
48601
48604
48605
48605
48607
48610
48610
48611
48611
48612
48613
48615
48616
48617
48619
48620
48621
48622
48622
48625
48627
48627
48627
48627
48627
48628
48629
48629
48630
48635
48639
48639
48640
48641
48643
48643
48644
48645
48645
48646
48647
48647
48648
48651
48652
48654
48654
48656
48656
48656
48658
48660
48662
48662
48662
48663
48663
48664
48666
48668
48669
48671
48672
48673
48673
48676
48676
48678
48681
48682
48682
48683
48684
48685
48688
48689
48690
48691
48691
48692
48693
48694
48695
48699
48700
48701
48701
48702
48704
48704
48707
48708
48709
48714
48714
48715
48719
48719
48721
48723
48723
48724
48724
48726
48726
48730
48730
48733
48734
48735
48735
48739
48740
48740
48744
48745
48746
48746
48746
48750
48751
48751
48753
48753
48753
48758
48760
48761
48764
48764
48764
48765
48765
48766
48769
48769
48769
48770
48770
48771
48771
48772
48772
48775
48777
48778
48779
48780
48781
48782
48782
48783
48784
48784
48785
48787
48788
48789
48790
48791
48791
48792
48792
48793
48796
48796
48798
48798
48799
48799
48800
48801
48801
48802
48802
48806
48807
48808
48809
48810
48812
48812
48814
48814
48819
48820
48820
48820
48820
48822
48822
48823
48823
48826
48826
48827
48831
48833
48835
48837
48838
48840
48843
48843
48845
48845
48845
48849
48851
48855
48855
48856
48860
48864
48865
48866
48867
48867
48871
48872
48874
48876
48878
48880
48882
48884
48884
48885
48885
48887
48890
48892
48893
48893
48894
48897
48898
48901
48902
48903
48904
48904
48905
48906
48908
48909
48909
48911
48911
48912
48912
48912
48914
48917
48918
48918
48922
48925
48926
48927
48928
48928
48929
48931
48934
48935
48936
48937
48942
48942
48942
48944
48946
48946
48946
48948
48949
48950
48951
48953
48953
48955
48956
48956
48956
48956
48957
48958
48959
48961
48962
48962
48963
48963
48964
48965
48967
48969
48971
48971
48971
48972
48976
48976
48983
48983
48987
48987
48991
48992
48993
48993
48995
48995
48997
48999
49003
49006
49006
49006
49007
49009
49012
49013
49014
49014
49015
49016
49017
49017
49020
49022
49023
49025
49026
49026
49026
49026
49028
49028
49028
49031
49031
49031
49033
49034
49034
49037
49039
49040
49041
49041
49042
49044
49047
49047
49050
49053
49056
49058
49059
49060
49060
49061
49061
49062
49063
49063
49064
49066
49066
49066
49067
49069
49069
49070
49072
49072
49074
49075
49078
49079
49081
49083
49084
49085
49085
49086
49091
49092
49097
49097
49097
49097
49098
49098
49099
49101
49102
49102
49104
49105
49108
49110
49110
49110
49114
49115
49117
49120
49121
49123
49126
49126
49129
49130
49131
49133
49136
49136
49138
49139
49141
49144
49145
49152
49152
49154
49156
49157
49159
49159
49159
49159
49164
49164
49164
49166
49168
49170
49170
49172
49172
49173
49174
49176
49177
49178
49180
49181
49182
49186
49187
49188
49188
49189
49190
49190
49192
49193
49196
49196
49197
49197
49197
49199
49203
49203
49206
49208
49209
49211
49213
49213
49213
49213
49216
49218
49218
49220
49221
49223
49223
49227
49228
49228
49228
49229
49229
49230
49233
49237
49237
49240
49240
49240
49244
49246
49247
49249
49250
49250
49251
49252
49253
49254
49256
49257
49260
49265
49268
49272
49273
49273
49274
49275
49277
49278
49280
49281
49282
49284
49285
49289
49291
49293
49294
49295
49297
49297
49299
49299
49299
49300
49300
49301
49301
49302
49302
49303
49304
49304
49305
49308
49315
49317
49319
49319
49319
49324
49324
49324
49327
49328
49331
49333
49336
49338
49339
49339
49340
49345
49345
49346
49346
49352
49352
49354
49356
49359
49360
49361
49362
49363
49365
49366
49367
49369
49371
49371
49372
49375
49375
49376
49377
49381
49381
49381
49384
49386
49387
49389
49391
49394
49394
49396
49396
49397
49400
49400
49404
49404
49405
49406
49407
49410
49411
49411
49412
49413
49414
49415
49415
49417
49418
49421
49422
49425
49425
49428
49428
49429
49429
49432
49434
49435
49436
49436
49437
49437
49438
49438
49440
49443
49444
49447
49450
49452
49458
49460
49460
49461
49462
49462
49463
49464
49469
49470
49471
49474
49474
49479
49480
49481
49481
49482
49485
49490
49492
49492
49492
49493
49495
49496
49497
49497
49499
49500
49501
49502
49503
49504
49508
49514
49516
49517
49518
49522
49529
49530
49534
49537
49538
49539
49539
49540
49540
49541
49541
49544
49546
49546
49548
49550
49553
49554
49557
49557
49558
49559
49560
49560
49561
49561
49562
49563
49564
49566
49566
49566
49568
49568
49569
49571
49573
49574
49575
49576
49577
49578
49579
49579
49579
49580
49580
49582
49585
49587
49588
49589
49589
49591
49593
49594
49594
49594
49596
49599
49599
49600
49605
49606
49607
49608
49608
49609
49610
49610
49610
49611
49613
49617
49619
49621
49622
49622
49623
49623
49624
49625
49627
49629
49631
49632
49634
49637
49639
49639
49640
49640
49642
49645
49646
49648
49649
49657
49657
49657
49658
49658
49659
49659
49659
49659
49661
49666
49667
49667
49668
49669
49672
49672
49675
49675
49676
49677
49678
49680
49681
49682
49685
49686
49689
49689
49689
49690
49691
49692
49693
49693
49694
49694
49695
49698
49699
49700
49702
49705
49706
49707
49711
49715
49716
49718
49722
49723
49725
49725
49726
49726
49727
49727
49729
49729
49729
49730
49730
49730
49732
49732
49733
49735
49736
49736
49736
49737
49738
49738
49739
49740
49741
49741
49742
49744
49745
49745
49745
49747
49747
49751
49751
49751
49752
49753
49753
49756
49757
49759
49763
49763
49766
49767
49768
49770
49771
49771
49772
49772
49772
49773
49773
49776
49777
49780
49780
49781
49781
49782
49784
49787
49789
49790
49792
49795
49795
49798
49799
49800
49800
49802
49803
49803
49804
49805
49807
49807
49808
49808
49809
49810
49812
49813
49814
49814
49815
49817
49819
49820
49821
49821
49822
49824
49824
49824
49826
49827
49827
49828
49829
49829
49830
49831
49832
49832
49836
49837
49837
49837
49843
49844
49844
49847
49847
49847
49848
49848
49850
49852
49857
49858
49858
49859
49863
49865
49868
49870
49870
49872
49873
49874
49875
49876
49880
49880
49881
49882
49882
49882
49882
49883
49884
49888
49888
49888
49891
49892
49893
49893
49893
49895
49895
49896
49897
49898
49899
49900
49901
49902
49903
49903
49904
49905
49906
49906
49907
49911
49913
49915
49916
49917
49918
49920
49921
49921
49921
49923
49926
49927
49928
49928
49929
49929
49934
49935
49935
49936
49936
49938
49939
49940
49943
49944
49948
49949
49949
49950
49953
49955
49956
49957
49957
49958
49960
49961
49963
49964
49967
49967
49967
49967
49968
49971
49972
49973
49975
49976
49976
49978
49979
49979
49981
49982
49983
49984
49988
49989
49991
49992
49993
49993
49995
49996
49997
49997
49997
49999
50001
50001
50002
50002
50003
50004
50005
50009
50012
50013
50013
50013
50016
50021
50022
50022
50022
50022
50023
50024
50024
50026
50027
50028
50029
50030
50031
50031
50032
50032
50035
50039
50041
50043
50044
50045
50046
50046
50047
50048
50052
50052
50056
50057
50058
50058
50059
50061
50061
50062
50063
50063
50065
50066
50067
50068
50069
50070
50072
50074
50074
50074
50075
50078
50080
50082
50082
50089
50089
50089
50090
50090
50090
50091
50092
50093
50095
50097
50099
50100
50102
50103
50105
50107
50110
50113
50116
50116
50117
50118
50118
50118
50119
50119
50119
50119
50120
50125
50125
50126
50126
50128
50128
50129
50130
50130
50133
50134
50138
50140
50141
50141
50143
50143
50145
50147
50148
50149
50153
50153
50154
50154
50157
50157
50157
50162
50164
50165
50165
50168
50169
50170
50171
50171
50172
50173
50173
50174
50180
50181
50182
50182
50185
50187
50188
50188
50188
50189
50189
50189
50190
50190
50192
50192
50193
50194
50196
50196
50198
50198
50198
50203
50203
50204
50207
50208
50208
50209
50209
50211
50214
50215
50215
50217
50218
50218
50219
50219
50222
50222
50223
50225
50227
50229
50230
50231
50233
50235
50236
50237
50239
50239
50243
50247
50249
50249
50256
50257
50258
50259
50260
50266
50268
50268
50273
50274
50276
50277
50277
50277
50277
50279
50280
50282
50284
50286
50286
50286
50287
50287
50292
50293
50293
50295
50295
50296
50297
50298
50300
50300
50301
50301
50302
50303
50303
50307
50308
50309
50311
50313
50315
50315
50316
50316
50317
50318
50318
50319
50324
50326
50327
50329
50329
50330
50330
50332
50333
50333
50336
50339
50340
50341
50344
50344
50346
50346
50346
50347
50348
50350
50350
50350
50351
50352
50353
50356
50359
50359
50360
50362
50363
50363
50364
50366
50366
50367
50368
50373
50376
50378
50378
50384
50387
50387
50389
50391
50392
50392
50396
50396
50401
50402
50403
50408
50410
50416
50417
50417
50419
50419
50421
50422
50422
50423
50424
50424
50425
50429
50432
50433
50434
50434
50435
50437
50439
50440
50441
50441
50442
50444
50447
50448
50448
50449
50450
50456
50461
50463
50463
50467
50467
50470
50471
50472
50472
50473
50474
50475
50475
50476
50477
50478
50478
50479
50479
50481
50481
50484
50488
50488
50490
50491
50496
50496
50496
50497
50497
50497
50498
50499
50499
50500
50501
50502
50503
50505
50507
50507
50507
50509
50509
50510
50510
50511
50511
50511
50512
50513
50513
50515
50515
50515
50520
50521
50522
50522
50522
50522
50522
50524
50524
50525
50525
50525
50526
50527
50527
50528
50530
50531
50532
50533
50533
50533
50537
50538
50539
50541
50546
50546
50546
50547
50548
50549
50549
50550
50551
50552
50553
50560
50563
50564
50565
50566
50567
50568
50573
50573
50573
50575
50576
50576
50578
50580
50581
50584
50584
50585
50585
50587
50590
50590
50590
50591
50592
50597
50600
50600
50600
50602
50603
50603
50604
50606
50606
50608
50608
50610
50610
50610
50612
50615
50617
50618
50618
50619
50620
50621
50623
50624
50625
50627
50627
50629
50633
50634
50637
50637
50637
50637
50638
50639
50640
50641
50643
50645
50647
50651
50654
50655
50656
50657
50657
50658
50661
50661
50661
50662
50664
50664
50664
50667
50668
50671
50671
50672
50673
50674
50674
50675
50675
50676
50681
50683
50689
50691
50692
50693
50694
50695
50698
50702
50703
50703
50704
50706
50707
50708
50709
50710
50710
50711
50712
50713
50714
50715
50717
50719
50723
50723
50723
50723
50724
50724
50725
50725
50731
50732
50733
50739
50740
50742
50743
50743
50743
50746
50748
50749
50749
50750
50750
50751
50753
50760
50760
50761
50762
50766
50767
50768
50770
50770
50771
50771
50771
50774
50774
50775
50775
50775
50776
50779
50782
50783
50784
50785
50786
50786
50786
50788
50790
50791
50792
50792
50795
50795
50797
50797
50799
50800
50803
50804
50806
50806
50806
50807
50809
50810
50813
50815
50819
50821
50821
50823
50825
50825
50827
50829
50829
50830
50833
50835
50835
50837
50838
50839
50840
50840
50842
50849
50850
50850
50854
50856
50857
50858
50861
50864
50868
50871
50871
50873
50874
50874
50875
50876
50877
50879
50879
50880
50881
50884
50884
50885
50885
50886
50887
50888
50888
50888
50891
50892
50896
50898
50901
50903
50903
50905
50905
50906
50907
50909
50911
50911
50912
50913
50914
50915
50915
50916
50918
50918
50918
50919
50919
50919
50920
50920
50920
50924
50925
50927
50928
50928
50929
50929
50930
50932
50934
50937
50937
50937
50938
50942
50943
50945
50946
50948
50950
50951
50951
50951
50953
50954
50954
50956
50958
50958
50961
50962
50965
50967
50968
50968
50969
50969
50972
50973
50975
50976
50980
50981
50982
50987
50988
50989
50989
50989
50991
50992
50993
50993
50994
50994
50994
50995
50998
51000
51000
51005
51008
51010
51011
51012
51013
51014
51015
51015
51017
51018
51018
51019
51021
51024
51024
51025
51033
51033
51036
51038
51039
51039
51043
51043
51043
51044
51046
51047
51048
51048
51048
51051
51052
51053
51053
51055
51060
51063
51063
51068
51069
51069
51071
51071
51072
51072
51074
51075
51077
51078
51080
51083
51084
51084
51085
51086
51086
51086
51090
51092
51092
51093
51094
51094
51098
51098
51100
51101
51105
51106
51106
51106
51107
51107
51109
51110
51114
51115
51116
51117
51118
51121
51121
51123
51123
51124
51125
51126
51128
51129
51129
51129
51130
51132
51132
51134
51135
51136
51136
51137
51139
51141
51142
51143
51143
51144
51147
51147
51148
51149
51149
51151
51152
51152
51155
51155
51156
51156
51158
51164
51168
51169
51169
51170
51170
51171
51173
51174
51174
51178
51181
51183
51183
51185
51186
51186
51186
51187
51188
51189
51190
51192
51193
51194
51196
51197
51199
51201
51201
51204
51205
51206
51208
51208
51209
51211
51213
51213
51214
51215
51217
51218
51219
51219
51219
51220
51221
51221
51226
51228
51229
51229
51230
51232
51232
51233
51234
51234
51235
51237
51238
51239
51243
51243
51244
51244
51245
51246
51246
51253
51253
51255
51255
51257
51257
51257
51258
51258
51259
51262
51262
51264
51264
51264
51265
51267
51268
51273
51273
51274
51275
51278
51279
51279
51283
51285
51285
51287
51287
51287
51287
51288
51289
51289
51290
51290
51290
51290
51292
51295
51296
51297
51299
51300
51302
51303
51305
51305
51305
51306
51311
51318
51321
51322
51323
51324
51324
51326
51327
51327
51329
51329
51329
51331
51332
51334
51336
51337
51338
51340
51340
51341
51341
51341
51341
51343
51346
51347
51348
51349
51350
51351
51352
51352
51355
51357
51357
51358
51361
51361
51362
51363
51363
51363
51364
51365
51367
51367
51368
51369
51370
51374
51376
51377
51380
51380
51382
51385
51389
51390
51390
51390
51391
51392
51392
51393
51395
51395
51397
51398
51399
51401
51407
51408
51409
51409
51409
51410
51417
51418
51419
51420
51421
51423
51423
51426
51427
51429
51431
51432
51433
51433
51434
51434
51435
51440
51441
51443
51445
51447
51448
51449
51450
51450
51450
51451
51452
51454
51454
51455
51455
51455
51459
51463
51464
51466
51466
51469
51474
51475
51475
51475
51477
51480
51480
51483
51483
51485
51486
51486
51487
51489
51489
51490
51490
51495
51496
51496
51496
51496
51497
51497
51498
51499
51501
51501
51504
51506
51508
51508
51509
51512
51513
51513
51515
51517
51519
51519
51520
51523
51524
51524
51525
51527
51532
51532
51536
51536
51539
51539
51540
51542
51543
51543
51543
51545
51546
51546
51547
51552
51552
51557
51558
51558
51560
51562
51563
51564
51564
51565
51567
51567
51570
51570
51570
51571
51571
51575
51576
51577
51577
51579
51582
51582
51583
51584
51584
51585
51586
51589
51591
51595
51600
51601
51601
51601
51603
51605
51605
51605
51605
51606
51606
51609
51609
51611
51611
51612
51616
51616
51618
51618
51620
51620
51621
51622
51624
51627
51628
51628
51629
51629
51629
51630
51631
51632
51633
51634
51637
51638
51638
51638
51638
51639
51639
51639
51642
51644
51645
51645
51646
51646
51647
51647
51648
51650
51650
51652
51652
51654
51654
51654
51655
51656
51658
51658
51658
51660
51660
51661
51662
51663
51663
51664
51666
51668
51669
51669
51669
51670
51671
51671
51673
51673
51673
51674
51676
51679
51681
51685
51687
51687
51688
51689
51689
51689
51690
51692
51695
51697
51698
51701
51701
51705
51707
51707
51710
51713
51715
51716
51716
51718
51718
51718
51719
51721
51721
51722
51723
51724
51726
51726
51729
51730
51730
51736
51738
51740
51741
51742
51743
51743
51744
51744
51745
51746
51749
51749
51751
51751
51753
51754
51754
51756
51757
51760
51762
51762
51763
51764
51764
51767
51771
51771
51777
51778
51779
51779
51779
51781
51782
51785
51785
51787
51787
51788
51790
51792
51792
51792
51794
51794
51795
51797
51799
51800
51801
51802
51804
51807
51809
51809
51813
51815
51818
51820
51820
51822
51823
51823
51823
51824
51825
51828
51830
51831
51832
51833
51834
51835
51836
51837
51840
51840
51845
51846
51848
51848
51849
51850
51853
51854
51856
51857
51860
51861
51861
51862
51864
51866
51866
51867
51868
51868
51869
51870
51870
51874
51879
51879
51880
51880
51881
51881
51882
51883
51884
51885
51886
51889
51889
51891
51893
51893
51893
51894
51894
51896
51896
51896
51900
51901
51904
51905
51906
51909
51909
51910
51911
51913
51914
51914
51916
51917
51917
51919
51921
51922
51923
51925
51927
51927
51928
51928
51928
51930
51931
51931
51933
51934
51934
51936
51937
51937
51938
51938
51938
51939
51939
51941
51941
51942
51943
51943
51945
51945
51946
51948
51948
51949
51949
51949
51949
51952
51953
51953
51954
51955
51958
51959
51959
51961
51961
51966
51966
51972
51973
51974
51975
51976
51976
51976
51978
51980
51980
51980
51981
51981
51983
51983
51984
51985
51988
51989
51990
51990
51991
51992
51996
51996
52001
52005
52005
52007
52008
52010
52010
52014
52016
52018
52018
52022
52023
52027
52029
52031
52032
52032
52032
52032
52033
52033
52037
52038
52040
52041
52041
52043
52044
52045
52046
52049
52050
52052
52053
52055
52056
52059
52063
52063
52065
52066
52068
52068
52071
52071
52071
52072
52073
52075
52075
52077
52077
52077
52078
52078
52080
52080
52082
52088
52092
52093
52094
52097
52098
52100
52101
52104
52104
52104
52105
52106
52106
52107
52107
52109
52110
52112
52113
52115
52115
52116
52116
52116
52118
52118
52119
52119
52121
52121
52126
52128
52129
52134
52138
52138
52141
52141
52141
52143
52144
52147
52147
52151
52155
52155
52157
52158
52160
52163
52164
52165
52167
52169
52170
52172
52172
52173
52176
52177
52178
52181
52182
52183
52184
52184
52187
52188
52188
52191
52192
52192
52200
52201
52204
52207
52208
52209
52209
52211
52212
52213
52217
52218
52218
52219
52222
52225
52225
52226
52228
52230
52231
52233
52234
52235
52237
52238
52238
52239
52239
52241
52242
52243
52243
52245
52245
52248
52250
52250
52251
52252
52252
52252
52253
52253
52255
52257
52257
52257
52257
52258
52258
52262
52264
52267
52268
52268
52268
52269
52270
52272
52273
52273
52278
52279
52280
52280
52281
52281
52282
52284
52291
52292
52292
52294
52295
52296
52296
52297
52298
52298
52299
52300
52301
52302
52302
52302
52303
52304
52304
52304
52306
52307
52308
52309
52310
52310
52310
52312
52313
52313
52315
52315
52318
52318
52320
52322
52329
52330
52332
52332
52333
52333
52333
52334
52335
52337
52338
52339
52342
52345
52346
52346
52348
52349
52352
52353
52354
52356
52359
52360
52363
52367
52368
52368
52368
52369
52370
52372
52375
52375
52379
52379
52384
52386
52387
52391
52391
52392
52393
52393
52394
52395
52397
52397
52398
52402
52402
52402
52403
52404
52404
52406
52408
52411
52412
52414
52414
52420
52420
52423
52424
52425
52426
52427
52427
52428
52434
52436
52437
52438
52439
52439
52440
52441
52445
52445
52445
52447
52447
52447
52448
52451
52453
52453
52454
52455
52456
52458
52458
52461
52462
52464
52464
52465
52466
52468
52468
52469
52470
52477
52477
52477
52478
52479
52483
52486
52487
52487
52490
52491
52491
52491
52497
52499
52499
52499
52502
52504
52504
52507
52509
52510
52511
52511
52513
52513
52514
52518
52522
52523
52526
52526
52527
52527
52527
52532
52535
52536
52537
52539
52544
52545
52546
52547
52547
52551
52553
52556
52557
52558
52559
52566
52568
52569
52569
52572
52573
52574
52575
52576
52577
52581
52581
52581
52584
52585
52585
52587
52589
52591
52592
52593
52595
52595
52596
52596
52596
52597
52598
52599
52599
52602
52603
52603
52604
52605
52605
52606
52606
52607
52610
52610
52611
52611
52612
52613
52613
52614
52615
52618
52620
52620
52621
52621
52624
52624
52626
52627
52628
52634
52634
52638
52638
52640
52640
52645
52646
52648
52649
52650
52651
52654
52654
52655
52656
52657
52658
52659
52660
52660
52662
52665
52668
52672
52672
52673
52674
52677
52677
52677
52678
52680
52682
52683
52683
52683
52683
52684
52686
52687
52687
52687
52688
52690
52691
52691
52692
52692
52693
52694
52695
52696
52696
52697
52698
52701
52704
52704
52707
52708
52708
52709
52712
52712
52715
52719
52720
52721
52721
52722
52724
52725
52727
52728
52730
52731
52732
52733
52733
52736
52739
52739
52742
52742
52743
52745
52746
52747
52747
52753
52754
52754
52754
52755
52756
52759
52764
52774
52774
52775
52778
52779
52780
52781
52782
52784
52787
52789
52791
52792
52795
52795
52796
52797
52797
52797
52797
52798
52798
52799
52801
52803
52804
52806
52806
52809
52809
52809
52810
52811
52812
52812
52812
52814
52815
52817
52818
52818
52819
52821
52821
52822
52822
52823
52823
52823
52824
52824
52826
52826
52826
52828
52829
52830
52831
52832
52833
52834
52836
52836
52838
52838
52838
52843
52843
52843
52844
52844
52845
52850
52852
52857
52858
52859
52859
52863
52863
52865
52865
52866
52867
52868
52869
52871
52872
52873
52873
52873
52875
52875
52875
52875
52876
52876
52876
52877
52877
52878
52881
52881
52882
52884
52884
52885
52889
52889
52890
52890
52892
52892
52892
52894
52895
52902
52902
52903
52903
52905
52905
52906
52909
52909
52911
52912
52912
52912
52913
52916
52918
52918
52919
52920
52922
52924
52925
52926
52926
52927
52928
52928
52932
52932
52932
52934
52935
52936
52937
52938
52941
52941
52942
52943
52945
52945
52946
52947
52947
52951
52952
52953
52957
52958
52959
52960
52961
52964
52971
52972
52974
52976
52977
52978
52978
52982
52982
52982
52982
52983
52983
52984
52986
52986
52987
52989
52990
52990
52991
52991
52993
52994
52994
52996
52996
52999
53002
53002
53003
53003
53004
53008
53009
53009
53010
53011
53014
53017
53020
53023
53025
53026
53026
53029
53030
53031
53032
53032
53037
53038
53040
53041
53044
53045
53048
53048
53049
53049
53050
53055
53056
53056
53062
53062
53065
53065
53066
53066
53069
53070
53071
53075
53076
53077
53077
53078
53078
53079
53079
53079
53080
53080
53080
53082
53082
53084
53085
53085
53086
53086
53093
53097
53101
53102
53106
53107
53107
53108
53111
53115
53116
53119
53120
53121
53123
53129
53130
53131
53132
53133
53134
53134
53135
53135
53137
53137
53139
53147
53148
53153
53153
53154
53154
53155
53156
53156
53159
53161
53161
53162
53162
53163
53163
53164
53164
53164
53165
53170
53171
53171
53173
53174
53174
53175
53176
53177
53178
53180
53180
53181
53183
53183
53184
53186
53189
53191
53192
53192
53195
53197
53200
53200
53202
53202
53204
53207
53210
53212
53213
53213
53216
53219
53222
53223
53224
53224
53227
53227
53229
53229
53234
53237
53237
53237
53237
53238
53243
53245
53247
53248
53249
53250
53260
53260
53261
53262
53264
53265
53265
53270
53271
53272
53273
53273
53274
53278
53280
53281
53282
53282
53284
53285
53287
53288
53288
53288
53289
53289
53294
53296
53296
53299
53303
53306
53306
53306
53307
53307
53308
53309
53311
53311
53314
53315
53315
53317
53318
53318
53319
53320
53327
53327
53327
53328
53329
53330
53330
53332
53333
53339
53340
53341
53344
53344
53348
53350
53350
53351
53351
53353
53354
53356
53356
53356
53359
53362
53366
53366
53369
53369
53371
53372
53372
53374
53378
53380
53381
53381
53382
53383
53383
53383
53386
53387
53388
53388
53391
53392
53392
53392
53393
53395
53396
53396
53398
53402
53403
53403
53404
53407
53407
53408
53408
53411
53414
53416
53417
53418
53419
53419
53422
53424
53424
53425
53426
53430
53430
53430
53431
53432
53432
53432
53433
53435
53438
53438
53441
53441
53443
53443
53445
53445
53445
53446
53448
53449
53450
53454
53455
53456
53456
53457
53460
53460
53461
53461
53463
53467
53468
53469
53470
53470
53471
53473
53475
53478
53479
53483
53483
53483
53484
53484
53488
53490
53492
53492
53493
53494
53496
53498
53499
53499
53502
53503
53504
53504
53508
53509
53510
53511
53512
53514
53521
53522
53523
53525
53525
53526
53526
53526
53527
53530
53532
53533
53539
53545
53548
53548
53553
53556
53557
53557
53558
53558
53559
53559
53563
53564
53565
53565
53565
53566
53567
53568
53569
53572
53573
53575
53576
53577
53577
53579
53581
53582
53582
53584
53584
53585
53587
53587
53587
53589
53589
53589
53592
53592
53593
53596
53599
53600
53600
53602
53602
53605
53607
53610
53610
53611
53611
53612
53612
53613
53614
53616
53616
53616
53616
53616
53619
53619
53620
53621
53625
53628
53631
53631
53632
53633
53635
53635
53637
53637
53638
53640
53644
53645
53646
53648
53648
53648
53653
53654
53655
53656
53657
53657
53661
53662
53663
53664
53667
53667
53675
53676
53678
53678
53680
53682
53684
53693
53694
53694
53694
53696
53696
53697
53701
53702
53705
53707
53710
53713
53714
53714
53716
53716
53718
53718
53720
53721
53723
53726
53726
53726
53727
53728
53730
53731
53731
53732
53732
53733
53735
53735
53736
53738
53739
53740
53742
53742
53745
53746
53746
53752
53752
53757
53757
53758
53758
53758
53760
53760
53765
53765
53766
53767
53769
53772
53772
53773
53775
53776
53777
53780
53785
53790
53790
53791
53793
53796
53797
53797
53798
53798
53799
53799
53800
53800
53800
53801
53802
53804
53804
53804
53806
53807
53809
53810
53812
53812
53817
53818
53818
53821
53822
53823
53823
53824
53827
53831
53831
53832
53832
53834
53834
53836
53836
53837
53838
53839
53842
53844
53846
53846
53848
53851
53851
53854
53854
53855
53855
53856
53857
53861
53862
53863
53863
53865
53865
53865
53867
53868
53869
53869
53870
53871
53871
53871
53873
53874
53875
53876
53876
53876
53876
53881
53882
53882
53883
53885
53885
53886
53886
53886
53889
53889
53891
53893
53895
53895
53896
53897
53899
53901
53902
53903
53903
53903
53904
53907
53907
53908
53908
53908
53909
53909
53913
53917
53917
53918
53919
53919
53920
53920
53921
53921
53922
53923
53926
53926
53929
53930
53932
53933
53935
53938
53940
53941
53942
53944
53945
53945
53946
53946
53947
53948
53952
53952
53952
53953
53955
53955
53958
53959
53960
53961
53961
53962
53964
53964
53965
53968
53969
53970
53971
53975
53975
53976
53976
53976
53976
53978
53981
53981
53982
53983
53983
53983
53984
53984
53985
53989
53989
53990
53991
53991
53997
53997
53998
54000
54001
54003
54004
54005
54005
54007
54011
54013
54013
54015
54017
54017
54020
54021
54022
54025
54027
54029
54030
54031
54034
54036
54037
54039
54040
54041
54041
54042
54045
54047
54050
54051
54051
54054
54055
54055
54056
54056
54057
54058
54060
54061
54065
54067
54068
54068
54070
54072
54073
54075
54076
54077
54078
54079
54081
54081
54085
54086
54087
54088
54088
54089
54089
54090
54099
54100
54100
54100
54101
54101
54104
54105
54105
54107
54109
54110
54110
54111
54111
54114
54115
54117
54118
54118
54119
54123
54125
54125
54127
54131
54132
54132
54134
54135
54136
54136
54137
54140
54141
54142
54142
54142
54144
54144
54145
54148
54148
54149
54150
54155
54155
54157
54158
54159
54159
54161
54162
54162
54165
54174
54174
54177
54178
54179
54180
54181
54182
54182
54184
54184
54184
54185
54186
54186
54190
54191
54192
54196
54196
54198
54199
54199
54203
54206
54206
54210
54212
54213
54214
54214
54215
54217
54217
54217
54218
54221
54221
54228
54228
54229
54229
54232
54232
54236
54238
54238
54239
54243
54243
54244
54246
54246
54248
54248
54250
54252
54252
54253
54256
54256
54261
54262
54263
54264
54264
54269
54269
54270
54271
54273
54274
54274
54275
54278
54281
54283
54285
54288
54289
54289
54292
54293
54293
54296
54297
54297
54301
54301
54306
54308
54310
54312
54315
54315
54317
54321
54322
54324
54324
54324
54327
54329
54331
54332
54333
54335
54338
54344
54345
54345
54348
54350
54350
54350
54353
54353
54354
54354
54355
54357
54357
54358
54362
54365
54367
54371
54373
54374
54377
54378
54379
54380
54380
54381
54381
54381
54382
54382
54384
54385
54388
54389
54395
54399
54402
54404
54406
54406
54410
54412
54412
54414
54414
54415
54416
54416
54418
54420
54422
54422
54422
54425
54427
54427
54429
54430
54430
54430
54434
54434
54441
54441
54445
54446
54447
54449
54451
54451
54451
54451
54455
54456
54457
54461
54461
54463
54464
54465
54465
54465
54467
54468
54470
54471
54472
54473
54473
54473
54474
54474
54474
54476
54476
54478
54480
54480
54482
54483
54483
54484
54485
54487
54487
54489
54493
54493
54494
54494
54496
54496
54497
54500
54501
54504
54504
54504
54505
54506
54508
54508
54509
54511
54512
54513
54516
54518
54521
54522
54523
54526
54528
54530
54531
54533
54534
54537
54539
54540
54540
54541
54545
54546
54548
54549
54552
54553
54553
54554
54554
54555
54556
54556
54558
54559
54560
54561
54561
54561
54562
54563
54564
54565
54572
54574
54575
54575
54576
54577
54577
54577
54579
54583
54583
54584
54584
54585
54586
54586
54587
54588
54588
54591
54592
54593
54594
54594
54596
54596
54597
54599
54600
54600
54602
54603
54603
54603
54605
54606
54606
54606
54606
54609
54609
54612
54612
54613
54614
54614
54616
54617
54619
54620
54621
54623
54623
54627
54629
54629
54631
54632
54633
54633
54637
54638
54638
54643
54646
54649
54650
54651
54651
54652
54653
54656
54656
54656
54656
54657
54658
54659
54661
54662
54665
54665
54666
54667
54669
54669
54672
54672
54673
54674
54675
54675
54678
54679
54682
54683
54686
54686
54686
54687
54690
54690
54693
54694
54694
54695
54696
54696
54696
54696
54697
54699
54700
54705
54705
54705
54706
54706
54707
54712
54712
54713
54714
54714
54716
54717
54718
54723
54727
54730
54730
54732
54734
54735
54736
54736
54738
54739
54739
54740
54741
54744
54744
54744
54745
54747
54747
54752
54753
54753
54754
54754
54755
54755
54756
54757
54757
54757
54757
54757
54757
54758
54758
54761
54762
54762
54762
54763
54766
54767
54772
54772
54773
54775
54777
54780
54781
54781
54782
54783
54783
54783
54787
54787
54791
54791
54791
54794
54795
54799
54803
54803
54804
54806
54807
54807
54808
54808
54809
54810
54813
54814
54815
54816
54816
54818
54820
54820
54823
54824
54826
54826
54826
54827
54827
54829
54830
54831
54832
54833
54835
54837
54840
54841
54844
54845
54846
54849
54849
54851
54852
54854
54854
54854
54854
54856
54857
54857
54859
54863
54865
54866
54867
54867
54869
54869
54870
54871
54872
54873
54874
54875
54876
54876
54877
54878
54878
54878
54880
54880
54883
54886
54888
54896
54899
54900
54901
54901
54903
54904
54904
54907
54909
54909
54910
54911
54911
54911
54912
54913
54915
54917
54922
54923
54923
54927
54929
54930
54934
54936
54936
54939
54942
54943
54943
54944
54945
54945
54946
54948
54949
54949
54952
54953
54953
54956
54957
54957
54959
54959
54959
54963
54966
54966
54967
54968
54970
54974
54975
54975
54975
54978
54979
54980
54980
54983
54984
54984
54986
54986
54986
54987
54987
54987
54990
54993
54995
54997
54999
55001
55002
55004
55004
55007
55009
55009
55011
55011
55011
55011
55012
55014
55014
55015
55016
55018
55021
55023
55026
55027
55029
55031
55034
55035
55038
55039
55039
55044
55045
55045
55046
55046
55046
55047
55047
55047
55048
55049
55054
55055
55057
55058
55059
55059
55060
55061
55062
55062
55064
55066
55066
55066
55068
55069
55069
55070
55070
55070
55071
55071
55076
55078
55078
55080
55081
55083
55086
55087
55087
55088
55091
55091
55093
55095
55095
55096
55097
55098
55100
55100
55100
55101
55104
55106
55107
55107
55107
55107
55107
55108
55108
55108
55108
55108
55109
55110
55110
55113
55113
55113
55115
55117
55117
55119
55120
55123
55123
55123
55124
55127
55128
55128
55128
55129
55130
55131
55134
55134
55136
55137
55137
55138
55139
55144
55146
55146
55146
55147
55147
55147
55149
55149
55150
55151
55151
55152
55152
55153
55153
55153
55154
55155
55157
55157
55158
55159
55159
55161
55163
55165
55166
55167
55169
55170
55172
55172
55173
55175
55177
55179
55181
55183
55185
55186
55186
55191
55192
55193
55193
55194
55194
55197
55201
55202
55203
55204
55204
55209
55210
55210
55214
55217
55218
55218
55218
55221
55224
55226
55230
55230
55233
55233
55234
55234
55237
55239
55242
55244
55245
55245
55245
55252
55252
55253
55258
55258
55259
55262
55262
55268
55269
55270
55274
55275
55276
55276
55279
55279
55279
55281
55282
55282
55282
55282
55283
55285
55286
55286
55287
55287
55287
55287
55288
55288
55292
55293
55293
55295
55295
55296
55296
55298
55299
55299
55300
55302
55302
55303
55303
55307
55311
55313
55316
55317
55317
55318
55318
55319
55321
55322
55323
55326
55327
55327
55329
55332
55333
55334
55335
55336
55337
55338
55338
55339
55339
55340
55341
55341
55342
55342
55343
55347
55348
55348
55349
55350
55355
55357
55357
55357
55359
55360
55362
55362
55363
55364
55366
55367
55370
55372
55372
55373
55374
55375
55376
55376
55379
55379
55379
55381
55382
55387
55389
55389
55392
55393
55395
55400
55403
55403
55405
55408
55410
55411
55413
55414
55416
55416
55418
55420
55421
55421
55422
55423
55429
55431
55431
55432
55433
55436
55437
55437
55438
55438
55439
55439
55440
55441
55442
55445
55447
55447
55447
55448
55450
55451
55452
55453
55455
55459
55459
55460
55461
55462
55462
55466
55467
55469
55470
55471
55473
55473
55474
55478
55480
55480
55481
55482
55482
55483
55484
55486
55486
55488
55489
55489
55491
55491
55492
55493
55494
55496
55498
55502
55503
55504
55504
55506
55506
55507
55508
55509
55514
55517
55521
55524
55526
55527
55530
55532
55532
55533
55533
55534
55536
55537
55538
55539
55541
55543
55544
55545
55545
55545
55546
55547
55547
55549
55550
55550
55550
55550
55551
55552
55553
55554
55554
55554
55555
55555
55556
55557
55557
55557
55558
55560
55561
55564
55566
55567
55568
55569
55569
55573
55575
55576
55578
55579
55579
55579
55580
55580
55580
55580
55582
55583
55583
55584
55585
55586
55587
55587
55588
55588
55589
55590
55590
55591
55594
55595
55598
55599
55600
55601
55602
55602
55603
55603
55603
55608
55608
55610
55611
55612
55613
55616
55616
55616
55616
55617
55618
55619
55620
55621
55621
55623
55623
55626
55627
55627
55630
55631
55635
55636
55638
55641
55644
55645
55646
55646
55647
55648
55650
55650
55651
55653
55653
55653
55654
55654
55659
55659
55661
55663
55663
55665
55667
55670
55671
55673
55673
55674
55675
55677
55678
55679
55685
55686
55687
55689
55689
55691
55692
55694
55695
55696
55697
55700
55701
55702
55703
55706
55706
55707
55707
55710
55710
55710
55711
55713
55713
55714
55714
55715
55715
55716
55716
55717
55718
55719
55720
55722
55723
55723
55725
55725
55729
55729
55730
55735
55737
55737
55739
55740
55741
55743
55745
55745
55747
55748
55753
55753
55755
55755
55755
55757
55759
55760
55760
55760
55762
55763
55764
55764
55771
55773
55773
55774
55775
55775
55776
55776
55777
55778
55780
55780
55782
55783
55783
55784
55785
55785
55785
55787
55789
55790
55793
55793
55795
55795
55796
55806
55806
55808
55809
55810
55810
55812
55815
55817
55818
55818
55819
55820
55822
55823
55823
55824
55824
55825
55826
55828
55828
55828
55829
55833
55834
55835
55835
55835
55837
55838
55840
55844
55844
55844
55845
55845
55845
55850
55852
55854
55854
55855
55855
55855
55856
55860
55861
55863
55863
55863
55865
55869
55872
55873
55874
55874
55874
55874
55875
55876
55880
55884
55885
55885
55885
55888
55889
55890
55891
55892
55893
55894
55894
55896
55900
55901
55901
55902
55907
55908
55908
55908
55909
55910
55912
55912
55913
55918
55919
55922
55922
55923
55924
55927
55929
55932
55934
55937
55937
55938
55939
55940
55942
55943
55944
55945
55948
55949
55949
55950
55950
55951
55955
55955
55957
55960
55960
55961
55968
55969
55969
55970
55970
55971
55971
55973
55973
55973
55974
55977
55978
55980
55982
55985
55986
55992
55994
55995
55996
55997
55997
56002
56003
56006
56008
56009
56010
56012
56015
56016
56017
56021
56022
56023
56023
56026
56027
56031
56032
56032
56033
56034
56035
56036
56037
56038
56040
56042
56045
56046
56046
56049
56053
56054
56055
56055
56056
56058
56060
56063
56064
56064
56065
56065
56065
56065
56066
56066
56068
56069
56071
56072
56074
56075
56077
56079
56082
56082
56084
56084
56084
56085
56088
56088
56089
56090
56091
56092
56092
56093
56093
56095
56097
56097
56098
56099
56101
56101
56102
56105
56106
56107
56107
56108
56108
56111
56111
56111
56113
56117
56117
56119
56121
56125
56127
56127
56129
56130
56131
56131
56134
56135
56135
56135
56137
56140
56141
56144
56145
56145
56146
56147
56148
56149
56150
56152
56154
56155
56156
56157
56158
56159
56161
56163
56164
56165
56166
56168
56173
56175
56176
56178
56178
56179
56180
56181
56182
56183
56183
56184
56186
56188
56190
56191
56192
56195
56196
56196
56198
56201
56201
56202
56202
56203
56204
56205
56207
56209
56211
56212
56213
56214
56219
56220
56229
56229
56231
56231
56234
56235
56236
56236
56236
56237
56238
56241
56243
56244
56245
56247
56248
56249
56249
56251
56255
56256
56257
56258
56261
56263
56264
56264
56265
56266
56267
56267
56269
56272
56274
56275
56280
56280
56281
56283
56284
56284
56284
56287
56288
56291
56292
56292
56293
56295
56295
56297
56297
56298
56299
56301
56301
56301
56302
56302
56302
56303
56303
56308
56308
56311
56312
56313
56313
56314
56316
56318
56329
56333
56333
56334
56337
56337
56337
56343
56344
56348
56350
56352
56354
56355
56356
56357
56359
56360
56363
56364
56365
56367
56367
56370
56371
56374
56374
56376
56378
56380
56381
56382
56382
56382
56384
56388
56389
56390
56391
56392
56392
56393
56393
56396
56397
56399
56405
56408
56408
56412
56412
56413
56416
56416
56416
56417
56420
56422
56429
56430
56432
56432
56433
56433
56433
56434
56438
56438
56442
56445
56446
56447
56449
56451
56451
56451
56452
56453
56453
56453
56454
56456
56458
56459
56460
56469
56470
56471
56472
56472
56473
56474
56475
56475
56477
56478
56479
56479
56480
56480
56482
56483
56483
56485
56487
56492
56494
56494
56495
56497
56498
56502
56502
56503
56504
56504
56505
56506
56509
56509
56509
56510
56513
56517
56519
56519
56520
56521
56521
56522
56524
56529
56529
56530
56530
56532
56533
56533
56534
56535
56536
56540
56540
56540
56541
56542
56543
56545
56545
56546
56547
56549
56550
56551
56552
56552
56552
56556
56559
56560
56562
56563
56563
56565
56566
56566
56567
56568
56568
56570
56571
56571
56572
56576
56576
56578
56580
56580
56581
56582
56584
56585
56585
56586
56587
56589
56591
56591
56593
56594
56598
56598
56601
56603
56603
56604
56605
56607
56607
56610
56612
56614
56615
56618
56618
56619
56620
56622
56624
56627
56628
56630
56631
56631
56633
56633
56635
56636
56636
56637
56637
56638
56641
56645
56645
56645
56645
56646
56646
56650
56651
56652
56654
56656
56657
56658
56659
56660
56662
56663
56664
56667
56667
56669
56669
56671
56671
56671
56672
56674
56675
56676
56681
56682
56684
56685
56685
56687
56689
56689
56691
56693
56693
56693
56695
56697
56700
56701
56701
56703
56703
56703
56703
56710
56712
56716
56717
56719
56721
56722
56722
56723
56724
56724
56726
56728
56728
56730
56731
56732
56734
56736
56737
56738
56738
56738
56741
56744
56744
56747
56748
56749
56750
56750
56751
56752
56753
56754
56754
56759
56759
56763
56764
56765
56771
56771
56772
56772
56772
56774
56774
56779
56781
56784
56784
56784
56785
56787
56787
56788
56788
56791
56791
56792
56793
56793
56794
56796
56796
56797
56798
56798
56798
56799
56799
56799
56799
56799
56799
56799
56800
56801
56801
56802
56804
56804
56807
56807
56808
56810
56811
56816
56820
56822
56822
56826
56827
56827
56828
56829
56830
56830
56831
56832
56833
56835
56838
56839
56839
56841
56843
56844
56844
56845
56846
56848
56848
56850
56850
56853
56854
56854
56854
56857
56858
56859
56861
56861
56861
56865
56867
56867
56867
56868
56870
56873
56875
56876
56876
56877
56879
56880
56881
56883
56883
56883
56884
56885
56887
56889
56890
56890
56895
56896
56905
56906
56908
56908
56909
56909
56912
56912
56914
56914
56917
56919
56920
56920
56922
56925
56926
56927
56928
56928
56928
56930
56930
56931
56935
56937
56941
56941
56942
56942
56945
56945
56946
56946
56947
56947
56952
56952
56954
56958
56958
56958
56959
56961
56961
56962
56963
56964
56965
56966
56971
56972
56973
56976
56977
56977
56980
56981
56986
56986
56987
56987
56992
56992
56994
56995
56997
56998
57000
57000
57001
57001
57001
57001
57003
57003
57004
57006
57007
57008
57010
57011
57012
57013
57013
57015
57017
57018
57020
57020
57021
57022
57023
57023
57024
57026
57027
57028
57029
57029
57030
57030
57030
57031
57032
57036
57036
57036
57037
57038
57038
57039
57039
57041
57041
57041
57042
57043
57043
57044
57045
57046
57046
57047
57054
57057
57058
57058
57058
57061
57061
57063
57063
57064
57064
57067
57068
57071
57073
57074
57076
57076
57079
57081
57083
57085
57086
57086
57088
57091
57092
57094
57097
57099
57100
57100
57101
57102
57103
57104
57106
57106
57107
57108
57110
57110
57114
57115
57116
57118
57119
57120
57120
57121
57122
57124
57125
57127
57127
57130
57135
57136
57137
57138
57141
57142
57145
57145
57146
57146
57148
57149
57149
57150
57151
57151
57153
57155
57155
57156
57156
57157
57157
57157
57161
57162
57162
57164
57165
57166
57167
57168
57170
57170
57170
57170
57171
57171
57172
57173
57175
57176
57177
57177
57178
57179
57180
57186
57186
57187
57188
57188
57188
57194
57195
57197
57198
57198
57200
57201
57201
57202
57202
57203
57205
57205
57209
57211
57211
57213
57214
57215
57215
57216
57216
57216
57217
57219
57220
57221
57223
57223
57224
57225
57225
57225
57225
57225
57228
57228
57228
57228
57228
57229
57229
57230
57230
57232
57232
57232
57233
57233
57234
57237
57237
57241
57241
57242
57245
57245
57245
57250
57251
57253
57254
57254
57264
57265
57267
57267
57268
57272
57272
57273
57276
57277
57278
57281
57282
57283
57284
57284
57285
57289
57289
57291
57297
57300
57301
57301
57301
57303
57305
57305
57305
57305
57309
57309
57310
57311
57313
57314
57315
57315
57317
57319
57319
57320
57320
57324
57325
57325
57327
57335
57337
57338
57341
57344
57345
57346
57346
57346
57346
57348
57350
57353
57354
57354
57357
57357
57360
57360
57361
57362
57363
57366
57368
57368
57368
57369
57369
57370
57370
57371
57371
57371
57373
57376
57380
57382
57384
57386
57386
57387
57388
57393
57394
57394
57395
57395
57396
57397
57398
57398
57401
57403
57404
57404
57405
57408
57409
57409
57411
57413
57413
57413
57416
57416
57417
57417
57418
57419
57420
57422
57424
57425
57429
57429
57431
57433
57434
57435
57435
57436
57437
57438
57440
57442
57446
57446
57447
57448
57454
57455
57455
57457
57457
57457
57459
57459
57464
57466
57469
57469
57470
57471
57476
57478
57480
57482
57491
57493
57494
57495
57497
57499
57501
57502
57506
57506
57507
57509
57512
57514
57519
57520
57521
57522
57523
57525
57525
57526
57527
57530
57531
57532
57532
57533
57536
57537
57537
57538
57539
57540
57541
57542
57543
57543
57544
57545
57545
57545
57546
57548
57548
57549
57551
57551
57551
57554
57554
57554
57555
57556
57556
57556
57557
57560
57564
57564
57566
57570
57570
57571
57571
57571
57572
57574
57575
57577
57578
57579
57580
57583
57584
57585
57587
57587
57589
57591
57593
57593
57595
57596
57601
57603
57605
57605
57606
57606
57608
57609
57609
57614
57615
57617
57618
57618
57619
57620
57620
57620
57623
57624
57628
57628
57631
57632
57632
57633
57634
57636
57637
57639
57641
57642
57642
57644
57644
57645
57647
57647
57647
57649
57654
57654
57655
57656
57656
57656
57660
57660
57660
57662
57663
57665
57667
57670
57672
57672
57675
57676
57678
57681
57681
57682
57682
57684
57685
57686
57687
57691
57691
57691
57693
57694
57695
57695
57696
57696
57697
57697
57700
57703
57703
57704
57707
57707
57710
57711
57713
57715
57715
57716
57716
57716
57716
57720
57721
57721
57723
57723
57723
57726
57727
57728
57729
57729
57732
57733
57733
57734
57735
57735
57738
57738
57741
57742
57742
57745
57746
57750
57751
57752
57752
57753
57753
57757
57758
57758
57759
57760
57762
57762
57762
57762
57763
57765
57765
57767
57769
57769
57773
57775
57775
57776
57776
57777
57778
57778
57783
57784
57784
57786
57789
57789
57790
57791
57793
57793
57794
57794
57795
57801
57801
57801
57810
57810
57811
57813
57813
57814
57815
57817
57817
57819
57820
57821
57822
57824
57825
57826
57827
57828
57831
57834
57836
57838
57839
57839
57842
57842
57843
57843
57844
57846
57846
57847
57848
57849
57849
57852
57852
57857
57858
57858
57858
57859
57862
57863
57864
57864
57868
57869
57869
57869
57870
57871
57871
57873
57876
57877
57878
57878
57880
57881
57883
57884
57886
57887
57890
57890
57891
57891
57897
57899
57899
57900
57902
57905
57906
57906
57906
57906
57907
57908
57908
57912
57913
57914
57914
57916
57917
57920
57921
57922
57923
57924
57925
57926
57929
57931
57931
57934
57934
57934
57935
57937
57937
57938
57939
57939
57939
57943
57944
57945
57945
57946
57947
57948
57951
57953
57958
57960
57961
57962
57965
57965
57965
57967
57967
57967
57968
57974
57976
57978
57979
57979
57980
57980
57981
57985
57985
57985
57986
57986
57987
57990
57992
57992
57993
57994
57996
57996
57997
57998
57998
58001
58002
58002
58009
58011
58011
58012
58012
58014
58015
58016
58017
58017
58019
58022
58025
58025
58026
58026
58027
58028
58031
58032
58034
58035
58036
58036
58038
58039
58040
58040
58041
58042
58046
58048
58048
58049
58050
58051
58052
58053
58054
58055
58056
58057
58057
58058
58058
58060
58061
58061
58062
58067
58068
58069
58070
58071
58074
58075
58075
58076
58077
58079
58080
58081
58089
58090
58090
58092
58093
58095
58095
58095
58096
58097
58098
58098
58098
58098
58099
58100
58101
58102
58102
58103
58104
58105
58105
58105
58107
58107
58108
58110
58113
58113
58115
58115
58115
58115
58117
58119
58120
58121
58121
58121
58122
58122
58124
58125
58128
58128
58130
58131
58132
58132
58132
58135
58135
58136
58137
58137
58137
58138
58139
58140
58141
58145
58146
58147
58147
58148
58148
58152
58153
58155
58156
58158
58158
58160
58161
58161
58162
58164
58166
58166
58166
58168
58170
58170
58170
58172
58174
58175
58176
58176
58177
58178
58179
58180
58184
58184
58185
58187
58187
58188
58188
58189
58193
58193
58194
58195
58197
58197
58198
58198
58198
58199
58199
58200
58200
58202
58204
58205
58206
58207
58207
58208
58210
58211
58212
58213
58214
58214
58216
58217
58218
58218
58218
58219
58219
58219
58220
58222
58222
58224
58225
58227
58227
58232
58232
58232
58233
58233
58235
58237
58238
58239
58240
58240
58240
58240
58244
58247
58248
58255
58257
58257
58257
58260
58262
58263
58263
58266
58267
58268
58269
58271
58272
58276
58277
58277
58278
58286
58286
58288
58290
58293
58293
58300
58305
58308
58309
58310
58310
58312
58313
58314
58316
58318
58320
58321
58322
58323
58325
58326
58326
58329
58330
58332
58332
58334
58336
58337
58338
58341
58343
58344
58345
58345
58346
58346
58346
58347
58348
58349
58350
58354
58355
58356
58356
58358
58359
58360
58361
58362
58364
58367
58368
58371
58381
58383
58384
58384
58386
58389
58389
58390
58390
58392
58394
58396
58396
58397
58398
58398
58399
58399
58402
58402
58403
58403
58404
58406
58410
58411
58414
58415
58417
58417
58418
58419
58419
58420
58421
58421
58422
58422
58422
58425
58427
58428
58429
58429
58434
58435
58435
58436
58437
58438
58440
58441
58441
58442
58445
58445
58446
58449
58457
58458
58459
58460
58461
58464
58466
58469
58470
58470
58473
58473
58473
58475
58475
58476
58479
58481
58481
58483
58485
58485
58487
58487
58487
58487
58487
58488
58490
58496
58496
58497
58498
58498
58500
58505
58506
58506
58507
58513
58513
58517
58518
58519
58520
58520
58523
58523
58526
58528
58528
58533
58533
58534
58534
58534
58537
58538
58539
58539
58540
58541
58541
58542
58544
58546
58547
58547
58549
58551
58551
58555
58556
58558
58558
58562
58562
58569
58573
58573
58576
58576
58579
58579
58580
58580
58583
58584
58584
58585
58586
58586
58586
58587
58590
58594
58594
58596
58596
58599
58599
58600
58600
58601
58602
58603
58603
58606
58607
58608
58608
58609
58611
58612
58612
58616
58617
58619
58619
58619
58622
58623
58624
58626
58626
58627
58628
58630
58630
58632
58632
58633
58633
58635
58635
58637
58637
58639
58640
58641
58646
58647
58648
58650
58650
58651
58651
58652
58654
58654
58655
58656
58657
58658
58658
58658
58660
58661
58661
58662
58662
58663
58665
58667
58667
58670
58670
58672
58674
58674
58678
58682
58686
58687
58690
58690
58690
58691
58691
58693
58694
58695
58696
58697
58697
58699
58705
58705
58705
58706
58707
58707
58712
58712
58717
58721
58721
58721
58722
58723
58726
58726
58728
58729
58730
58732
58732
58733
58733
58734
58735
58735
58736
58739
58740
58744
58746
58746
58749
58749
58750
58750
58753
58754
58756
58756
58757
58757
58760
58760
58763
58764
58768
58769
58774
58775
58775
58776
58778
58778
58778
58778
58780
58780
58783
58784
58787
58788
58789
58790
58791
58792
58795
58804
58804
58806
58807
58809
58809
58810
58810
58810
58811
58812
58816
58817
58817
58818
58819
58821
58821
58823
58824
58824
58825
58825
58827
58828
58828
58829
58831
58833
58834
58836
58836
58837
58837
58838
58839
58841
58844
58847
58848
58848
58849
58850
58851
58852
58855
58857
58857
58866
58869
58869
58871
58871
58873
58874
58875
58878
58879
58882
58885
58887
58887
58889
58892
58894
58897
58898
58899
58899
58899
58900
58901
58902
58903
58904
58907
58908
58913
58915
58917
58917
58921
58924
58925
58926
58926
58926
58926
58928
58932
58933
58936
58938
58939
58941
58942
58943
58944
58946
58947
58948
58949
58950
58950
58953
58955
58956
58956
58957
58958
58958
58958
58960
58960
58961
58961
58962
58965
58965
58967
58968
58968
58969
58973
58975
58975
58975
58978
58979
58984
58984
58990
58991
58992
58996
58997
58999
59001
59002
59003
59003
59003
59004
59005
59007
59007
59008
59009
59010
59011
59011
59013
59013
59014
59016
59018
59022
59022
59022
59023
59024
59024
59025
59025
59026
59026
59028
59032
59035
59037
59038
59040
59042
59044
59044
59046
59046
59046
59047
59048
59050
59051
59051
59053
59055
59057
59059
59060
59062
59064
59064
59069
59070
59073
59075
59077
59077
59078
59080
59083
59085
59085
59091
59091
59091
59093
59094
59098
59099
59102
59103
59103
59104
59105
59106
59107
59116
59121
59122
59123
59123
59126
59127
59128
59128
59133
59135
59138
59138
59141
59142
59143
59143
59143
59144
59144
59145
59146
59146
59147
59147
59150
59151
59155
59155
59156
59157
59157
59157
59159
59161
59161
59163
59165
59167
59169
59170
59170
59172
59173
59174
59175
59176
59177
59178
59178
59178
59182
59183
59184
59188
59188
59188
59188
59189
59189
59191
59193
59193
59196
59198
59199
59200
59200
59202
59202
59202
59204
59206
59211
59212
59214
59215
59215
59216
59216
59216
59217
59219
59220
59221
59221
59221
59222
59226
59227
59228
59228
59229
59229
59230
59234
59235
59236
59239
59239
59239
59240
59243
59245
59252
59252
59253
59255
59256
59256
59257
59258
59259
59267
59268
59269
59269
59270
59271
59276
59277
59277
59279
59281
59282
59283
59283
59285
59285
59286
59286
59287
59287
59288
59292
59294
59295
59295
59296
59296
59297
59298
59299
59299
59300
59300
59307
59307
59307
59308
59308
59309
59310
59310
59311
59311
59312
59314
59314
59315
59318
59320
59320
59321
59324
59324
59325
59328
59329
59329
59330
59332
59334
59336
59337
59337
59338
59339
59339
59341
59342
59342
59344
59344
59345
59345
59349
59349
59352
59353
59354
59354
59358
59360
59361
59361
59364
59364
59368
59368
59368
59369
59369
59370
59370
59373
59374
59374
59375
59376
59378
59379
59379
59380
59380
59385
59385
59387
59388
59388
59391
59392
59392
59394
59394
59395
59395
59398
59399
59399
59399
59400
59401
59403
59404
59404
59405
59407
59407
59409
59410
59411
59411
59414
59415
59419
59420
59423
59426
59429
59430
59430
59431
59432
59433
59439
59440
59440
59442
59443
59444
59444
59446
59446
59446
59447
59449
59450
59451
59454
59456
59457
59461
59465
59465
59466
59466
59467
59475
59476
59477
59478
59478
59478
59479
59480
59481
59481
59482
59482
59482
59484
59485
59489
59490
59490
59490
59493
59494
59497
59499
59499
59502
59504
59504
59505
59507
59508
59508
59510
59512
59514
59515
59515
59517
59519
59522
59522
59522
59522
59523
59524
59525
59528
59528
59529
59530
59531
59532
59532
59534
59535
59535
59536
59540
59541
59541
59542
59546
59546
59547
59547
59548
59553
59555
59556
59556
59557
59557
59558
59558
59560
59560
59560
59562
59563
59563
59564
59564
59565
59565
59565
59568
59568
59569
59569
59569
59573
59577
59577
59578
59582
59582
59582
59583
59583
59585
59588
59590
59594
59598
59600
59602
59602
59602
59603
59603
59604
59604
59606
59607
59608
59610
59614
59614
59616
59618
59621
59626
59626
59629
59632
59633
59633
59634
59635
59636
59636
59638
59639
59641
59641
59641
59641
59642
59643
59644
59644
59646
59649
59653
59654
59655
59655
59655
59656
59656
59657
59659
59660
59662
59663
59664
59665
59666
59666
59666
59670
59670
59672
59673
59674
59679
59679
59685
59685
59686
59687
59687
59687
59688
59688
59689
59690
59692
59692
59693
59694
59694
59696
59698
59699
59699
59700
59700
59702
59703
59704
59704
59706
59709
59713
59715
59717
59718
59723
59723
59725
59726
59727
59732
59733
59734
59740
59740
59742
59743
59744
59746
59748
59748
59750
59750
59751
59752
59753
59760
59761
59761
59762
59763
59764
59765
59766
59766
59769
59770
59770
59770
59771
59772
59773
59775
59777
59779
59781
59782
59782
59782
59783
59784
59786
59788
59789
59791
59794
59796
59796
59797
59798
59798
59802
59803
59804
59806
59806
59806
59807
59807
59811
59815
59817
59817
59818
59819
59821
59822
59822
59822
59823
59823
59826
59826
59828
59829
59831
59832
59835
59836
59836
59837
59837
59837
59840
59841
59845
59846
59846
59850
59851
59852
59854
59856
59856
59857
59857
59859
59860
59860
59861
59863
59866
59866
59870
59870
59871
59873
59873
59877
59879
59881
59883
59883
59883
59884
59888
59889
59890
59892
59892
59893
59893
59896
59898
59899
59900
59900
59900
59901
59906
59907
59909
59909
59909
59910
59912
59912
59913
59913
59914
59914
59918
59919
59920
59920
59921
59921
59924
59925
59926
59928
59931
59932
59932
59933
59935
59936
59936
59936
59939
59940
59941
59941
59943
59945
59946
59947
59947
59949
59950
59951
59952
59953
59953
59954
59956
59957
59958
59958
59960
59961
59961
59961
59962
59963
59963
59965
59966
59966
59968
59968
59970
59970
59971
59972
59974
59975
59976
59978
59980
59981
59982
59984
59984
59985
59986
59986
59986
59986
59993
59995
59996
59998
59998
60000
60001
60001
60003
60009
60010
60010
60011
60013
60013
60013
60014
60015
60016
60023
60023
60024
60025
60028
60030
60031
60031
60031
60033
60036
60036
60037
60037
60038
60043
60045
60045
60045
60045
60047
60047
60049
60051
60052
60053
60056
60056
60056
60058
60058
60059
60062
60063
60064
60065
60065
60068
60069
60070
60071
60071
60072
60073
60073
60073
60074
60075
60076
60077
60077
60078
60080
60082
60083
60083
60083
60086
60086
60089
60090
60091
60092
60093
60093
60095
60096
60097
60098
60098
60099
60100
60101
60104
60104
60104
60104
60105
60106
60107
60107
60109
60112
60114
60114
60115
60115
60116
60119
60119
60120
60122
60125
60126
60126
60126
60126
60129
60130
60132
60134
60136
60136
60136
60137
60138
60138
60138
60139
60139
60140
60140
60141
60142
60143
60143
60144
60146
60149
60150
60151
60153
60154
60155
60155
60155
60156
60157
60157
60161
60161
60163
60164
60166
60167
60167
60169
60169
60169
60170
60170
60173
60173
60176
60176
60178
60179
60179
60180
60181
60183
60184
60185
60185
60188
60190
60190
60190
60190
60191
60192
60198
60198
60198
60199
60200
60201
60205
60205
60205
60207
60207
60208
60208
60208
60211
60212
60213
60213
60213
60214
60214
60215
60215
60218
60219
60219
60219
60221
60224
60224
60224
60227
60228
60229
60230
60232
60235
60236
60240
60240
60241
60242
60244
60245
60246
60247
60249
60250
60251
60252
60253
60254
60254
60257
60257
60260
60262
60263
60263
60263
60265
60265
60267
60268
60270
60270
60274
60274
60274
60275
60277
60278
60278
60280
60280
60281
60283
60284
60284
60286
60287
60291
60291
60292
60292
60294
60294
60295
60296
60296
60296
60296
60297
60297
60298
60300
60300
60300
60302
60302
60303
60305
60306
60308
60308
60308
60310
60311
60315
60316
60317
60317
60318
60319
60319
60319
60320
60321
60322
60322
60323
60325
60326
60326
60327
60328
60328
60330
60332
60333
60333
60334
60334
60336
60340
60341
60343
60343
60343
60344
60344
60345
60345
60348
60349
60349
60349
60350
60352
60354
60356
60358
60358
60358
60361
60363
60365
60365
60367
60367
60368
60368
60371
60373
60373
60374
60374
60374
60376
60376
60377
60377
60377
60380
60383
60384
60384
60385
60385
60386
60387
60387
60387
60388
60389
60389
60390
60390
60392
60394
60396
60396
60398
60400
60401
60401
60403
60403
60403
60404
60405
60407
60408
60409
60409
60411
60411
60412
60413
60413
60413
60413
60417
60418
60419
60420
60420
60421
60422
60423
60431
60431
60433
60434
60434
60440
60441
60441
60441
60445
60445
60448
60448
60451
60452
60453
60453
60453
60455
60457
60458
60462
60463
60464
60466
60467
60469
60471
60471
60472
60473
60474
60479
60479
60479
60479
60479
60482
60483
60483
60485
60486
60490
60491
60492
60495
60496
60497
60498
60501
60502
60502
60502
60504
60507
60508
60511
60512
60513
60514
60514
60517
60518
60518
60520
60521
60522
60524
60524
60525
60527
60528
60529
60530
60531
60533
60533
60533
60536
60537
60537
60538
60544
60546
60549
60550
60553
60555
60555
60556
60556
60557
60562
60562
60564
60564
60566
60567
60571
60571
60571
60572
60575
60576
60576
60578
60579
60581
60581
60581
60582
60588
60588
60590
60590
60590
60591
60591
60592
60592
60593
60594
60594
60596
60597
60598
60600
60601
60602
60603
60604
60604
60606
60607
60609
60612
60613
60613
60614
60615
60617
60618
60619
60627
60629
60631
60634
60635
60638
60639
60640
60640
60641
60642
60643
60643
60646
60647
60647
60648
60648
60651
60651
60652
60653
60654
60656
60657
60658
60658
60661
60662
60663
60663
60669
60671
60673
60678
60678
60678
60684
60690
60691
60692
60695
60697
60697
60697
60698
60700
60704
60710
60714
60716
60717
60717
60717
60717
60717
60720
60721
60724
60725
60726
60729
60731
60733
60734
60734
60734
60737
60737
60739
60740
60740
60743
60745
60746
60746
60748
60748
60751
60755
60755
60756
60760
60761
60761
60764
60767
60771
60772
60774
60774
60774
60776
60778
60779
60780
60781
60782
60783
60784
60784
60785
60787
60790
60791
60793
60793
60795
60795
60796
60798
60803
60804
60805
60805
60806
60807
60808
60810
60812
60812
60813
60815
60815
60817
60817
60818
60818
60823
60827
60827
60828
60828
60828
60829
60831
60834
60834
60836
60839
60842
60842
60843
60844
60847
60849
60849
60850
60851
60851
60852
60853
60853
60855
60855
60856
60857
60857
60859
60861
60861
60861
60862
60863
60863
60866
60867
60867
60867
60867
60869
60872
60874
60878
60882
60885
60886
60887
60888
60888
60888
60889
60891
60892
60894
60899
60901
60903
60903
60903
60903
60906
60907
60907
60908
60908
60909
60909
60910
60910
60911
60911
60912
60912
60916
60918
60919
60920
60920
60923
60924
60924
60924
60925
60926
60927
60932
60932
60933
60933
60934
60934
60936
60936
60936
60937
60938
60939
60940
60942
60942
60943
60944
60944
60944
60946
60948
60949
60949
60951
60952
60953
60954
60955
60956
60957
60959
60960
60960
60962
60963
60963
60965
60965
60966
60966
60968
60970
60970
60972
60972
60972
60974
60974
60975
60977
60977
60977
60978
60979
60979
60980
60980
60983
60983
60984
60985
60986
60988
60988
60988
60988
60989
60991
60994
60994
60994
60995
60995
60996
60996
60997
60998
61002
61004
61006
61007
61008
61009
61010
61010
61011
61012
61014
61015
61016
61017
61021
61022
61022
61023
61023
61024
61024
61028
61029
61030
61032
61033
61037
61038
61038
61039
61039
61039
61041
61043
61043
61043
61048
61049
61052
61053
61053
61056
61060
61061
61061
61062
61062
61063
61064
61067
61067
61069
61070
61071
61071
61075
61076
61078
61078
61079
61080
61083
61084
61084
61084
61085
61085
61086
61088
61090
61092
61092
61093
61094
61095
61097
61097
61097
61100
61100
61101
61102
61103
61106
61111
61114
61115
61118
61119
61120
61121
61121
61123
61123
61124
61127
61127
61128
61129
61130
61130
61130
61131
61133
61134
61135
61135
61136
61136
61137
61141
61142
61143
61144
61144
61144
61145
61146
61147
61148
61148
61148
61148
61149
61149
61151
61152
61157
61158
61159
61159
61160
61163
61167
61167
61168
61169
61169
61170
61172
61173
61174
61175
61176
61180
61181
61181
61183
61188
61189
61190
61190
61191
61191
61196
61196
61197
61200
61201
61201
61202
61202
61207
61207
61210
61211
61212
61212
61212
61212
61215
61215
61216
61217
61219
61221
61225
61227
61227
61228
61229
61230
61233
61234
61237
61238
61240
61240
61240
61241
61244
61247
61248
61250
61250
61251
61251
61255
61257
61259
61259
61260
61261
61264
61266
61266
61267
61267
61268
61268
61268
61269
61270
61272
61273
61275
61275
61276
61277
61277
61278
61278
61280
61281
61282
61282
61283
61284
61285
61285
61287
61287
61287
61288
61290
61292
61292
61292
61293
61293
61293
61294
61294
61299
61301
61304
61304
61308
61309
61312
61313
61314
61316
61323
61323
61324
61324
61326
61327
61330
61334
61335
61335
61336
61338
61339
61341
61341
61342
61343
61345
61346
61347
61350
61350
61351
61352
61355
61355
61356
61359
61359
61360
61360
61360
61360
61361
61363
61364
61369
61370
61371
61373
61375
61375
61378
61378
61380
61383
61383
61386
61387
61388
61389
61389
61395
61397
61398
61401
61402
61402
61403
61403
61404
61405
61405
61406
61407
61409
61411
61415
61415
61415
61416
61417
61419
61421
61422
61422
61424
61425
61427
61428
61430
61430
61430
61431
61432
61432
61433
61434
61435
61437
61438
61439
61440
61441
61441
61441
61451
61451
61453
61454
61455
61457
61457
61458
61459
61459
61462
61463
61464
61465
61465
61465
61466
61468
61470
61470
61473
61474
61476
61476
61476
61478
61479
61479
61480
61481
61481
61483
61484
61484
61484
61484
61485
61486
61488
61489
61490
61492
61494
61495
61495
61496
61502
61502
61502
61504
61506
61506
61506
61509
61513
61515
61515
61517
61518
61520
61520
61523
61524
61524
61528
61528
61530
61533
61535
61539
61540
61545
61546
61546
61547
61547
61554
61554
61554
61555
61555
61556
61557
61557
61557
61559
61560
61562
61563
61569
61570
61570
61570
61571
61574
61575
61577
61578
61581
61581
61583
61585
61587
61589
61589
61590
61591
61592
61597
61597
61598
61599
61601
61603
61604
61608
61609
61610
61610
61610
61612
61614
61616
61617
61627
61629
61630
61633
61636
61639
61640
61641
61642
61646
61647
61648
61649
61650
61650
61651
61653
61655
61655
61655
61656
61657
61658
61659
61660
61661
61661
61662
61662
61663
61665
61665
61668
61669
61670
61671
61671
61672
61674
61676
61677
61677
61680
61681
61683
61684
61684
61685
61686
61688
61689
61691
61692
61693
61694
61698
61702
61704
61707
61711
61714
61714
61714
61715
61718
61721
61723
61723
61723
61729
61730
61731
61731
61742
61743
61745
61747
61753
61754
61755
61755
61756
61759
61760
61761
61764
61766
61766
61766
61766
61767
61767
61769
61772
61775
61775
61777
61778
61779
61783
61786
61787
61790
61792
61792
61794
61795
61796
61798
61798
61801
61803
61803
61804
61809
61812
61814
61815
61815
61818
61819
61819
61820
61821
61823
61824
61827
61828
61829
61831
61832
61832
61832
61838
61839
61839
61841
61847
61851
61854
61854
61854
61855
61855
61856
61857
61860
61863
61863
61865
61865
61865
61866
61866
61867
61868
61869
61874
61876
61876
61880
61880
61881
61881
61882
61883
61885
61890
61892
61892
61892
61894
61894
61895
61896
61898
61898
61898
61901
61905
61907
61907
61908
61909
61909
61909
61910
61910
61910
61910
61911
61911
61912
61914
61915
61917
61917
61918
61918
61918
61923
61930
61931
61932
61933
61933
61933
61937
61938
61938
61939
61940
61944
61944
61944
61945
61946
61946
61946
61948
61948
61951
61952
61952
61953
61956
61958
61958
61965
61965
61966
61967
61967
61968
61970
61973
61975
61975
61976
61976
61977
61977
61978
61978
61980
61981
61982
61983
61986
61986
61988
61988
61988
61989
61993
61997
61998
62003
62004
62005
62011
62015
62015
62017
62019
62020
62024
62026
62026
62030
62031
62033
62034
62035
62036
62038
62039
62043
62045
62045
62047
62047
62048
62050
62050
62051
62057
62058
62058
62058
62061
62063
62065
62065
62066
62066
62066
62067
62070
62070
62070
62070
62070
62071
62071
62073
62074
62074
62074
62074
62075
62076
62077
62077
62083
62084
62084
62085
62085
62087
62089
62090
62090
62091
62091
62092
62092
62094
62096
62097
62099
62101
62102
62104
62104
62104
62106
62106
62108
62109
62114
62114
62115
62116
62116
62118
62124
62125
62127
62128
62128
62129
62129
62130
62130
62131
62133
62134
62134
62134
62137
62138
62140
62143
62145
62148
62149
62150
62150
62152
62152
62154
62155
62159
62160
62160
62162
62163
62165
62166
62166
62166
62166
62168
62169
62173
62174
62174
62178
62179
62179
62179
62181
62182
62182
62183
62183
62187
62188
62188
62192
62194
62195
62195
62195
62196
62196
62196
62197
62199
62200
62201
62201
62202
62203
62207
62208
62211
62211
62212
62212
62216
62220
62220
62227
62228
62228
62228
62229
62230
62232
62232
62236
62236
62240
62242
62243
62245
62246
62246
62248
62250
62251
62254
62255
62256
62257
62257
62259
62259
62262
62262
62265
62267
62268
62269
62271
62271
62275
62278
62281
62281
62281
62287
62289
62289
62291
62295
62296
62297
62301
62303
62304
62304
62309
62310
62317
62317
62319
62322
62322
62322
62327
62329
62330
62330
62330
62330
62331
62335
62336
62337
62340
62340
62340
62340
62343
62345
62345
62346
62346
62346
62349
62349
62349
62354
62354
62357
62358
62360
62360
62360
62363
62367
62368
62369
62369
62370
62372
62372
62373
62374
62379
62379
62380
62382
62383
62385
62386
62387
62388
62389
62393
62394
62394
62395
62395
62402
62402
62403
62407
62409
62409
62412
62419
62419
62419
62424
62424
62424
62426
62426
62427
62431
62432
62439
62439
62440
62441
62442
62446
62447
62447
62449
62449
62451
62452
62455
62457
62457
62457
62461
62462
62466
62467
62468
62471
62473
62473
62473
62474
62475
62476
62477
62480
62480
62480
62482
62482
62483
62483
62486
62487
62489
62492
62495
62496
62496
62499
62499
62499
62499
62501
62504
62505
62505
62506
62509
62509
62510
62510
62510
62511
62511
62512
62515
62516
62516
62516
62518
62519
62520
62521
62521
62522
62523
62525
62527
62528
62528
62529
62530
62532
62533
62535
62538
62542
62543
62545
62545
62546
62546
62547
62550
62551
62554
62555
62559
62561
62566
62566
62568
62568
62569
62572
62572
62573
62573
62575
62575
62577
62577
62578
62580
62581
62581
62583
62584
62586
62586
62587
62588
62588
62590
62591
62591
62592
62594
62595
62595
62599
62599
62601
62602
62605
62605
62607
62608
62610
62613
62617
62618
62619
62620
62621
62624
62625
62625
62625
62628
62630
62630
62633
62633
62633
62634
62636
62639
62643
62643
62645
62645
62647
62648
62648
62649
62649
62654
62655
62656
62656
62657
62658
62659
62660
62663
62663
62665
62665
62666
62668
62672
62675
62676
62676
62679
62682
62683
62684
62684
62685
62689
62690
62691
62691
62692
62693
62696
62698
62699
62700
62700
62700
62703
62703
62704
62704
62705
62706
62706
62706
62707
62708
62709
62711
62712
62714
62714
62715
62716
62717
62718
62720
62721
62721
62722
62725
62726
62726
62728
62728
62728
62728
62729
62730
62732
62735
62737
62738
62740
62741
62742
62747
62749
62751
62755
62756
62756
62757
62757
62758
62760
62761
62763
62763
62763
62764
62765
62766
62767
62769
62776
62777
62777
62777
62779
62780
62783
62784
62786
62787
62790
62793
62794
62796
62797
62800
62801
62801
62801
62801
62804
62805
62806
62809
62809
62809
62812
62813
62813
62814
62815
62816
62816
62820
62821
62823
62826
62829
62830
62832
62832
62833
62834
62835
62836
62838
62840
62840
62841
62843
62844
62844
62846
62847
62847
62847
62848
62848
62849
62850
62850
62852
62854
62857
62857
62859
62860
62861
62861
62862
62862
62864
62865
62866
62868
62870
62871
62872
62872
62873
62873
62874
62874
62876
62876
62877
62879
62882
62882
62883
62887
62888
62888
62888
62889
62893
62895
62896
62897
62897
62897
62900
62900
62900
62903
62904
62904
62904
62905
62906
62906
62908
62910
62910
62911
62911
62911
62912
62912
62915
62916
62921
62930
62931
62931
62938
62941
62946
62947
62950
62952
62952
62954
62956
62957
62959
62959
62959
62962
62964
62964
62967
62967
62970
62971
62972
62975
62976
62976
62983
62984
62985
62986
62987
62987
62989
62991
62992
62993
62994
62994
62994
62998
62999
63000
63000
63003
63004
63004
63004
63006
63009
63010
63011
63011
63012
63012
63013
63014
63016
63017
63020
63023
63025
63025
63026
63027
63027
63029
63033
63034
63037
63037
63040
63040
63042
63045
63045
63045
63046
63047
63055
63059
63061
63062
63063
63066
63067
63068
63068
63070
63070
63071
63071
63075
63076
63078
63080
63081
63081
63082
63082
63084
63084
63085
63086
63086
63088
63092
63094
63094
63095
63098
63098
63099
63100
63101
63103
63104
63105
63106
63107
63108
63108
63109
63109
63111
63112
63114
63114
63116
63116
63116
63116
63122
63123
63124
63125
63127
63131
63131
63133
63133
63137
63137
63138
63139
63140
63141
63141
63142
63143
63144
63144
63145
63146
63146
63147
63151
63154
63154
63161
63162
63162
63162
63162
63164
63167
63168
63168
63169
63170
63170
63171
63171
63173
63173
63174
63174
63176
63181
63181
63183
63183
63184
63186
63186
63188
63190
63190
63193
63195
63199
63200
63201
63202
63204
63205
63205
63205
63205
63206
63210
63210
63210
63212
63212
63212
63213
63214
63215
63215
63216
63218
63219
63219
63221
63221
63222
63223
63224
63225
63227
63228
63228
63230
63230
63231
63231
63233
63233
63234
63237
63244
63246
63247
63250
63251
63252
63252
63252
63254
63254
63255
63258
63258
63259
63259
63259
63261
63261
63262
63262
63263
63264
63265
63268
63270
63270
63270
63271
63273
63275
63277
63278
63279
63279
63280
63280
63280
63281
63282
63285
63285
63285
63286
63287
63287
63287
63288
63289
63289
63293
63293
63295
63296
63296
63297
63300
63301
63302
63303
63306
63307
63308
63310
63310
63314
63315
63315
63317
63319
63321
63322
63324
63324
63326
63327
63327
63328
63330
63330
63331
63331
63331
63334
63334
63336
63336
63337
63338
63339
63341
63342
63342
63345
63345
63346
63347
63349
63349
63350
63357
63357
63359
63359
63359
63360
63363
63363
63365
63366
63366
63367
63368
63369
63371
63371
63372
63374
63376
63376
63379
63382
63384
63384
63388
63393
63394
63394
63395
63396
63396
63402
63403
63408
63408
63410
63411
63412
63413
63416
63417
63418
63418
63420
63421
63422
63423
63425
63427
63428
63429
63433
63434
63434
63434
63435
63436
63438
63438
63439
63440
63442
63445
63447
63448
63450
63453
63454
63458
63459
63463
63463
63466
63467
63469
63469
63470
63470
63472
63472
63473
63474
63475
63475
63476
63477
63477
63479
63479
63481
63482
63482
63486
63486
63488
63490
63490
63491
63492
63493
63503
63504
63507
63507
63507
63507
63509
63513
63515
63516
63517
63519
63520
63521
63522
63523
63525
63525
63525
63531
63531
63534
63536
63537
63537
63539
63539
63539
63539
63539
63540
63542
63542
63543
63546
63547
63548
63551
63551
63551
63555
63560
63560
63563
63564
63565
63566
63568
63568
63569
63572
63574
63574
63574
63574
63575
63575
63576
63577
63577
63578
63579
63580
63581
63582
63585
63585
63587
63590
63593
63594
63595
63596
63598
63599
63600
63603
63606
63606
63609
63609
63609
63610
63613
63613
63613
63616
63616
63617
63619
63620
63621
63624
63625
63625
63629
63629
63630
63631
63633
63634
63635
63638
63639
63641
63643
63643
63644
63645
63647
63649
63654
63654
63656
63658
63660
63661
63663
63664
63666
63666
63667
63667
63667
63667
63669
63671
63671
63671
63672
63673
63673
63675
63677
63678
63679
63679
63680
63683
63685
63686
63687
63687
63688
63688
63689
63689
63692
63693
63693
63695
63696
63697
63697
63697
63697
63697
63698
63700
63704
63704
63706
63708
63712
63714
63714
63720
63721
63722
63724
63729
63729
63732
63733
63733
63735
63736
63737
63737
63738
63739
63740
63740
63740
63741
63743
63743
63744
63745
63745
63746
63746
63746
63747
63747
63747
63748
63749
63749
63749
63749
63750
63751
63753
63755
63756
63758
63758
63759
63759
63759
63761
63763
63763
63764
63764
63765
63765
63768
63768
63769
63775
63776
63776
63780
63782
63784
63784
63785
63786
63787
63787
63787
63787
63788
63790
63793
63794
63795
63798
63798
63801
63802
63804
63805
63807
63808
63809
63810
63810
63811
63813
63813
63813
63813
63813
63814
63818
63820
63821
63822
63825
63825
63828
63828
63829
63830
63830
63831
63835
63836
63837
63838
63839
63840
63841
63841
63842
63844
63844
63848
63848
63851
63851
63852
63856
63857
63857
63858
63859
63860
63862
63863
63864
63868
63872
63873
63874
63877
63878
63883
63885
63885
63887
63887
63888
63890
63893
63894
63894
63896
63896
63897
63897
63898
63899
63899
63901
63904
63909
63911
63913
63914
63915
63916
63919
63920
63920
63923
63925
63928
63929
63930
63931
63932
63932
63934
63935
63935
63936
63937
63937
63938
63940
63943
63943
63944
63948
63948
63950
63951
63958
63963
63964
63969
63970
63971
63973
63975
63976
63976
63977
63980
63980
63987
63987
63989
63990
63992
63992
63992
63993
63993
63995
63997
63997
63999
63999
64000
64006
64009
64010
64010
64011
64011
64012
64012
64012
64014
64015
64015
64016
64018
64019
64019
64020
64020
64020
64021
64023
64023
64025
64025
64028
64029
64029
64030
64030
64032
64032
64035
64040
64041
64045
64046
64048
64049
64051
64051
64057
64057
64058
64058
64060
64061
64061
64061
64062
64062
64063
64065
64065
64067
64071
64071
64072
64074
64075
64075
64075
64077
64078
64078
64080
64081
64081
64081
64083
64083
64084
64084
64087
64088
64088
64089
64090
64091
64091
64094
64095
64096
64096
64099
64103
64104
64105
64108
64109
64111
64111
64112
64113
64114
64115
64115
64115
64116
64116
64118
64119
64120
64121
64122
64123
64123
64124
64124
64125
64125
64128
64129
64132
64134
64136
64137
64137
64138
64138
64138
64139
64140
64140
64143
64147
64147
64148
64149
64152
64152
64152
64154
64158
64160
64163
64165
64166
64169
64172
64172
64174
64184
64185
64186
64186
64186
64187
64189
64190
64191
64191
64193
64193
64194
64194
64197
64197
64198
64198
64200
64201
64203
64203
64206
64208
64211
64211
64213
64214
64217
64217
64219
64220
64220
64220
64223
64223
64224
64224
64224
64226
64226
64229
64230
64230
64231
64232
64234
64235
64237
64237
64238
64239
64241
64241
64243
64244
64244
64246
64246
64247
64249
64249
64250
64253
64254
64256
64257
64258
64259
64259
64260
64260
64260
64261
64263
64264
64264
64264
64265
64266
64266
64266
64266
64268
64268
64268
64271
64271
64272
64272
64272
64273
64275
64276
64276
64280
64281
64281
64285
64286
64288
64288
64289
64289
64290
64290
64293
64293
64294
64296
64296
64298
64299
64301
64303
64304
64308
64309
64309
64309
64310
64311
64311
64313
64316
64317
64318
64319
64326
64329
64330
64331
64333
64334
64334
64334
64337
64337
64338
64339
64340
64340
64341
64341
64341
64342
64342
64343
64348
64354
64355
64358
64359
64360
64360
64360
64363
64364
64364
64366
64367
64367
64368
64371
64371
64372
64372
64374
64374
64374
64374
64374
64377
64378
64380
64381
64383
64384
64385
64386
64392
64393
64393
64394
64396
64397
64397
64398
64399
64401
64401
64403
64405
64407
64408
64410
64410
64410
64410
64411
64414
64416
64418
64419
64420
64420
64421
64422
64423
64423
64424
64431
64435
64435
64435
64436
64436
64437
64438
64440
64440
64441
64441
64443
64443
64445
64445
64445
64446
64447
64448
64448
64448
64449
64450
64454
64454
64455
64457
64459
64459
64460
64461
64462
64463
64464
64464
64465
64467
64467
64469
64469
64470
64471
64471
64471
64472
64472
64473
64475
64475
64476
64478
64479
64479
64480
64482
64486
64487
64488
64490
64492
64493
64496
64498
64499
64499
64499
64500
64506
64507
64508
64508
64511
64515
64515
64519
64520
64525
64530
64530
64531
64534
64537
64540
64540
64544
64544
64545
64546
64546
64548
64548
64549
64552
64552
64552
64553
64554
64557
64558
64558
64560
64564
64565
64565
64567
64567
64568
64568
64568
64569
64570
64572
64573
64574
64575
64577
64579
64582
64582
64583
64585
64585
64586
64586
64587
64587
64587
64590
64590
64591
64592
64593
64594
64595
64596
64599
64600
64608
64608
64608
64609
64612
64615
64615
64617
64619
64621
64621
64622
64624
64628
64638
64640
64640
64641
64641
64642
64642
64642
64646
64647
64648
64648
64651
64653
64654
64655
64656
64656
64657
64659
64661
64664
64665
64666
64670
64671
64671
64671
64672
64675
64675
64675
64676
64679
64682
64682
64683
64683
64688
64688
64690
64691
64692
64693
64693
64695
64696
64698
64698
64700
64704
64704
64706
64708
64709
64710
64710
64710
64711
64711
64713
64715
64716
64717
64720
64720
64721
64721
64723
64723
64724
64726
64727
64729
64733
64734
64734
64736
64738
64741
64741
64741
64742
64742
64743
64744
64745
64746
64748
64748
64752
64752
64758
64759
64762
64762
64764
64766
64771
64771
64771
64775
64776
64776
64777
64778
64780
64783
64783
64786
64786
64788
64791
64792
64792
64794
64795
64799
64802
64803
64804
64804
64806
64807
64810
64810
64811
64814
64815
64816
64816
64816
64817
64817
64819
64821
64826
64826
64828
64830
64830
64831
64831
64832
64832
64834
64835
64836
64837
64838
64839
64839
64839
64839
64840
64849
64850
64852
64853
64856
64858
64859
64860
64863
64863
64866
64868
64869
64869
64869
64872
64874
64875
64878
64878
64879
64880
64880
64881
64885
64886
64887
64888
64889
64889
64890
64891
64892
64893
64894
64894
64897
64898
64899
64900
64902
64902
64903
64903
64905
64906
64907
64911
64911
64912
64913
64915
64916
64919
64923
64925
64925
64927
64928
64930
64931
64934
64934
64935
64936
64938
64938
64939
64942
64943
64944
64945
64946
64946
64948
64948
64950
64951
64953
64954
64955
64956
64958
64958
64960
64961
64961
64962
64963
64964
64965
64967
64971
64971
64973
64974
64975
64976
64976
64978
64979
64979
64980
64981
64982
64982
64983
64985
64985
64986
64987
64988
64988
64994
64995
64997
65002
65003
65005
65006
65006
65006
65006
65007
65009
65009
65010
65010
65010
65012
65014
65019
65020
65022
65023
65024
65024
65027
65027
65029
65030
65034
65035
65035
65038
65040
65041
65042
65043
65047
65047
65048
65049
65049
65049
65050
65050
65051
65054
65055
65055
65059
65060
65060
65060
65066
65067
65068
65068
65072
65075
65081
65085
65086
65088
65092
65094
65096
65097
65099
65105
65105
65106
65106
65107
65108
65109
65109
65109
65109
65109
65110
65110
65113
65114
65115
65117
65119
65119
65121
65122
65124
65126
65126
65128
65134
65134
65135
65136
65141
65142
65142
65143
65145
65146
65147
65149
65153
65153
65154
65155
65155
65159
65160
65161
65163
65164
65165
65167
65171
65171
65172
65174
65176
65177
65177
65178
65179
65181
65181
65181
65183
65183
65185
65185
65186
65187
65187
65188
65188
65191
65191
65192
65193
65195
65195
65197
65198
65199
65200
65200
65201
65204
65204
65205
65205
65205
65206
65209
65211
65213
65213
65214
65214
65215
65216
65218
65218
65222
65223
65223
65228
65230
65230
65232
65234
65235
65235
65239
65243
65243
65244
65244
65249
65250
65251
65252
65255
65255
65258
65259
65259
65260
65261
65265
65265
65266
65266
65268
65270
65271
65273
65277
65279
65279
65280
65280
65281
65282
65283
65284
65285
65289
65290
65294
65294
65294
65295
65295
65296
65298
65299
65301
65301
65301
65303
65303
65303
65304
65307
65308
65308
65309
65311
65311
65311
65314
65314
65315
65315
65315
65317
65318
65319
65322
65325
65328
65329
65330
65330
65332
65333
65333
65335
65338
65338
65340
65343
65346
65346
65348
65353
65354
65356
65357
65357
65362
65363
65363
65365
65366
65367
65368
65371
65374
65376
65376
65377
65379
65380
65383
65383
65385
65387
65390
65393
65395
65395
65397
65399
65399
65400
65400
65402
65403
65403
65404
65404
65404
65404
65406
65406
65407
65407
65409
65410
65410
65411
65412
65413
65413
65413
65413
65413
65414
65415
65417
65421
65423
65426
65426
65428
65428
65429
65430
65430
65430
65431
65431
65435
65436
65436
65436
65438
65442
65442
65443
65445
65446
65446
65446
65447
65448
65450
65451
65451
65452
65452
65452
65453
65454
65454
65456
65457
65458
65458
65460
65460
65463
65465
65465
65465
65465
65467
65468
65470
65472
65473
65478
65480
65481
65482
65483
65485
65486
65486
65487
65488
65488
65489
65491
65491
65491
65493
65496
65497
65498
65498
65498
65500
65502
65503
65505
65508
65510
65512
65513
65515
65515
65516
65518
65518
65522
65524
65524
65525
65526
65533
65533
65534
65535
65536
65536
65537
65538
65542
65543
65544
65544
65544
65545
65547
65549
65550
65551
65553
65556
65558
65559
65565
65566
65567
65570
65571
65571
65577
65577
65580
65580
65581
65581
65582
65586
65586
65587
65589
65589
65590
65590
65592
65593
65596
65596
65597
65601
65603
65607
65607
65612
65613
65614
65615
65616
65620
65623
65623
65623
65624
65629
65630
65630
65630
65630
65631
65634
65636
65639
65640
65641
65644
65645
65647
65650
65653
65654
65657
65659
65661
65665
65669
65670
65674
65675
65678
65678
65680
65681
65681
65682
65683
65685
65686
65686
65687
65687
65688
65691
65693
65696
65696
65697
65697
65698
65699
65701
65701
65702
65703
65704
65706
65707
65707
65709
65713
65713
65715
65715
65717
65723
65725
65726
65726
65729
65733
65735
65735
65735
65736
65736
65738
65738
65739
65739
65740
65741
65743
65743
65744
65744
65746
65748
65748
65752
65752
65756
65758
65759
65761
65761
65761
65761
65762
65762
65763
65764
65765
65769
65770
65774
65774
65778
65779
65781
65782
65783
65783
65789
65792
65795
65797
65799
65799
65799
65801
65803
65806
65809
65810
65813
65815
65816
65816
65817
65819
65820
65821
65821
65822
65824
65824
65825
65825
65827
65827
65830
65832
65833
65833
65834
65834
65835
65837
65839
65839
65841
65842
65843
65844
65844
65845
65847
65848
65852
65853
65853
65855
65858
65860
65860
65861
65862
65862
65864
65864
65866
65866
65866
65867
65869
65871
65871
65872
65872
65873
65873
65874
65874
65874
65875
65876
65877
65878
65879
65881
65881
65882
65885
65886
65888
65890
65890
65892
65892
65893
65893
65897
65897
65898
65905
65907
65907
65908
65909
65909
65910
65912
65913
65916
65919
65920
65921
65922
65924
65925
65925
65927
65928
65931
65937
65937
65940
65941
65945
65946
65948
65948
65949
65950
65956
65956
65958
65959
65961
65962
65963
65965
65966
65966
65969
65969
65970
65971
65973
65975
65977
65977
65977
65977
65978
65979
65980
65981
65984
65985
65986
65986
65989
65990
65994
65994
65995
65995
65995
65997
65999
65999
66001
66002
66002
66003
66003
66004
66005
66006
66007
66010
66011
66012
66012
66012
66013
66015
66015
66018
66020
66020
66022
66022
66022
66025
66025
66031
66031
66032
66032
66035
66035
66037
66038
66038
66039
66040
66041
66042
66043
66046
66047
66051
66052
66052
66052
66058
66060
66061
66062
66065
66066
66067
66067
66068
66068
66069
66070
66070
66071
66072
66072
66072
66076
66077
66078
66080
66080
66080
66081
66081
66084
66086
66089
66091
66091
66092
66093
66093
66094
66095
66095
66097
66097
66098
66100
66103
66104
66105
66107
66109
66110
66110
66111
66112
66112
66114
66121
66123
66124
66129
66131
66133
66133
66138
66139
66141
66143
66143
66144
66146
66146
66148
66150
66153
66154
66156
66157
66158
66158
66158
66159
66159
66162
66162
66162
66164
66164
66166
66167
66169
66170
66172
66172
66173
66175
66175
66176
66176
66178
66179
66179
66180
66181
66181
66182
66184
66187
66188
66193
66193
66194
66195
66196
66197
66202
66202
66203
66203
66204
66205
66205
66206
66208
66210
66210
66212
66215
66218
66218
66219
66220
66221
66221
66224
66225
66227
66228
66230
66232
66234
66237
66238
66238
66239
66241
66241
66245
66245
66246
66246
66248
66250
66251
66253
66253
66253
66254
66254
66255
66255
66256
66256
66260
66261
66262
66263
66267
66269
66269
66270
66270
66272
66272
66273
66276
66276
66277
66277
66278
66280
66281
66282
66284
66287
66289
66290
66292
66293
66293
66295
66295
66299
66301
66301
66302
66303
66304
66306
66308
66309
66309
66310
66310
66312
66313
66313
66315
66316
66317
66317
66320
66321
66322
66323
66323
66323
66324
66325
66326
66331
66332
66336
66338
66338
66341
66342
66343
66343
66345
66345
66345
66346
66349
66352
66353
66353
66355
66356
66356
66358
66358
66359
66360
66360
66361
66366
66367
66369
66370
66372
66380
66380
66386
66386
66388
66391
66395
66395
66395
66397
66398
66399
66400
66401
66403
66408
66408
66408
66411
66413
66414
66415
66415
66416
66421
66425
66427
66429
66429
66430
66430
66431
66433
66435
66439
66439
66440
66440
66441
66443
66443
66444
66444
66445
66445
66447
66447
66449
66451
66452
66456
66458
66458
66459
66459
66460
66461
66462
66463
66464
66464
66464
66467
66467
66468
66469
66470
66471
66473
66474
66475
66477
66477
66477
66478
66480
66482
66483
66485
66486
66486
66488
66492
66498
66502
66505
66505
66507
66507
66508
66509
66509
66513
66515
66518
66518
66518
66521
66525
66525
66529
66531
66531
66532
66532
66533
66535
66535
66537
66538
66542
66542
66543
66544
66544
66544
66544
66546
66553
66557
66557
66558
66560
66562
66562
66565
66566
66567
66570
66570
66572
66573
66573
66574
66574
66576
66576
66582
66584
66585
66586
66586
66586
66589
66591
66591
66591
66594
66595
66595
66595
66596
66596
66597
66598
66598
66599
66603
66604
66606
66608
66608
66610
66612
66612
66612
66614
66615
66616
66617
66617
66617
66617
66620
66620
66621
66622
66622
66624
66625
66626
66627
66628
66630
66632
66632
66632
66635
66638
66638
66640
66640
66641
66641
66641
66642
66642
66644
66644
66645
66648
66648
66649
66650
66653
66654
66655
66656
66656
66658
66658
66659
66660
66661
66664
66665
66667
66667
66667
66668
66668
66669
66670
66671
66671
66671
66672
66673
66674
66674
66678
66680
66682
66683
66685
66685
66686
66686
66687
66687
66687
66689
66692
66692
66695
66696
66697
66698
66701
66701
66702
66702
66705
66705
66705
66708
66709
66709
66711
66714
66714
66716
66716
66717
66720
66723
66724
66726
66727
66731
66732
66732
66732
66732
66733
66734
66735
66735
66736
66736
66739
66742
66743
66743
66745
66747
66748
66749
66750
66752
66752
66756
66762
66763
66764
66765
66765
66767
66768
66769
66771
66771
66772
66773
66774
66775
66779
66779
66779
66780
66781
66782
66783
66785
66785
66785
66785
66786
66786
66786
66788
66788
66788
66790
66791
66793
66793
66795
66796
66799
66800
66800
66800
66800
66803
66804
66805
66806
66807
66807
66807
66809
66810
66812
66814
66815
66815
66817
66818
66818
66820
66820
66821
66822
66823
66825
66826
66826
66828
66828
66831
66834
66835
66836
66838
66839
66841
66843
66843
66844
66844
66845
66845
66845
66846
66847
66847
66847
66847
66849
66849
66851
66851
66852
66853
66853
66853
66854
66854
66854
66855
66855
66855
66855
66856
66858
66859
66859
66862
66865
66867
66869
66870
66870
66870
66870
66871
66873
66876
66876
66878
66878
66878
66879
66879
66881
66882
66885
66886
66887
66890
66891
66892
66892
66892
66893
66894
66895
66902
66903
66903
66904
66906
66906
66907
66907
66907
66908
66912
66912
66912
66913
66914
66914
66915
66916
66917
66917
66921
66922
66924
66927
66928
66930
66933
66934
66937
66937
66937
66941
66941
66942
66945
66947
66950
66951
66951
66953
66955
66958
66959
66961
66962
66963
66965
66968
66969
66971
66972
66976
66977
66978
66979
66981
66981
66983
66985
66989
66990
66991
66993
66995
66997
66998
67001
67001
67002
67007
67008
67013
67018
67018
67019
67021
67021
67022
67025
67025
67028
67031
67033
67034
67036
67037
67041
67041
67042
67044
67045
67045
67049
67052
67052
67053
67053
67054
67057
67057
67058
67058
67058
67060
67061
67063
67067
67071
67073
67075
67079
67080
67080
67080
67081
67081
67082
67082
67085
67086
67088
67088
67090
67091
67092
67094
67096
67097
67097
67097
67098
67100
67103
67106
67109
67110
67111
67111
67112
67113
67113
67114
67115
67118
67120
67120
67120
67121
67125
67127
67131
67133
67134
67135
67135
67137
67139
67139
67141
67149
67152
67153
67154
67156
67158
67158
67159
67161
67165
67167
67168
67170
67173
67177
67179
67181
67181
67181
67181
67182
67186
67188
67189
67191
67192
67193
67194
67198
67198
67198
67200
67200
67201
67203
67204
67205
67206
67206
67208
67208
67209
67210
67210
67215
67217
67218
67226
67227
67228
67233
67235
67235
67235
67237
67239
67242
67242
67242
67243
67247
67247
67250
67253
67253
67254
67254
67255
67258
67262
67264
67265
67266
67267
67268
67268
67270
67274
67274
67275
67278
67279
67280
67281
67282
67283
67288
67289
67291
67292
67294
67294
67296
67299
67300
67302
67305
67307
67307
67314
67315
67316
67317
67319
67321
67325
67328
67329
67329
67329
67332
67332
67332
67332
67333
67338
67338
67340
67342
67342
67346
67347
67347
67349
67350
67351
67352
67357
67358
67359
67360
67361
67362
67363
67364
67364
67365
67367
67368
67369
67370
67372
67372
67372
67374
67376
67376
67377
67378
67379
67383
67385
67385
67387
67391
67391
67391
67394
67394
67397
67398
67398
67400
67401
67401
67404
67406
67406
67407
67410
67411
67413
67414
67415
67416
67419
67420
67420
67421
67422
67423
67424
67427
67427
67428
67429
67431
67433
67434
67435
67438
67438
67442
67445
67445
67448
67450
67450
67452
67452
67454
67454
67454
67456
67456
67457
67458
67459
67459
67460
67461
67462
67462
67462
67466
67466
67469
67469
67469
67472
67478
67478
67480
67487
67488
67488
67489
67491
67496
67498
67498
67500
67503
67505
67506
67507
67512
67513
67513
67514
67515
67515
67518
67518
67518
67521
67524
67526
67527
67528
67528
67530
67534
67536
67537
67539
67540
67547
67547
67549
67549
67553
67554
67555
67556
67556
67557
67558
67558
67560
67562
67562
67564
67566
67567
67568
67569
67569
67573
67574
67575
67575
67576
67576
67576
67576
67577
67578
67580
67582
67582
67583
67583
67584
67584
67586
67587
67588
67589
67590
67590
67591
67591
67591
67592
67600
67602
67603
67606
67606
67606
67606
67611
67612
67613
67613
67616
67618
67619
67620
67620
67621
67621
67623
67624
67626
67626
67627
67627
67628
67631
67632
67633
67634
67634
67634
67639
67640
67640
67641
67645
67645
67646
67647
67648
67653
67654
67656
67656
67657
67657
67659
67659
67661
67666
67668
67669
67670
67670
67671
67671
67672
67678
67678
67679
67679
67680
67681
67683
67683
67683
67684
67684
67686
67687
67687
67689
67690
67692
67692
67693
67694
67694
67695
67696
67697
67698
67699
67702
67702
67702
67706
67707
67708
67710
67711
67714
67716
67717
67720
67720
67722
67723
67735
67741
67744
67744
67746
67747
67750
67750
67752
67752
67753
67755
67755
67757
67758
67758
67760
67760
67761
67762
67763
67764
67765
67769
67769
67771
67777
67777
67777
67780
67784
67784
67788
67790
67791
67792
67792
67794
67798
67802
67802
67805
67809
67811
67811
67811
67812
67813
67814
67815
67816
67816
67817
67817
67819
67820
67822
67824
67825
67829
67829
67830
67831
67832
67833
67833
67836
67839
67841
67843
67843
67843
67845
67846
67847
67847
67847
67849
67851
67851
67851
67852
67854
67855
67856
67859
67861
67861
67862
67862
67862
67863
67863
67864
67865
67866
67867
67868
67868
67869
67870
67870
67871
67871
67871
67873
67876
67880
67882
67882
67882
67882
67883
67884
67885
67885
67886
67886
67887
67888
67889
67892
67892
67897
67897
67900
67901
67903
67903
67904
67904
67905
67906
67906
67906
67907
67909
67910
67911
67911
67915
67916
67918
67920
67920
67921
67921
67923
67924
67926
67927
67927
67928
67928
67928
67929
67930
67931
67932
67934
67935
67937
67939
67940
67941
67942
67943
67945
67945
67945
67946
67946
67946
67947
67948
67951
67953
67954
67955
67955
67955
67956
67959
67959
67959
67960
67962
67965
67966
67968
67971
67974
67976
67977
67978
67978
67981
67981
67982
67983
67983
67984
67985
67990
67994
67996
67996
67998
67999
68001
68003
68004
68007
68010
68011
68016
68018
68021
68023
68023
68023
68024
68025
68028
68028
68031
68031
68032
68032
68032
68033
68033
68037
68041
68042
68043
68043
68044
68044
68046
68049
68050
68050
68050
68053
68054
68054
68055
68057
68058
68059
68061
68061
68062
68063
68066
68069
68070
68073
68074
68077
68077
68077
68082
68083
68083
68086
68086
68087
68089
68090
68091
68093
68095
68095
68099
68101
68101
68104
68104
68105
68106
68107
68108
68108
68108
68110
68112
68113
68114
68115
68116
68116
68117
68117
68119
68120
68120
68122
68122
68123
68125
68125
68125
68126
68126
68126
68129
68130
68131
68132
68133
68133
68133
68134
68138
68140
68140
68140
68141
68142
68143
68147
68147
68147
68148
68148
68149
68149
68151
68154
68154
68158
68160
68161
68162
68163
68164
68164
68165
68167
68169
68171
68172
68175
68175
68176
68177
68178
68179
68183
68184
68184
68185
68186
68189
68190
68191
68192
68194
68194
68195
68195
68195
68196
68197
68197
68198
68198
68199
68199
68199
68201
68201
68202
68204
68208
68209
68210
68211
68211
68211
68212
68212
68212
68213
68213
68215
68215
68215
68216
68217
68218
68221
68228
68233
68234
68235
68239
68243
68243
68245
68245
68246
68246
68248
68249
68254
68254
68255
68257
68258
68258
68260
68260
68261
68263
68264
68264
68266
68266
68266
68267
68267
68268
68270
68272
68279
68279
68281
68283
68283
68284
68286
68287
68288
68289
68289
68293
68295
68299
68302
68302
68302
68304
68304
68305
68306
68309
68310
68311
68312
68314
68314
68317
68319
68319
68320
68323
68323
68324
68325
68326
68329
68329
68330
68332
68334
68335
68336
68336
68338
68338
68338
68338
68340
68341
68346
68348
68350
68350
68351
68353
68353
68354
68355
68358
68363
68367
68371
68371
68372
68373
68373
68375
68375
68376
68377
68378
68380
68382
68382
68388
68388
68388
68389
68391
68392
68393
68393
68393
68394
68394
68398
68399
68400
68400
68400
68401
68403
68403
68407
68410
68420
68421
68423
68424
68426
68428
68430
68431
68434
68436
68436
68440
68442
68448
68449
68449
68449
68452
68453
68453
68453
68458
68459
68460
68461
68464
68466
68467
68467
68468
68469
68470
68470
68471
68471
68471
68477
68479
68481
68484
68485
68485
68487
68487
68489
68489
68490
68490
68491
68500
68502
68503
68505
68505
68505
68506
68506
68506
68509
68513
68513
68514
68515
68515
68519
68519
68523
68523
68523
68525
68527
68528
68528
68528
68529
68530
68531
68531
68534
68538
68539
68541
68543
68544
68546
68547
68550
68551
68552
68553
68560
68562
68562
68562
68568
68568
68568
68573
68574
68575
68576
68576
68578
68579
68580
68580
68584
68591
68591
68592
68592
68595
68597
68597
68598
68599
68599
68600
68601
68602
68604
68605
68605
68605
68606
68607
68607
68607
68608
68608
68609
68609
68610
68613
68615
68617
68619
68619
68621
68622
68622
68625
68625
68627
68627
68629
68632
68633
68634
68635
68639
68640
68640
68642
68643
68646
68648
68648
68649
68649
68650
68653
68654
68655
68655
68657
68657
68659
68659
68660
68661
68661
68664
68665
68668
68670
68671
68672
68677
68678
68683
68683
68684
68684
68686
68687
68688
68688
68692
68695
68696
68700
68701
68703
68704
68707
68707
68710
68711
68713
68715
68715
68716
68718
68718
68719
68720
68722
68723
68723
68723
68724
68724
68725
68728
68729
68729
68733
68733
68734
68738
68739
68740
68742
68748
68749
68750
68750
68751
68752
68753
68754
68756
68758
68760
68766
68766
68766
68769
68769
68769
68773
68776
68776
68777
68780
68782
68787
68788
68788
68789
68794
68796
68798
68798
68799
68802
68802
68805
68807
68809
68810
68811
68815
68816
68817
68818
68820
68821
68821
68823
68824
68826
68827
68827
68836
68837
68838
68838
68840
68845
68845
68846
68848
68848
68849
68849
68849
68851
68851
68855
68855
68857
68859
68860
68861
68862
68862
68864
68867
68868
68869
68869
68871
68873
68873
68874
68875
68877
68877
68881
68883
68885
68886
68887
68888
68890
68890
68891
68891
68891
68894
68897
68898
68899
68901
68903
68906
68907
68908
68908
68909
68910
68913
68913
68914
68917
68917
68918
68918
68918
68919
68919
68919
68919
68920
68920
68925
68925
68926
68926
68926
68926
68928
68931
68932
68933
68933
68933
68935
68936
68940
68943
68945
68946
68947
68947
68948
68950
68951
68951
68953
68957
68958
68958
68961
68961
68963
68964
68964
68964
68964
68964
68965
68966
68966
68968
68968
68970
68970
68970
68975
68976
68978
68980
68981
68983
68985
68991
68992
68993
68994
68994
68997
69000
69001
69001
69005
69005
69005
69006
69006
69007
69008
69010
69012
69013
69014
69014
69016
69018
69021
69022
69023
69024
69031
69032
69038
69038
69043
69044
69046
69048
69048
69054
69054
69058
69060
69060
69061
69061
69061
69061
69063
69064
69065
69068
69070
69071
69073
69073
69074
69078
69079
69085
69086
69087
69087
69090
69090
69091
69092
69093
69095
69095
69096
69097
69098
69100
69101
69102
69103
69104
69104
69105
69105
69106
69107
69109
69112
69113
69114
69115
69115
69116
69118
69118
69119
69120
69124
69125
69126
69126
69128
69129
69131
69131
69132
69132
69136
69136
69137
69138
69138
69141
69142
69144
69146
69146
69147
69149
69150
69151
69152
69152
69153
69154
69162
69163
69163
69163
69167
69167
69167
69170
69170
69173
69179
69180
69181
69181
69183
69190
69191
69191
69192
69195
69198
69199
69204
69206
69207
69208
69209
69211
69211
69215
69217
69220
69221
69223
69226
69226
69226
69226
69226
69227
69229
69231
69231
69231
69234
69235
69238
69240
69241
69242
69244
69246
69247
69250
69253
69257
69257
69259
69260
69261
69264
69264
69264
69265
69267
69268
69269
69269
69270
69275
69276
69278
69279
69280
69281
69282
69282
69285
69285
69287
69289
69291
69291
69291
69293
69294
69295
69295
69300
69302
69302
69307
69307
69308
69310
69311
69316
69316
69317
69320
69322
69322
69328
69328
69328
69329
69333
69336
69336
69338
69339
69340
69340
69341
69341
69342
69343
69343
69344
69345
69345
69347
69347
69348
69352
69353
69353
69356
69358
69360
69363
69369
69369
69371
69371
69373
69373
69374
69374
69374
69374
69377
69378
69378
69379
69380
69380
69383
69385
69386
69390
69391
69392
69393
69393
69394
69394
69394
69397
69398
69399
69399
69400
69400
69402
69404
69405
69408
69410
69411
69411
69416
69417
69419
69421
69422
69423
69424
69426
69430
69431
69432
69433
69433
69435
69436
69440
69440
69442
69442
69443
69444
69445
69445
69446
69449
69450
69450
69453
69454
69455
69457
69458
69464
69468
69469
69470
69471
69475
69476
69477
69478
69482
69482
69483
69487
69490
69493
69496
69496
69496
69498
69501
69504
69505
69506
69507
69508
69508
69511
69512
69513
69514
69514
69517
69518
69518
69519
69519
69521
69522
69522
69522
69523
69523
69527
69532
69532
69533
69534
69534
69535
69535
69536
69538
69539
69541
69542
69543
69544
69544
69545
69545
69546
69547
69548
69548
69548
69550
69550
69552
69553
69553
69554
69555
69555
69555
69557
69557
69558
69559
69563
69566
69568
69569
69571
69572
69572
69575
69576
69576
69579
69579
69580
69584
69586
69586
69586
69587
69587
69589
69589
69590
69591
69591
69592
69592
69593
69599
69600
69601
69605
69605
69605
69607
69608
69610
69610
69610
69611
69612
69614
69616
69616
69616
69616
69617
69619
69619
69619
69620
69622
69623
69626
69626
69631
69632
69638
69641
69642
69643
69643
69646
69646
69647
69651
69651
69656
69658
69659
69660
69660
69660
69662
69665
69670
69670
69670
69670
69671
69672
69673
69675
69677
69677
69679
69681
69682
69683
69684
69684
69684
69685
69685
69687
69687
69688
69690
69692
69695
69699
69699
69700
69700
69701
69702
69702
69703
69704
69704
69705
69707
69709
69710
69711
69712
69712
69713
69713
69714
69725
69726
69727
69728
69730
69730
69732
69744
69745
69745
69746
69747
69750
69751
69752
69755
69755
69756
69757
69757
69763
69763
69764
69764
69765
69765
69766
69766
69768
69769
69769
69769
69769
69770
69773
69773
69774
69775
69777
69781
69782
69785
69787
69787
69788
69790
69794
69796
69796
69797
69799
69800
69800
69802
69802
69811
69814
69815
69819
69820
69825
69826
69827
69828
69828
69830
69830
69831
69833
69834
69834
69835
69838
69838
69838
69844
69844
69845
69846
69847
69848
69850
69852
69854
69854
69859
69859
69859
69859
69859
69862
69864
69865
69866
69866
69868
69870
69873
69873
69874
69874
69879
69880
69882
69883
69884
69889
69889
69891
69893
69895
69895
69897
69898
69899
69899
69900
69901
69903
69908
69908
69910
69911
69913
69916
69916
69916
69918
69920
69921
69922
69926
69927
69927
69927
69930
69932
69933
69934
69934
69935
69935
69936
69938
69941
69941
69943
69943
69944
69947
69949
69954
69956
69956
69959
69959
69965
69966
69967
69967
69968
69968
69972
69976
69979
69984
69984
69987
69992
69993
69993
70001
70003
70004
70005
70009
70013
70014
70015
70017
70018
70021
70025
70025
70026
70026
70027
70027
70028
70029
70031
70031
70032
70033
70035
70037
70037
70038
70040
70043
70046
70047
70049
70051
70051
70052
70053
70056
70056
70056
70057
70068
70068
70068
70070
70072
70072
70073
70073
70073
70077
70077
70078
70078
70079
70083
70085
70085
70086
70087
70087
70089
70090
70090
70091
70093
70096
70097
70097
70099
70101
70104
70107
70108
70108
70111
70111
70113
70113
70114
70116
70117
70120
70121
70122
70123
70123
70123
70124
70124
70128
70129
70130
70135
70137
70138
70141
70141
70141
70142
70144
70146
70146
70149
70151
70151
70151
70152
70154
70154
70155
70157
70158
70159
70160
70162
70162
70165
70165
70166
70167
70168
70170
70170
70170
70170
70171
70172
70173
70174
70177
70179
70179
70180
70180
70183
70184
70185
70186
70187
70188
70190
70191
70192
70193
70193
70195
70195
70196
70200
70201
70205
70205
70205
70205
70210
70211
70217
70218
70221
70222
70222
70224
70224
70228
70230
70231
70231
70231
70232
70232
70233
70234
70236
70240
70240
70241
70242
70242
70243
70243
70246
70247
70247
70248
70251
70253
70255
70256
70257
70258
70258
70259
70260
70260
70262
70263
70264
70264
70264
70269
70271
70273
70276
70277
70279
70281
70282
70284
70286
70288
70290
70295
70297
70298
70299
70299
70301
70303
70303
70305
70305
70306
70307
70308
70309
70310
70311
70312
70313
70318
70318
70318
70322
70322
70324
70325
70325
70327
70327
70327
70328
70331
70332
70334
70336
70339
70340
70341
70342
70346
70348
70349
70351
70352
70352
70354
70357
70357
70357
70361
70362
70364
70365
70365
70365
70365
70366
70367
70368
70370
70370
70371
70371
70374
70377
70377
70377
70379
70381
70382
70383
70383
70385
70386
70386
70388
70390
70394
70395
70398
70400
70400
70401
70404
70409
70411
70412
70412
70414
70414
70421
70423
70424
70424
70425
70426
70427
70428
70429
70430
70431
70431
70431
70433
70434
70436
70439
70440
70441
70441
70441
70442
70442
70443
70443
70446
70447
70448
70448
70449
70449
70450
70453
70454
70456
70457
70457
70458
70458
70460
70462
70463
70465
70469
70469
70471
70471
70471
70472
70473
70475
70476
70479
70479
70480
70481
70482
70482
70482
70483
70484
70485
70485
70486
70488
70489
70492
70494
70495
70495
70497
70497
70500
70500
70502
70503
70503
70506
70506
70506
70509
70510
70511
70513
70513
70515
70515
70516
70516
70517
70517
70518
70518
70518
70519
70521
70524
70525
70527
70528
70530
70531
70532
70534
70536
70537
70539
70540
70542
70543
70543
70543
70543
70544
70545
70546
70550
70551
70552
70553
70554
70554
70555
70558
70560
70564
70564
70564
70568
70569
70569
70570
70571
70574
70578
70579
70579
70579
70580
70582
70582
70585
70586
70587
70592
70593
70594
70594
70595
70596
70597
70599
70599
70606
70607
70608
70609
70610
70611
70612
70612
70615
70620
70620
70621
70623
70624
70627
70627
70628
70629
70630
70632
70633
70636
70638
70639
70641
70646
70646
70653
70654
70659
70661
70663
70667
70668
70670
70670
70670
70672
70673
70673
70674
70674
70677
70678
70678
70680
70680
70683
70683
70684
70685
70687
70691
70691
70692
70693
70695
70697
70697
70699
70702
70703
70704
70704
70705
70706
70714
70716
70719
70720
70721
70722
70722
70724
70725
70725
70727
70727
70730
70731
70738
70739
70740
70742
70743
70745
70745
70747
70748
70748
70749
70750
70751
70753
70753
70754
70758
70759
70760
70761
70764
70764
70766
70767
70767
70769
70773
70774
70775
70778
70778
70786
70787
70788
70790
70792
70793
70795
70796
70796
70797
70798
70798
70800
70802
70805
70807
70807
70808
70809
70809
70810
70810
70812
70812
70813
70814
70815
70818
70818
70823
70823
70824
70825
70829
70829
70831
70831
70831
70833
70834
70834
70834
70836
70844
70846
70848
70850
70851
70852
70852
70854
70856
70857
70857
70857
70863
70863
70866
70866
70867
70868
70871
70871
70871
70874
70877
70879
70880
70880
70882
70884
70885
70886
70887
70887
70887
70888
70889
70889
70889
70891
70892
70892
70893
70894
70894
70895
70897
70898
70899
70901
70901
70902
70904
70907
70909
70911
70914
70914
70917
70917
70917
70921
70922
70924
70925
70925
70926
70929
70930
70932
70933
70933
70933
70934
70935
70936
70936
70937
70938
70939
70940
70942
70943
70943
70945
70952
70955
70956
70957
70959
70959
70961
70962
70963
70966
70967
70968
70969
70974
70975
70975
70977
70979
70980
70981
70982
70982
70984
70986
70988
70991
70991
70991
70992
70994
70999
70999
71000
71001
71002
71002
71003
71005
71005
71006
71008
71009
71010
71014
71017
71018
71019
71019
71020
71020
71021
71023
71024
71024
71026
71027
71030
71031
71034
71035
71036
71039
71039
71039
71040
71042
71044
71044
71045
71048
71048
71049
71052
71052
71053
71053
71055
71055
71056
71057
71058
71059
71061
71063
71063
71065
71065
71066
71066
71066
71072
71073
71074
71074
71075
71076
71077
71077
71077
71078
71081
71081
71082
71082
71083
71084
71086
71086
71087
71088
71091
71094
71094
71096
71096
71098
71098
71100
71100
71102
71103
71103
71107
71108
71108
71109
71110
71111
71111
71112
71113
71113
71120
71121
71124
71127
71128
71131
71131
71131
71132
71132
71132
71132
71133
71133
71133
71136
71137
71137
71141
71141
71145
71146
71148
71151
71153
71154
71157
71158
71160
71162
71163
71163
71163
71164
71166
71166
71167
71172
71172
71173
71174
71176
71177
71177
71179
71179
71180
71181
71182
71183
71184
71185
71185
71187
71187
71188
71188
71188
71192
71195
71195
71197
71197
71199
71200
71205
71205
71205
71211
71214
71217
71221
71221
71221
71222
71223
71224
71225
71226
71229
71235
71235
71237
71238
71240
71240
71240
71240
71241
71241
71242
71247
71248
71249
71249
71250
71250
71251
71252
71255
71259
71260
71261
71261
71263
71266
71267
71268
71268
71268
71271
71273
71274
71276
71283
71284
71287
71291
71292
71294
71295
71295
71297
71298
71299
71300
71301
71302
71306
71309
71309
71310
71315
71315
71317
71317
71318
71324
71326
71326
71328
71328
71329
71330
71330
71333
71335
71335
71336
71338
71338
71339
71344
71346
71353
71354
71355
71356
71357
71358
71359
71361
71362
71365
71366
71367
71367
71369
71370
71370
71371
71375
71376
71376
71381
71381
71382
71383
71391
71393
71396
71397
71399
71400
71402
71402
71405
71405
71405
71407
71408
71409
71409
71409
71412
71412
71413
71418
71418
71419
71419
71420
71422
71424
71424
71427
71427
71427
71428
71430
71430
71435
71435
71436
71440
71441
71444
71444
71445
71446
71447
71447
71450
71452
71453
71454
71455
71456
71459
71460
71460
71460
71461
71461
71462
71463
71466
71474
71474
71477
71478
71479
71479
71479
71480
71481
71482
71482
71482
71482
71483
71483
71486
71486
71486
71486
71486
71486
71487
71487
71489
71490
71490
71492
71492
71495
71499
71499
71501
71501
71501
71504
71505
71505
71510
71510
71511
71512
71512
71513
71513
71516
71516
71516
71516
71516
71518
71518
71518
71519
71519
71520
71522
71524
71524
71525
71525
71525
71525
71528
71530
71530
71532
71533
71536
71536
71538
71539
71540
71540
71542
71544
71546
71547
71549
71551
71551
71551
71552
71552
71553
71555
71556
71557
71557
71559
71561
71561
71563
71565
71566
71566
71566
71568
71568
71570
71572
71573
71573
71573
71575
71575
71577
71578
71581
71582
71583
71585
71586
71588
71591
71593
71593
71594
71594
71595
71596
71597
71600
71601
71601
71602
71604
71605
71606
71610
71611
71611
71612
71613
71614
71615
71616
71617
71617
71618
71622
71623
71623
71625
71625
71626
71627
71627
71628
71631
71632
71632
71634
71634
71636
71636
71636
71637
71641
71641
71641
71641
71642
71642
71642
71643
71647
71647
71648
71648
71649
71649
71649
71652
71652
71653
71653
71654
71656
71657
71658
71659
71660
71663
71663
71663
71665
71666
71666
71666
71668
71668
71669
71670
71673
71674
71676
71676
71677
71678
71678
71684
71690
71691
71693
71693
71694
71695
71697
71697
71698
71698
71702
71704
71704
71704
71706
71708
71709
71710
71713
71713
71715
71718
71720
71720
71720
71725
71725
71726
71727
71728
71732
71736
71736
71737
71738
71738
71740
71743
71746
71747
71751
71753
71754
71754
71758
71759
71759
71761
71762
71763
71769
71771
71771
71772
71777
71777
71778
71780
71781
71782
71783
71783
71791
71793
71793
71797
71799
71800
71801
71801
71801
71802
71803
71804
71806
71808
71809
71811
71813
71813
71814
71815
71817
71819
71822
71822
71823
71823
71825
71827
71832
71832
71833
71833
71839
71842
71844
71846
71847
71848
71850
71854
71854
71857
71859
71861
71862
71862
71863
71863
71864
71864
71868
71868
71869
71870
71871
71873
71873
71877
71878
71881
71884
71884
71888
71890
71891
71893
71895
71896
71898
71898
71898
71899
71904
71905
71906
71906
71908
71909
71911
71913
71916
71918
71918
71919
71920
71922
71922
71925
71927
71928
71929
71931
71933
71933
71938
71939
71941
71945
71946
71949
71952
71953
71955
71959
71960
71960
71960
71962
71963
71964
71964
71964
71965
71965
71966
71966
71969
71969
71970
71971
71972
71973
71978
71979
71979
71981
71982
71986
71987
71989
71990
71990
71990
71992
71992
71992
71993
71994
71994
71996
72004
72006
72006
72007
72008
72010
72012
72015
72018
72019
72020
72021
72022
72028
72029
72030
72034
72035
72037
72038
72041
72043
72044
72044
72044
72044
72047
72048
72050
72051
72051
72052
72054
72054
72055
72056
72058
72059
72060
72060
72061
72061
72063
72063
72064
72064
72065
72069
72073
72074
72075
72075
72077
72079
72080
72084
72086
72089
72090
72093
72094
72094
72095
72097
72098
72099
72101
72102
72102
72103
72104
72105
72106
72109
72110
72117
72117
72119
72119
72120
72120
72122
72122
72123
72124
72126
72127
72127
72128
72128
72128
72134
72138
72139
72141
72141
72144
72147
72151
72153
72153
72157
72159
72159
72159
72159
72162
72163
72163
72164
72165
72166
72167
72169
72171
72173
72174
72174
72175
72177
72178
72179
72183
72184
72185
72187
72189
72196
72197
72198
72198
72198
72200
72203
72205
72208
72210
72211
72212
72212
72212
72214
72214
72218
72218
72218
72218
72219
72219
72221
72222
72223
72224
72225
72226
72226
72227
72228
72228
72230
72233
72234
72236
72237
72238
72238
72242
72242
72243
72244
72244
72244
72248
72249
72250
72250
72251
72251
72253
72253
72254
72255
72256
72256
72261
72262
72264
72265
72265
72267
72267
72269
72270
72272
72272
72272
72272
72275
72276
72276
72278
72278
72279
72279
72280
72281
72281
72281
72283
72290
72292
72292
72295
72295
72297
72299
72299
72299
72301
72302
72302
72302
72303
72303
72306
72309
72310
72312
72314
72314
72315
72315
72315
72317
72319
72319
72319
72319
72320
72322
72328
72329
72329
72331
72332
72333
72334
72334
72336
72338
72339
72339
72340
72340
72341
72341
72341
72341
72341
72343
72346
72346
72347
72348
72349
72352
72357
72358
72358
72361
72364
72365
72365
72370
72370
72372
72372
72373
72373
72375
72376
72377
72378
72379
72379
72379
72381
72382
72383
72383
72388
72389
72389
72390
72390
72390
72393
72393
72395
72395
72395
72396
72398
72399
72399
72401
72404
72405
72409
72410
72411
72413
72414
72416
72416
72417
72418
72418
72419
72421
72422
72422
72422
72422
72424
72426
72426
72427
72428
72429
72429
72430
72431
72431
72432
72434
72434
72436
72436
72437
72437
72442
72444
72444
72444
72445
72448
72449
72453
72454
72456
72456
72457
72457
72459
72460
72462
72462
72463
72465
72466
72467
72468
72469
72474
72474
72476
72477
72480
72480
72481
72481
72481
72484
72484
72486
72486
72487
72487
72490
72491
72495
72496
72497
72499
72499
72500
72500
72501
72503
72503
72503
72506
72509
72511
72512
72512
72513
72515
72516
72516
72517
72519
72519
72519
72520
72520
72520
72520
72521
72524
72525
72527
72528
72528
72531
72532
72532
72532
72532
72533
72536
72539
72539
72542
72543
72543
72546
72547
72547
72548
72550
72550
72552
72555
72556
72559
72559
72559
72561
72565
72566
72568
72569
72572
72573
72574
72574
72578
72579
72579
72579
72582
72583
72583
72585
72585
72588
72591
72591
72593
72593
72602
72603
72604
72605
72605
72605
72607
72609
72616
72618
72620
72622
72622
72622
72623
72625
72626
72626
72630
72633
72635
72635
72638
72638
72639
72640
72641
72644
72645
72645
72646
72647
72649
72652
72653
72655
72656
72658
72661
72661
72665
72665
72666
72667
72669
72670
72671
72675
72676
72676
72677
72678
72679
72680
72681
72682
72683
72684
72685
72686
72688
72691
72695
72696
72696
72697
72702
72711
72711
72711
72712
72712
72713
72716
72717
72718
72722
72724
72724
72725
72725
72727
72728
72729
72730
72731
72732
72735
72737
72737
72738
72741
72743
72743
72746
72747
72748
72748
72751
72752
72752
72753
72754
72758
72758
72759
72760
72761
72761
72761
72762
72765
72768
72768
72770
72770
72771
72773
72777
72779
72783
72784
72784
72785
72786
72792
72794
72795
72796
72797
72798
72803
72804
72805
72806
72806
72810
72810
72812
72814
72817
72817
72817
72818
72821
72821
72830
72832
72833
72834
72834
72835
72835
72838
72838
72838
72840
72840
72841
72845
72845
72846
72847
72848
72848
72850
72852
72853
72856
72859
72859
72860
72860
72860
72861
72864
72864
72865
72865
72865
72868
72869
72870
72871
72871
72871
72872
72872
72873
72873
72875
72876
72877
72878
72879
72879
72880
72883
72884
72884
72885
72886
72887
72889
72889
72889
72890
72890
72892
72892
72894
72896
72896
72897
72898
72898
72899
72900
72901
72902
72903
72903
72904
72904
72904
72904
72906
72910
72911
72912
72912
72916
72917
72918
72921
72922
72924
72924
72926
72929
72930
72930
72931
72931
72933
72933
72936
72937
72938
72939
72940
72942
72942
72942
72943
72944
72945
72947
72949
72950
72950
72951
72955
72955
72956
72957
72958
72958
72960
72963
72963
72963
72967
72967
72970
72971
72973
72976
72976
72977
72977
72980
72981
72982
72983
72983
72984
72984
72985
72985
72986
72987
72987
72987
72988
72989
72989
72990
72990
72992
72993
72994
72995
72998
72999
72999
73002
73005
73007
73012
73012
73012
73013
73014
73015
73016
73016
73018
73019
73022
73022
73023
73023
73024
73024
73024
73026
73028
73030
73031
73032
73035
73037
73037
73038
73039
73040
73042
73042
73042
73043
73044
73048
73050
73052
73053
73057
73060
73061
73063
73064
73065
73066
73066
73066
73068
73069
73070
73071
73071
73072
73073
73073
73074
73075
73075
73078
73080
73080
73080
73081
73082
73082
73082
73085
73086
73088
73090
73092
73092
73094
73096
73098
73098
73101
73102
73102
73105
73105
73107
73108
73112
73116
73117
73117
73118
73118
73121
73122
73122
73122
73123
73125
73126
73128
73130
73132
73133
73133
73137
73138
73138
73138
73139
73140
73140
73141
73141
73142
73142
73144
73145
73146
73148
73149
73149
73150
73152
73152
73153
73153
73154
73157
73159
73159
73161
73162
73163
73164
73164
73169
73171
73173
73174
73179
73180
73181
73181
73182
73185
73186
73186
73186
73186
73187
73189
73189
73190
73191
73192
73192
73194
73195
73197
73202
73208
73208
73209
73210
73211
73212
73213
73214
73215
73216
73216
73221
73221
73223
73224
73225
73225
73228
73229
73231
73232
73232
73232
73233
73235
73236
73238
73239
73241
73242
73242
73243
73243
73246
73246
73246
73250
73251
73257
73259
73261
73261
73264
73265
73266
73272
73275
73277
73278
73280
73281
73282
73283
73284
73285
73286
73288
73290
73290
73292
73296
73296
73298
73303
73304
73309
73313
73313
73313
73316
73318
73318
73319
73320
73321
73322
73323
73326
73327
73336
73337
73338
73338
73339
73341
73341
73342
73342
73345
73346
73346
73346
73346
73348
73350
73351
73352
73353
73353
73354
73354
73355
73357
73358
73359
73361
73362
73363
73363
73364
73365
73366
73367
73367
73369
73369
73370
73371
73371
73371
73371
73374
73376
73377
73377
73379
73380
73380
73381
73382
73382
73385
73386
73386
73390
73390
73391
73391
73393
73394
73394
73394
73396
73397
73400
73403
73404
73405
73407
73407
73409
73410
73412
73412
73413
73415
73415
73416
73416
73416
73418
73419
73420
73420
73422
73423
73423
73424
73428
73429
73429
73430
73431
73432
73435
73438
73439
73439
73439
73440
73441
73442
73442
73445
73445
73446
73448
73454
73455
73455
73456
73456
73456
73457
73458
73459
73462
73462
73462
73466
73466
73469
73471
73472
73475
73477
73479
73479
73480
73481
73482
73483
73485
73485
73486
73487
73489
73489
73491
73500
73500
73501
73501
73501
73501
73502
73503
73504
73505
73505
73506
73507
73509
73511
73512
73513
73514
73518
73520
73521
73522
73526
73526
73527
73528
73528
73529
73530
73531
73533
73533
73534
73535
73535
73535
73537
73538
73541
73543
73546
73554
73556
73556
73558
73558
73560
73560
73561
73564
73564
73567
73568
73569
73570
73570
73572
73574
73575
73576
73578
73579
73579
73581
73583
73583
73585
73588
73588
73594
73595
73596
73600
73603
73611
73613
73614
73616
73616
73617
73619
73620
73621
73626
73626
73628
73629
73630
73630
73630
73631
73631
73631
73632
73634
73635
73636
73636
73636
73637
73637
73639
73640
73643
73643
73644
73647
73647
73648
73648
73650
73651
73651
73654
73654
73655
73656
73660
73663
73665
73665
73665
73666
73668
73669
73671
73671
73674
73675
73678
73678
73678
73679
73679
73679
73680
73686
73686
73688
73688
73691
73693
73693
73693
73695
73696
73697
73699
73699
73700
73702
73703
73707
73709
73712
73712
73713
73713
73714
73714
73714
73717
73717
73721
73723
73724
73725
73728
73730
73732
73732
73733
73735
73738
73740
73741
73742
73743
73746
73749
73751
73752
73752
73754
73754
73754
73757
73759
73759
73760
73762
73763
73763
73767
73768
73768
73768
73769
73769
73770
73770
73771
73772
73774
73774
73776
73777
73782
73783
73784
73784
73788
73788
73789
73789
73789
73792
73792
73792
73793
73794
73795
73795
73796
73798
73800
73800
73800
73802
73809
73810
73812
73812
73815
73818
73819
73820
73821
73828
73831
73831
73831
73832
73833
73834
73834
73835
73836
73838
73839
73839
73840
73840
73840
73841
73841
73842
73842
73843
73844
73844
73844
73846
73849
73852
73852
73853
73853
73854
73855
73855
73856
73857
73857
73859
73861
73864
73864
73865
73866
73866
73871
73872
73872
73873
73874
73879
73879
73879
73880
73881
73884
73887
73889
73890
73894
73894
73895
73895
73896
73901
73902
73903
73906
73907
73907
73908
73909
73909
73910
73911
73911
73913
73914
73914
73916
73917
73918
73919
73920
73920
73920
73920
73920
73924
73926
73928
73929
73930
73931
73931
73937
73939
73939
73941
73942
73943
73943
73944
73944
73946
73950
73952
73953
73956
73957
73960
73961
73961
73961
73963
73963
73965
73968
73973
73974
73974
73976
73976
73977
73977
73978
73982
73982
73982
73986
73987
73987
73987
73988
73991
73993
73993
73994
73998
74002
74002
74004
74010
74015
74017
74019
74019
74019
74021
74022
74024
74027
74027
74028
74028
74030
74032
74034
74034
74035
74037
74037
74037
74037
74038
74039
74040
74040
74041
74044
74046
74047
74049
74049
74050
74050
74050
74052
74055
74056
74056
74059
74060
74060
74060
74060
74061
74061
74064
74065
74066
74067
74067
74068
74069
74070
74075
74075
74080
74081
74082
74083
74083
74083
74086
74087
74090
74092
74095
74097
74098
74102
74104
74104
74104
74105
74111
74111
74111
74111
74113
74116
74117
74119
74120
74121
74121
74123
74123
74124
74125
74125
74126
74127
74128
74129
74132
74132
74136
74138
74140
74140
74143
74144
74146
74150
74153
74153
74155
74156
74156
74158
74158
74159
74159
74161
74161
74162
74164
74165
74166
74167
74167
74168
74169
74172
74174
74177
74178
74178
74181
74181
74182
74182
74182
74182
74185
74187
74189
74192
74192
74194
74194
74195
74200
74200
74201
74201
74202
74203
74204
74204
74208
74208
74210
74212
74215
74216
74219
74220
74220
74220
74220
74221
74224
74225
74226
74227
74230
74230
74233
74236
74237
74237
74238
74239
74239
74240
74241
74241
74244
74245
74245
74249
74250
74258
74261
74263
74264
74267
74269
74269
74271
74271
74271
74273
74274
74276
74278
74278
74278
74279
74279
74281
74283
74288
74289
74289
74290
74292
74295
74295
74295
74296
74296
74298
74301
74301
74301
74302
74302
74306
74307
74309
74310
74311
74312
74313
74313
74313
74313
74316
74318
74319
74322
74325
74327
74330
74331
74332
74334
74334
74335
74337
74338
74340
74340
74344
74345
74345
74346
74347
74347
74351
74351
74353
74360
74361
74362
74362
74363
74364
74364
74365
74366
74367
74371
74373
74373
74377
74378
74378
74379
74381
74385
74387
74389
74389
74390
74391
74391
74392
74392
74395
74399
74399
74399
74402
74403
74403
74404
74404
74405
74406
74406
74407
74408
74408
74410
74410
74412
74413
74413
74413
74414
74415
74415
74416
74420
74424
74425
74429
74433
74436
74437
74440
74444
74446
74446
74446
74447
74448
74448
74450
74451
74451
74451
74452
74453
74454
74454
74455
74455
74456
74456
74456
74456
74458
74459
74461
74464
74465
74466
74467
74467
74468
74470
74471
74472
74473
74473
74474
74476
74476
74476
74480
74485
74485
74488
74489
74489
74490
74491
74492
74493
74495
74497
74498
74499
74500
74500
74501
74501
74502
74503
74505
74506
74507
74507
74507
74508
74509
74510
74510
74511
74512
74512
74513
74514
74516
74516
74516
74517
74518
74518
74519
74521
74521
74522
74522
74522
74522
74527
74527
74527
74536
74536
74536
74537
74538
74541
74545
74551
74552
74554
74554
74555
74557
74561
74562
74563
74564
74565
74567
74570
74570
74572
74572
74572
74573
74574
74577
74578
74578
74579
74579
74580
74580
74581
74581
74584
74585
74587
74588
74590
74590
74593
74593
74594
74595
74595
74596
74597
74598
74598
74598
74599
74600
74601
74602
74603
74604
74604
74604
74606
74609
74609
74609
74613
74614
74615
74616
74620
74621
74621
74622
74623
74624
74627
74628
74629
74629
74630
74631
74632
74633
74638
74642
74642
74643
74643
74643
74643
74646
74646
74647
74650
74653
74655
74656
74657
74659
74659
74661
74662
74663
74664
74665
74666
74666
74667
74669
74669
74669
74670
74675
74676
74678
74679
74680
74681
74682
74683
74684
74685
74685
74688
74690
74691
74692
74696
74697
74697
74698
74698
74699
74699
74702
74704
74706
74707
74713
74714
74717
74720
74725
74726
74726
74727
74728
74730
74731
74732
74732
74733
74734
74734
74735
74736
74738
74740
74741
74742
74742
74745
74746
74748
74748
74751
74754
74756
74757
74758
74758
74759
74759
74762
74765
74769
74771
74771
74772
74773
74776
74782
74786
74787
74789
74791
74791
74793
74793
74798
74798
74800
74800
74803
74803
74804
74805
74805
74807
74808
74810
74811
74811
74813
74814
74815
74816
74817
74817
74819
74821
74821
74822
74823
74823
74825
74826
74826
74829
74833
74834
74835
74837
74837
74837
74837
74838
74839
74840
74842
74842
74842
74844
74844
74848
74849
74850
74854
74858
74860
74861
74863
74864
74865
74868
74868
74868
74869
74870
74871
74875
74876
74878
74878
74879
74881
74881
74884
74887
74888
74888
74889
74890
74890
74892
74892
74892
74893
74898
74902
74910
74910
74913
74915
74916
74917
74918
74918
74918
74920
74921
74921
74922
74923
74924
74928
74929
74929
74930
74930
74931
74933
74934
74935
74936
74937
74938
74938
74938
74943
74949
74949
74950
74954
74955
74955
74955
74956
74958
74959
74960
74960
74961
74963
74965
74965
74969
74971
74972
74972
74976
74976
74977
74983
74984
74985
74987
74987
74988
74989
74990
74990
74990
74991
74991
74992
74994
74995
74996
74999
75000
75001
75002
75004
75004
75004
75007
75007
75010
75010
75011
75012
75014
75016
75016
75017
75017
75017
75017
75021
75022
75026
75026
75028
75030
75030
75031
75032
75032
75032
75032
75033
75033
75034
75034
75040
75041
75041
75042
75042
75043
75043
75046
75047
75047
75047
75048
75049
75049
75050
75050
75050
75051
75052
75052
75058
75060
75061
75061
75061
75063
75063
75064
75065
75065
75066
75066
75067
75073
75073
75077
75079
75081
75081
75082
75082
75082
75083
75084
75085
75086
75086
75086
75087
75091
75091
75093
75098
75098
75098
75098
75098
75099
75100
75102
75108
75109
75110
75111
75113
75114
75116
75116
75116
75122
75123
75124
75126
75127
75128
75129
75132
75132
75133
75135
75140
75141
75141
75144
75145
75147
75149
75149
75152
75152
75153
75156
75158
75158
75161
75161
75161
75163
75164
75164
75166
75167
75167
75170
75171
75172
75172
75174
75176
75179
75180
75184
75184
75185
75185
75186
75186
75188
75189
75189
75190
75192
75193
75193
75194
75194
75198
75202
75204
75204
75205
75207
75208
75209
75209
75209
75210
75210
75210
75213
75214
75215
75216
75217
75218
75220
75222
75222
75222
75224
75224
75226
75227
75227
75233
75233
75233
75233
75237
75238
75238
75238
75239
75241
75241
75243
75244
75246
75251
75253
75256
75258
75260
75260
75262
75262
75262
75263
75265
75265
75266
75267
75268
75269
75269
75271
75271
75271
75274
75275
75277
75282
75282
75282
75285
75285
75288
75288
75289
75290
75291
75291
75292
75294
75298
75298
75300
75301
75302
75303
75304
75305
75305
75308
75309
75315
75316
75320
75320
75321
75325
75325
75325
75326
75330
75332
75334
75334
75335
75337
75338
75340
75340
75341
75341
75342
75343
75343
75345
75345
75345
75346
75347
75348
75348
75351
75353
75355
75356
75358
75359
75359
75360
75361
75362
75362
75362
75364
75365
75366
75366
75368
75368
75370
75370
75374
75376
75376
75377
75378
75378
75378
75380
75380
75381
75384
75385
75385
75387
75387
75390
75390
75391
75391
75392
75393
75393
75394
75394
75397
75398
75399
75400
75400
75400
75402
75402
75404
75406
75407
75408
75409
75410
75413
75415
75417
75417
75421
75422
75424
75426
75429
75430
75431
75432
75433
75433
75436
75440
75440
75441
75442
75446
75446
75447
75448
75450
75453
75454
75456
75456
75457
75459
75459
75460
75460
75460
75460
75462
75462
75462
75463
75466
75467
75468
75468
75469
75470
75470
75470
75471
75474
75474
75475
75475
75477
75479
75481
75482
75483
75483
75483
75484
75485
75486
75486
75488
75489
75489
75490
75491
75493
75494
75498
75499
75499
75502
75502
75503
75503
75504
75504
75505
75505
75506
75511
75515
75516
75524
75525
75526
75529
75533
75536
75536
75536
75537
75538
75541
75545
75547
75552
75553
75557
75559
75561
75561
75562
75564
75566
75567
75569
75569
75570
75574
75574
75577
75577
75579
75585
75588
75590
75591
75593
75593
75597
75600
75600
75600
75601
75602
75604
75605
75607
75607
75608
75608
75609
75613
75613
75614
75615
75616
75617
75617
75618
75622
75623
75624
75624
75626
75627
75629
75629
75630
75633
75633
75635
75636
75636
75636
75637
75637
75637
75637
75638
75638
75640
75642
75644
75645
75645
75646
75652
75653
75653
75657
75660
75661
75662
75667
75667
75667
75667
75668
75670
75671
75672
75672
75673
75673
75676
75677
75677
75678
75679
75683
75687
75688
75689
75690
75690
75690
75690
75693
75695
75697
75697
75697
75697
75698
75698
75699
75702
75704
75706
75707
75707
75709
75711
75711
75713
75714
75715
75716
75718
75718
75719
75720
75722
75722
75723
75725
75728
75730
75731
75733
75733
75733
75736
75736
75740
75740
75740
75743
75746
75748
75748
75749
75750
75750
75750
75751
75752
75752
75752
75753
75753
75757
75758
75759
75760
75761
75761
75761
75763
75764
75766
75770
75771
75773
75773
75775
75776
75777
75777
75778
75779
75780
75783
75783
75785
75785
75785
75786
75787
75787
75790
75792
75792
75795
75795
75796
75798
75798
75799
75801
75802
75802
75803
75804
75805
75807
75808
75809
75810
75811
75814
75814
75823
75824
75825
75826
75827
75827
75828
75828
75830
75830
75831
75833
75834
75835
75835
75836
75837
75837
75840
75843
75844
75845
75845
75845
75846
75850
75851
75851
75854
75854
75854
75855
75856
75858
75860
75864
75865
75866
75868
75869
75869
75872
75873
75873
75873
75874
75877
75878
75880
75881
75883
75887
75889
75889
75890
75892
75893
75894
75894
75896
75898
75900
75901
75901
75903
75904
75904
75907
75907
75912
75915
75917
75917
75918
75918
75922
75923
75927
75927
75929
75930
75932
75934
75937
75939
75944
75945
75945
75945
75946
75946
75946
75951
75953
75953
75954
75955
75955
75958
75959
75960
75961
75962
75963
75967
75967
75968
75968
75972
75972
75973
75974
75974
75975
75977
75977
75979
75980
75981
75981
75982
75984
75984
75984
75987
75996
75996
75996
75997
75999
75999
76000
76004
76005
76013
76015
76017
76017
76022
76022
76023
76024
76026
76027
76032
76035
76037
76037
76038
76039
76042
76042
76043
76044
76044
76046
76046
76049
76049
76050
76051
76052
76052
76057
76058
76059
76062
76065
76065
76066
76069
76071
76072
76072
76073
76075
76077
76078
76080
76080
76081
76082
76084
76085
76087
76088
76097
76099
76099
76101
76101
76102
76104
76105
76105
76106
76108
76108
76109
76110
76119
76121
76122
76124
76124
76125
76127
76130
76132
76133
76134
76140
76140
76142
76146
76146
76148
76149
76149
76149
76149
76151
76151
76153
76160
76160
76160
76161
76162
76165
76165
76170
76171
76172
76172
76173
76173
76173
76177
76179
76183
76190
76195
76196
76196
76196
76196
76199
76200
76200
76201
76203
76205
76206
76206
76207
76208
76209
76210
76211
76211
76211
76211
76214
76215
76216
76218
76219
76220
76221
76223
76226
76227
76229
76231
76232
76233
76237
76238
76246
76246
76248
76250
76251
76253
76254
76256
76256
76257
76259
76260
76260
76261
76262
76264
76265
76266
76266
76268
76268
76269
76271
76271
76272
76273
76274
76275
76277
76279
76280
76282
76282
76282
76283
76283
76284
76285
76286
76290
76290
76291
76295
76296
76297
76299
76300
76303
76304
76305
76306
76306
76306
76310
76313
76313
76315
76316
76317
76317
76317
76317
76318
76319
76319
76322
76324
76326
76327
76328
76329
76330
76330
76332
76333
76334
76336
76337
76338
76339
76341
76343
76344
76349
76353
76356
76360
76363
76366
76367
76368
76369
76372
76373
76378
76378
76379
76380
76380
76381
76386
76387
76392
76395
76396
76398
76399
76402
76404
76405
76407
76407
76409
76410
76410
76411
76416
76420
76420
76423
76424
76424
76424
76427
76429
76431
76431
76434
76435
76438
76438
76439
76440
76445
76445
76449
76449
76449
76453
76453
76453
76455
76459
76460
76461
76465
76465
76465
76465
76466
76467
76473
76473
76475
76477
76480
76481
76483
76484
76489
76489
76491
76493
76493
76494
76495
76496
76497
76501
76503
76505
76505
76506
76506
76506
76507
76508
76509
76509
76512
76513
76514
76518
76519
76519
76521
76522
76523
76524
76524
76524
76528
76528
76533
76539
76539
76539
76545
76546
76547
76551
76551
76551
76551
76552
76553
76556
76556
76556
76556
76557
76557
76557
76559
76560
76560
76562
76562
76564
76566
76566
76566
76567
76571
76571
76571
76573
76573
76573
76575
76577
76577
76577
76581
76581
76585
76586
76589
76589
76590
76590
76590
76592
76598
76599
76599
76599
76601
76601
76601
76602
76606
76607
76607
76609
76610
76612
76613
76613
76621
76621
76621
76622
76624
76625
76625
76627
76628
76633
76633
76638
76638
76641
76643
76645
76645
76647
76647
76649
76651
76654
76655
76656
76657
76657
76659
76659
76663
76663
76664
76668
76668
76672
76672
76675
76676
76678
76679
76680
76680
76681
76683
76684
76684
76687
76693
76694
76694
76695
76695
76696
76699
76699
76699
76700
76704
76706
76707
76708
76708
76709
76711
76712
76713
76714
76716
76716
76716
76722
76723
76723
76723
76725
76725
76728
76729
76729
76730
76731
76731
76734
76735
76736
76736
76739
76739
76740
76741
76742
76743
76744
76747
76748
76749
76753
76757
76759
76759
76762
76763
76763
76765
76765
76766
76767
76769
76770
76772
76772
76772
76772
76772
76773
76774
76775
76775
76777
76778
76778
76782
76782
76782
76782
76783
76783
76785
76786
76788
76790
76790
76793
76793
76794
76795
76795
76796
76796
76798
76798
76799
76801
76801
76805
76805
76806
76806
76808
76809
76811
76811
76811
76812
76813
76813
76814
76815
76815
76817
76818
76820
76820
76821
76821
76821
76822
76822
76824
76825
76825
76830
76831
76832
76832
76835
76838
76838
76839
76840
76841
76843
76843
76845
76846
76847
76848
76850
76852
76855
76856
76858
76858
76860
76860
76861
76863
76863
76864
76864
76865
76868
76868
76869
76870
76871
76871
76873
76876
76879
76879
76884
76884
76885
76887
76889
76890
76891
76893
76895
76899
76899
76900
76901
76901
76902
76902
76905
76905
76906
76907
76907
76910
76911
76912
76913
76913
76913
76913
76914
76915
76916
76918
76920
76920
76921
76927
76928
76929
76929
76930
76930
76930
76931
76932
76934
76934
76938
76939
76941
76941
76945
76946
76949
76950
76951
76951
76953
76953
76955
76956
76960
76962
76962
76962
76963
76965
76965
76965
76966
76967
76967
76968
76969
76970
76971
76973
76976
76980
76980
76981
76982
76985
76986
76988
76988
76990
76991
76992
76992
76994
76995
76995
76995
76997
76998
77000
77001
77003
77004
77004
77006
77007
77008
77009
77010
77010
77011
77014
77016
77018
77019
77020
77024
77026
77028
77030
77030
77031
77031
77031
77034
77041
77041
77042
77043
77044
77048
77050
77051
77051
77052
77052
77052
77054
77058
77059
77060
77061
77063
77064
77064
77066
77067
77067
77069
77070
77070
77072
77072
77075
77075
77076
77076
77076
77077
77078
77078
77078
77078
77081
77083
77083
77084
77088
77089
77090
77092
77094
77094
77095
77098
77098
77101
77105
77105
77105
77105
77105
77106
77107
77108
77108
77109
77110
77110
77111
77111
77112
77113
77114
77115
77116
77118
77118
77121
77122
77123
77124
77126
77128
77132
77132
77133
77134
77134
77134
77134
77134
77137
77137
77140
77146
77147
77148
77149
77150
77150
77150
77154
77155
77155
77159
77159
77160
77162
77163
77163
77163
77164
77165
77168
77169
77171
77171
77173
77174
77180
77181
77184
77184
77185
77186
77187
77188
77188
77190
77191
77194
77194
77196
77196
77198
77198
77199
77200
77203
77203
77206
77207
77208
77208
77209
77211
77212
77213
77217
77222
77222
77224
77226
77228
77228
77231
77231
77232
77233
77233
77237
77239
77241
77241
77243
77243
77243
77244
77248
77248
77249
77249
77249
77251
77253
77255
77257
77258
77259
77259
77262
77262
77263
77263
77265
77265
77265
77267
77269
77269
77270
77270
77271
77271
77276
77278
77279
77283
77284
77285
77285
77286
77287
77288
77288
77289
77289
77289
77290
77292
77293
77298
77302
77304
77305
77307
77310
77310
77310
77311
77313
77316
77318
77321
77322
77324
77324
77324
77326
77326
77327
77327
77330
77336
77336
77336
77339
77343
77344
77344
77347
77348
77349
77355
77356
77356
77356
77357
77358
77360
77361
77362
77362
77363
77364
77364
77365
77365
77367
77367
77367
77368
77369
77370
77371
77372
77373
77376
77378
77378
77379
77379
77381
77383
77383
77384
77386
77388
77388
77389
77389
77390
77392
77393
77396
77397
77397
77399
77399
77400
77400
77405
77406
77407
77409
77411
77411
77412
77412
77412
77413
77415
77415
77415
77416
77417
77419
77420
77420
77422
77423
77425
77426
77428
77430
77431
77434
77436
77436
77437
77437
77438
77439
77439
77439
77440
77441
77442
77443
77448
77449
77450
77450
77451
77454
77455
77458
77458
77459
77460
77462
77471
77471
77471
77476
77477
77477
77484
77485
77491
77493
77496
77498
77498
77503
77511
77514
77514
77515
77516
77517
77518
77521
77524
77527
77527
77528
77531
77534
77541
77541
77542
77543
77543
77544
77544
77546
77547
77548
77553
77555
77556
77559
77559
77560
77560
77561
77565
77567
77567
77569
77570
77571
77575
77575
77575
77576
77578
77578
77579
77581
77582
77582
77583
77591
77593
77594
77594
77594
77595
77598
77602
77603
77605
77606
77607
77608
77608
77610
77610
77614
77618
77619
77620
77624
77624
77628
77628
77628
77630
77631
77632
77635
77638
77639
77640
77640
77640
77644
77645
77646
77647
77648
77649
77650
77650
77651
77652
77654
77655
77657
77660
77662
77662
77664
77665
77666
77667
77670
77671
77674
77675
77675
77678
77679
77680
77681
77682
77685
77686
77686
77687
77689
77694
77695
77696
77696
77699
77700
77703
77703
77703
77703
77704
77707
77708
77709
77710
77712
77712
77714
77715
77716
77717
77718
77719
77720
77722
77722
77724
77724
77725
77727
77727
77729
77730
77731
77732
77735
77735
77741
77741
77741
77742
77743
77745
77746
77751
77753
77754
77755
77755
77755
77756
77756
77761
77762
77762
77763
77764
77764
77766
77766
77770
77772
77772
77773
77774
77774
77774
77775
77776
77777
77778
77779
77779
77780
77780
77781
77783
77783
77783
77786
77788
77789
77791
77795
77796
77797
77798
77798
77801
77801
77802
77802
77803
77804
77809
77809
77809
77810
77810
77812
77812
77815
77815
77817
77819
77820
77820
77822
77822
77823
77825
77826
77827
77827
77828
77833
77833
77834
77837
77838
77839
77840
77840
77842
77843
77843
77843
77843
77844
77844
77845
77847
77847
77848
77848
77852
77852
77853
77857
77857
77862
77862
77866
77867
77868
77869
77873
77875
77877
77878
77878
77879
77881
77882
77883
77884
77885
77886
77886
77887
77888
77889
77889
77894
77899
77900
77904
77904
77905
77907
77909
77909
77910
77915
77917
77919
77921
77925
77925
77926
77926
77929
77929
77930
77931
77933
77935
77935
77935
77938
77938
77938
77943
77944
77948
77951
77952
77955
77955
77955
77956
77958
77961
77961
77962
77962
77965
77965
77967
77967
77967
77971
77971
77972
77973
77974
77974
77974
77974
77974
77977
77978
77980
77981
77981
77982
77983
77984
77985
77991
77992
77993
77993
77993
77996
77996
77998
77999
78000
78000
78002
78002
78003
78005
78009
78013
78014
78017
78018
78019
78019
78020
78020
78021
78022
78027
78027
78028
78031
78032
78032
78033
78033
78033
78034
78036
78039
78040
78043
78043
78044
78044
78045
78046
78048
78051
78052
78058
78058
78059
78060
78060
78062
78062
78063
78063
78064
78065
78067
78068
78070
78071
78071
78072
78073
78074
78075
78078
78078
78078
78079
78081
78084
78084
78086
78089
78089
78091
78091
78091
78091
78095
78097
78098
78100
78102
78104
78106
78109
78110
78110
78110
78112
78114
78115
78116
78116
78119
78119
78122
78125
78126
78127
78127
78127
78127
78127
78129
78130
78130
78130
78139
78140
78142
78142
78143
78146
78147
78147
78150
78150
78150
78150
78152
78153
78154
78154
78157
78158
78158
78158
78160
78161
78164
78165
78168
78168
78170
78170
78171
78172
78173
78174
78175
78175
78179
78181
78183
78184
78184
78185
78186
78188
78188
78188
78189
78189
78191
78192
78193
78194
78195
78195
78197
78198
78198
78199
78204
78204
78205
78205
78206
78207
78208
78209
78209
78209
78210
78210
78213
78213
78214
78216
78217
78217
78222
78223
78223
78223
78224
78224
78226
78227
78229
78229
78229
78230
78230
78231
78234
78236
78236
78241
78242
78243
78243
78246
78246
78250
78251
78254
78254
78261
78263
78263
78265
78269
78270
78272
78273
78274
78275
78275
78275
78276
78278
78279
78279
78279
78281
78281
78282
78284
78285
78285
78287
78287
78288
78291
78293
78294
78295
78297
78297
78298
78299
78299
78300
78301
78301
78302
78303
78305
78305
78305
78312
78313
78313
78314
78318
78319
78321
78321
78322
78322
78322
78322
78323
78326
78331
78331
78335
78336
78339
78339
78341
78344
78344
78347
78348
78348
78351
78353
78353
78356
78357
78358
78359
78360
78361
78363
78366
78366
78368
78369
78369
78371
78372
78373
78373
78375
78375
78380
78382
78383
78385
78387
78388
78390
78390
78391
78391
78391
78392
78392
78394
78394
78394
78395
78395
78397
78398
78401
78403
78409
78410
78412
78414
78418
78421
78421
78422
78422
78423
78423
78424
78425
78425
78427
78428
78430
78431
78431
78431
78432
78433
78434
78435
78437
78437
78437
78444
78445
78447
78447
78448
78448
78448
78449
78449
78451
78451
78453
78455
78456
78457
78458
78458
78459
78461
78461
78462
78463
78463
78466
78467
78468
78468
78471
78471
78472
78472
78473
78474
78475
78482
78482
78483
78484
78484
78486
78487
78487
78489
78490
78492
78493
78494
78496
78497
78498
78499
78500
78500
78502
78503
78504
78504
78506
78506
78507
78507
78508
78508
78510
78510
78513
78515
78515
78517
78518
78518
78519
78520
78520
78522
78523
78523
78528
78529
78530
78533
78535
78536
78538
78539
78541
78542
78543
78545
78545
78546
78548
78550
78550
78551
78551
78552
78553
78555
78556
78558
78564
78564
78564
78565
78567
78571
78571
78571
78573
78574
78575
78575
78576
78578
78578
78580
78585
78586
78586
78588
78592
78595
78595
78595
78597
78597
78598
78599
78599
78600
78604
78606
78607
78608
78609
78612
78614
78614
78617
78617
78618
78618
78619
78620
78621
78623
78625
78627
78629
78630
78630
78631
78632
78633
78634
78637
78637
78638
78638
78640
78641
78643
78645
78648
78649
78649
78649
78649
78652
78654
78656
78656
78658
78660
78664
78665
78665
78666
78668
78670
78674
78676
78677
78678
78679
78679
78682
78682
78682
78682
78683
78684
78689
78691
78691
78693
78694
78699
78701
78702
78708
78709
78709
78717
78718
78719
78720
78720
78721
78721
78721
78723
78726
78727
78727
78727
78727
78728
78730
78730
78731
78733
78734
78735
78736
78737
78740
78741
78741
78747
78747
78750
78752
78752
78753
78753
78753
78756
78758
78759
78760
78761
78761
78762
78764
78764
78765
78766
78767
78768
78768
78768
78772
78772
78774
78776
78777
78778
78778
78778
78781
78786
78790
78790
78790
78791
78791
78797
78798
78800
78801
78801
78802
78802
78804
78805
78810
78813
78814
78818
78819
78819
78819
78821
78822
78822
78822
78823
78824
78826
78826
78827
78828
78828
78831
78831
78834
78836
78837
78837
78838
78839
78839
78846
78846
78848
78849
78849
78850
78852
78854
78861
78863
78863
78865
78865
78868
78868
78868
78868
78869
78870
78872
78877
78878
78878
78879
78880
78880
78884
78886
78886
78888
78889
78891
78891
78892
78896
78896
78899
78900
78900
78903
78903
78903
78909
78911
78912
78914
78916
78919
78919
78921
78922
78922
78922
78924
78925
78926
78927
78933
78938
78940
78942
78943
78944
78946
78947
78948
78949
78950
78951
78952
78952
78955
78958
78958
78958
78962
78964
78965
78966
78966
78968
78969
78970
78971
78972
78973
78974
78974
78974
78976
78976
78977
78982
78982
78986
78987
78987
78988
78988
78989
78990
78991
78991
78991
78993
78994
78994
78995
78997
78999
79000
79005
79006
79008
79009
79010
79011
79011
79012
79013
79014
79015
79018
79019
79019
79020
79022
79025
79025
79027
79028
79029
79032
79033
79034
79034
79034
79036
79036
79036
79037
79038
79042
79048
79050
79051
79052
79052
79053
79053
79055
79058
79058
79058
79059
79062
79063
79063
79064
79065
79066
79068
79070
79071
79072
79073
79081
79082
79082
79084
79084
79085
79087
79091
79092
79097
79100
79100
79102
79102
79103
79105
79108
79110
79112
79113
79113
79114
79115
79117
79118
79119
79120
79124
79126
79128
79128
79130
79130
79132
79133
79133
79136
79136
79138
79140
79141
79142
79143
79143
79146
79147
79147
79147
79148
79153
79153
79155
79157
79157
79158
79159
79160
79167
79167
79168
79168
79169
79169
79173
79173
79173
79174
79174
79175
79179
79180
79182
79183
79185
79186
79188
79189
79190
79192
79192
79194
79194
79194
79198
79200
79200
79203
79207
79209
79214
79214
79215
79215
79216
79218
79220
79221
79221
79221
79221
79224
79226
79230
79230
79231
79233
79233
79234
79234
79236
79239
79241
79245
79245
79247
79247
79248
79248
79249
79250
79251
79254
79254
79255
79256
79256
79257
79257
79258
79258
79259
79261
79269
79270
79271
79272
79272
79273
79273
79277
79280
79282
79282
79284
79285
79287
79288
79289
79291
79292
79293
79296
79297
79297
79298
79300
79300
79301
79302
79305
79305
79306
79308
79308
79309
79309
79311
79311
79311
79313
79313
79314
79314
79315
79315
79315
79315
79315
79317
79317
79317
79320
79321
79321
79325
79326
79326
79328
79330
79330
79334
79334
79335
79340
79340
79340
79341
79342
79343
79344
79345
79346
79347
79347
79347
79349
79349
79349
79355
79356
79360
79360
79361
79361
79363
79369
79370
79371
79372
79373
79374
79374
79375
79375
79379
79379
79380
79383
79384
79384
79389
79390
79391
79392
79392
79393
79393
79395
79395
79397
79398
79398
79399
79400
79400
79401
79402
79403
79406
79406
79407
79407
79408
79408
79408
79410
79411
79414
79415
79416
79419
79421
79422
79422
79422
79425
79426
79428
79432
79432
79433
79433
79436
79436
79437
79437
79442
79445
79445
79446
79450
79452
79452
79455
79458
79458
79461
79463
79465
79465
79465
79465
79467
79469
79471
79473
79483
79485
79487
79487
79490
79490
79491
79492
79492
79493
79495
79495
79497
79497
79498
79500
79506
79507
79507
79511
79511
79513
79516
79519
79521
79522
79523
79526
79528
79528
79528
79530
79530
79532
79533
79533
79534
79537
79537
79537
79540
79540
79541
79541
79542
79544
79544
79545
79546
79547
79547
79548
79551
79551
79552
79552
79553
79557
79559
79561
79562
79564
79564
79565
79568
79569
79570
79571
79572
79572
79573
79573
79574
79574
79577
79578
79578
79579
79580
79581
79584
79586
79587
79587
79588
79588
79590
79591
79593
79601
79603
79604
79605
79606
79606
79606
79611
79612
79612
79612
79614
79614
79616
79617
79618
79623
79623
79626
79630
79631
79631
79633
79633
79633
79634
79635
79638
79639
79640
79643
79644
79647
79648
79652
79653
79655
79656
79656
79658
79660
79661
79665
79666
79666
79668
79669
79669
79669
79669
79670
79674
79676
79676
79676
79677
79677
79679
79679
79685
79687
79688
79691
79693
79694
79694
79694
79696
79697
79697
79698
79699
79700
79702
79702
79704
79706
79707
79708
79713
79714
79717
79718
79718
79718
79719
79719
79720
79721
79724
79726
79726
79727
79727
79729
79729
79734
79735
79737
79738
79739
79742
79743
79744
79744
79745
79746
79746
79747
79747
79747
79748
79749
79750
79750
79752
79753
79753
79754
79754
79754
79755
79755
79755
79759
79760
79761
79761
79763
79764
79764
79766
79771
79772
79772
79773
79774
79774
79774
79777
79778
79779
79779
79779
79779
79779
79779
79781
79782
79782
79782
79785
79785
79786
79788
79788
79789
79789
79789
79789
79790
79790
79790
79791
79791
79791
79791
79797
79799
79801
79802
79802
79806
79807
79808
79809
79810
79811
79812
79812
79815
79815
79816
79816
79817
79818
79820
79820
79823
79828
79833
79834
79834
79835
79836
79836
79837
79841
79843
79843
79843
79845
79849
79850
79850
79851
79853
79854
79856
79856
79857
79857
79857
79858
79861
79862
79863
79864
79864
79864
79866
79866
79867
79868
79869
79871
79873
79873
79881
79882
79883
79886
79888
79888
79889
79892
79892
79895
79896
79898
79899
79900
79900
79900
79901
79901
79902
79902
79905
79907
79908
79909
79912
79913
79915
79916
79920
79922
79922
79926
79927
79927
79928
79932
79932
79934
79935
79936
79938
79939
79940
79943
79945
79945
79945
79947
79947
79948
79948
79950
79950
79950
79954
79956
79961
79962
79963
79967
79968
79969
79969
79970
79970
79970
79972
79972
79976
79977
79978
79981
79981
79981
79982
79983
79985
79988
79988
79990
79990
79990
79992
79992
79993
79994
79994
79998
79998
80000
80000
80001
80002
80004
80006
80008
80009
80009
80010
80011
80011
80013
80014
80018
80018
80019
80019
80020
80020
80021
80022
80023
80023
80024
80026
80027
80029
80029
80031
80031
80033
80033
80034
80035
80035
80035
80035
80036
80036
80036
80041
80042
80045
80045
80049
80050
80051
80052
80055
80055
80056
80057
80057
80058
80060
80061
80062
80063
80064
80064
80064
80065
80067
80068
80069
80070
80070
80072
80073
80073
80075
80075
80076
80078
80079
80080
80081
80082
80082
80083
80084
80084
80085
80085
80086
80087
80089
80090
80091
80093
80094
80096
80097
80097
80099
80099
80100
80100
80104
80105
80106
80107
80108
80108
80109
80113
80115
80118
80118
80118
80119
80123
80124
80125
80125
80126
80126
80127
80127
80130
80131
80132
80135
80138
80138
80141
80141
80142
80142
80142
80144
80145
80145
80145
80146
80146
80146
80148
80149
80150
80150
80150
80157
80158
80158
80159
80161
80161
80161
80163
80163
80163
80163
80165
80165
80165
80166
80168
80169
80169
80171
80171
80173
80174
80175
80176
80177
80180
80180
80181
80182
80182
80185
80185
80186
80190
80195
80195
80197
80197
80198
80198
80199
80201
80202
80204
80208
80211
80216
80217
80224
80227
80228
80229
80230
80230
80231
80231
80234
80234
80235
80236
80237
80237
80238
80239
80239
80240
80241
80242
80245
80246
80246
80247
80247
80250
80250
80250
80255
80256
80256
80258
80258
80258
80261
80262
80262
80262
80264
80265
80265
80266
80267
80267
80268
80269
80270
80270
80271
80271
80274
80274
80274
80276
80276
80278
80279
80280
80281
80282
80282
80283
80284
80285
80286
80288
80289
80290
80292
80292
80296
80304
80306
80306
80306
80307
80308
80310
80313
80314
80315
80316
80317
80320
80320
80321
80321
80321
80322
80322
80323
80323
80324
80326
80326
80327
80328
80328
80329
80330
80331
80331
80335
80339
80339
80340
80341
80341
80342
80342
80344
80344
80344
80346
80349
80350
80350
80354
80355
80355
80356
80356
80357
80359
80362
80364
80364
80364
80365
80366
80367
80369
80369
80373
80374
80376
80377
80378
80379
80379
80385
80385
80386
80389
80389
80392
80392
80399
80400
80405
80408
80410
80411
80413
80416
80416
80417
80417
80418
80422
80423
80424
80430
80430
80432
80433
80434
80436
80437
80439
80439
80441
80442
80442
80445
80447
80448
80450
80450
80452
80458
80459
80460
80461
80461
80462
80464
80465
80465
80467
80467
80468
80469
80470
80471
80471
80474
80477
80477
80477
80479
80481
80482
80483
80484
80488
80488
80489
80489
80491
80491
80494
80494
80494
80494
80495
80496
80498
80499
80499
80499
80500
80500
80500
80500
80501
80505
80507
80508
80511
80512
80513
80514
80514
80516
80518
80520
80523
80528
80528
80528
80529
80534
80535
80536
80537
80538
80540
80540
80543
80545
80546
80548
80549
80551
80552
80553
80553
80554
80554
80555
80555
80559
80562
80564
80564
80565
80565
80567
80570
80573
80575
80576
80576
80577
80577
80578
80578
80579
80581
80581
80582
80587
80588
80589
80590
80594
80597
80598
80598
80600
80600
80602
80603
80605
80605
80606
80606
80611
80612
80613
80614
80618
80618
80619
80621
80622
80623
80623
80623
80624
80631
80633
80635
80635
80636
80638
80638
80638
80640
80640
80641
80641
80641
80642
80644
80644
80647
80649
80650
80651
80654
80655
80655
80657
80659
80660
80661
80662
80663
80665
80668
80669
80671
80672
80676
80678
80680
80682
80682
80684
80684
80688
80688
80690
80690
80690
80692
80693
80693
80695
80696
80698
80699
80700
80702
80702
80702
80704
80706
80708
80709
80711
80712
80713
80715
80715
80715
80716
80716
80716
80716
80717
80718
80718
80719
80722
80722
80722
80724
80727
80728
80728
80729
80729
80730
80730
80730
80732
80735
80735
80737
80738
80739
80739
80739
80739
80740
80741
80746
80747
80747
80748
80748
80748
80751
80751
80752
80752
80752
80753
80754
80756
80757
80758
80758
80758
80761
80765
80765
80768
80768
80769
80769
80770
80772
80772
80773
80773
80774
80775
80775
80777
80777
80778
80779
80780
80780
80781
80782
80782
80783
80783
80783
80784
80786
80791
80791
80791
80792
80792
80793
80795
80796
80797
80803
80805
80807
80808
80809
80809
80812
80813
80815
80816
80816
80816
80817
80818
80819
80819
80819
80819
80820
80822
80823
80824
80824
80825
80827
80828
80829
80832
80833
80835
80836
80837
80838
80838
80840
80841
80841
80843
80843
80845
80845
80849
80852
80853
80854
80855
80856
80856
80856
80857
80857
80859
80860
80863
80863
80865
80866
80868
80871
80871
80872
80872
80873
80876
80878
80878
80884
80886
80887
80888
80888
80888
80890
80891
80891
80891
80892
80896
80897
80900
80901
80901
80907
80907
80908
80908
80908
80913
80914
80916
80916
80916
80917
80921
80922
80924
80924
80925
80929
80931
80932
80934
80935
80945
80945
80947
80947
80947
80948
80950
80950
80951
80953
80953
80953
80954
80956
80958
80959
80960
80960
80962
80963
80963
80965
80966
80966
80968
80969
80972
80972
80974
80974
80976
80977
80978
80983
80983
80985
80986
80986
80987
80988
80989
80990
80992
80993
80993
80994
80996
80997
80999
81000
81001
81002
81003
81005
81005
81006
81007
81007
81010
81012
81013
81014
81018
81019
81022
81022
81022
81022
81026
81027
81027
81027
81029
81032
81034
81034
81035
81036
81037
81038
81038
81039
81041
81042
81042
81045
81046
81046
81047
81047
81048
81051
81053
81056
81057
81057
81060
81063
81064
81065
81066
81067
81067
81067
81067
81073
81076
81076
81078
81079
81079
81080
81081
81082
81084
81090
81091
81091
81091
81092
81095
81096
81098
81098
81098
81098
81099
81100
81101
81103
81103
81104
81104
81107
81110
81110
81110
81110
81118
81119
81124
81125
81125
81126
81127
81127
81128
81130
81130
81131
81131
81132
81132
81132
81135
81138
81139
81139
81139
81140
81142
81143
81146
81146
81150
81150
81150
81152
81153
81153
81155
81155
81157
81157
81159
81160
81165
81167
81168
81168
81169
81169
81170
81171
81171
81177
81178
81179
81184
81184
81188
81188
81189
81191
81192
81193
81193
81197
81198
81199
81201
81202
81204
81205
81208
81208
81211
81218
81219
81219
81219
81220
81223
81224
81224
81226
81228
81228
81230
81232
81234
81235
81235
81235
81239
81241
81242
81242
81242
81243
81244
81245
81248
81249
81249
81249
81250
81252
81253
81253
81256
81257
81257
81258
81260
81264
81270
81271
81277
81279
81280
81282
81282
81282
81283
81286
81287
81289
81291
81291
81293
81294
81295
81298
81299
81299
81304
81305
81308
81310
81310
81311
81313
81313
81317
81317
81320
81322
81325
81327
81328
81328
81331
81331
81331
81332
81333
81335
81337
81337
81340
81343
81345
81345
81345
81348
81351
81352
81355
81357
81358
81362
81365
81372
81373
81374
81374
81377
81378
81378
81378
81387
81389
81392
81392
81395
81395
81396
81397
81399
81403
81404
81406
81407
81407
81407
81412
81413
81414
81415
81416
81417
81418
81420
81420
81421
81421
81423
81423
81425
81427
81430
81430
81431
81432
81432
81432
81434
81436
81436
81438
81442
81444
81444
81444
81445
81449
81450
81450
81451
81451
81454
81455
81456
81456
81456
81457
81460
81464
81464
81467
81469
81469
81470
81470
81474
81479
81480
81480
81480
81480
81481
81481
81482
81487
81487
81487
81489
81490
81490
81492
81495
81497
81497
81498
81499
81499
81500
81500
81501
81502
81503
81503
81506
81508
81509
81510
81515
81516
81517
81520
81521
81522
81526
81528
81530
81531
81532
81533
81533
81534
81537
81539
81540
81542
81542
81543
81543
81543
81544
81545
81546
81547
81547
81547
81548
81548
81549
81549
81550
81551
81551
81553
81553
81553
81555
81557
81557
81558
81559
81559
81559
81560
81561
81562
81564
81564
81565
81566
81566
81567
81567
81568
81571
81573
81576
81578
81580
81580
81582
81582
81585
81586
81589
81591
81592
81592
81593
81593
81594
81598
81599
81599
81601
81601
81601
81604
81605
81606
81607
81607
81608
81609
81609
81610
81611
81611
81611
81612
81615
81615
81616
81616
81622
81623
81624
81624
81624
81626
81628
81629
81630
81630
81631
81632
81635
81636
81637
81637
81639
81639
81642
81643
81645
81648
81650
81651
81651
81654
81654
81655
81658
81658
81660
81662
81665
81667
81669
81673
81675
81677
81678
81678
81679
81679
81683
81683
81684
81685
81688
81690
81691
81691
81691
81692
81692
81693
81694
81695
81696
81696
81697
81700
81702
81702
81705
81708
81709
81709
81710
81710
81712
81714
81715
81716
81716
81718
81720
81722
81725
81726
81729
81729
81731
81732
81737
81738
81741
81743
81745
81747
81748
81751
81752
81753
81756
81756
81757
81758
81760
81761
81764
81766
81767
81771
81771
81771
81771
81771
81772
81774
81775
81776
81776
81776
81779
81779
81781
81782
81783
81784
81786
81788
81789
81790
81790
81790
81791
81791
81791
81791
81792
81792
81795
81796
81799
81799
81800
81801
81805
81808
81808
81808
81808
81809
81814
81815
81815
81818
81819
81819
81821
81826
81826
81827
81827
81830
81832
81832
81832
81832
81834
81834
81836
81837
81837
81840
81840
81841
81843
81845
81851
81851
81852
81853
81853
81854
81855
81859
81864
81864
81865
81865
81866
81866
81867
81868
81869
81869
81871
81872
81876
81877
81883
81883
81885
81887
81887
81888
81890
81890
81893
81896
81898
81898
81899
81902
81905
81906
81908
81908
81908
81909
81909
81910
81910
81910
81912
81913
81914
81915
81915
81916
81916
81918
81920
81923
81923
81925
81929
81930
81930
81931
81934
81934
81934
81936
81937
81937
81937
81939
81941
81941
81942
81943
81944
81945
81945
81948
81952
81953
81953
81956
81957
81957
81958
81960
81960
81962
81964
81965
81966
81969
81974
81978
81981
81981
81981
81983
81985
81987
81987
81987
81987
81991
81991
81994
81994
81994
81997
81997
82000
82001
82003
82005
82005
82006
82006
82007
82007
82007
82007
82007
82008
82010
82011
82015
82015
82017
82017
82018
82019
82019
82021
82021
82021
82022
82024
82024
82024
82025
82025
82026
82028
82028
82030
82031
82031
82033
82033
82038
82041
82043
82044
82044
82044
82045
82048
82048
82049
82051
82053
82053
82056
82057
82057
82058
82058
82059
82059
82061
82062
82065
82067
82068
82071
82072
82073
82074
82074
82076
82077
82080
82083
82083
82085
82085
82086
82087
82087
82088
82089
82090
82090
82090
82094
82095
82099
82099
82100
82100
82101
82102
82102
82103
82103
82103
82104
82106
82107
82108
82111
82111
82112
82114
82118
82118
82120
82122
82123
82126
82130
82134
82135
82135
82137
82138
82139
82140
82140
82140
82140
82143
82145
82147
82148
82148
82149
82151
82151
82151
82151
82152
82154
82155
82155
82157
82158
82161
82164
82164
82164
82165
82167
82169
82174
82174
82175
82179
82180
82181
82183
82183
82184
82185
82186
82186
82186
82187
82190
82191
82192
82194
82194
82194
82195
82195
82196
82196
82198
82199
82199
82199
82200
82202
82203
82206
82206
82207
82209
82209
82215
82217
82220
82221
82221
82222
82226
82226
82228
82229
82231
82232
82232
82233
82234
82235
82235
82238
82240
82241
82243
82243
82246
82246
82248
82248
82248
82249
82249
82251
82252
82252
82254
82256
82257
82262
82262
82264
82265
82267
82268
82268
82268
82269
82269
82269
82269
82271
82271
82274
82274
82274
82277
82279
82279
82279
82280
82280
82281
82281
82282
82283
82284
82285
82285
82290
82291
82292
82296
82298
82302
82304
82306
82306
82306
82307
82307
82309
82309
82310
82310
82311
82311
82312
82315
82315
82315
82315
82315
82317
82319
82320
82322
82327
82330
82331
82332
82333
82333
82334
82334
82334
82334
82335
82336
82338
82338
82340
82340
82341
82341
82341
82348
82350
82350
82352
82353
82354
82355
82359
82359
82361
82361
82362
82363
82364
82365
82365
82365
82367
82367
82367
82369
82369
82369
82369
82370
82371
82372
82375
82375
82375
82378
82379
82385
82385
82386
82388
82388
82389
82390
82391
82391
82393
82395
82397
82398
82399
82403
82406
82407
82408
82409
82412
82412
82413
82415
82416
82419
82419
82419
82420
82421
82422
82422
82423
82425
82425
82425
82425
82426
82429
82429
82430
82430
82432
82433
82435
82438
82438
82438
82438
82440
82441
82441
82442
82443
82443
82444
82444
82453
82455
82456
82458
82459
82461
82464
82464
82464
82465
82465
82467
82467
82469
82471
82472
82476
82476
82477
82477
82477
82478
82478
82480
82480
82482
82484
82488
82490
82490
82495
82495
82495
82496
82496
82498
82498
82499
82503
82503
82504
82504
82504
82506
82507
82508
82513
82514
82517
82517
82518
82519
82523
82524
82525
82527
82528
82531
82531
82533
82534
82534
82534
82536
82537
82537
82540
82542
82543
82546
82547
82548
82548
82549
82550
82550
82550
82551
82553
82553
82554
82555
82561
82563
82563
82563
82565
82565
82566
82567
82571
82572
82573
82574
82574
82574
82575
82575
82577
82578
82579
82580
82581
82582
82584
82584
82584
82586
82588
82592
82592
82594
82596
82597
82599
82602
82602
82607
82609
82609
82611
82615
82616
82621
82631
82631
82632
82635
82636
82637
82638
82638
82641
82642
82644
82644
82645
82647
82650
82650
82651
82652
82652
82652
82654
82656
82658
82658
82660
82660
82663
82663
82664
82665
82665
82668
82669
82670
82671
82672
82673
82675
82675
82679
82681
82681
82684
82686
82687
82689
82691
82692
82693
82695
82698
82704
82704
82706
82709
82710
82710
82712
82715
82718
82718
82720
82722
82722
82723
82725
82726
82727
82727
82731
82732
82732
82734
82735
82736
82736
82737
82737
82737
82740
82741
82742
82742
82744
82744
82750
82751
82754
82756
82756
82756
82756
82757
82761
82761
82761
82762
82763
82763
82764
82764
82766
82769
82770
82770
82771
82773
82775
82775
82776
82777
82777
82778
82778
82778
82779
82782
82783
82787
82789
82790
82791
82795
82795
82797
82797
82797
82801
82801
82801
82802
82802
82803
82804
82804
82807
82809
82810
82812
82813
82815
82824
82825
82827
82830
82830
82831
82831
82832
82833
82834
82834
82835
82837
82839
82840
82841
82842
82843
82843
82846
82849
82851
82852
82852
82852
82853
82853
82854
82855
82856
82857
82857
82859
82860
82866
82866
82869
82869
82870
82870
82872
82873
82874
82875
82875
82879
82879
82880
82883
82883
82883
82885
82886
82886
82887
82887
82888
82890
82891
82891
82893
82898
82899
82899
82901
82903
82904
82904
82907
82912
82915
82917
82919
82922
82923
82928
82928
82935
82935
82936
82938
82939
82941
82941
82941
82942
82943
82945
82945
82946
82946
82948
82949
82950
82951
82957
82957
82958
82958
82963
82964
82965
82965
82967
82967
82968
82968
82969
82970
82971
82972
82973
82973
82974
82974
82976
82977
82977
82977
82978
82978
82978
82983
82990
82993
82994
82995
82997
83001
83005
83005
83005
83006
83008
83009
83010
83010
83015
83016
83016
83017
83017
83020
83022
83024
83025
83026
83029
83029
83032
83034
83035
83036
83037
83038
83040
83041
83045
83045
83046
83046
83046
83047
83052
83052
83059
83062
83062
83067
83072
83073
83074
83075
83076
83076
83077
83078
83078
83079
83080
83082
83084
83086
83087
83089
83090
83090
83092
83092
83093
83093
83094
83094
83094
83094
83095
83097
83101
83101
83103
83103
83106
83106
83106
83107
83108
83108
83108
83110
83112
83113
83114
83119
83125
83127
83127
83127
83130
83132
83132
83133
83133
83136
83140
83145
83145
83145
83146
83146
83148
83148
83149
83155
83155
83156
83156
83158
83159
83159
83161
83161
83161
83163
83165
83167
83168
83169
83170
83171
83172
83172
83176
83176
83176
83182
83184
83184
83185
83187
83189
83189
83190
83190
83192
83196
83196
83197
83197
83198
83200
83202
83203
83203
83205
83206
83208
83208
83210
83210
83214
83216
83217
83228
83228
83230
83231
83231
83233
83233
83234
83236
83236
83237
83238
83238
83239
83240
83241
83243
83244
83245
83245
83247
83247
83252
83252
83253
83253
83254
83256
83257
83260
83260
83261
83261
83264
83265
83267
83269
83270
83270
83270
83271
83272
83272
83274
83274
83275
83275
83276
83277
83278
83281
83283
83286
83287
83288
83289
83289
83291
83292
83292
83292
83297
83297
83298
83299
83302
83302
83302
83303
83303
83306
83307
83310
83312
83316
83316
83317
83318
83318
83318
83319
83321
83332
83332
83333
83334
83335
83338
83338
83340
83341
83341
83343
83345
83346
83346
83347
83348
83348
83349
83349
83350
83351
83352
83353
83354
83354
83354
83354
83355
83357
83359
83359
83362
83363
83363
83364
83365
83366
83368
83369
83369
83370
83371
83371
83372
83375
83376
83377
83379
83385
83386
83386
83386
83387
83388
83389
83391
83392
83392
83392
83393
83395
83395
83395
83399
83399
83402
83403
83404
83405
83405
83407
83407
83408
83411
83412
83415
83416
83416
83417
83418
83419
83419
83420
83420
83421
83421
83422
83423
83424
83424
83424
83427
83427
83428
83429
83430
83433
83436
83437
83438
83442
83443
83443
83443
83444
83445
83447
83447
83449
83450
83455
83455
83456
83457
83457
83457
83459
83460
83460
83460
83462
83466
83468
83468
83470
83471
83471
83472
83479
83480
83481
83481
83487
83488
83489
83490
83493
83497
83497
83501
83502
83502
83505
83506
83510
83511
83511
83513
83513
83514
83516
83520
83520
83521
83522
83522
83523
83523
83527
83527
83528
83528
83529
83530
83531
83533
83538
83541
83542
83544
83548
83548
83549
83550
83552
83555
83557
83558
83560
83565
83569
83572
83573
83574
83575
83575
83578
83578
83578
83579
83580
83583
83585
83585
83586
83587
83588
83592
83595
83600
83604
83605
83605
83606
83608
83608
83608
83609
83612
83630
83631
83632
83632
83633
83634
83634
83636
83638
83638
83639
83639
83642
83643
83644
83645
83645
83646
83646
83648
83650
83650
83651
83653
83653
83655
83655
83657
83657
83658
83658
83661
83665
83665
83670
83671
83671
83671
83671
83672
83673
83673
83674
83676
83679
83679
83679
83680
83681
83683
83686
83688
83689
83690
83690
83691
83693
83694
83694
83697
83699
83700
83701
83702
83703
83705
83711
83713
83713
83714
83716
83717
83721
83721
83722
83722
83722
83726
83727
83728
83733
83733
83733
83733
83734
83735
83738
83739
83741
83743
83744
83744
83746
83747
83747
83747
83748
83750
83751
83753
83754
83755
83755
83756
83758
83758
83759
83761
83762
83762
83763
83763
83764
83764
83764
83768
83769
83772
83774
83776
83779
83780
83780
83781
83782
83786
83789
83790
83791
83795
83800
83802
83803
83803
83805
83807
83811
83813
83815
83816
83817
83819
83822
83822
83826
83827
83828
83831
83832
83833
83839
83841
83843
83843
83843
83845
83846
83848
83849
83854
83855
83856
83857
83860
83861
83861
83862
83864
83866
83866
83868
83869
83869
83869
83871
83874
83875
83875
83879
83882
83885
83886
83888
83888
83894
83894
83897
83899
83899
83899
83899
83899
83900
83900
83900
83901
83901
83905
83907
83907
83909
83909
83910
83913
83913
83915
83916
83916
83916
83918
83919
83924
83924
83925
83926
83926
83927
83928
83928
83928
83929
83931
83934
83934
83938
83938
83940
83941
83945
83947
83950
83951
83952
83953
83956
83956
83957
83959
83960
83960
83961
83962
83963
83964
83966
83966
83967
83967
83967
83967
83969
83969
83970
83970
83970
83971
83972
83973
83973
83975
83976
83978
83979
83984
83985
83990
83991
83991
83992
83994
83994
83995
83997
83999
84001
84001
84003
84003
84004
84008
84009
84010
84010
84011
84014
84014
84015
84016
84016
84017
84021
84021
84022
84022
84023
84023
84023
84024
84026
84028
84031
84036
84038
84039
84039
84040
84040
84041
84041
84042
84043
84047
84049
84050
84052
84052
84054
84055
84058
84061
84061
84063
84063
84063
84063
84064
84064
84065
84066
84066
84066
84069
84070
84070
84071
84074
84077
84078
84078
84079
84081
84084
84085
84085
84087
84092
84093
84093
84094
84097
84101
84104
84105
84106
84106
84107
84108
84109
84109
84110
84113
84113
84114
84114
84115
84117
84118
84118
84120
84120
84121
84123
84124
84125
84126
84126
84126
84130
84130
84132
84134
84138
84139
84141
84141
84147
84147
84150
84151
84152
84152
84153
84153
84156
84157
84160
84161
84162
84162
84164
84165
84168
84171
84172
84172
84172
84175
84175
84175
84177
84180
84181
84181
84182
84182
84183
84184
84186
84188
84193
84196
84197
84198
84201
84203
84205
84206
84207
84207
84207
84208
84208
84210
84211
84214
84214
84215
84215
84215
84215
84217
84217
84218
84223
84225
84227
84227
84229
84229
84232
84234
84235
84237
84237
84239
84240
84240
84243
84243
84246
84249
84249
84250
84251
84256
84256
84256
84258
84258
84259
84262
84263
84263
84264
84264
84265
84266
84267
84267
84268
84269
84270
84271
84271
84271
84272
84273
84275
84277
84278
84278
84278
84279
84281
84283
84286
84289
84289
84294
84295
84295
84295
84296
84300
84300
84302
84303
84309
84310
84310
84315
84319
84322
84322
84323
84323
84323
84324
84325
84326
84327
84331
84331
84332
84334
84336
84336
84337
84337
84338
84339
84340
84342
84342
84343
84344
84344
84345
84347
84349
84349
84351
84352
84352
84352
84353
84353
84353
84355
84355
84356
84356
84357
84359
84359
84360
84361
84362
84364
84368
84368
84370
84371
84371
84372
84375
84375
84376
84377
84378
84378
84381
84382
84382
84384
84384
84385
84386
84387
84387
84388
84389
84389
84389
84390
84391
84391
84391
84391
84392
84393
84394
84399
84400
84401
84402
84402
84404
84404
84411
84411
84412
84412
84412
84412
84413
84415
84416
84418
84420
84422
84422
84422
84423
84425
84425
84428
84429
84429
84430
84430
84432
84432
84433
84437
84440
84442
84446
84449
84450
84450
84450
84453
84455
84456
84457
84459
84460
84460
84460
84461
84462
84464
84466
84466
84467
84467
84468
84470
84470
84470
84473
84475
84475
84476
84477
84482
84483
84483
84485
84485
84487
84487
84488
84488
84492
84492
84493
84494
84495
84495
84500
84500
84501
84502
84503
84506
84507
84509
84511
84511
84511
84512
84512
84514
84514
84517
84518
84518
84518
84521
84524
84527
84529
84530
84531
84534
84535
84536
84536
84540
84541
84542
84547
84548
84550
84551
84557
84558
84559
84559
84560
84560
84563
84564
84565
84565
84565
84566
84566
84566
84572
84573
84573
84575
84575
84576
84578
84578
84579
84580
84581
84581
84581
84582
84582
84585
84586
84586
84588
84590
84591
84593
84596
84598
84599
84600
84602
84602
84602
84606
84606
84607
84608
84610
84610
84610
84611
84612
84614
84618
84621
84621
84621
84623
84625
84627
84627
84628
84629
84629
84630
84630
84630
84632
84636
84637
84637
84639
84641
84641
84641
84642
84643
84646
84646
84649
84650
84652
84657
84658
84659
84659
84659
84659
84660
84662
84665
84666
84668
84669
84669
84671
84674
84675
84679
84679
84682
84683
84687
84689
84689
84690
84690
84691
84692
84695
84695
84697
84697
84698
84698
84700
84701
84702
84702
84704
84705
84706
84707
84707
84709
84710
84710
84713
84714
84718
84718
84719
84724
84726
84726
84726
84727
84732
84732
84734
84738
84738
84741
84741
84745
84747
84748
84749
84750
84751
84751
84751
84755
84761
84763
84765
84769
84769
84771
84772
84772
84773
84774
84775
84775
84777
84779
84781
84782
84783
84784
84786
84787
84787
84789
84791
84791
84793
84793
84794
84794
84794
84796
84796
84797
84797
84799
84801
84803
84803
84803
84805
84806
84807
84809
84813
84815
84817
84824
84825
84825
84826
84828
84828
84829
84829
84833
84833
84836
84840
84843
84843
84844
84845
84849
84850
84851
84854
84856
84857
84861
84865
84866
84870
84876
84876
84878
84878
84879
84882
84884
84888
84892
84894
84895
84897
84898
84900
84904
84904
84905
84907
84909
84910
84911
84911
84912
84916
84917
84917
84917
84918
84918
84918
84919
84921
84923
84924
84924
84926
84927
84929
84929
84930
84934
84937
84938
84938
84939
84941
84942
84943
84944
84946
84947
84949
84949
84950
84950
84950
84953
84953
84954
84954
84956
84958
84960
84960
84961
84963
84963
84966
84967
84969
84969
84969
84970
84977
84977
84978
84978
84979
84981
84981
84981
84982
84985
84986
84987
84987
84988
84988
84989
84990
84991
84991
84995
84996
84996
85000
85000
85000
85001
85002
85002
85002
85003
85004
85005
85007
85009
85009
85012
85013
85016
85017
85020
85022
85024
85025
85032
85032
85034
85035
85036
85038
85038
85040
85041
85042
85042
85045
85045
85045
85049
85050
85052
85053
85054
85055
85056
85056
85058
85060
85060
85062
85064
85065
85066
85066
85067
85069
85071
85072
85077
85078
85078
85079
85082
85082
85083
85083
85084
85086
85086
85087
85087
85087
85088
85090
85093
85093
85093
85094
85096
85096
85097
85098
85098
85099
85102
85102
85104
85105
85106
85108
85110
85110
85111
85111
85112
85113
85113
85113
85114
85115
85118
85118
85120
85123
85127
85128
85128
85128
85135
85135
85137
85137
85137
85137
85138
85139
85142
85142
85142
85143
85145
85146
85147
85148
85150
85151
85151
85151
85154
85154
85154
85155
85158
85159
85159
85162
85165
85167
85171
85174
85179
85179
85180
85181
85185
85185
85186
85189
85189
85190
85190
85190
85191
85193
85195
85196
85197
85197
85197
85199
85201
85202
85202
85203
85205
85207
85207
85208
85212
85213
85215
85216
85216
85219
85219
85222
85223
85225
85226
85228
85230
85234
85234
85235
85236
85236
85236
85240
85240
85241
85242
85245
85246
85246
85249
85249
85250
85251
85253
85255
85256
85256
85259
85261
85264
85265
85269
85274
85276
85278
85279
85280
85280
85281
85282
85283
85284
85285
85286
85287
85288
85290
85293
85293
85293
85295
85295
85296
85296
85296
85297
85297
85298
85298
85299
85300
85302
85302
85303
85305
85305
85308
85309
85310
85311
85311
85311
85313
85313
85317
85318
85318
85318
85321
85321
85323
85324
85326
85326
85326
85327
85327
85327
85329
85330
85334
85334
85336
85336
85340
85342
85342
85343
85346
85346
85347
85350
85350
85351
85351
85352
85353
85354
85354
85354
85356
85357
85357
85358
85359
85360
85360
85362
85363
85363
85364
85366
85366
85366
85368
85369
85370
85371
85373
85373
85374
85375
85378
85381
85381
85381
85382
85384
85387
85389
85390
85390
85394
85395
85396
85397
85397
85399
85400
85401
85402
85406
85407
85408
85409
85409
85410
85410
85411
85412
85413
85418
85418
85419
85422
85424
85426
85427
85430
85432
85433
85434
85435
85437
85439
85439
85442
85442
85442
85442
85442
85443
85445
85445
85446
85447
85448
85456
85458
85461
85461
85462
85463
85468
85468
85469
85471
85472
85475
85475
85475
85476
85478
85479
85480
85480
85480
85482
85483
85484
85488
85492
85495
85495
85496
85496
85496
85501
85502
85508
85509
85509
85511
85511
85513
85513
85516
85520
85521
85524
85526
85533
85533
85534
85535
85535
85537
85538
85539
85539
85541
85542
85549
85550
85554
85556
85558
85558
85559
85560
85561
85562
85562
85563
85563
85563
85564
85564
85565
85565
85565
85565
85565
85567
85567
85571
85571
85574
85575
85575
85577
85577
85578
85581
85581
85583
85584
85584
85586
85587
85593
85594
85597
85598
85598
85598
85600
85604
85605
85609
85609
85612
85615
85615
85616
85620
85621
85622
85624
85628
85631
85632
85633
85633
85635
85639
85640
85640
85644
85649
85651
85651
85652
85653
85656
85656
85656
85656
85657
85659
85659
85659
85659
85659
85659
85660
85663
85667
85668
85668
85670
85670
85671
85671
85672
85674
85678
85679
85680
85680
85680
85681
85681
85683
85683
85685
85686
85687
85688
85689
85691
85691
85691
85695
85696
85697
85698
85700
85701
85701
85704
85705
85705
85705
85706
85708
85709
85713
85716
85716
85716
85718
85719
85720
85725
85725
85729
85733
85733
85733
85733
85734
85735
85736
85737
85737
85739
85740
85740
85740
85741
85743
85744
85745
85745
85746
85749
85750
85751
85752
85753
85753
85755
85755
85757
85759
85760
85760
85761
85763
85763
85764
85765
85765
85765
85767
85767
85768
85768
85771
85772
85773
85773
85774
85777
85778
85779
85782
85782
85784
85784
85784
85784
85786
85786
85787
85791
85792
85795
85797
85797
85798
85798
85799
85799
85800
85802
85804
85806
85806
85807
85807
85808
85810
85811
85811
85811
85811
85811
85811
85812
85814
85815
85816
85816
85819
85820
85822
85822
85822
85822
85823
85826
85826
85827
85827
85828
85829
85829
85829
85830
85831
85837
85837
85837
85838
85841
85844
85848
85848
85850
85851
85853
85853
85858
85860
85860
85861
85862
85866
85871
85872
85873
85873
85873
85874
85874
85878
85879
85880
85881
85882
85884
85884
85887
85891
85892
85893
85893
85895
85895
85896
85897
85898
85901
85902
85903
85903
85907
85908
85909
85910
85911
85911
85912
85912
85912
85913
85915
85915
85915
85915
85917
85918
85919
85920
85921
85921
85923
85925
85927
85927
85929
85934
85936
85936
85937
85937
85941
85944
85947
85949
85950
85952
85953
85954
85955
85960
85960
85961
85964
85965
85968
85968
85969
85969
85971
85974
85975
85978
85980
85980
85988
85989
85990
85990
85991
85992
85994
85994
85996
85996
86000
86002
86003
86003
86004
86006
86010
86010
86011
86011
86012
86013
86015
86016
86017
86017
86021
86023
86023
86027
86030
86030
86033
86034
86035
86036
86036
86036
86037
86038
86040
86042
86043
86044
86048
86050
86053
86053
86053
86058
86059
86059
86060
86061
86061
86063
86064
86064
86065
86066
86066
86067
86070
86073
86074
86075
86076
86078
86080
86081
86084
86085
86085
86087
86087
86088
86089
86089
86090
86091
86092
86094
86098
86102
86102
86104
86105
86106
86107
86109
86109
86110
86111
86114
86118
86119
86119
86120
86120
86120
86121
86122
86123
86125
86125
86129
86130
86131
86133
86134
86136
86136
86138
86139
86141
86141
86147
86147
86148
86149
86152
86152
86155
86155
86157
86158
86159
86162
86162
86164
86165
86166
86167
86167
86173
86177
86178
86178
86178
86180
86180
86181
86181
86184
86185
86187
86191
86191
86193
86194
86195
86195
86197
86200
86203
86204
86207
86207
86208
86208
86211
86211
86212
86214
86216
86219
86220
86220
86221
86222
86224
86224
86227
86228
86229
86230
86230
86231
86232
86234
86235
86237
86237
86239
86242
86243
86245
86245
86246
86247
86249
86249
86251
86253
86254
86254
86255
86258
86259
86260
86261
86261
86261
86265
86270
86273
86274
86275
86275
86276
86277
86277
86279
86287
86289
86291
86294
86295
86296
86296
86298
86299
86303
86303
86303
86303
86305
86308
86309
86310
86310
86312
86313
86314
86322
86329
86329
86331
86331
86337
86337
86338
86342
86344
86345
86349
86354
86354
86355
86356
86356
86357
86358
86359
86359
86359
86359
86359
86360
86360
86362
86362
86363
86365
86366
86366
86367
86367
86367
86368
86369
86370
86371
86372
86373
86378
86379
86382
86382
86382
86382
86383
86386
86387
86387
86389
86393
86394
86396
86396
86397
86397
86398
86399
86400
86400
86401
86402
86404
86405
86405
86406
86408
86409
86410
86413
86414
86416
86416
86420
86422
86423
86424
86427
86429
86429
86430
86430
86430
86432
86434
86438
86439
86440
86442
86442
86443
86443
86444
86446
86447
86447
86449
86450
86451
86453
86454
86456
86456
86457
86458
86459
86461
86462
86466
86470
86472
86472
86473
86474
86474
86475
86475
86476
86478
86482
86483
86484
86485
86487
86488
86489
86490
86491
86494
86495
86496
86499
86500
86500
86502
86505
86510
86510
86512
86513
86513
86515
86516
86517
86518
86518
86519
86519
86520
86524
86524
86525
86526
86529
86529
86530
86531
86536
86537
86539
86540
86541
86542
86543
86544
86546
86547
86547
86549
86552
86554
86559
86561
86562
86562
86564
86566
86568
86568
86571
86571
86574
86576
86578
86578
86583
86584
86584
86585
86587
86587
86588
86588
86589
86592
86592
86593
86593
86595
86595
86598
86599
86599
86600
86600
86602
86603
86604
86607
86608
86610
86610
86611
86611
86616
86617
86618
86620
86620
86623
86623
86623
86623
86626
86628
86628
86628
86628
86628
86629
86629
86629
86630
86631
86632
86632
86637
86639
86641
86643
86643
86645
86645
86647
86647
86648
86650
86652
86652
86657
86657
86657
86658
86659
86660
86661
86663
86665
86666
86666
86668
86668
86671
86672
86672
86673
86674
86675
86677
86679
86683
86683
86685
86686
86691
86692
86693
86697
86697
86698
86700
86700
86700
86701
86703
86704
86704
86705
86706
86707
86707
86709
86711
86713
86715
86716
86716
86717
86718
86722
86723
86724
86725
86725
86728
86729
86729
86731
86732
86732
86740
86745
86746
86746
86746
86750
86751
86753
86755
86756
86757
86757
86759
86760
86760
86761
86762
86763
86763
86764
86765
86766
86766
86766
86771
86771
86775
86779
86784
86784
86787
86790
86791
86791
86791
86791
86793
86794
86795
86796
86797
86797
86798
86802
86802
86803
86805
86807
86809
86809
86810
86811
86816
86819
86824
86824
86825
86831
86833
86833
86837
86840
86845
86846
86846
86848
86851
86853
86854
86856
86858
86860
86861
86862
86864
86865
86866
86866
86867
86868
86871
86875
86877
86878
86878
86882
86882
86882
86884
86884
86886
86887
86889
86889
86891
86894
86894
86896
86897
86898
86898
86904
86909
86910
86911
86911
86912
86914
86916
86917
86917
86918
86918
86920
86920
86922
86927
86927
86930
86930
86931
86932
86932
86933
86934
86935
86936
86936
86938
86941
86942
86944
86945
86946
86948
86949
86949
86953
86953
86953
86954
86956
86956
86957
86958
86959
86960
86962
86963
86966
86967
86967
86969
86970
86970
86972
86973
86975
86976
86976
86977
86977
86977
86978
86978
86989
86989
86994
87000
87000
87001
87004
87008
87009
87010
87013
87015
87016
87017
87017
87018
87020
87023
87023
87023
87024
87025
87025
87025
87026
87029
87029
87030
87030
87030
87032
87034
87036
87037
87039
87039
87040
87041
87041
87048
87049
87051
87051
87052
87053
87055
87056
87058
87059
87060
87060
87061
87061
87062
87064
87065
87066
87066
87068
87068
87068
87073
87074
87074
87077
87077
87079
87082
87086
87089
87091
87092
87094
87096
87096
87098
87098
87099
87100
87101
87101
87102
87103
87103
87103
87105
87105
87106
87106
87107
87107
87108
87108
87108
87109
87112
87112
87115
87117
87118
87119
87120
87122
87124
87127
87127
87128
87128
87128
87128
87129
87130
87134
87134
87134
87135
87136
87139
87139
87142
87142
87143
87144
87148
87149
87149
87149
87151
87151
87152
87152
87153
87153
87154
87155
87160
87161
87161
87161
87162
87162
87163
87163
87164
87166
87167
87168
87171
87173
87173
87176
87178
87180
87180
87182
87184
87184
87188
87189
87190
87190
87192
87193
87194
87195
87197
87204
87205
87207
87208
87209
87210
87210
87211
87211
87215
87216
87219
87222
87222
87223
87223
87225
87227
87228
87230
87230
87230
87231
87232
87237
87239
87239
87240
87240
87241
87241
87242
87243
87243
87244
87245
87247
87248
87249
87250
87251
87253
87254
87255
87256
87257
87257
87259
87263
87264
87267
87268
87268
87268
87268
87270
87273
87278
87278
87279
87279
87279
87282
87286
87288
87288
87289
87289
87289
87290
87291
87292
87292
87292
87292
87293
87294
87294
87296
87296
87297
87297
87300
87304
87304
87305
87305
87306
87311
87312
87313
87314
87316
87318
87321
87321
87324
87324
87324
87325
87326
87328
87330
87330
87332
87335
87336
87339
87341
87342
87344
87344
87346
87347
87347
87347
87348
87351
87353
87354
87359
87361
87361
87363
87363
87366
87367
87369
87371
87372
87375
87377
87378
87381
87384
87384
87387
87389
87389
87392
87394
87394
87395
87395
87397
87402
87402
87404
87407
87408
87410
87411
87416
87419
87420
87421
87425
87428
87433
87434
87434
87435
87436
87436
87437
87439
87440
87440
87441
87442
87444
87445
87449
87451
87457
87458
87462
87463
87464
87465
87467
87467
87468
87469
87471
87471
87477
87477
87477
87478
87480
87480
87480
87481
87482
87484
87484
87484
87485
87487
87487
87488
87489
87493
87494
87497
87500
87500
87501
87501
87501
87502
87508
87508
87509
87510
87514
87514
87514
87515
87515
87519
87520
87521
87521
87522
87522
87524
87525
87526
87527
87527
87527
87528
87530
87531
87535
87535
87536
87538
87539
87541
87541
87542
87543
87549
87550
87551
87552
87556
87556
87557
87557
87560
87560
87562
87563
87564
87564
87565
87571
87574
87574
87575
87576
87578
87580
87580
87581
87584
87585
87586
87588
87589
87589
87592
87593
87595
87598
87599
87600
87601
87602
87606
87607
87608
87609
87612
87613
87614
87616
87624
87625
87625
87625
87626
87627
87627
87628
87628
87629
87631
87632
87632
87637
87637
87640
87640
87641
87642
87642
87643
87644
87645
87648
87648
87650
87655
87656
87657
87659
87660
87660
87662
87665
87666
87667
87669
87674
87676
87677
87678
87679
87680
87682
87688
87690
87691
87692
87692
87697
87698
87698
87702
87704
87704
87704
87704
87706
87707
87708
87708
87709
87714
87715
87718
87718
87719
87724
87724
87724
87726
87730
87731
87731
87735
87735
87736
87736
87737
87743
87743
87745
87745
87746
87747
87747
87749
87749
87751
87751
87753
87756
87759
87761
87763
87764
87764
87764
87765
87765
87766
87766
87767
87769
87770
87770
87771
87772
87772
87773
87774
87780
87781
87784
87785
87788
87789
87790
87790
87791
87793
87793
87794
87794
87795
87801
87801
87802
87803
87804
87804
87804
87805
87806
87807
87807
87807
87809
87809
87810
87811
87812
87812
87814
87814
87815
87816
87816
87817
87817
87818
87819
87820
87820
87822
87823
87823
87829
87830
87831
87833
87833
87834
87835
87837
87838
87838
87840
87843
87844
87845
87846
87847
87851
87852
87852
87853
87853
87854
87854
87854
87855
87855
87855
87857
87860
87861
87862
87863
87863
87863
87864
87864
87865
87866
87867
87867
87869
87870
87870
87871
87872
87873
87874
87874
87875
87877
87877
87879
87879
87880
87881
87886
87886
87888
87889
87889
87889
87889
87890
87890
87891
87891
87893
87894
87894
87895
87895
87897
87897
87897
87900
87903
87904
87904
87907
87908
87910
87911
87911
87912
87913
87914
87918
87918
87919
87920
87920
87922
87926
87932
87933
87933
87934
87934
87935
87937
87937
87938
87941
87942
87942
87943
87946
87946
87947
87949
87950
87955
87957
87959
87960
87960
87961
87962
87963
87963
87963
87966
87968
87969
87980
87984
87984
87985
87985
87985
87987
87988
87988
87989
87990
87991
87991
87992
87995
87998
87999
88000
88001
88004
88005
88007
88012
88014
88017
88020
88020
88021
88021
88026
88027
88027
88028
88029
88032
88033
88035
88035
88036
88036
88040
88041
88041
88043
88046
88047
88051
88055
88060
88060
88060
88061
88061
88062
88065
88068
88071
88071
88072
88075
88075
88075
88075
88076
88079
88079
88079
88080
88080
88082
88082
88082
88082
88083
88085
88086
88088
88089
88089
88090
88090
88091
88092
88092
88093
88093
88094
88096
88097
88098
88099
88100
88100
88101
88101
88104
88105
88106
88107
88108
88109
88109
88109
88111
88112
88113
88114
88115
88115
88117
88118
88118
88122
88123
88126
88126
88129
88130
88131
88133
88133
88135
88138
88138
88140
88140
88141
88142
88143
88145
88148
88150
88154
88157
88157
88158
88158
88158
88159
88161
88162
88163
88164
88165
88167
88167
88172
88172
88172
88172
88173
88173
88174
88174
88174
88177
88177
88177
88179
88179
88182
88182
88187
88188
88188
88190
88191
88191
88192
88193
88193
88196
88196
88196
88198
88198
88201
88203
88203
88205
88206
88208
88210
88210
88211
88211
88212
88213
88213
88215
88215
88216
88217
88218
88219
88221
88224
88225
88226
88228
88232
88233
88233
88233
88234
88234
88235
88236
88237
88237
88238
88241
88241
88245
88245
88245
88247
88249
88250
88253
88253
88256
88256
88257
88259
88259
88259
88260
88263
88264
88264
88264
88264
88266
88266
88266
88266
88267
88269
88270
88270
88275
88275
88277
88278
88280
88281
88282
88283
88283
88283
88284
88285
88288
88291
88292
88293
88293
88294
88294
88297
88299
88299
88300
88300
88301
88302
88303
88309
88312
88312
88312
88312
88312
88312
88313
88313
88314
88314
88315
88317
88317
88318
88318
88318
88319
88321
88322
88324
88325
88325
88328
88334
88334
88335
88336
88337
88337
88338
88339
88342
88343
88344
88344
88345
88345
88346
88347
88348
88348
88350
88351
88352
88352
88353
88354
88362
88363
88363
88365
88366
88368
88369
88372
88372
88374
88374
88378
88380
88381
88382
88383
88384
88386
88386
88387
88387
88388
88389
88390
88391
88394
88395
88399
88401
88401
88404
88407
88408
88409
88410
88411
88412
88412
88413
88415
88415
88417
88417
88419
88420
88420
88421
88422
88422
88423
88424
88424
88425
88425
88426
88427
88429
88432
88435
88436
88439
88441
88441
88443
88444
88444
88445
88446
88448
88448
88449
88452
88452
88455
88455
88459
88460
88461
88461
88462
88462
88462
88464
88464
88465
88469
88473
88474
88474
88475
88475
88479
88480
88483
88483
88484
88485
88486
88486
88487
88489
88492
88492
88493
88494
88495
88495
88497
88497
88497
88499
88501
88502
88503
88504
88504
88505
88506
88509
88509
88510
88514
88515
88517
88517
88518
88518
88518
88520
88520
88520
88521
88524
88524
88527
88532
88533
88537
88539
88540
88544
88547
88550
88551
88552
88552
88556
88557
88557
88559
88560
88562
88562
88562
88563
88564
88566
88569
88571
88571
88572
88573
88573
88574
88578
88578
88579
88580
88580
88581
88581
88582
88582
88583
88583
88588
88589
88590
88591
88591
88592
88594
88594
88595
88597
88597
88598
88599
88602
88602
88603
88603
88604
88605
88609
88610
88611
88611
88614
88616
88618
88619
88620
88621
88623
88624
88624
88626
88627
88627
88628
88628
88628
88629
88632
88635
88639
88639
88640
88640
88643
88649
88649
88650
88652
88654
88654
88654
88654
88656
88660
88660
88663
88665
88665
88668
88676
88677
88678
88678
88686
88688
88689
88689
88690
88690
88692
88692
88696
88697
88698
88704
88706
88706
88707
88708
88709
88709
88710
88710
88712
88714
88714
88716
88718
88719
88719
88720
88723
88723
88724
88728
88728
88729
88732
88735
88735
88736
88740
88741
88743
88743
88744
88744
88744
88744
88745
88745
88746
88747
88747
88747
88754
88756
88762
88763
88763
88763
88764
88764
88765
88767
88767
88768
88768
88771
88772
88774
88775
88775
88780
88783
88785
88786
88786
88787
88789
88791
88793
88802
88803
88803
88803
88805
88806
88807
88809
88809
88810
88812
88813
88814
88815
88816
88816
88817
88818
88819
88819
88820
88828
88830
88830
88831
88836
88836
88839
88840
88840
88845
88845
88845
88845
88847
88850
88851
88852
88852
88853
88856
88856
88857
88857
88859
88860
88860
88860
88861
88865
88866
88867
88868
88869
88869
88870
88871
88876
88877
88877
88879
88879
88880
88882
88884
88884
88885
88887
88888
88888
88888
88890
88893
88897
88897
88897
88904
88906
88906
88907
88908
88908
88910
88910
88911
88911
88911
88911
88920
88920
88921
88922
88923
88925
88926
88928
88929
88929
88929
88931
88932
88933
88935
88935
88936
88936
88937
88937
88938
88939
88944
88946
88947
88948
88949
88953
88956
88960
88960
88965
88966
88967
88971
88973
88974
88976
88978
88979
88980
88980
88981
88981
88981
88983
88983
88983
88984
88984
88986
88988
88989
88989
88990
88991
89001
89005
89005
89007
89009
89013
89016
89018
89026
89027
89028
89030
89033
89033
89033
89035
89035
89035
89036
89036
89038
89038
89041
89041
89043
89045
89045
89046
89048
89048
89049
89049
89050
89055
89059
89060
89060
89062
89064
89064
89066
89066
89066
89067
89067
89068
89070
89070
89071
89073
89075
89081
89088
89088
89089
89090
89091
89097
89098
89099
89099
89102
89102
89103
89104
89108
89109
89110
89110
89110
89111
89111
89111
89112
89113
89119
89120
89121
89122
89126
89128
89135
89135
89136
89138
89139
89141
89141
89145
89146
89146
89148
89149
89150
89151
89151
89151
89152
89153
89155
89158
89158
89158
89161
89161
89162
89166
89177
89177
89178
89179
89180
89180
89182
89183
89183
89184
89185
89185
89190
89193
89197
89198
89199
89203
89203
89205
89205
89207
89209
89210
89214
89216
89219
89224
89225
89227
89227
89228
89229
89231
89231
89232
89233
89236
89237
89237
89241
89241
89242
89243
89244
89245
89245
89247
89248
89252
89252
89253
89253
89253
89253
89256
89256
89256
89257
89260
89261
89262
89262
89263
89264
89264
89265
89266
89267
89268
89271
89271
89275
89277
89278
89278
89279
89279
89280
89283
89284
89284
89285
89285
89286
89286
89287
89289
89294
89295
89298
89299
89300
89301
89302
89302
89303
89304
89305
89305
89308
89309
89312
89315
89315
89315
89315
89317
89318
89321
89322
89322
89328
89329
89333
89338
89340
89340
89344
89345
89345
89347
89348
89349
89351
89352
89354
89355
89359
89360
89361
89361
89362
89363
89363
89364
89365
89365
89367
89367
89372
89373
89374
89374
89374
89374
89378
89380
89383
89385
89386
89386
89388
89388
89389
89391
89393
89394
89395
89396
89397
89397
89398
89400
89404
89406
89406
89408
89408
89408
89410
89410
89411
89412
89417
89418
89422
89424
89425
89425
89426
89427
89427
89428
89428
89429
89430
89430
89434
89434
89434
89434
89438
89441
89445
89447
89448
89451
89453
89456
89456
89456
89456
89457
89460
89465
89466
89469
89469
89470
89472
89477
89479
89479
89481
89481
89484
89485
89485
89485
89487
89488
89490
89491
89491
89492
89494
89494
89495
89496
89498
89499
89500
89504
89506
89507
89507
89509
89511
89513
89516
89517
89519
89520
89521
89522
89523
89524
89525
89526
89527
89528
89530
89535
89535
89536
89538
89538
89541
89543
89545
89546
89548
89550
89557
89558
89559
89560
89562
89562
89564
89567
89568
89570
89571
89571
89572
89572
89574
89575
89576
89578
89579
89579
89579
89580
89581
89582
89583
89584
89587
89587
89587
89588
89589
89591
89592
89593
89594
89596
89596
89597
89600
89602
89602
89605
89605
89605
89605
89607
89610
89610
89611
89614
89614
89617
89618
89618
89620
89621
89621
89624
89625
89626
89628
89628
89628
89632
89633
89634
89635
89635
89636
89636
89637
89638
89640
89642
89644
89645
89647
89647
89649
89649
89651
89654
89655
89656
89656
89657
89660
89663
89663
89665
89666
89666
89670
89673
89674
89675
89675
89679
89679
89680
89680
89681
89681
89682
89683
89684
89686
89687
89690
89692
89693
89693
89694
89694
89696
89698
89699
89699
89699
89700
89702
89702
89703
89703
89706
89710
89710
89711
89713
89715
89716
89716
89716
89717
89718
89718
89719
89719
89720
89721
89725
89726
89728
89729
89731
89732
89733
89733
89735
89737
89738
89738
89740
89741
89742
89745
89747
89749
89749
89749
89752
89753
89755
89759
89760
89761
89761
89761
89762
89764
89764
89767
89768
89769
89769
89769
89772
89775
89776
89776
89777
89777
89777
89780
89780
89781
89785
89785
89786
89786
89787
89791
89792
89792
89793
89796
89796
89798
89799
89801
89801
89803
89804
89804
89804
89805
89807
89809
89811
89814
89814
89816
89817
89819
89827
89827
89829
89829
89832
89833
89835
89836
89837
89839
89840
89840
89840
89841
89843
89843
89844
89847
89849
89850
89850
89851
89853
89855
89858
89858
89858
89859
89861
89862
89863
89863
89865
89867
89868
89869
89871
89873
89874
89875
89876
89879
89879
89880
89880
89881
89884
89884
89885
89885
89888
89890
89890
89890
89891
89892
89892
89896
89898
89898
89898
89902
89903
89904
89908
89909
89909
89909
89911
89912
89914
89916
89916
89921
89922
89923
89923
89924
89924
89924
89926
89928
89929
89933
89935
89936
89939
89940
89940
89941
89943
89944
89946
89946
89946
89949
89953
89955
89956
89956
89956
89957
89957
89957
89959
89960
89961
89961
89965
89965
89966
89967
89967
89973
89973
89974
89975
89976
89979
89981
89987
89990
89992
89992
89994
89996
89997
89997
89997
89997
89999
90000
90000
90001
90001
90002
90004
90008
90009
90009
90012
90014
90015
90016
90017
90018
90018
90018
90019
90020
90021
90023
90023
90026
90027
90029
90030
90030
90032
90033
90033
90034
90034
90036
90039
90041
90041
90044
90044
90045
90045
90045
90047
90047
90049
90052
90056
90056
90058
90059
90060
90061
90061
90062
90063
90063
90065
90066
90068
90069
90071
90074
90074
90074
90076
90076
90076
90076
90077
90078
90080
90084
90086
90088
90090
90090
90091
90092
90097
90097
90098
90099
90100
90100
90100
90101
90101
90105
90107
90107
90110
90110
90111
90111
90111
90113
90116
90118
90123
90125
90126
90127
90128
90129
90131
90131
90132
90140
90141
90142
90144
90146
90148
90150
90152
90154
90155
90157
90157
90159
90161
90162
90162
90163
90164
90166
90168
90168
90171
90171
90171
90171
90173
90174
90175
90177
90179
90179
90179
90183
90184
90185
90186
90187
90191
90192
90195
90199
90201
90201
90201
90202
90202
90203
90204
90205
90205
90206
90207
90207
90209
90210
90212
90215
90219
90220
90222
90222
90222
90223
90225
90227
90228
90229
90231
90232
90233
90234
90239
90244
90244
90245
90249
90251
90251
90255
90256
90257
90258
90258
90260
90262
90264
90265
90266
90267
90267
90270
90273
90273
90273
90273
90276
90279
90281
90285
90287
90290
90293
90294
90295
90297
90298
90298
90300
90300
90301
90303
90304
90306
90307
90308
90312
90313
90313
90313
90315
90315
90315
90315
90316
90319
90321
90321
90324
90327
90327
90327
90328
90330
90331
90332
90332
90333
90334
90335
90338
90338
90339
90339
90340
90340
90343
90343
90344
90344
90345
90345
90347
90347
90348
90349
90357
90357
90358
90358
90358
90359
90360
90362
90362
90367
90367
90367
90368
90368
90368
90370
90371
90371
90373
90373
90375
90376
90379
90380
90381
90383
90383
90384
90388
90389
90390
90392
90393
90394
90394
90394
90396
90396
90396
90400
90401
90402
90403
90403
90403
90404
90405
90405
90407
90409
90409
90410
90412
90417
90419
90420
90421
90422
90425
90426
90427
90428
90431
90433
90434
90436
90436
90437
90437
90437
90438
90438
90441
90442
90442
90444
90444
90445
90448
90449
90450
90450
90450
90453
90453
90455
90456
90457
90457
90457
90458
90461
90464
90465
90466
90467
90468
90470
90472
90472
90473
90474
90475
90478
90478
90481
90482
90483
90487
90488
90488
90490
90490
90490
90491
90491
90491
90493
90493
90493
90495
90496
90496
90497
90497
90498
90499
90501
90502
90505
90506
90509
90511
90512
90513
90514
90516
90516
90517
90517
90523
90527
90534
90535
90536
90537
90540
90542
90542
90543
90544
90544
90545
90546
90546
90548
90550
90553
90557
90557
90559
90561
90562
90562
90562
90563
90564
90566
90566
90566
90570
90575
90576
90581
90581
90581
90582
90584
90586
90586
90587
90587
90587
90588
90588
90592
90593
90594
90596
90598
90603
90605
90605
90607
90610
90611
90613
90614
90617
90618
90622
90625
90626
90626
90626
90626
90627
90627
90627
90629
90631
90631
90632
90633
90633
90635
90635
90636
90640
90640
90641
90642
90642
90643
90645
90648
90649
90652
90652
90654
90656
90660
90663
90664
90665
90665
90666
90667
90667
90669
90669
90670
90672
90673
90673
90675
90676
90677
90677
90678
90681
90681
90685
90689
90689
90690
90691
90691
90691
90692
90692
90692
90692
90694
90696
90697
90699
90699
90700
90701
90702
90703
90707
90708
90708
90712
90713
90713
90716
90716
90716
90718
90721
90722
90725
90726
90726
90726
90727
90727
90727
90729
90729
90729
90731
90732
90734
90735
90735
90737
90738
90738
90738
90741
90741
90743
90743
90744
90746
90747
90748
90749
90750
90752
90755
90755
90756
90757
90758
90759
90761
90765
90765
90765
90767
90772
90773
90775
90776
90777
90777
90782
90785
90785
90789
90790
90792
90796
90798
90803
90803
90805
90805
90805
90806
90810
90810
90814
90814
90816
90817
90820
90821
90821
90822
90823
90824
90827
90827
90828
90828
90829
90831
90833
90833
90834
90835
90835
90840
90841
90842
90843
90843
90844
90844
90850
90850
90850
90851
90851
90852
90853
90853
90853
90854
90856
90856
90860
90860
90864
90866
90867
90867
90867
90868
90869
90869
90874
90874
90874
90875
90879
90881
90881
90884
90884
90885
90885
90888
90889
90889
90890
90891
90891
90896
90897
90898
90899
90899
90899
90901
90901
90902
90902
90903
90903
90905
90905
90905
90906
90907
90910
90911
90912
90912
90914
90915
90917
90918
90920
90922
90923
90925
90927
90929
90929
90929
90930
90930
90931
90931
90934
90935
90936
90937
90939
90941
90944
90946
90948
90949
90949
90949
90953
90953
90954
90955
90957
90957
90958
90959
90960
90961
90962
90965
90965
90970
90970
90970
90970
90971
90972
90975
90977
90980
90981
90983
90983
90983
90983
90985
90986
90989
90990
90990
90991
90991
90993
90993
90994
90997
90997
91002
91003
91005
91006
91008
91008
91009
91009
91010
91010
91011
91018
91020
91022
91022
91022
91025
91025
91025
91026
91026
91027
91030
91030
91032
91034
91034
91034
91036
91037
91040
91041
91042
91042
91043
91045
91046
91047
91049
91050
91052
91053
91054
91058
91059
91060
91062
91062
91062
91063
91065
91065
91066
91068
91068
91071
91073
91074
91075
91077
91079
91080
91081
91083
91083
91084
91085
91085
91086
91087
91091
91093
91095
91096
91099
91101
91101
91102
91102
91105
91108
91109
91110
91113
91115
91115
91117
91117
91117
91118
91118
91118
91118
91120
91121
91122
91125
91126
91127
91127
91127
91135
91135
91136
91138
91138
91139
91140
91140
91141
91141
91142
91143
91145
91146
91146
91147
91148
91150
91151
91152
91152
91152
91154
91155
91155
91157
91159
91159
91160
91161
91162
91163
91164
91166
91169
91171
91171
91171
91171
91172
91177
91181
91181
91183
91184
91185
91186
91186
91186
91188
91190
91191
91191
91192
91192
91194
91196
91196
91197
91198
91199
91200
91200
91204
91205
91206
91207
91208
91208
91211
91211
91215
91215
91216
91218
91223
91223
91226
91227
91232
91234
91235
91235
91236
91236
91236
91237
91240
91240
91240
91240
91240
91241
91243
91243
91244
91244
91244
91244
91245
91248
91249
91250
91250
91251
91251
91251
91254
91256
91257
91257
91259
91260
91260
91264
91264
91266
91266
91268
91269
91270
91271
91272
91273
91273
91274
91276
91277
91278
91281
91282
91285
91285
91286
91286
91287
91288
91288
91290
91290
91291
91293
91294
91295
91298
91299
91301
91301
91302
91304
91309
91310
91310
91310
91311
91312
91312
91312
91317
91318
91319
91319
91320
91320
91321
91323
91324
91325
91328
91329
91335
91336
91336
91337
91339
91342
91343
91345
91348
91349
91349
91349
91351
91352
91352
91354
91355
91356
91361
91362
91367
91367
91369
91369
91370
91371
91373
91373
91376
91382
91382
91382
91383
91386
91386
91386
91387
91390
91390
91390
91393
91394
91395
91398
91400
91403
91405
91406
91409
91409
91409
91410
91410
91410
91413
91414
91419
91419
91422
91422
91424
91425
91426
91426
91428
91428
91429
91429
91435
91436
91439
91439
91439
91442
91442
91443
91443
91444
91448
91450
91450
91451
91454
91456
91457
91457
91458
91461
91463
91464
91464
91466
91467
91468
91470
91473
91473
91473
91473
91474
91476
91476
91479
91479
91480
91481
91481
91481
91482
91488
91488
91490
91490
91493
91496
91496
91498
91498
91500
91501
91501
91503
91505
91506
91507
91507
91508
91509
91509
91509
91510
91511
91513
91513
91514
91515
91515
91515
91516
91516
91517
91518
91518
91518
91521
91522
91524
91526
91528
91530
91531
91532
91534
91539
91540
91542
91544
91548
91551
91551
91552
91553
91554
91558
91559
91559
91561
91561
91561
91567
91567
91569
91571
91575
91575
91576
91576
91579
91583
91583
91585
91585
91591
91592
91592
91594
91596
91597
91597
91598
91598
91600
91600
91601
91602
91603
91603
91604
91605
91606
91607
91607
91607
91607
91607
91608
91609
91610
91612
91616
91617
91618
91621
91624
91625
91626
91632
91633
91633
91634
91635
91637
91641
91641
91642
91642
91644
91646
91646
91648
91649
91649
91650
91650
91651
91653
91657
91659
91661
91662
91663
91668
91670
91673
91675
91675
91676
91676
91678
91678
91680
91681
91681
91683
91685
91685
91686
91686
91687
91687
91689
91689
91690
91692
91694
91694
91699
91699
91700
91700
91704
91704
91705
91705
91706
91707
91709
91709
91714
91717
91718
91720
91721
91722
91722
91723
91723
91725
91727
91727
91729
91730
91730
91733
91734
91737
91737
91738
91739
91739
91741
91742
91745
91745
91746
91746
91746
91748
91749
91750
91751
91752
91753
91756
91756
91757
91758
91758
91760
91761
91761
91763
91764
91765
91766
91766
91767
91768
91768
91769
91770
91772
91773
91774
91774
91774
91776
91777
91778
91779
91782
91782
91782
91783
91785
91786
91788
91790
91791
91795
91795
91797
91798
91799
91800
91800
91804
91805
91808
91809
91809
91809
91811
91815
91815
91815
91817
91819
91820
91820
91821
91822
91823
91823
91824
91826
91826
91827
91828
91829
91830
91831
91833
91833
91835
91838
91839
91840
91842
91844
91845
91846
91848
91849
91850
91851
91852
91854
91854
91855
91855
91856
91857
91857
91859
91860
91862
91863
91866
91868
91872
91874
91874
91875
91875
91876
91876
91877
91880
91880
91880
91880
91881
91881
91881
91883
91884
91885
91887
91888
91890
91893
91895
91895
91896
91898
91898
91899
91901
91902
91902
91903
91909
91909
91909
91912
91915
91915
91918
91920
91920
91923
91926
91928
91929
91931
91931
91931
91934
91935
91937
91937
91940
91940
91941
91942
91942
91942
91943
91945
91946
91946
91947
91950
91951
91951
91952
91953
91955
91957
91957
91957
91957
91959
91963
91964
91964
91964
91967
91967
91968
91968
91970
91972
91975
91976
91979
91979
91980
91981
91983
91984
91985
91989
91989
91989
91991
91991
91992
91995
91996
91997
91999
92004
92006
92007
92008
92008
92011
92012
92013
92015
92015
92017
92019
92020
92022
92022
92022
92022
92023
92025
92028
92031
92031
92032
92033
92033
92034
92039
92041
92041
92044
92045
92045
92046
92049
92050
92050
92052
92053
92054
92055
92055
92057
92060
92063
92064
92064
92068
92068
92069
92069
92069
92070
92072
92073
92075
92075
92075
92076
92077
92077
92080
92081
92084
92084
92087
92087
92094
92098
92098
92108
92109
92109
92110
92112
92114
92114
92114
92118
92118
92119
92119
92120
92121
92121
92122
92124
92127
92127
92131
92133
92135
92135
92138
92139
92142
92143
92143
92147
92149
92151
92155
92156
92159
92160
92162
92162
92167
92172
92173
92173
92174
92177
92180
92180
92182
92184
92186
92189
92191
92192
92192
92193
92194
92195
92195
92197
92197
92198
92199
92199
92202
92202
92203
92205
92205
92205
92206
92207
92208
92210
92211
92212
92213
92213
92216
92218
92218
92218
92219
92220
92221
92221
92221
92223
92225
92226
92228
92229
92232
92235
92235
92236
92236
92236
92238
92238
92246
92246
92248
92248
92249
92250
92250
92253
92255
92257
92257
92259
92261
92262
92262
92264
92266
92268
92269
92270
92272
92274
92274
92279
92280
92280
92280
92280
92283
92283
92283
92286
92286
92288
92289
92290
92292
92294
92295
92299
92300
92302
92303
92303
92305
92305
92306
92307
92308
92308
92309
92311
92311
92315
92319
92320
92320
92321
92322
92324
92326
92328
92331
92331
92332
92332
92332
92335
92338
92340
92341
92342
92344
92345
92347
92348
92349
92349
92350
92351
92351
92354
92355
92356
92357
92357
92358
92360
92361
92364
92365
92365
92365
92368
92370
92371
92373
92373
92373
92381
92381
92382
92384
92384
92387
92388
92389
92389
92389
92392
92393
92394
92398
92398
92399
92399
92401
92402
92406
92408
92410
92411
92413
92414
92416
92417
92417
92418
92418
92422
92424
92426
92428
92428
92432
92433
92433
92434
92437
92440
92440
92443
92444
92447
92448
92449
92452
92455
92455
92456
92457
92457
92458
92459
92461
92462
92463
92464
92464
92467
92467
92470
92471
92471
92472
92472
92474
92475
92475
92477
92478
92482
92485
92489
92491
92494
92494
92496
92497
92499
92500
92504
92504
92504
92505
92505
92505
92506
92509
92511
92512
92513
92514
92515
92516
92520
92521
92522
92522
92529
92530
92532
92532
92533
92533
92533
92533
92534
92534
92536
92536
92536
92537
92538
92538
92539
92540
92540
92540
92541
92541
92543
92543
92544
92547
92547
92549
92549
92550
92551
92552
92553
92554
92554
92555
92558
92562
92565
92565
92566
92568
92569
92569
92570
92570
92577
92577
92578
92579
92579
92580
92582
92584
92587
92587
92589
92591
92593
92593
92594
92594
92598
92599
92599
92600
92601
92602
92606
92608
92608
92608
92612
92613
92613
92614
92616
92617
92620
92620
92620
92620
92621
92622
92622
92623
92625
92627
92630
92631
92632
92634
92635
92635
92636
92637
92637
92637
92638
92641
92641
92642
92642
92642
92643
92644
92646
92647
92649
92649
92649
92650
92652
92652
92654
92654
92655
92656
92658
92658
92660
92660
92660
92663
92663
92667
92667
92668
92669
92670
92670
92674
92679
92682
92682
92682
92683
92684
92688
92691
92692
92692
92693
92693
92694
92697
92698
92700
92700
92702
92706
92709
92709
92710
92711
92711
92715
92718
92719
92720
92721
92722
92722
92724
92726
92727
92727
92728
92728
92729
92729
92729
92732
92735
92736
92737
92738
92739
92743
92743
92743
92744
92744
92744
92745
92746
92747
92747
92749
92749
92751
92751
92753
92754
92755
92757
92760
92760
92762
92762
92763
92763
92764
92764
92766
92768
92769
92771
92771
92772
92774
92776
92776
92778
92782
92785
92786
92790
92790
92791
92792
92793
92793
92794
92795
92795
92796
92797
92798
92799
92799
92800
92801
92802
92804
92805
92805
92806
92806
92809
92809
92811
92812
92812
92813
92814
92814
92815
92815
92815
92816
92824
92825
92827
92828
92830
92833
92834
92834
92835
92837
92838
92838
92839
92840
92841
92841
92842
92843
92843
92845
92845
92845
92845
92847
92850
92853
92854
92855
92856
92858
92859
92859
92866
92867
92872
92872
92874
92874
92875
92875
92875
92879
92881
92882
92885
92889
92890
92890
92893
92893
92895
92895
92898
92899
92903
92903
92904
92906
92907
92907
92908
92908
92913
92913
92914
92914
92914
92915
92915
92916
92917
92917
92918
92919
92920
92921
92922
92922
92922
92923
92926
92927
92927
92927
92928
92936
92940
92941
92941
92942
92943
92944
92944
92944
92945
92947
92949
92949
92950
92951
92952
92953
92954
92956
92959
92960
92962
92964
92966
92966
92966
92967
92969
92971
92972
92974
92974
92978
92979
92979
92980
92982
92983
92984
92987
92988
92988
92990
92990
92990
92990
92994
92995
92995
92995
92999
93000
93001
93003
93004
93005
93007
93008
93009
93011
93014
93015
93016
93017
93017
93018
93018
93021
93021
93022
93023
93024
93027
93027
93032
93032
93034
93035
93035
93035
93035
93041
93042
93047
93047
93049
93051
93051
93053
93056
93058
93059
93061
93062
93063
93064
93065
93065
93065
93067
93068
93073
93077
93077
93080
93082
93083
93083
93083
93084
93085
93085
93086
93087
93089
93093
93097
93098
93100
93101
93101
93102
93102
93111
93112
93112
93112
93114
93114
93116
93117
93119
93122
93123
93126
93128
93128
93128
93129
93129
93130
93130
93131
93132
93133
93134
93136
93140
93141
93142
93144
93145
93146
93147
93149
93150
93152
93153
93153
93155
93157
93158
93159
93161
93162
93162
93163
93163
93168
93169
93170
93170
93171
93171
93173
93176
93178
93180
93180
93180
93187
93187
93188
93188
93192
93193
93196
93196
93198
93199
93200
93201
93202
93204
93204
93205
93206
93210
93219
93221
93221
93222
93223
93226
93226
93228
93228
93228
93229
93230
93231
93231
93233
93234
93235
93236
93237
93238
93239
93239
93240
93240
93240
93241
93243
93244
93244
93245
93245
93248
93249
93250
93250
93251
93252
93252
93253
93253
93257
93258
93259
93260
93260
93263
93265
93269
93273
93273
93274
93276
93276
93276
93276
93276
93277
93278
93278
93280
93280
93283
93283
93283
93283
93286
93287
93293
93295
93298
93298
93299
93299
93299
93300
93303
93304
93304
93312
93314
93320
93321
93323
93324
93324
93325
93326
93328
93333
93333
93334
93335
93336
93336
93336
93336
93336
93336
93337
93338
93338
93340
93341
93343
93343
93344
93345
93345
93347
93348
93349
93349
93349
93349
93352
93352
93353
93355
93357
93358
93360
93361
93361
93361
93362
93362
93362
93365
93365
93368
93370
93373
93373
93375
93375
93378
93379
93381
93383
93383
93383
93384
93385
93387
93388
93389
93392
93392
93395
93395
93396
93397
93398
93398
93399
93399
93401
93402
93403
93407
93407
93408
93408
93409
93410
93413
93415
93420
93420
93426
93426
93427
93428
93429
93430
93430
93433
93434
93435
93437
93439
93442
93443
93443
93445
93445
93446
93448
93449
93450
93450
93451
93453
93457
93457
93459
93461
93463
93464
93465
93467
93468
93469
93469
93470
93470
93471
93471
93472
93475
93478
93479
93482
93483
93483
93484
93488
93488
93490
93490
93490
93492
93492
93493
93493
93495
93496
93497
93497
93498
93501
93501
93503
93505
93506
93507
93507
93508
93512
93512
93513
93515
93517
93521
93521
93521
93523
93523
93527
93529
93532
93534
93534
93535
93537
93538
93541
93542
93547
93547
93549
93550
93550
93551
93552
93555
93558
93559
93560
93561
93562
93563
93563
93564
93568
93568
93571
93572
93575
93579
93579
93580
93581
93582
93583
93584
93586
93587
93587
93590
93590
93593
93593
93595
93596
93598
93598
93599
93600
93600
93600
93602
93602
93604
93604
93605
93606
93607
93608
93608
93613
93614
93618
93618
93619
93621
93624
93625
93627
93628
93629
93630
93631
93632
93632
93634
93635
93635
93637
93640
93641
93642
93643
93644
93650
93652
93653
93656
93656
93657
93658
93659
93660
93662
93663
93666
93667
93668
93671
93674
93675
93675
93679
93681
93682
93684
93684
93685
93686
93686
93688
93688
93689
93690
93691
93692
93694
93695
93697
93697
93698
93698
93699
93700
93702
93702
93703
93703
93703
93704
93705
93707
93710
93716
93716
93719
93719
93720
93720
93721
93722
93726
93727
93729
93729
93731
93731
93735
93735
93736
93736
93737
93739
93743
93743
93745
93746
93746
93746
93747
93747
93748
93749
93751
93752
93754
93754
93754
93756
93756
93756
93758
93760
93760
93760
93760
93767
93768
93768
93771
93771
93771
93772
93773
93774
93777
93777
93786
93787
93792
93792
93793
93793
93794
93794
93795
93797
93801
93802
93803
93803
93805
93806
93807
93808
93813
93815
93816
93816
93816
93817
93819
93819
93820
93822
93823
93823
93825
93826
93826
93826
93827
93827
93828
93829
93830
93832
93833
93834
93834
93836
93842
93843
93846
93847
93847
93848
93848
93848
93848
93850
93850
93853
93853
93853
93854
93855
93858
93858
93861
93862
93862
93863
93864
93864
93871
93871
93874
93875
93876
93877
93877
93879
93880
93880
93884
93886
93889
93890
93890
93891
93899
93901
93902
93903
93904
93908
93908
93921
93921
93922
93924
93925
93926
93926
93927
93928
93928
93931
93931
93932
93932
93933
93935
93936
93936
93937
93938
93939
93942
93944
93944
93948
93949
93951
93951
93952
93953
93954
93954
93955
93956
93956
93957
93959
93959
93962
93962
93962
93965
93965
93965
93967
93969
93972
93974
93976
93978
93981
93984
93986
93987
93987
93988
93990
93990
93992
93993
93993
93994
93995
93997
93997
93999
94000
94001
94004
94006
94008
94010
94012
94014
94014
94014
94015
94017
94017
94018
94019
94021
94023
94025
94025
94026
94027
94029
94029
94034
94038
94039
94039
94041
94044
94045
94046
94046
94046
94048
94048
94049
94049
94050
94050
94053
94058
94058
94059
94060
94061
94061
94065
94066
94068
94070
94070
94070
94073
94074
94075
94078
94079
94079
94081
94081
94082
94084
94085
94085
94088
94088
94089
94089
94090
94092
94093
94093
94093
94093
94094
94097
94097
94097
94097
94098
94099
94099
94103
94108
94110
94111
94112
94115
94115
94116
94119
94119
94119
94122
94123
94123
94124
94124
94125
94125
94126
94126
94128
94128
94128
94131
94132
94132
94136
94136
94138
94141
94143
94146
94149
94150
94150
94150
94151
94151
94155
94156
94158
94158
94158
94159
94159
94171
94172
94176
94177
94177
94181
94181
94185
94186
94186
94188
94190
94191
94191
94191
94193
94193
94198
94199
94199
94201
94201
94202
94203
94204
94204
94206
94210
94211
94213
94214
94218
94218
94219
94221
94223
94224
94225
94227
94228
94228
94230
94235
94235
94237
94237
94238
94240
94240
94242
94242
94243
94244
94244
94245
94246
94247
94249
94249
94249
94250
94251
94252
94253
94253
94257
94257
94259
94259
94262
94264
94265
94267
94268
94270
94272
94273
94274
94275
94277
94280
94280
94281
94282
94283
94285
94290
94294
94297
94298
94298
94300
94303
94304
94304
94306
94309
94309
94311
94313
94321
94321
94322
94323
94324
94325
94325
94325
94329
94329
94331
94333
94335
94336
94340
94341
94343
94347
94348
94350
94353
94354
94357
94357
94358
94360
94361
94362
94363
94365
94365
94368
94369
94372
94373
94375
94376
94378
94384
94384
94385
94386
94387
94387
94387
94390
94391
94391
94396
94396
94398
94398
94400
94401
94401
94405
94406
94406
94407
94408
94408
94408
94409
94415
94417
94419
94419
94420
94420
94421
94422
94425
94426
94427
94427
94427
94428
94431
94431
94433
94434
94435
94436
94436
94436
94437
94443
94443
94444
94447
94448
94448
94449
94449
94450
94450
94450
94455
94458
94459
94460
94460
94461
94464
94465
94466
94466
94468
94469
94469
94469
94469
94472
94472
94475
94477
94477
94483
94483
94485
94490
94492
94494
94494
94495
94496
94496
94496
94500
94501
94504
94506
94508
94511
94512
94513
94514
94515
94515
94517
94517
94518
94518
94518
94518
94519
94521
94526
94529
94530
94532
94533
94534
94535
94536
94537
94538
94541
94542
94543
94546
94552
94556
94560
94560
94560
94561
94562
94563
94565
94566
94569
94570
94572
94574
94577
94581
94581
94582
94584
94585
94589
94590
94590
94590
94594
94595
94598
94599
94600
94603
94606
94608
94609
94610
94612
94612
94612
94614
94615
94616
94616
94617
94621
94624
94626
94629
94631
94632
94639
94640
94641
94645
94645
94645
94649
94652
94653
94654
94654
94655
94656
94659
94660
94660
94661
94661
94661
94663
94667
94667
94667
94668
94669
94669
94670
94673
94675
94676
94676
94676
94678
94681
94683
94683
94687
94688
94689
94690
94690
94691
94692
94695
94698
94700
94700
94701
94702
94702
94704
94707
94707
94720
94722
94722
94723
94723
94724
94728
94728
94729
94731
94733
94735
94736
94736
94737
94737
94739
94741
94742
94744
94745
94746
94748
94749
94749
94750
94751
94754
94754
94755
94756
94756
94757
94757
94760
94761
94763
94763
94765
94766
94767
94772
94774
94774
94775
94776
94777
94779
94782
94783
94785
94786
94786
94787
94788
94790
94793
94796
94797
94797
94797
94798
94799
94799
94801
94802
94803
94804
94805
94809
94809
94810
94812
94813
94814
94819
94822
94824
94825
94826
94827
94828
94828
94829
94829
94833
94836
94836
94841
94842
94843
94843
94845
94847
94847
94850
94851
94852
94854
94855
94855
94856
94860
94860
94860
94862
94862
94864
94867
94871
94873
94873
94873
94875
94878
94878
94882
94883
94885
94885
94887
94888
94891
94891
94892
94893
94894
94897
94898
94901
94903
94903
94904
94907
94907
94907
94907
94911
94912
94912
94912
94916
94923
94923
94924
94925
94925
94926
94928
94929
94930
94930
94937
94942
94944
94945
94945
94951
94953
94956
94956
94957
94958
94959
94960
94960
94964
94964
94968
94969
94970
94971
94971
94971
94973
94974
94975
94976
94978
94979
94981
94981
94982
94983
94984
94984
94984
94985
94988
94991
94991
94991
94994
94995
94999
94999
95000
95003
95004
95004
95005
95005
95007
95007
95010
95011
95011
95012
95015
95015
95017
95019
95019
95021
95024
95024
95025
95028
95030
95030
95030
95032
95033
95034
95034
95035
95035
95036
95036
95042
95043
95044
95045
95048
95049
95051
95053
95056
95057
95057
95060
95061
95063
95065
95065
95068
95069
95070
95071
95071
95073
95074
95075
95075
95076
95078
95078
95079
95081
95081
95081
95082
95082
95082
95085
95088
95089
95089
95090
95091
95091
95091
95093
95093
95094
95097
95097
95098
95105
95107
95107
95108
95108
95111
95111
95113
95114
95114
95114
95117
95118
95120
95123
95124
95125
95125
95128
95131
95135
95138
95140
95141
95142
95143
95145
95146
95148
95150
95150
95150
95150
95151
95151
95152
95153
95154
95154
95155
95155
95159
95160
95160
95162
95166
95167
95170
95171
95172
95173
95175
95175
95176
95177
95177
95182
95184
95184
95186
95187
95187
95188
95189
95190
95190
95191
95192
95193
95193
95194
95194
95197
95197
95198
95198
95199
95202
95203
95204
95207
95208
95209
95209
95210
95211
95212
95213
95214
95216
95216
95219
95219
95220
95220
95221
95223
95223
95226
95227
95227
95236
95236
95236
95239
95239
95245
95246
95250
95253
95255
95256
95256
95259
95260
95261
95266
95267
95268
95269
95270
95270
95271
95271
95273
95274
95274
95278
95282
95283
95284
95285
95286
95286
95289
95291
95291
95292
95294
95296
95298
95300
95303
95304
95305
95307
95307
95307
95311
95313
95314
95316
95317
95317
95321
95322
95322
95323
95324
95324
95330
95331
95332
95333
95335
95336
95336
95337
95337
95338
95338
95340
95341
95341
95342
95343
95345
95352
95353
95355
95356
95358
95360
95361
95362
95364
95365
95366
95366
95366
95368
95370
95370
95371
95374
95378
95379
95379
95379
95379
95381
95381
95382
95382
95385
95385
95385
95389
95389
95390
95393
95394
95395
95396
95397
95397
95398
95400
95400
95407
95407
95409
95413
95413
95416
95416
95419
95421
95422
95423
95424
95426
95430
95432
95434
95434
95434
95434
95434
95435
95435
95435
95437
95437
95442
95442
95442
95443
95443
95445
95450
95450
95452
95453
95453
95453
95453
95455
95456
95458
95459
95459
95461
95463
95464
95464
95465
95465
95465
95466
95466
95467
95469
95472
95472
95473
95474
95476
95479
95479
95480
95481
95482
95483
95485
95486
95488
95489
95490
95492
95493
95494
95498
95498
95502
95503
95505
95509
95509
95511
95513
95513
95514
95514
95515
95518
95522
95525
95525
95527
95528
95531
95532
95533
95533
95534
95539
95541
95542
95542
95544
95544
95546
95546
95549
95551
95555
95555
95556
95557
95557
95558
95562
95563
95563
95567
95568
95571
95571
95572
95574
95574
95574
95575
95582
95583
95583
95586
95589
95590
95591
95593
95597
95598
95600
95601
95601
95602
95602
95604
95605
95606
95606
95607
95614
95615
95616
95616
95616
95616
95620
95622
95623
95623
95626
95628
95630
95634
95636
95636
95638
95640
95640
95641
95641
95642
95644
95644
95645
95646
95646
95647
95648
95651
95651
95651
95652
95653
95654
95655
95656
95657
95657
95658
95658
95659
95659
95661
95662
95663
95669
95669
95670
95675
95675
95675
95675
95675
95681
95682
95684
95684
95686
95686
95690
95690
95691
95691
95694
95695
95695
95697
95697
95698
95699
95700
95702
95702
95705
95705
95706
95706
95708
95712
95713
95713
95714
95716
95717
95718
95720
95721
95723
95724
95724
95725
95727
95730
95732
95732
95736
95738
95739
95740
95744
95745
95749
95749
95754
95755
95757
95757
95758
95758
95759
95760
95763
95766
95769
95769
95770
95772
95773
95773
95777
95777
95778
95779
95781
95781
95781
95782
95784
95785
95785
95785
95786
95787
95788
95789
95789
95790
95791
95791
95792
95793
95795
95799
95799
95799
95801
95802
95804
95805
95807
95809
95810
95814
95814
95814
95815
95815
95815
95816
95816
95818
95821
95823
95824
95824
95824
95826
95826
95827
95831
95833
95835
95838
95840
95841
95843
95843
95847
95849
95850
95853
95854
95855
95856
95857
95860
95860
95865
95866
95866
95866
95870
95870
95870
95871
95871
95872
95872
95872
95872
95872
95873
95874
95875
95877
95880
95880
95880
95888
95891
95891
95898
95899
95899
95899
95901
95902
95902
95902
95903
95906
95907
95907
95909
95910
95911
95911
95912
95912
95914
95914
95915
95919
95919
95919
95919
95921
95926
95926
95929
95931
95933
95936
95937
95938
95938
95941
95943
95943
95943
95944
95944
95944
95946
95947
95948
95952
95952
95952
95952
95954
95956
95957
95958
95961
95962
95964
95965
95968
95968
95969
95969
95970
95971
95971
95971
95972
95972
95973
95974
95982
95983
95983
95984
95984
95988
95990
95991
95992
95992
95994
95995
95996
95997
95998
95998
96000
96001
96001
96004
96005
96005
96006
96010
96012
96013
96016
96016
96017
96018
96018
96024
96026
96027
96030
96032
96033
96034
96034
96035
96037
96037
96037
96040
96040
96043
96044
96045
96047
96047
96049
96052
96053
96055
96055
96056
96057
96062
96063
96063
96065
96066
96067
96068
96070
96076
96077
96077
96078
96079
96079
96079
96079
96081
96082
96084
96086
96087
96088
96091
96095
96095
96098
96098
96100
96101
96102
96104
96105
96109
96112
96112
96113
96113
96114
96114
96114
96117
96119
96119
96121
96122
96131
96133
96134
96136
96138
96139
96139
96139
96142
96146
96147
96153
96157
96158
96162
96162
96162
96164
96164
96165
96166
96168
96170
96172
96174
96174
96176
96179
96180
96182
96183
96184
96185
96185
96189
96189
96189
96189
96193
96195
96198
96199
96200
96201
96202
96203
96203
96203
96205
96205
96206
96206
96207
96210
96211
96211
96211
96212
96212
96213
96215
96215
96216
96216
96217
96218
96219
96221
96221
96223
96223
96226
96227
96227
96227
96227
96232
96232
96233
96234
96234
96234
96235
96235
96236
96238
96239
96241
96242
96242
96243
96245
96245
96247
96248
96248
96248
96249
96254
96254
96255
96256
96257
96259
96262
96263
96265
96267
96268
96269
96271
96272
96274
96274
96277
96279
96279
96280
96280
96281
96282
96282
96286
96287
96287
96288
96289
96289
96290
96292
96295
96298
96298
96300
96300
96301
96301
96301
96302
96305
96306
96306
96308
96309
96310
96311
96312
96313
96314
96314
96316
96317
96319
96320
96322
96323
96325
96325
96325
96327
96327
96328
96328
96328
96330
96331
96331
96336
96337
96338
96339
96340
96340
96341
96343
96343
96348
96350
96354
96355
96359
96360
96360
96360
96361
96364
96369
96369
96370
96371
96372
96372
96373
96373
96375
96376
96376
96378
96382
96383
96384
96384
96384
96385
96387
96388
96390
96391
96393
96393
96393
96396
96396
96397
96399
96402
96404
96405
96406
96408
96408
96409
96410
96410
96411
96411
96415
96416
96421
96422
96422
96423
96425
96428
96437
96439
96440
96443
96444
96445
96445
96446
96446
96447
96447
96450
96453
96453
96455
96456
96460
96462
96464
96464
96464
96465
96466
96467
96467
96471
96471
96472
96474
96474
96475
96476
96477
96478
96479
96479
96479
96480
96483
96485
96485
96486
96486
96489
96490
96491
96492
96492
96492
96493
96496
96497
96500
96500
96501
96502
96502
96503
96504
96511
96512
96515
96518
96518
96518
96520
96521
96523
96524
96526
96527
96529
96531
96532
96533
96534
96535
96541
96547
96548
96548
96552
96553
96554
96554
96554
96555
96556
96556
96556
96558
96559
96560
96561
96561
96563
96564
96566
96566
96566
96566
96568
96568
96571
96572
96577
96580
96580
96582
96586
96587
96587
96588
96589
96594
96595
96596
96597
96598
96600
96604
96605
96606
96617
96618
96620
96627
96627
96628
96628
96629
96629
96630
96632
96633
96634
96634
96634
96636
96638
96638
96639
96642
96642
96644
96644
96647
96648
96652
96656
96658
96660
96660
96661
96661
96662
96664
96664
96665
96665
96666
96670
96670
96671
96674
96676
96680
96681
96681
96682
96683
96683
96686
96687
96690
96693
96695
96698
96698
96698
96700
96700
96703
96703
96704
96705
96708
96710
96712
96713
96718
96718
96719
96720
96720
96722
96722
96722
96725
96726
96728
96728
96730
96730
96732
96733
96735
96736
96738
96740
96740
96740
96740
96742
96742
96743
96743
96746
96749
96753
96754
96757
96759
96760
96760
96761
96762
96762
96762
96764
96764
96765
96765
96766
96766
96768
96768
96769
96769
96772
96772
96774
96774
96777
96777
96784
96784
96786
96787
96787
96790
96791
96794
96795
96795
96801
96801
96803
96803
96806
96807
96809
96813
96813
96813
96813
96814
96816
96819
96820
96822
96822
96823
96824
96825
96825
96828
96829
96832
96832
96833
96835
96836
96836
96837
96837
96837
96838
96839
96841
96841
96843
96844
96846
96848
96848
96851
96856
96859
96860
96860
96861
96862
96863
96866
96866
96866
96868
96871
96871
96872
96873
96877
96877
96878
96879
96882
96883
96884
96884
96885
96888
96888
96888
96891
96891
96892
96893
96894
96895
96899
96899
96899
96900
96900
96903
96903
96909
96910
96910
96911
96911
96912
96914
96915
96917
96917
96920
96921
96923
96923
96926
96927
96928
96928
96929
96932
96932
96933
96939
96941
96941
96943
96943
96944
96944
96945
96946
96946
96947
96948
96949
96950
96959
96960
96961
96961
96966
96966
96967
96971
96971
96972
96976
96977
96982
96983
96984
96984
96985
96986
96986
96986
96988
96988
96990
96990
96991
96995
96999
97001
97002
97002
97002
97003
97004
97004
97006
97007
97007
97010
97011
97012
97014
97015
97016
97018
97020
97021
97022
97023
97023
97023
97026
97027
97031
97032
97033
97034
97035
97036
97038
97038
97038
97041
97041
97042
97042
97042
97045
97046
97047
97047
97048
97054
97055
97056
97058
97059
97062
97062
97063
97065
97065
97066
97067
97067
97068
97070
97070
97071
97072
97073
97076
97079
97079
97080
97080
97084
97085
97085
97087
97089
97090
97093
97093
97095
97099
97099
97100
97100
97101
97103
97106
97107
97107
97108
97108
97112
97112
97115
97115
97116
97117
97117
97118
97120
97121
97123
97123
97124
97124
97124
97129
97131
97131
97132
97132
97132
97134
97134
97136
97139
97140
97140
97140
97141
97142
97143
97143
97144
97145
97147
97149
97152
97152
97153
97155
97155
97157
97160
97161
97162
97163
97165
97165
97170
97175
97176
97177
97178
97181
97181
97183
97185
97190
97191
97191
97192
97193
97193
97195
97195
97197
97199
97202
97203
97204
97206
97207
97208
97209
97210
97213
97218
97218
97218
97219
97222
97222
97225
97225
97225
97227
97229
97229
97229
97229
97231
97232
97235
97236
97236
97236
97237
97238
97239
97239
97240
97241
97243
97246
97246
97247
97252
97252
97255
97256
97256
97257
97258
97259
97260
97263
97263
97265
97266
97267
97268
97269
97273
97273
97274
97275
97276
97277
97277
97278
97279
97280
97280
97281
97282
97282
97283
97284
97286
97286
97287
97287
97289
97292
97292
97292
97294
97294
97294
97297
97298
97298
97300
97300
97304
97309
97311
97314
97319
97320
97320
97322
97325
97326
97328
97328
97332
97333
97333
97333
97334
97338
97338
97339
97341
97345
97345
97345
97345
97345
97346
97346
97349
97350
97351
97351
97352
97354
97356
97357
97358
97359
97360
97360
97361
97361
97361
97363
97364
97367
97367
97367
97370
97373
97373
97373
97375
97376
97376
97377
97378
97383
97384
97384
97384
97385
97385
97385
97386
97391
97392
97394
97395
97395
97395
97396
97399
97399
97401
97404
97404
97405
97407
97409
97409
97410
97411
97412
97413
97415
97417
97421
97421
97422
97425
97425
97426
97428
97428
97428
97429
97429
97429
97429
97432
97433
97433
97434
97437
97439
97440
97441
97443
97443
97445
97448
97449
97451
97451
97452
97454
97455
97455
97460
97460
97461
97462
97464
97466
97467
97467
97470
97470
97471
97472
97473
97473
97474
97474
97478
97479
97480
97480
97481
97482
97485
97487
97487
97488
97489
97491
97493
97494
97495
97496
97498
97499
97499
97500
97501
97502
97502
97503
97505
97506
97506
97508
97510
97512
97519
97519
97519
97520
97523
97524
97524
97524
97527
97529
97532
97539
97540
97541
97541
97543
97544
97550
97550
97551
97553
97559
97559
97562
97564
97564
97567
97571
97573
97575
97576
97576
97576
97582
97583
97583
97583
97584
97585
97585
97587
97588
97589
97590
97591
97593
97593
97594
97594
97600
97604
97604
97606
97607
97607
97611
97613
97614
97614
97614
97616
97616
97617
97617
97617
97618
97620
97620
97623
97624
97625
97626
97626
97627
97630
97631
97632
97635
97637
97638
97640
97641
97642
97643
97644
97646
97647
97652
97652
97653
97657
97658
97658
97660
97660
97661
97662
97671
97672
97673
97674
97677
97678
97678
97682
97683
97685
97686
97687
97689
97691
97691
97692
97693
97694
97695
97696
97697
97697
97697
97697
97698
97698
97702
97705
97705
97707
97710
97714
97721
97722
97724
97727
97728
97729
97729
97731
97733
97737
97739
97741
97743
97743
97745
97747
97747
97748
97748
97749
97751
97751
97753
97758
97759
97761
97763
97763
97766
97767
97770
97771
97774
97776
97776
97777
97778
97779
97782
97783
97784
97785
97785
97786
97787
97790
97791
97793
97794
97795
97795
97795
97797
97797
97797
97798
97799
97801
97801
97801
97802
97803
97805
97806
97806
97807
97807
97807
97808
97808
97809
97811
97811
97812
97813
97814
97818
97819
97819
97821
97821
97821
97822
97823
97825
97825
97826
97828
97829
97831
97832
97833
97833
97834
97834
97835
97836
97840
97844
97844
97847
97847
97849
97850
97854
97856
97861
97862
97863
97863
97865
97866
97866
97868
97869
97869
97869
97870
97870
97870
97870
97870
97871
97872
97872
97874
97875
97878
97878
97878
97879
97879
97882
97882
97883
97885
97886
97887
97888
97889
97889
97890
97893
97894
97895
97895
97895
97896
97899
97900
97900
97901
97902
97902
97903
97904
97906
97907
97908
97909
97915
97916
97916
97917
97920
97922
97922
97922
97923
97923
97924
97924
97925
97925
97929
97930
97933
97935
97936
97937
97938
97939
97940
97941
97943
97945
97946
97950
97953
97953
97954
97955
97956
97961
97962
97962
97964
97964
97964
97965
97965
97965
97967
97968
97971
97972
97973
97975
97976
97978
97979
97979
97981
97985
97985
97988
97990
97992
97992
98000
98001
98004
98004
98004
98006
98007
98007
98007
98009
98009
98010
98010
98015
98016
98017
98017
98018
98020
98022
98024
98026
98028
98029
98030
98035
98035
98036
98039
98041
98041
98042
98043
98043
98044
98044
98046
98049
98052
98053
98056
98057
98058
98059
98059
98060
98061
98062
98063
98067
98069
98072
98073
98073
98073
98077
98079
98081
98083
98083
98084
98085
98086
98089
98089
98090
98090
98093
98095
98096
98099
98099
98101
98103
98104
98105
98105
98106
98106
98107
98107
98110
98111
98111
98112
98112
98113
98114
98116
98117
98117
98118
98121
98127
98127
98130
98131
98133
98133
98133
98136
98136
98136
98136
98138
98140
98141
98143
98144
98144
98145
98147
98148
98149
98150
98150
98150
98151
98157
98158
98159
98159
98159
98162
98162
98163
98163
98164
98165
98166
98167
98168
98170
98170
98172
98173
98174
98175
98175
98175
98176
98176
98176
98178
98178
98178
98179
98181
98183
98185
98185
98185
98185
98186
98186
98188
98188
98189
98189
98191
98194
98195
98196
98197
98197
98198
98198
98201
98201
98201
98201
98205
98206
98207
98207
98208
98209
98210
98212
98212
98214
98215
98216
98218
98220
98224
98224
98226
98226
98227
98230
98232
98234
98234
98234
98235
98237
98238
98240
98242
98244
98245
98246
98247
98248
98248
98249
98249
98249
98253
98254
98254
98257
98257
98258
98262
98263
98266
98266
98269
98269
98270
98271
98273
98273
98273
98274
98274
98275
98276
98278
98279
98282
98282
98283
98285
98286
98289
98290
98291
98292
98295
98301
98301
98301
98304
98305
98305
98309
98309
98309
98311
98312
98315
98315
98317
98318
98319
98321
98326
98331
98331
98331
98332
98332
98333
98333
98335
98335
98336
98340
98344
98344
98344
98347
98347
98350
98352
98353
98353
98354
98357
98358
98359
98359
98360
98361
98362
98362
98370
98370
98371
98374
98375
98376
98377
98377
98378
98379
98380
98385
98387
98389
98390
98393
98394
98394
98394
98394
98396
98398
98399
98400
98400
98401
98403
98405
98405
98405
98405
98406
98407
98409
98410
98412
98415
98417
98417
98419
98427
98428
98430
98434
98434
98435
98436
98438
98444
98445
98447
98448
98448
98449
98449
98449
98449
98450
98450
98453
98454
98454
98454
98457
98457
98459
98462
98462
98463
98464
98465
98465
98467
98468
98469
98469
98470
98472
98472
98473
98477
98478
98478
98479
98481
98482
98483
98483
98483
98483
98483
98485
98485
98485
98485
98487
98487
98488
98489
98490
98492
98494
98494
98496
98496
98499
98499
98500
98502
98503
98506
98510
98510
98510
98510
98513
98514
98515
98515
98515
98517
98520
98520
98522
98523
98523
98526
98527
98528
98529
98529
98530
98531
98534
98535
98536
98536
98537
98537
98537
98542
98544
98547
98551
98551
98552
98555
98555
98556
98556
98557
98558
98559
98562
98564
98571
98573
98574
98574
98579
98581
98582
98586
98588
98589
98594
98594
98595
98598
98600
98601
98601
98602
98604
98605
98606
98609
98610
98611
98612
98615
98621
98623
98623
98625
98625
98628
98628
98628
98630
98630
98631
98633
98634
98634
98638
98638
98638
98640
98640
98642
98642
98643
98646
98647
98647
98649
98653
98655
98656
98658
98660
98661
98662
98662
98662
98664
98664
98665
98666
98667
98668
98670
98671
98672
98673
98673
98677
98677
98678
98679
98681
98682
98683
98684
98684
98684
98687
98688
98688
98688
98689
98690
98691
98691
98695
98696
98697
98698
98699
98699
98699
98705
98705
98705
98706
98708
98711
98711
98711
98712
98715
98717
98718
98719
98719
98721
98722
98724
98725
98725
98726
98730
98730
98730
98731
98732
98732
98733
98733
98733
98738
98740
98741
98742
98743
98746
98748
98749
98750
98752
98752
98754
98756
98757
98761
98761
98762
98763
98763
98763
98763
98765
98767
98769
98770
98771
98772
98776
98776
98777
98778
98778
98780
98781
98781
98781
98783
98785
98788
98790
98791
98791
98792
98793
98794
98795
98797
98798
98799
98799
98800
98802
98802
98804
98804
98804
98805
98805
98809
98810
98811
98812
98814
98814
98814
98817
98819
98820
98822
98822
98822
98824
98825
98830
98832
98833
98834
98837
98839
98839
98840
98841
98841
98842
98842
98844
98845
98846
98847
98850
98850
98854
98855
98858
98859
98859
98859
98859
98861
98863
98864
98865
98866
98866
98866
98873
98873
98875
98875
98875
98876
98876
98876
98878
98879
98879
98881
98883
98883
98885
98886
98889
98890
98891
98892
98895
98896
98899
98899
98900
98902
98903
98903
98904
98904
98904
98905
98905
98905
98906
98909
98910
98912
98913
98914
98915
98916
98917
98921
98921
98922
98923
98926
98926
98928
98929
98931
98932
98933
98933
98935
98936
98943
98944
98945
98945
98946
98948
98954
98954
98955
98955
98956
98958
98958
98958
98960
98961
98963
98964
98965
98966
98967
98967
98967
98969
98971
98972
98972
98973
98976
98976
98978
98980
98981
98981
98981
98984
98986
98987
98987
98989
98989
98991
98991
98992
98993
98995
98997
99000
99003
99004
99004
99008
99009
99009
99013
99013
99015
99017
99019
99019
99020
99022
99022
99023
99024
99027
99028
99029
99029
99030
99035
99035
99036
99039
99039
99040
99042
99043
99047
99047
99047
99049
99049
99054
99054
99055
99057
99059
99062
99062
99065
99068
99068
99069
99070
99070
99071
99073
99074
99075
99083
99083
99087
99088
99089
99089
99093
99094
99096
99096
99098
99098
99099
99100
99101
99105
99105
99106
99107
99110
99111
99112
99114
99115
99115
99115
99116
99120
99121
99121
99123
99123
99124
99131
99132
99133
99134
99135
99135
99136
99137
99139
99140
99141
99141
99142
99147
99154
99161
99162
99162
99162
99162
99168
99169
99170
99170
99172
99175
99175
99179
99181
99182
99186
99189
99190
99193
99193
99194
99195
99197
99198
99199
99201
99201
99202
99203
99204
99204
99206
99207
99207
99208
99209
99209
99210
99211
99211
99212
99212
99212
99212
99212
99213
99213
99214
99214
99215
99217
99221
99223
99223
99224
99224
99225
99226
99228
99229
99229
99229
99231
99232
99234
99234
99235
99235
99235
99235
99236
99237
99238
99238
99238
99238
99238
99239
99240
99242
99242
99242
99242
99243
99247
99250
99251
99253
99254
99255
99258
99261
99262
99262
99264
99264
99268
99268
99269
99269
99274
99274
99276
99277
99281
99282
99284
99284
99285
99287
99290
99297
99300
99301
99308
99309
99310
99314
99315
99319
99319
99323
99323
99324
99325
99327
99327
99332
99333
99334
99334
99334
99334
99335
99337
99338
99339
99340
99341
99342
99345
99347
99347
99348
99349
99349
99352
99354
99354
99355
99356
99358
99359
99361
99362
99363
99365
99365
99365
99367
99370
99372
99375
99375
99375
99376
99379
99382
99383
99388
99390
99391
99391
99391
99393
99393
99394
99395
99396
99396
99399
99400
99402
99403
99403
99404
99404
99405
99405
99407
99407
99408
99409
99410
99410
99411
99412
99414
99414
99415
99420
99422
99423
99431
99431
99431
99432
99433
99433
99433
99434
99434
99439
99439
99440
99441
99442
99443
99444
99444
99444
99445
99445
99451
99452
99455
99456
99458
99458
99459
99460
99460
99460
99462
99462
99463
99463
99463
99465
99468
99470
99472
99472
99473
99476
99478
99480
99483
99485
99485
99485
99489
99491
99491
99494
99495
99495
99496
99499
99499
99503
99503
99504
99506
99506
99507
99508
99510
99512
99516
99521
99523
99523
99524
99525
99525
99526
99527
99528
99534
99539
99539
99542
99544
99544
99545
99545
99546
99548
99549
99549
99549
99551
99553
99556
99557
99558
99560
99563
99563
99563
99567
99571
99575
99576
99580
99581
99583
99584
99585
99587
99589
99590
99594
99595
99597
99599
99601
99603
99606
99606
99607
99609
99609
99610
99610
99611
99613
99615
99616
99616
99617
99619
99619
99622
99624
99626
99627
99627
99628
99629
99630
99630
99631
99631
99631
99631
99631
99633
99636
99637
99638
99638
99639
99641
99642
99642
99642
99643
99644
99645
99646
99646
99647
99650
99653
99655
99656
99656
99658
99658
99659
99664
99664
99665
99666
99666
99667
99668
99668
99668
99669
99671
99672
99672
99673
99673
99674
99681
99681
99683
99684
99684
99685
99686
99686
99689
99691
99693
99698
99700
99701
99702
99703
99705
99706
99707
99707
99708
99711
99713
99714
99714
99714
99715
99716
99717
99717
99718
99719
99719
99719
99720
99721
99721
99721
99722
99722
99724
99727
99727
99727
99728
99730
99730
99731
99737
99742
99743
99744
99745
99748
99748
99750
99751
99752
99753
99754
99757
99759
99759
99760
99760
99762
99763
99763
99764
99764
99766
99767
99767
99768
99769
99773
99776
99776
99779
99783
99783
99784
99784
99785
99785
99786
99786
99793
99795
99795
99796
99799
99800
99800
99801
99803
99803
99804
99805
99805
99806
99808
99810
99812
99812
99813
99813
99815
99815
99816
99819
99819
99822
99823
99823
99826
99829
99831
99831
99833
99835
99836
99842
99842
99842
99843
99845
99846
99848
99850
99850
99852
99852
99852
99852
99853
99856
99856
99856
99857
99859
99861
99862
99863
99867
99869
99873
99874
99876
99877
99878
99878
99878
99879
99880
99880
99883
99883
99883
99886
99889
99889
99889
99890
99891
99892
99895
99896
99896
99898
99901
99901
99905
99906
99908
99910
99913
99914
99915
99915
99915
99916
99916
99917
99917
99918
99923
99924
99925
99927
99928
99930
99933
99933
99934
99935
99936
99936
99938
99942
99945
99948
99948
99953
99955
99961
99964
99967
99970
99971
99971
99973
99976
99978
99978
99982
99983
99984
99984
99985
99985
99987
99989
99996
99996
99998

99997
99999
9985
99991
99992
99992
99995
99997
99998
99998
